txn_id_normalized,chargeback_count,total_disputed_amount,max_severity,first_chargeback_timestamp,latest_chargeback_timestamp
TXN00000007,1,2231.72,HIGH,2026-09-02 00:00:00,2026-09-02 00:00:00
TXN00000019,1,377.11,HIGH,2026-01-03 01:49:00,2026-01-03 01:49:00
TXN00000021,1,1284.05,P4,2026-01-17 19:42:38,2026-01-17 19:42:38
TXN00000025,1,1302.18,L,2026-03-28 00:00:00,2026-03-28 00:00:00
TXN00000040,1,-1389.07,L,2026-01-25 00:00:00,2026-01-25 00:00:00
TXN00000045,1,1101.8,MEDIUM,2026-05-01 22:00:00,2026-05-01 22:00:00
TXN00000062,1,330.73,P4,2026-07-03 14:01:00,2026-07-03 14:01:00
TXN00000069,1,985.19,CRIT,2026-03-20 00:00:00,2026-03-20 00:00:00
TXN00000071,1,3311.22,M,2026-01-27 18:40:21,2026-01-27 18:40:21
TXN00000074,1,-1503.93,P3,2026-02-23 23:56:04,2026-02-23 23:56:04
TXN00000084,1,958.61,LOW,2026-02-08 00:00:00,2026-02-08 00:00:00
TXN00000086,1,411.83,H,2026-02-24 02:13:00,2026-02-24 02:13:00
TXN00000101,1,703.07,CRITICAL,2026-02-19 00:00:00,2026-02-19 00:00:00
TXN00000106,1,7755.19,CRIT,2026-02-19 08:16:00,2026-02-19 08:16:00
TXN00000123,1,4808.45,HIGH,2026-01-30 00:00:00,2026-01-30 00:00:00
TXN00000132,1,548.59,M,2026-08-02 02:36:00,2026-08-02 02:36:00
TXN00000143,1,449.0,MEDIUM,2026-03-26 08:39:16,2026-03-26 08:39:16
TXN00000154,1,2025.66,LOW,2026-02-06 00:00:00,2026-02-06 00:00:00
TXN00000155,1,1535.06,MEDIUM,2026-03-11 02:18:17,2026-03-11 02:18:17
TXN00000164,1,3086.0,P1,2026-01-08 00:00:00,2026-01-08 00:00:00
TXN00000166,1,913.38,P2,2026-03-22 00:00:00,2026-03-22 00:00:00
TXN00000175,1,1092.58,HIGH,2026-03-10 00:00:00,2026-03-10 00:00:00
TXN00000182,1,17413.88,P2,2026-02-17 00:00:00,2026-02-17 00:00:00
TXN00000213,1,658.27,MEDIUM,2026-02-24 23:41:15,2026-02-24 23:41:15
TXN00000225,1,666.0,HIGH,2026-07-03 22:21:00,2026-07-03 22:21:00
TXN00000238,1,2745.21,P3,2026-02-07 00:00:00,2026-02-07 00:00:00
TXN00000248,1,1984.03,L,2026-01-26 05:32:05,2026-01-26 05:32:05
TXN00000255,1,2178.8,P3,2026-01-16 00:00:00,2026-01-16 00:00:00
TXN00000271,1,16937.48,MEDIUM,2026-03-18 00:00:00,2026-03-18 00:00:00
TXN00000272,1,9250.0,MEDIUM,,
TXN00000281,1,-1426.33,HIGH,,
TXN00000284,1,2676.58,M,2026-03-21 12:58:56,2026-03-21 12:58:56
TXN00000295,1,731.69,LOW,2026-01-16 00:00:00,2026-01-16 00:00:00
TXN00000296,1,512.0,H,2026-03-29 17:25:00,2026-03-29 17:25:00
TXN00000311,1,2784.85,P2,2026-04-02 00:00:00,2026-04-02 00:00:00
TXN00000312,1,-545.34,MEDIUM,2026-01-13 00:00:00,2026-01-13 00:00:00
TXN00000318,1,0.0,L,2026-03-16 00:00:00,2026-03-16 00:00:00
TXN00000319,1,2189.0,MEDIUM,2026-02-24 00:00:00,2026-02-24 00:00:00
TXN00000389,1,2566.03,H,2026-02-06 06:31:54,2026-02-06 06:31:54
TXN00000405,1,3060.38,LOW,2026-03-24 00:00:00,2026-03-24 00:00:00
TXN00000406,1,2066.08,HIGH,2026-01-02 00:00:00,2026-01-02 00:00:00
TXN00000410,1,388.0,P2,2026-01-29 00:00:00,2026-01-29 00:00:00
TXN00000414,1,806.29,LOW,2026-02-13 00:00:00,2026-02-13 00:00:00
TXN00000426,1,0.0,MEDIUM,2026-10-04 00:00:00,2026-10-04 00:00:00
TXN00000433,1,979.0,LOW,2026-02-23 19:00:44,2026-02-23 19:00:44
TXN00000437,1,3962.0,P4,2026-09-03 05:21:00,2026-09-03 05:21:00
TXN00000442,1,3270.0,P4,2026-04-08 00:00:00,2026-04-08 00:00:00
TXN00000459,1,8278.26,HIGH,2026-02-20 00:52:09,2026-02-20 00:52:09
TXN00000462,1,9759.54,P4,2026-01-10 00:21:21,2026-01-10 00:21:21
TXN00000463,1,0.0,HIGH,2026-05-01 20:53:00,2026-05-01 20:53:00
TXN00000490,1,3134.07,LOW,2026-01-16 17:52:00,2026-01-16 17:52:00
TXN00000491,1,929.69,MEDIUM,2026-02-01 00:00:00,2026-02-01 00:00:00
TXN00000503,1,325.93,P2,2026-04-18 00:00:00,2026-04-18 00:00:00
TXN00000527,1,3784.42,P4,2026-01-20 00:00:00,2026-01-20 00:00:00
TXN00000533,1,6055.78,MEDIUM,2026-02-03 00:00:00,2026-02-03 00:00:00
TXN00000534,1,1352.13,L,2026-02-04 00:00:00,2026-02-04 00:00:00
TXN00000541,1,1346.0,L,2026-03-23 03:31:09,2026-03-23 03:31:09
TXN00000546,2,427.33,"LOW,MEDIUM",2026-03-03 19:44:09,2026-04-17 13:17:00
TXN00000567,1,1015.09,P4,2026-03-19 00:00:00,2026-03-19 00:00:00
TXN00000594,1,2315.48,M,2026-03-31 16:51:28,2026-03-31 16:51:28
TXN00000649,1,1174.17,MEDIUM,2026-04-13 00:00:00,2026-04-13 00:00:00
TXN00000653,1,4308.0,P4,2026-03-19 00:00:00,2026-03-19 00:00:00
TXN00000675,1,3743.54,LOW,2026-02-25 18:22:00,2026-02-25 18:22:00
TXN00000677,1,2773.41,L,2026-01-22 00:00:00,2026-01-22 00:00:00
TXN00000679,1,4474.08,H,2026-03-15 07:28:00,2026-03-15 07:28:00
TXN00000680,1,589.63,H,2026-02-02 00:00:00,2026-02-02 00:00:00
TXN00000711,1,0.0,H,,
TXN00000724,1,454.0,HIGH,2026-02-26 00:00:00,2026-02-26 00:00:00
TXN00000736,1,0.0,LOW,2026-03-11 00:00:00,2026-03-11 00:00:00
TXN00000751,1,3107.33,M,2026-02-06 00:00:00,2026-02-06 00:00:00
TXN00000762,1,1083.4,HIGH,2026-02-21 00:00:00,2026-02-21 00:00:00
TXN00000769,1,509.24,MEDIUM,,
TXN00000779,1,4511.29,M,2026-03-06 00:00:00,2026-03-06 00:00:00
TXN00000789,1,7945.0,HIGH,2026-02-26 00:00:00,2026-02-26 00:00:00
TXN00000794,2,6166.88,"H,P3",2026-02-22 00:00:00,2026-03-05 00:00:00
TXN00000797,1,1020.66,LOW,2026-03-02 00:00:00,2026-03-02 00:00:00
TXN00000803,1,1719.0,MEDIUM,2026-11-02 17:54:00,2026-11-02 17:54:00
TXN00000806,1,3611.11,LOW,2026-02-11 03:28:31,2026-02-11 03:28:31
TXN00000818,1,1592.73,L,,
TXN00000822,1,966.31,P4,2026-10-02 00:00:00,2026-10-02 00:00:00
TXN00000823,2,6401.09,"M,P4",2026-03-17 04:37:11,2026-04-29 00:00:00
TXN00000835,1,0.0,P4,2026-03-29 00:00:00,2026-03-29 00:00:00
TXN00000841,1,2083.96,LOW,2026-02-11 01:12:41,2026-02-11 01:12:41
TXN00000843,2,-492.78999999999996,LOW,2026-03-02 02:12:47,2026-04-05 00:00:00
TXN00000850,1,1203.18,P3,2026-01-20 00:00:00,2026-01-20 00:00:00
TXN00000863,1,2164.0,HIGH,2026-03-19 13:53:26,2026-03-19 13:53:26
TXN00000871,1,589.34,P1,2026-01-11 00:00:00,2026-01-11 00:00:00
TXN00000877,1,1251.7,P4,2026-03-11 00:00:00,2026-03-11 00:00:00
TXN00000914,1,1207.28,H,2026-03-25 00:00:00,2026-03-25 00:00:00
TXN00000916,1,577.0,HIGH,2026-01-03 00:00:00,2026-01-03 00:00:00
TXN00000917,1,2601.86,L,2026-04-16 00:00:00,2026-04-16 00:00:00
TXN00000921,1,1585.45,LOW,2026-08-03 00:00:00,2026-08-03 00:00:00
TXN00000926,1,486.0,P3,2026-03-19 13:26:00,2026-03-19 13:26:00
TXN00000939,1,3776.84,MEDIUM,2026-03-26 13:58:00,2026-03-26 13:58:00
TXN00000941,1,6049.12,LOW,2026-01-07 07:32:40,2026-01-07 07:32:40
TXN00000947,1,2075.0,M,2026-02-13 11:30:44,2026-02-13 11:30:44
TXN00000950,1,1749.52,LOW,2026-03-05 00:00:00,2026-03-05 00:00:00
TXN00000954,1,12462.99,MEDIUM,2026-02-02 00:00:00,2026-02-02 00:00:00
TXN00000959,1,982.69,L,2026-11-03 15:32:00,2026-11-03 15:32:00
TXN00000964,1,2761.55,L,2026-04-06 00:00:00,2026-04-06 00:00:00
TXN00000967,1,1780.33,CRIT,2026-01-24 00:00:00,2026-01-24 00:00:00
TXN00000969,1,6622.0,P3,2026-04-19 00:00:00,2026-04-19 00:00:00
TXN00000976,1,1181.91,MEDIUM,2026-02-19 10:18:00,2026-02-19 10:18:00
TXN00000995,1,0.0,MEDIUM,2026-02-22 00:00:00,2026-02-22 00:00:00
TXN00001025,1,5150.06,M,2026-03-07 00:00:00,2026-03-07 00:00:00
TXN00001026,1,2910.7,MEDIUM,2026-01-25 07:59:00,2026-01-25 07:59:00
TXN00001028,1,0.0,MEDIUM,2026-04-15 11:18:00,2026-04-15 11:18:00
TXN00001041,1,1977.08,L,2026-01-08 00:00:00,2026-01-08 00:00:00
TXN00001042,1,1526.17,P2,2026-03-05 00:00:00,2026-03-05 00:00:00
TXN00001047,1,518.0,P4,2026-01-21 00:00:00,2026-01-21 00:00:00
TXN00001071,1,2117.2,P3,2026-03-17 00:00:00,2026-03-17 00:00:00
TXN00001072,1,893.6,MEDIUM,,
TXN00001095,1,1383.39,MEDIUM,2026-03-09 00:00:00,2026-03-09 00:00:00
TXN00001097,1,4816.91,MEDIUM,2026-02-18 01:47:00,2026-02-18 01:47:00
TXN00001105,1,310.15,LOW,2026-01-23 00:00:00,2026-01-23 00:00:00
TXN00001110,1,-1498.49,P2,2026-03-14 07:44:57,2026-03-14 07:44:57
TXN00001120,1,8008.29,L,2026-01-28 00:00:00,2026-01-28 00:00:00
TXN00001121,1,993.0,MEDIUM,,
TXN00001134,1,1881.35,HIGH,2026-03-17 05:05:00,2026-03-17 05:05:00
TXN00001135,1,2731.02,HIGH,2026-02-22 00:00:00,2026-02-22 00:00:00
TXN00001152,1,1038.46,P3,2026-03-28 00:00:00,2026-03-28 00:00:00
TXN00001154,1,336.21,M,2026-01-15 13:39:00,2026-01-15 13:39:00
TXN00001155,1,335.78,MEDIUM,2026-03-09 05:37:30,2026-03-09 05:37:30
TXN00001158,1,461.85,L,2026-01-05 22:59:45,2026-01-05 22:59:45
TXN00001160,1,2273.54,P4,2026-01-02 00:00:00,2026-01-02 00:00:00
TXN00001169,2,16524.78,M,2026-02-03 08:36:50,2026-03-03 00:00:00
TXN00001173,1,-1898.31,MEDIUM,2026-03-04 00:00:00,2026-03-04 00:00:00
TXN00001182,1,261.51,P3,2026-04-04 00:00:00,2026-04-04 00:00:00
TXN00001198,1,3605.24,H,2026-02-03 00:00:00,2026-02-03 00:00:00
TXN00001207,1,5779.34,MEDIUM,2026-06-02 21:57:00,2026-06-02 21:57:00
TXN00001209,1,2704.46,M,2026-02-13 00:00:00,2026-02-13 00:00:00
TXN00001215,1,5146.97,P3,2026-01-07 00:00:00,2026-01-07 00:00:00
TXN00001222,2,10359.87,"LOW,P3",2026-01-16 04:31:14,2026-02-13 02:39:13
TXN00001244,2,2127.67,M,2026-01-27 00:00:00,2026-03-31 00:00:00
TXN00001246,1,702.0,HIGH,,
TXN00001251,1,802.62,P2,2026-02-01 00:00:00,2026-02-01 00:00:00
TXN00001256,1,0.0,P2,2026-01-21 00:00:00,2026-01-21 00:00:00
TXN00001257,1,2576.33,L,2026-02-07 03:04:41,2026-02-07 03:04:41
TXN00001261,1,1010.81,LOW,2026-03-23 00:00:00,2026-03-23 00:00:00
TXN00001271,1,1190.0,P2,2026-01-23 00:00:00,2026-01-23 00:00:00
TXN00001275,1,2210.2,LOW,2026-01-23 00:00:00,2026-01-23 00:00:00
TXN00001284,1,141.27,P3,2026-01-06 22:17:15,2026-01-06 22:17:15
TXN00001285,1,420.0,P4,2026-01-14 00:00:00,2026-01-14 00:00:00
TXN00001289,1,201.03,CRITICAL,2026-03-28 17:35:00,2026-03-28 17:35:00
TXN00001291,1,1404.87,P2,2026-01-31 00:00:00,2026-01-31 00:00:00
TXN00001292,1,33975.77,P4,,
TXN00001309,1,0.0,H,2026-01-29 03:01:00,2026-01-29 03:01:00
TXN00001310,1,2026.3,L,2026-02-16 00:00:00,2026-02-16 00:00:00
TXN00001323,1,7329.0,LOW,2026-02-19 00:00:00,2026-02-19 00:00:00
TXN00001334,1,6666.14,M,2026-03-25 07:54:27,2026-03-25 07:54:27
TXN00001342,1,2534.0,HIGH,2026-03-03 00:00:00,2026-03-03 00:00:00
TXN00001358,1,6742.91,CRIT,2026-01-23 00:00:00,2026-01-23 00:00:00
TXN00001371,1,1844.6,LOW,2026-01-24 00:00:00,2026-01-24 00:00:00
TXN00001376,1,1261.15,M,2026-02-06 04:24:08,2026-02-06 04:24:08
TXN00001381,1,1001.43,P4,2026-09-03 00:00:00,2026-09-03 00:00:00
TXN00001388,1,-5809.0,HIGH,2026-09-03 16:59:00,2026-09-03 16:59:00
TXN00001391,1,1852.28,LOW,2026-01-22 04:14:00,2026-01-22 04:14:00
TXN00001392,1,508.21,MEDIUM,2026-01-16 18:07:55,2026-01-16 18:07:55
TXN00001397,1,2972.0,P2,2026-02-09 00:00:00,2026-02-09 00:00:00
TXN00001405,1,2105.51,MEDIUM,2026-03-18 14:11:00,2026-03-18 14:11:00
TXN00001412,1,2142.0,HIGH,2026-02-27 07:04:24,2026-02-27 07:04:24
TXN00001422,1,2080.17,LOW,2026-02-21 00:00:00,2026-02-21 00:00:00
TXN00001423,1,6009.85,MEDIUM,2026-04-02 00:00:00,2026-04-02 00:00:00
TXN00001434,1,3251.08,HIGH,2026-02-26 00:00:00,2026-02-26 00:00:00
TXN00001443,2,2236.39,"LOW,MEDIUM",2026-02-02 00:00:00,2026-02-27 22:03:00
TXN00001461,1,740.03,M,,
TXN00001464,1,1112.83,P3,2026-04-13 00:00:00,2026-04-13 00:00:00
TXN00001489,1,6345.72,HIGH,2026-07-05 01:52:00,2026-07-05 01:52:00
TXN00001496,1,5669.05,LOW,2026-03-08 11:54:46,2026-03-08 11:54:46
TXN00001501,1,1157.85,H,,
TXN00001518,1,9039.58,P2,2026-03-18 00:00:00,2026-03-18 00:00:00
TXN00001539,1,2117.07,MEDIUM,2026-02-08 00:00:00,2026-02-08 00:00:00
TXN00001553,1,5796.41,CRITICAL,2026-02-08 00:00:00,2026-02-08 00:00:00
TXN00001568,2,16468.34,"L,P3",2026-01-03 00:00:00,2026-01-06 00:00:00
TXN00001580,1,19958.58,CRIT,2026-01-22 00:00:00,2026-01-22 00:00:00
TXN00001582,1,6740.29,MEDIUM,2026-01-10 00:00:00,2026-01-10 00:00:00
TXN00001593,1,759.56,H,2026-03-28 00:00:00,2026-03-28 00:00:00
TXN00001597,1,13348.89,CRITICAL,2026-03-21 05:02:00,2026-03-21 05:02:00
TXN00001614,1,13495.0,LOW,2026-02-04 00:00:00,2026-02-04 00:00:00
TXN00001617,2,18876.03,"HIGH,L",2026-01-30 00:00:00,2026-02-20 21:55:40
TXN00001620,2,1998.29,"H,L",2026-03-23 00:00:00,2026-07-03 00:00:00
TXN00001628,1,0.0,MEDIUM,,
TXN00001631,1,1405.08,P4,,
TXN00001653,1,4022.0,P3,2026-02-05 12:47:14,2026-02-05 12:47:14
TXN00001654,1,11920.81,L,2026-02-08 03:55:59,2026-02-08 03:55:59
TXN00001655,1,2589.0,CRITICAL,2026-04-07 00:00:00,2026-04-07 00:00:00
TXN00001663,1,2379.68,P4,2026-02-11 00:00:00,2026-02-11 00:00:00
TXN00001671,1,2605.0,P2,2026-02-24 00:00:00,2026-02-24 00:00:00
TXN00001675,1,994.02,MEDIUM,2026-03-04 11:48:00,2026-03-04 11:48:00
TXN00001679,2,3270.48,"M,MEDIUM",2026-02-24 11:40:00,2026-03-04 14:22:56
TXN00001691,1,875.81,P3,2026-09-01 00:00:00,2026-09-01 00:00:00
TXN00001699,1,1995.0,LOW,,
TXN00001703,2,4166.45,MEDIUM,2026-03-19 00:00:00,2026-03-19 00:00:00
TXN00001705,1,2583.16,LOW,2026-03-26 00:00:00,2026-03-26 00:00:00
TXN00001710,1,-5894.84,P3,2026-04-21 00:00:00,2026-04-21 00:00:00
TXN00001735,1,-3084.74,P3,2026-03-28 00:00:00,2026-03-28 00:00:00
TXN00001739,1,482.37,P4,2026-06-03 14:33:00,2026-06-03 14:33:00
TXN00001742,1,1286.87,LOW,2026-02-03 00:00:00,2026-02-03 00:00:00
TXN00001758,1,1416.0,LOW,2026-02-22 04:14:22,2026-02-22 04:14:22
TXN00001777,1,6040.0,MEDIUM,2026-04-27 18:23:00,2026-04-27 18:23:00
TXN00001778,1,2008.0,P4,2026-02-21 20:57:45,2026-02-21 20:57:45
TXN00001780,1,2351.6,H,2026-05-02 22:35:00,2026-05-02 22:35:00
TXN00001789,1,3163.91,LOW,2026-02-01 00:00:00,2026-02-01 00:00:00
TXN00001796,1,0.0,L,2026-01-11 00:00:00,2026-01-11 00:00:00
TXN00001801,2,7245.79,LOW,2026-08-03 07:20:00,2026-08-03 07:20:00
TXN00001805,1,692.55,P3,2026-01-21 00:00:00,2026-01-21 00:00:00
TXN00001807,1,0.0,P4,,
TXN00001810,1,6930.0,LOW,2026-06-02 00:00:00,2026-06-02 00:00:00
TXN00001816,2,7008.2699999999995,"H,LOW",2026-02-05 00:11:27,2026-03-26 19:41:41
TXN00001821,1,12679.09,M,2026-03-15 00:00:00,2026-03-15 00:00:00
TXN00001826,1,895.55,MEDIUM,2026-03-10 00:00:00,2026-03-10 00:00:00
TXN00001829,1,3042.0,HIGH,2026-01-11 00:00:00,2026-01-11 00:00:00
TXN00001838,1,422.0,LOW,2026-02-19 04:02:59,2026-02-19 04:02:59
TXN00001839,1,1071.92,P3,2026-01-08 00:00:00,2026-01-08 00:00:00
TXN00001860,1,0.0,L,2026-03-22 00:00:00,2026-03-22 00:00:00
TXN00001878,1,3834.0,HIGH,2026-03-15 00:00:00,2026-03-15 00:00:00
TXN00001882,1,2264.22,P3,2026-04-27 00:00:00,2026-04-27 00:00:00
TXN00001893,1,1059.97,LOW,2026-03-26 00:00:00,2026-03-26 00:00:00
TXN00001898,1,638.96,P3,2026-03-03 00:00:00,2026-03-03 00:00:00
TXN00001903,1,2512.35,P1,2026-01-04 06:49:00,2026-01-04 06:49:00
TXN00001919,1,1859.77,LOW,2026-05-03 00:00:00,2026-05-03 00:00:00
TXN00001929,1,1412.21,L,2026-01-26 14:10:44,2026-01-26 14:10:44
TXN00001948,2,12232.05,LOW,2026-03-30 00:00:00,2026-04-10 00:00:00
TXN00001962,1,0.0,P3,2026-03-24 13:53:58,2026-03-24 13:53:58
TXN00001975,2,2767.52,HIGH,2026-02-05 00:00:00,2026-03-14 00:00:00
TXN00001983,1,1315.22,HIGH,2026-03-12 00:00:00,2026-03-12 00:00:00
TXN00002006,1,637.05,MEDIUM,2026-01-29 00:00:00,2026-01-29 00:00:00
TXN00002013,1,439.0,MEDIUM,2026-03-04 02:59:29,2026-03-04 02:59:29
TXN00002015,1,2615.98,CRIT,2026-03-26 22:40:05,2026-03-26 22:40:05
TXN00002022,1,7834.45,HIGH,2026-02-22 16:14:00,2026-02-22 16:14:00
TXN00002045,1,3144.27,MEDIUM,2026-01-03 00:00:00,2026-01-03 00:00:00
TXN00002053,1,2130.67,M,2026-03-27 11:08:07,2026-03-27 11:08:07
TXN00002058,1,0.0,LOW,2026-01-27 00:00:00,2026-01-27 00:00:00
TXN00002078,1,6907.46,LOW,2026-03-04 00:00:00,2026-03-04 00:00:00
TXN00002091,1,497.48,P2,2026-03-29 07:59:18,2026-03-29 07:59:18
TXN00002106,1,-3875.59,MEDIUM,2026-01-24 00:00:00,2026-01-24 00:00:00
TXN00002107,1,6251.19,HIGH,2026-03-10 00:00:00,2026-03-10 00:00:00
TXN00002114,1,4126.61,LOW,2026-02-26 00:00:00,2026-02-26 00:00:00
TXN00002125,1,2711.0,L,2026-03-07 00:00:00,2026-03-07 00:00:00
TXN00002139,1,-1116.32,L,2026-03-16 04:26:00,2026-03-16 04:26:00
TXN00002141,2,6210.740000000001,"M,P2",2026-01-30 22:01:24,2026-03-19 23:03:08
TXN00002142,1,13132.36,HIGH,2026-01-18 00:00:00,2026-01-18 00:00:00
TXN00002147,1,1064.06,HIGH,2026-01-28 00:00:00,2026-01-28 00:00:00
TXN00002165,1,1048.77,P3,2026-02-03 00:00:00,2026-02-03 00:00:00
TXN00002169,1,0.0,LOW,2026-01-25 00:00:00,2026-01-25 00:00:00
TXN00002173,1,856.42,LOW,2026-03-06 00:00:00,2026-03-06 00:00:00
TXN00002182,1,0.0,LOW,2026-02-09 13:27:52,2026-02-09 13:27:52
TXN00002184,1,3019.75,MEDIUM,,
TXN00002195,1,4960.35,L,2026-05-04 01:38:00,2026-05-04 01:38:00
TXN00002200,1,3741.98,LOW,2026-02-12 00:00:00,2026-02-12 00:00:00
TXN00002204,1,455.59,P2,2026-08-03 00:00:00,2026-08-03 00:00:00
TXN00002207,1,-326.69,HIGH,2026-03-28 00:00:00,2026-03-28 00:00:00
TXN00002216,1,5160.27,LOW,2026-03-12 00:00:00,2026-03-12 00:00:00
TXN00002219,1,3127.19,P2,2026-03-17 00:00:00,2026-03-17 00:00:00
TXN00002228,1,378.3,H,2026-02-13 00:00:00,2026-02-13 00:00:00
TXN00002240,1,401.02,P3,2026-03-26 00:00:00,2026-03-26 00:00:00
TXN00002263,1,9476.14,MEDIUM,2026-01-21 00:00:00,2026-01-21 00:00:00
TXN00002289,1,397.0,LOW,2026-02-06 16:27:24,2026-02-06 16:27:24
TXN00002301,1,769.17,L,2026-02-21 00:00:00,2026-02-21 00:00:00
TXN00002303,1,1712.22,LOW,2026-02-09 00:00:00,2026-02-09 00:00:00
TXN00002314,2,1230.65,P2,2026-02-23 18:44:31,2026-03-08 00:00:00
TXN00002316,1,20754.36,H,2026-01-14 00:00:00,2026-01-14 00:00:00
TXN00002320,1,911.59,M,2026-01-12 00:00:00,2026-01-12 00:00:00
TXN00002325,1,800.32,H,,
TXN00002337,1,0.0,CRIT,2026-03-07 00:00:00,2026-03-07 00:00:00
TXN00002347,1,1200.09,M,2026-03-09 00:00:00,2026-03-09 00:00:00
TXN00002368,1,4581.54,P4,2026-02-23 00:00:00,2026-02-23 00:00:00
TXN00002369,1,1718.0,LOW,2026-04-01 15:27:58,2026-04-01 15:27:58
TXN00002371,1,-7577.71,P3,2026-03-09 00:00:00,2026-03-09 00:00:00
TXN00002374,1,1428.93,P2,2026-04-03 04:13:08,2026-04-03 04:13:08
TXN00002381,1,3182.0,MEDIUM,2026-07-02 00:00:00,2026-07-02 00:00:00
TXN00002382,1,44046.77,LOW,2026-01-04 02:06:30,2026-01-04 02:06:30
TXN00002386,1,4215.68,P4,2026-01-03 14:37:01,2026-01-03 14:37:01
TXN00002417,1,3188.13,MEDIUM,,
TXN00002422,1,412.17,MEDIUM,2026-03-29 02:21:00,2026-03-29 02:21:00
TXN00002429,1,389.54,MEDIUM,2026-02-12 00:00:00,2026-02-12 00:00:00
TXN00002437,1,1368.83,HIGH,2026-02-02 00:00:00,2026-02-02 00:00:00
TXN00002450,1,896.7,P3,2026-01-23 00:00:00,2026-01-23 00:00:00
TXN00002451,1,-224.97,M,2026-03-07 00:00:00,2026-03-07 00:00:00
TXN00002456,1,1805.23,P4,2026-02-12 00:00:00,2026-02-12 00:00:00
TXN00002461,1,0.0,LOW,2026-01-20 00:00:00,2026-01-20 00:00:00
TXN00002462,1,2723.0,H,2026-01-04 13:43:14,2026-01-04 13:43:14
TXN00002466,1,3099.92,CRITICAL,2026-03-04 00:00:00,2026-03-04 00:00:00
TXN00002471,1,2207.71,HIGH,2026-01-25 17:24:58,2026-01-25 17:24:58
TXN00002480,1,5722.09,HIGH,2026-04-02 00:00:00,2026-04-02 00:00:00
TXN00002490,1,1170.0,LOW,2026-01-21 12:23:07,2026-01-21 12:23:07
TXN00002521,1,4940.0,H,2026-06-01 00:00:00,2026-06-01 00:00:00
TXN00002522,1,877.59,MEDIUM,2026-01-24 00:00:00,2026-01-24 00:00:00
TXN00002531,1,1017.5,M,,
TXN00002544,1,-3839.34,LOW,2026-02-23 00:00:00,2026-02-23 00:00:00
TXN00002545,1,-230.58,MEDIUM,2026-02-07 00:00:00,2026-02-07 00:00:00
TXN00002546,1,6642.41,LOW,2026-01-13 00:00:00,2026-01-13 00:00:00
TXN00002574,1,660.0,LOW,2026-03-02 00:00:00,2026-03-02 00:00:00
TXN00002581,1,2926.63,HIGH,2026-03-31 00:46:50,2026-03-31 00:46:50
TXN00002595,1,-1658.43,H,2026-03-29 00:00:00,2026-03-29 00:00:00
TXN00002603,1,2150.04,M,2026-02-20 00:00:00,2026-02-20 00:00:00
TXN00002609,1,3155.0,P3,2026-04-05 00:00:00,2026-04-05 00:00:00
TXN00002610,1,784.51,MEDIUM,2026-01-10 07:41:28,2026-01-10 07:41:28
TXN00002624,1,1274.21,MEDIUM,2026-03-15 00:00:00,2026-03-15 00:00:00
TXN00002630,1,-7890.76,L,2026-03-07 00:00:00,2026-03-07 00:00:00
TXN00002655,1,338.23,P3,2026-02-14 13:03:15,2026-02-14 13:03:15
TXN00002668,1,551.59,H,2026-02-05 00:00:00,2026-02-05 00:00:00
TXN00002672,1,4547.87,L,2026-01-13 13:42:00,2026-01-13 13:42:00
TXN00002674,1,1722.0,MEDIUM,2026-01-17 00:00:00,2026-01-17 00:00:00
TXN00002677,1,-12852.7,M,,
TXN00002679,1,1214.71,L,2026-01-15 11:01:00,2026-01-15 11:01:00
TXN00002689,1,2158.72,HIGH,2026-01-29 00:00:00,2026-01-29 00:00:00
TXN00002699,1,422.45,P2,2026-11-03 00:00:00,2026-11-03 00:00:00
TXN00002710,1,2072.0,L,2026-02-13 00:00:00,2026-02-13 00:00:00
TXN00002711,1,3969.0,LOW,2026-01-31 00:00:00,2026-01-31 00:00:00
TXN00002715,1,0.0,H,2026-03-02 08:44:00,2026-03-02 08:44:00
TXN00002716,1,8825.16,MEDIUM,2026-01-25 00:00:00,2026-01-25 00:00:00
TXN00002719,1,2881.81,L,2026-03-12 23:06:00,2026-03-12 23:06:00
TXN00002729,1,1526.62,L,2026-01-14 19:40:25,2026-01-14 19:40:25
TXN00002744,1,840.07,CRIT,,
TXN00002760,1,1345.79,L,2026-01-30 00:00:00,2026-01-30 00:00:00
TXN00002766,1,216.49,M,2026-02-11 20:51:02,2026-02-11 20:51:02
TXN00002770,2,96.43999999999994,"L,MEDIUM",2026-02-24 00:00:00,2026-03-22 00:00:00
TXN00002775,2,8687.98,"HIGH,LOW",2026-01-18 06:04:00,2026-01-30 15:50:18
TXN00002782,2,4480.1900000000005,"H,P2",2026-02-17 00:00:00,2026-03-16 00:00:00
TXN00002783,1,447.3,M,2026-01-25 00:00:00,2026-01-25 00:00:00
TXN00002790,1,870.0,MEDIUM,,
TXN00002791,1,15201.89,CRIT,2026-02-11 00:00:00,2026-02-11 00:00:00
TXN00002800,1,9291.46,LOW,2026-01-05 00:00:00,2026-01-05 00:00:00
TXN00002805,1,1623.96,MEDIUM,2026-03-05 00:00:00,2026-03-05 00:00:00
TXN00002808,1,604.93,M,2026-02-20 00:00:00,2026-02-20 00:00:00
TXN00002821,1,4707.47,L,2026-02-11 00:00:00,2026-02-11 00:00:00
TXN00002822,1,0.0,P2,2026-03-23 00:00:00,2026-03-23 00:00:00
TXN00002832,1,8214.17,P3,2026-03-05 00:00:00,2026-03-05 00:00:00
TXN00002853,1,1650.21,M,2026-02-20 00:00:00,2026-02-20 00:00:00
TXN00002857,1,920.19,HIGH,2026-03-21 00:00:00,2026-03-21 00:00:00
TXN00002867,1,4361.29,LOW,2026-01-16 10:12:56,2026-01-16 10:12:56
TXN00002868,1,-860.7,HIGH,2026-03-03 00:00:00,2026-03-03 00:00:00
TXN00002874,1,634.21,L,2026-01-14 00:00:00,2026-01-14 00:00:00
TXN00002883,1,-19036.69,P1,,
TXN00002894,1,0.0,P3,2026-01-10 21:26:42,2026-01-10 21:26:42
TXN00002901,1,668.0,P3,2026-03-29 00:00:00,2026-03-29 00:00:00
TXN00002909,1,450.33,LOW,2026-03-11 00:00:00,2026-03-11 00:00:00
TXN00002919,1,4331.37,HIGH,2026-01-13 00:00:00,2026-01-13 00:00:00
TXN00002926,3,7854.99,"CRITICAL,H,L",2026-02-18 00:00:00,2026-03-19 00:00:00
TXN00002930,1,1968.12,L,2026-03-30 00:00:00,2026-03-30 00:00:00
TXN00002933,1,1870.77,P3,2026-01-27 00:00:00,2026-01-27 00:00:00
TXN00002935,1,318.65,LOW,2026-01-19 14:28:40,2026-01-19 14:28:40
TXN00002955,1,4857.63,LOW,2026-04-28 00:00:00,2026-04-28 00:00:00
TXN00002981,1,7275.81,HIGH,2026-02-13 19:42:41,2026-02-13 19:42:41
TXN00003017,1,707.43,L,2026-01-18 08:06:13,2026-01-18 08:06:13
TXN00003020,1,2521.22,LOW,2026-03-17 00:00:00,2026-03-17 00:00:00
TXN00003032,1,988.93,HIGH,2026-03-04 00:00:00,2026-03-04 00:00:00
TXN00003041,1,4136.0,P3,2026-02-02 17:10:46,2026-02-02 17:10:46
TXN00003059,1,3807.73,HIGH,2026-02-08 00:00:00,2026-02-08 00:00:00
TXN00003072,1,3800.57,P4,2026-03-29 03:29:27,2026-03-29 03:29:27
TXN00003075,1,2267.96,LOW,2026-03-02 00:00:00,2026-03-02 00:00:00
TXN00003076,1,342.0,MEDIUM,,
TXN00003088,1,1019.25,M,2026-01-16 00:00:00,2026-01-16 00:00:00
TXN00003103,1,7765.0,L,2026-01-26 00:00:00,2026-01-26 00:00:00
TXN00003105,1,775.96,MEDIUM,,
TXN00003111,1,1858.78,L,2026-01-04 00:00:00,2026-01-04 00:00:00
TXN00003112,1,4974.0,M,2026-04-03 00:00:00,2026-04-03 00:00:00
TXN00003119,1,1198.29,L,2026-02-24 21:58:58,2026-02-24 21:58:58
TXN00003133,1,3287.47,MEDIUM,2026-03-20 00:00:00,2026-03-20 00:00:00
TXN00003156,1,1072.99,M,2026-02-26 00:00:00,2026-02-26 00:00:00
TXN00003160,2,12828.71,"CRITICAL,P4",2026-02-26 13:39:10,2026-03-14 07:16:00
TXN00003165,1,2714.54,MEDIUM,2026-01-09 00:00:00,2026-01-09 00:00:00
TXN00003168,1,2132.64,MEDIUM,2026-03-01 00:00:00,2026-03-01 00:00:00
TXN00003172,1,-3809.65,LOW,2026-02-11 00:00:00,2026-02-11 00:00:00
TXN00003173,1,3014.0,L,2026-03-24 00:00:00,2026-03-24 00:00:00
TXN00003193,1,2273.34,CRIT,2026-02-27 00:00:00,2026-02-27 00:00:00
TXN00003201,1,993.95,L,2026-05-03 23:38:00,2026-05-03 23:38:00
TXN00003213,1,1246.38,H,2026-03-28 00:00:00,2026-03-28 00:00:00
TXN00003221,1,574.0,MEDIUM,2026-01-30 00:00:00,2026-01-30 00:00:00
TXN00003229,1,12194.3,MEDIUM,2026-02-26 12:36:19,2026-02-26 12:36:19
TXN00003234,1,8014.91,P2,2026-02-26 00:00:00,2026-02-26 00:00:00
TXN00003242,1,1561.56,LOW,,
TXN00003248,1,10277.41,CRIT,2026-02-09 00:00:00,2026-02-09 00:00:00
TXN00003257,1,198.46,P4,2026-02-02 00:00:00,2026-02-02 00:00:00
TXN00003264,1,1771.56,HIGH,2026-02-28 00:00:00,2026-02-28 00:00:00
TXN00003276,1,-5720.73,LOW,2026-03-22 00:00:00,2026-03-22 00:00:00
TXN00003290,1,991.51,H,2026-09-03 00:00:00,2026-09-03 00:00:00
TXN00003293,1,2045.0,MEDIUM,,
TXN00003302,1,1169.68,M,2026-02-04 16:40:00,2026-02-04 16:40:00
TXN00003304,1,6448.11,MEDIUM,2026-11-01 00:00:00,2026-11-01 00:00:00
TXN00003306,1,2280.54,P3,,
TXN00003314,1,1814.0,LOW,2026-01-20 00:00:00,2026-01-20 00:00:00
TXN00003335,1,1426.02,H,2026-04-07 00:00:00,2026-04-07 00:00:00
TXN00003338,2,8032.32,MEDIUM,2026-01-29 01:18:00,2026-02-18 08:19:43
TXN00003340,1,1823.47,MEDIUM,2026-01-25 00:00:00,2026-01-25 00:00:00
TXN00003341,1,635.0,P4,2026-03-26 17:11:59,2026-03-26 17:11:59
TXN00003351,1,1160.82,HIGH,2026-02-16 00:00:00,2026-02-16 00:00:00
TXN00003364,1,2940.2,LOW,2026-03-30 00:00:00,2026-03-30 00:00:00
TXN00003371,1,737.83,L,2026-03-26 00:00:00,2026-03-26 00:00:00
TXN00003379,1,5587.77,P1,2026-03-28 11:09:00,2026-03-28 11:09:00
TXN00003383,1,1589.0,P4,2026-07-03 00:00:00,2026-07-03 00:00:00
TXN00003403,1,0.0,P3,2026-03-13 00:00:00,2026-03-13 00:00:00
TXN00003408,1,895.1,P3,,
TXN00003431,1,3242.15,M,2026-01-09 00:00:00,2026-01-09 00:00:00
TXN00003443,1,-7308.16,LOW,2026-02-12 00:00:00,2026-02-12 00:00:00
TXN00003447,1,1984.96,M,2026-02-21 00:00:00,2026-02-21 00:00:00
TXN00003450,1,-4925.7,H,2026-03-19 19:19:00,2026-03-19 19:19:00
TXN00003467,1,1472.83,M,2026-02-28 03:10:00,2026-02-28 03:10:00
TXN00003485,1,485.1,P4,,
TXN00003494,1,342.28,L,2026-02-07 20:30:24,2026-02-07 20:30:24
TXN00003495,1,2983.97,LOW,2026-02-08 00:07:18,2026-02-08 00:07:18
TXN00003496,1,1706.49,H,2026-01-28 00:00:00,2026-01-28 00:00:00
TXN00003498,1,3661.3,MEDIUM,2026-04-08 14:29:36,2026-04-08 14:29:36
TXN00003501,1,717.53,M,,
TXN00003505,1,1516.67,P4,2026-02-01 00:00:00,2026-02-01 00:00:00
TXN00003513,1,754.13,M,2026-03-13 00:00:00,2026-03-13 00:00:00
TXN00003514,1,1510.93,MEDIUM,2026-03-25 00:00:00,2026-03-25 00:00:00
TXN00003516,1,585.31,P2,2026-01-18 00:00:00,2026-01-18 00:00:00
TXN00003542,1,1085.0,L,2026-03-20 20:30:00,2026-03-20 20:30:00
TXN00003543,1,15742.98,P4,2026-01-19 08:05:34,2026-01-19 08:05:34
TXN00003546,1,3229.57,MEDIUM,2026-03-03 00:00:00,2026-03-03 00:00:00
TXN00003553,1,3278.36,MEDIUM,2026-02-26 00:00:00,2026-02-26 00:00:00
TXN00003565,1,1723.81,P2,2026-03-14 00:00:00,2026-03-14 00:00:00
TXN00003574,1,3933.58,L,2026-03-30 14:07:24,2026-03-30 14:07:24
TXN00003575,1,-1311.04,P4,,
TXN00003581,1,3616.02,MEDIUM,2026-02-26 10:26:00,2026-02-26 10:26:00
TXN00003610,1,6753.79,P4,2026-03-02 00:00:00,2026-03-02 00:00:00
TXN00003616,1,5374.95,P4,2026-01-09 00:00:00,2026-01-09 00:00:00
TXN00003619,1,-4189.62,P3,2026-03-22 00:00:00,2026-03-22 00:00:00
TXN00003622,1,409.07,MEDIUM,2026-03-23 00:00:00,2026-03-23 00:00:00
TXN00003628,1,2430.89,P3,2026-04-04 06:41:27,2026-04-04 06:41:27
TXN00003637,1,4219.82,P2,2026-02-22 00:00:00,2026-02-22 00:00:00
TXN00003640,1,2301.83,P3,2026-09-01 00:00:00,2026-09-01 00:00:00
TXN00003656,1,1011.36,P4,2026-11-04 00:00:00,2026-11-04 00:00:00
TXN00003664,1,1000.95,M,2026-10-01 21:03:00,2026-10-01 21:03:00
TXN00003670,1,2583.29,LOW,2026-02-06 00:00:00,2026-02-06 00:00:00
TXN00003675,1,1047.52,M,2026-01-18 23:53:18,2026-01-18 23:53:18
TXN00003677,1,1364.35,L,2026-02-28 15:32:00,2026-02-28 15:32:00
TXN00003678,1,8722.75,HIGH,2026-04-01 00:00:00,2026-04-01 00:00:00
TXN00003720,1,414.69,H,2026-03-05 06:24:15,2026-03-05 06:24:15
TXN00003721,1,-3807.76,P2,2026-03-05 00:00:00,2026-03-05 00:00:00
TXN00003727,1,1284.94,M,2026-03-18 00:00:00,2026-03-18 00:00:00
TXN00003732,1,5678.98,CRITICAL,2026-04-03 00:00:00,2026-04-03 00:00:00
TXN00003733,1,0.0,P4,2026-12-01 06:21:00,2026-12-01 06:21:00
TXN00003740,1,6434.35,P4,2026-08-02 09:22:00,2026-08-02 09:22:00
TXN00003753,1,691.4,MEDIUM,2026-01-06 09:06:26,2026-01-06 09:06:26
TXN00003766,1,587.08,MEDIUM,2026-01-21 00:00:00,2026-01-21 00:00:00
TXN00003777,1,177.16,MEDIUM,2026-01-14 00:00:00,2026-01-14 00:00:00
TXN00003778,1,7597.0,MEDIUM,2026-02-07 12:51:27,2026-02-07 12:51:27
TXN00003784,1,3118.57,H,,
TXN00003788,1,5092.34,L,2026-05-02 03:13:00,2026-05-02 03:13:00
TXN00003789,1,1061.09,MEDIUM,2026-03-13 00:02:43,2026-03-13 00:02:43
TXN00003808,1,476.92,CRITICAL,2026-02-22 00:00:00,2026-02-22 00:00:00
TXN00003810,1,861.41,MEDIUM,2026-01-25 00:00:00,2026-01-25 00:00:00
TXN00003813,1,5758.61,L,2026-01-11 00:00:00,2026-01-11 00:00:00
TXN00003828,1,1594.84,LOW,2026-03-31 19:03:00,2026-03-31 19:03:00
TXN00003833,1,1688.18,MEDIUM,2026-03-22 00:00:00,2026-03-22 00:00:00
TXN00003837,1,723.24,HIGH,2026-01-12 03:14:58,2026-01-12 03:14:58
TXN00003845,1,2182.0,HIGH,2026-01-23 00:00:00,2026-01-23 00:00:00
TXN00003850,1,5978.59,LOW,2026-04-20 18:06:08,2026-04-20 18:06:08
TXN00003853,1,2342.78,P3,2026-02-22 00:00:00,2026-02-22 00:00:00
TXN00003861,2,2991.3599999999997,"CRIT,H",2026-01-21 00:00:00,2026-03-01 14:14:20
TXN00003879,1,-2999.94,L,2026-01-20 00:00:00,2026-01-20 00:00:00
TXN00003881,1,0.0,P3,2026-03-23 06:15:00,2026-03-23 06:15:00
TXN00003889,1,2760.0,H,2026-01-17 00:00:00,2026-01-17 00:00:00
TXN00003908,1,6597.26,CRITICAL,2026-02-26 00:00:00,2026-02-26 00:00:00
TXN00003915,1,264.64,MEDIUM,2026-02-25 00:00:00,2026-02-25 00:00:00
TXN00003924,1,2479.92,M,,
TXN00003927,1,875.3,LOW,2026-02-17 03:26:55,2026-02-17 03:26:55
TXN00003928,1,3481.55,P1,2026-01-17 15:37:13,2026-01-17 15:37:13
TXN00003962,1,12077.97,P1,2026-02-21 00:00:00,2026-02-21 00:00:00
TXN00003972,1,4309.44,LOW,2026-01-18 07:02:56,2026-01-18 07:02:56
TXN00003973,1,2121.87,L,2026-03-23 01:55:27,2026-03-23 01:55:27
TXN00003990,2,-5008.85,"L,MEDIUM",2026-01-27 22:54:00,2026-02-19 00:00:00
TXN00004014,1,4940.23,HIGH,2026-03-19 00:00:00,2026-03-19 00:00:00
TXN00004018,1,11729.72,MEDIUM,,
TXN00004028,1,2255.0,HIGH,2026-02-09 00:00:00,2026-02-09 00:00:00
TXN00004035,1,4064.18,M,2026-01-13 00:00:00,2026-01-13 00:00:00
TXN00004045,1,14158.32,P4,2026-04-08 20:03:18,2026-04-08 20:03:18
TXN00004048,1,-815.95,LOW,,
TXN00004057,1,1149.72,P3,2026-01-30 00:00:00,2026-01-30 00:00:00
TXN00004061,1,2090.0,LOW,2026-12-03 18:31:00,2026-12-03 18:31:00
TXN00004070,1,3047.23,P3,2026-02-16 00:00:00,2026-02-16 00:00:00
TXN00004074,1,3617.74,LOW,2026-02-03 00:00:00,2026-02-03 00:00:00
TXN00004089,1,493.48,LOW,2026-01-30 16:41:27,2026-01-30 16:41:27
TXN00004094,1,2519.45,HIGH,2026-01-06 00:00:00,2026-01-06 00:00:00
TXN00004103,1,4864.83,MEDIUM,2026-01-28 00:00:00,2026-01-28 00:00:00
TXN00004108,1,5763.03,HIGH,2026-01-03 01:25:00,2026-01-03 01:25:00
TXN00004113,1,1173.86,HIGH,2026-04-14 00:00:00,2026-04-14 00:00:00
TXN00004115,1,1495.6,P3,2026-03-12 00:00:00,2026-03-12 00:00:00
TXN00004120,1,5701.53,LOW,2026-05-03 00:00:00,2026-05-03 00:00:00
TXN00004121,1,0.0,HIGH,,
TXN00004134,1,794.23,P2,,
TXN00004140,1,378.0,CRIT,2026-02-14 00:00:00,2026-02-14 00:00:00
TXN00004153,1,3630.27,HIGH,2026-03-22 00:00:00,2026-03-22 00:00:00
TXN00004157,1,269.0,LOW,2026-04-02 00:00:00,2026-04-02 00:00:00
TXN00004164,1,3142.0,P3,2026-02-22 00:00:00,2026-02-22 00:00:00
TXN00004169,1,13744.99,CRITICAL,2026-01-08 00:00:00,2026-01-08 00:00:00
TXN00004174,1,26842.07,P1,2026-03-10 00:00:00,2026-03-10 00:00:00
TXN00004176,1,1105.82,HIGH,2026-09-01 21:57:00,2026-09-01 21:57:00
TXN00004185,1,7433.73,LOW,,
TXN00004247,1,1908.75,P3,,
TXN00004265,1,330.36,L,2026-07-03 00:42:00,2026-07-03 00:42:00
TXN00004267,1,3750.2,P4,2026-02-04 00:00:00,2026-02-04 00:00:00
TXN00004271,1,2672.78,LOW,2026-03-13 23:12:00,2026-03-13 23:12:00
TXN00004276,1,-3192.45,P3,2026-01-28 05:19:32,2026-01-28 05:19:32
TXN00004284,1,3737.05,MEDIUM,2026-01-23 13:44:23,2026-01-23 13:44:23
TXN00004293,1,830.77,MEDIUM,2026-08-01 00:00:00,2026-08-01 00:00:00
TXN00004321,1,2032.79,P4,2026-03-27 00:00:00,2026-03-27 00:00:00
TXN00004325,1,0.0,CRITICAL,2026-01-02 00:00:00,2026-01-02 00:00:00
TXN00004346,1,2582.05,P4,2026-02-02 03:10:00,2026-02-02 03:10:00
TXN00004350,1,2131.37,L,2026-03-22 00:00:00,2026-03-22 00:00:00
TXN00004354,1,1370.0,MEDIUM,2026-06-03 00:00:00,2026-06-03 00:00:00
TXN00004367,1,2126.85,HIGH,2026-04-24 16:40:44,2026-04-24 16:40:44
TXN00004370,1,733.59,P3,2026-01-30 00:00:00,2026-01-30 00:00:00
TXN00004377,1,6954.75,LOW,2026-12-01 13:45:00,2026-12-01 13:45:00
TXN00004386,1,2691.36,P3,2026-02-04 09:35:06,2026-02-04 09:35:06
TXN00004392,1,272.46,LOW,2026-02-21 12:13:00,2026-02-21 12:13:00
TXN00004395,1,9572.0,MEDIUM,2026-01-04 00:00:00,2026-01-04 00:00:00
TXN00004411,1,3905.0,P4,2026-02-09 00:00:00,2026-02-09 00:00:00
TXN00004425,1,1305.0,HIGH,2026-03-01 00:00:00,2026-03-01 00:00:00
TXN00004439,1,1706.04,P2,2026-01-24 00:00:00,2026-01-24 00:00:00
TXN00004455,1,559.19,MEDIUM,2026-01-02 00:00:00,2026-01-02 00:00:00
TXN00004472,1,0.0,MEDIUM,2026-03-07 08:35:18,2026-03-07 08:35:18
TXN00004481,1,1101.44,CRIT,2026-01-05 00:00:00,2026-01-05 00:00:00
TXN00004488,1,2468.0,CRIT,2026-01-09 00:00:00,2026-01-09 00:00:00
TXN00004493,1,380.69,P4,2026-01-27 00:00:00,2026-01-27 00:00:00
TXN00004507,1,2320.0,MEDIUM,2026-01-21 00:00:00,2026-01-21 00:00:00
TXN00004512,1,1358.0,LOW,2026-02-13 00:00:00,2026-02-13 00:00:00
TXN00004517,1,676.55,LOW,2026-02-23 00:00:00,2026-02-23 00:00:00
TXN00004549,1,1639.85,HIGH,2026-03-16 00:00:00,2026-03-16 00:00:00
TXN00004554,1,2266.29,MEDIUM,2026-03-01 20:11:18,2026-03-01 20:11:18
TXN00004555,1,889.98,P2,2026-02-15 00:12:00,2026-02-15 00:12:00
TXN00004562,1,-2226.56,HIGH,2026-02-10 00:00:00,2026-02-10 00:00:00
TXN00004573,1,495.68,MEDIUM,2026-02-04 00:00:00,2026-02-04 00:00:00
TXN00004589,1,1100.37,MEDIUM,2026-01-30 20:45:00,2026-01-30 20:45:00
TXN00004590,1,799.39,P2,2026-02-05 00:00:00,2026-02-05 00:00:00
TXN00004594,2,577.53,"MEDIUM,P4",2026-01-16 21:36:00,2026-02-24 00:00:00
TXN00004610,1,5879.13,MEDIUM,2026-02-16 08:58:00,2026-02-16 08:58:00
TXN00004618,1,1142.86,LOW,2026-01-23 00:00:00,2026-01-23 00:00:00
TXN00004622,1,1330.95,M,2026-01-24 17:29:00,2026-01-24 17:29:00
TXN00004638,1,1651.94,HIGH,2026-12-02 11:49:00,2026-12-02 11:49:00
TXN00004642,1,1778.23,M,2026-03-14 00:00:00,2026-03-14 00:00:00
TXN00004644,1,-3662.83,P4,2026-03-08 00:00:00,2026-03-08 00:00:00
TXN00004668,1,0.0,MEDIUM,2026-03-18 13:09:02,2026-03-18 13:09:02
TXN00004672,1,985.98,H,2026-01-09 00:00:00,2026-01-09 00:00:00
TXN00004673,2,4655.030000000001,LOW,2026-02-19 00:00:00,2026-03-22 16:12:19
TXN00004675,1,258.2,HIGH,2026-06-04 22:58:00,2026-06-04 22:58:00
TXN00004686,1,1634.47,P3,2026-01-07 00:00:00,2026-01-07 00:00:00
TXN00004693,1,3249.99,LOW,2026-01-29 00:00:00,2026-01-29 00:00:00
TXN00004698,1,1942.99,L,,
TXN00004709,1,-741.74,LOW,2026-01-22 20:55:00,2026-01-22 20:55:00
TXN00004712,1,2950.32,CRITICAL,2026-03-11 00:00:00,2026-03-11 00:00:00
TXN00004716,1,169.35,MEDIUM,2026-01-30 21:59:00,2026-01-30 21:59:00
TXN00004717,1,22390.0,H,2026-01-21 15:47:02,2026-01-21 15:47:02
TXN00004731,1,1385.0,H,2026-03-21 00:00:00,2026-03-21 00:00:00
TXN00004746,1,579.06,HIGH,2026-03-22 00:00:00,2026-03-22 00:00:00
TXN00004747,1,11808.21,MEDIUM,2026-01-30 00:00:00,2026-01-30 00:00:00
TXN00004748,1,3976.68,L,2026-02-09 00:00:00,2026-02-09 00:00:00
TXN00004759,1,1027.78,LOW,2026-03-17 00:00:00,2026-03-17 00:00:00
TXN00004763,1,2865.75,M,2026-03-12 23:20:31,2026-03-12 23:20:31
TXN00004771,1,5005.08,CRITICAL,2026-02-19 00:00:00,2026-02-19 00:00:00
TXN00004776,1,2319.55,HIGH,2026-01-22 00:00:00,2026-01-22 00:00:00
TXN00004779,1,1565.13,P3,2026-01-13 09:59:00,2026-01-13 09:59:00
TXN00004780,1,-673.13,H,2026-02-06 00:00:00,2026-02-06 00:00:00
TXN00004782,1,779.81,MEDIUM,2026-01-26 00:00:00,2026-01-26 00:00:00
TXN00004797,1,3784.33,MEDIUM,2026-02-27 00:00:00,2026-02-27 00:00:00
TXN00004804,1,12097.84,HIGH,2026-01-08 00:00:00,2026-01-08 00:00:00
TXN00004814,1,0.0,LOW,2026-03-19 07:06:00,2026-03-19 07:06:00
TXN00004821,1,165.89,LOW,2026-03-18 00:00:00,2026-03-18 00:00:00
TXN00004832,1,1582.6,M,2026-01-26 00:00:00,2026-01-26 00:00:00
TXN00004835,1,11573.0,MEDIUM,2026-02-20 00:00:00,2026-02-20 00:00:00
TXN00004836,1,3723.0,LOW,,
TXN00004839,1,955.91,H,2026-04-24 00:00:00,2026-04-24 00:00:00
TXN00004849,1,1212.0,MEDIUM,2026-04-03 00:00:00,2026-04-03 00:00:00
TXN00004880,1,-512.66,CRIT,2026-02-23 00:00:00,2026-02-23 00:00:00
TXN00004888,1,1625.15,CRITICAL,2026-04-01 00:00:00,2026-04-01 00:00:00
TXN00004890,1,0.0,LOW,2026-02-01 00:00:00,2026-02-01 00:00:00
TXN00004896,1,1770.17,LOW,2026-01-04 15:56:05,2026-01-04 15:56:05
TXN00004903,1,639.26,MEDIUM,2026-02-23 08:37:00,2026-02-23 08:37:00
TXN00004922,1,0.0,MEDIUM,2026-03-30 00:00:00,2026-03-30 00:00:00
TXN00004923,1,1673.05,P4,,
TXN00004925,1,9977.75,M,,
TXN00004927,1,1530.6,P4,,
TXN00004932,1,595.39,LOW,2026-02-24 00:00:00,2026-02-24 00:00:00
TXN00004933,1,4720.79,LOW,2026-02-06 00:00:00,2026-02-06 00:00:00
TXN00004935,1,18552.59,L,2026-01-02 17:11:00,2026-01-02 17:11:00
TXN00004951,1,2386.57,P2,2026-09-03 21:51:00,2026-09-03 21:51:00
TXN00004956,1,1752.77,MEDIUM,2026-03-18 00:00:00,2026-03-18 00:00:00
TXN00004960,1,1327.87,P4,2026-04-27 22:27:53,2026-04-27 22:27:53
TXN00004967,1,-952.74,LOW,2026-02-24 07:46:00,2026-02-24 07:46:00
TXN00004968,1,-686.93,HIGH,2026-02-19 10:29:00,2026-02-19 10:29:00
TXN00004984,1,1369.23,HIGH,2026-05-04 00:00:00,2026-05-04 00:00:00
TXN00004989,1,5305.63,P3,2026-01-24 15:03:00,2026-01-24 15:03:00
TXN00005001,1,4713.3,M,2026-03-08 16:09:12,2026-03-08 16:09:12
TXN00005004,1,1095.0,MEDIUM,,
TXN00005006,1,216.3,P4,2026-01-07 00:00:00,2026-01-07 00:00:00
TXN00005010,1,1290.35,MEDIUM,2026-03-08 00:00:00,2026-03-08 00:00:00
TXN00005013,1,1946.17,L,2026-02-12 17:37:06,2026-02-12 17:37:06
TXN00005021,1,7640.62,LOW,2026-02-17 05:06:57,2026-02-17 05:06:57
TXN00005025,1,1283.51,P4,2026-05-03 18:25:00,2026-05-03 18:25:00
TXN00005028,1,1800.13,HIGH,,
TXN00005039,1,1582.19,HIGH,2026-01-24 18:26:47,2026-01-24 18:26:47
TXN00005048,1,2992.52,HIGH,2026-10-02 00:00:00,2026-10-02 00:00:00
TXN00005056,1,6278.49,CRITICAL,2026-01-31 00:00:00,2026-01-31 00:00:00
TXN00005059,2,5445.15,"CRITICAL,P2",2026-02-08 20:39:40,2026-04-25 00:00:00
TXN00005061,1,1535.65,HIGH,2026-02-03 00:00:00,2026-02-03 00:00:00
TXN00005079,1,1368.67,H,2026-02-24 11:45:21,2026-02-24 11:45:21
TXN00005081,1,782.28,P4,2026-01-21 00:00:00,2026-01-21 00:00:00
TXN00005083,1,448.0,MEDIUM,2026-01-31 14:31:24,2026-01-31 14:31:24
TXN00005084,1,12351.07,LOW,2026-08-03 00:00:00,2026-08-03 00:00:00
TXN00005100,1,-3671.61,LOW,2026-03-19 18:04:00,2026-03-19 18:04:00
TXN00005107,1,1023.0,M,2026-01-12 05:57:59,2026-01-12 05:57:59
TXN00005131,1,9968.68,MEDIUM,2026-09-02 07:20:00,2026-09-02 07:20:00
TXN00005136,1,1719.63,M,2026-03-22 00:00:00,2026-03-22 00:00:00
TXN00005138,2,3046.37,"MEDIUM,P3",2026-04-03 00:00:00,2026-08-03 18:14:00
TXN00005144,1,1262.32,P4,2026-02-25 00:00:00,2026-02-25 00:00:00
TXN00005146,1,725.45,MEDIUM,2026-03-29 08:57:00,2026-03-29 08:57:00
TXN00005150,1,2477.97,MEDIUM,2026-01-01 00:00:00,2026-01-01 00:00:00
TXN00005168,1,5074.67,HIGH,2026-01-02 00:00:00,2026-01-02 00:00:00
TXN00005174,1,1679.19,HIGH,2026-02-12 00:00:00,2026-02-12 00:00:00
TXN00005181,1,1107.86,LOW,2026-03-05 00:00:00,2026-03-05 00:00:00
TXN00005195,1,4251.73,LOW,2026-03-07 00:00:00,2026-03-07 00:00:00
TXN00005197,1,5740.0,P3,,
TXN00005199,1,2351.11,LOW,2026-01-11 00:00:00,2026-01-11 00:00:00
TXN00005203,1,2184.85,P4,2026-02-28 00:00:00,2026-02-28 00:00:00
TXN00005205,1,6694.94,H,2026-03-04 00:00:00,2026-03-04 00:00:00
TXN00005214,1,0.0,MEDIUM,2026-02-07 00:00:00,2026-02-07 00:00:00
TXN00005222,2,1871.55,"P3,P4",2026-01-29 00:00:00,2026-02-21 00:00:00
TXN00005230,1,5154.73,MEDIUM,2026-01-18 00:00:00,2026-01-18 00:00:00
TXN00005246,1,-99.96,LOW,2026-03-08 00:35:05,2026-03-08 00:35:05
TXN00005274,1,4290.41,H,2026-02-27 13:34:00,2026-02-27 13:34:00
TXN00005307,1,0.0,P4,2026-02-24 00:00:00,2026-02-24 00:00:00
TXN00005315,1,819.89,L,2026-03-12 00:00:00,2026-03-12 00:00:00
TXN00005344,1,1422.0,HIGH,2026-04-03 00:00:00,2026-04-03 00:00:00
TXN00005346,2,-1690.9699999999998,"LOW,P3",2026-01-27 02:10:02,2026-03-07 00:00:00
TXN00005364,1,0.0,P1,2026-02-05 00:00:00,2026-02-05 00:00:00
TXN00005367,1,734.0,P4,2026-01-29 00:00:00,2026-01-29 00:00:00
TXN00005376,1,6375.04,P3,2026-04-03 00:00:00,2026-04-03 00:00:00
TXN00005378,1,1274.1,MEDIUM,2026-05-16 14:52:28,2026-05-16 14:52:28
TXN00005379,1,318.82,H,2026-03-20 00:00:00,2026-03-20 00:00:00
TXN00005386,1,2597.6,MEDIUM,2026-02-04 04:50:27,2026-02-04 04:50:27
TXN00005396,1,2926.18,P3,,
TXN00005401,1,14197.19,L,2026-02-05 08:50:12,2026-02-05 08:50:12
TXN00005409,1,504.51,CRITICAL,2026-03-29 14:06:21,2026-03-29 14:06:21
TXN00005413,1,0.0,MEDIUM,2026-02-01 00:00:00,2026-02-01 00:00:00
TXN00005417,1,2380.3,MEDIUM,,
TXN00005419,1,8383.0,P4,2026-01-30 00:00:00,2026-01-30 00:00:00
TXN00005429,1,1860.96,LOW,2026-01-18 00:00:00,2026-01-18 00:00:00
TXN00005430,1,1006.88,M,2026-03-31 13:08:00,2026-03-31 13:08:00
TXN00005431,1,1631.64,HIGH,2026-04-02 00:00:00,2026-04-02 00:00:00
TXN00005438,1,1581.74,H,2026-02-22 07:46:00,2026-02-22 07:46:00
TXN00005443,1,3291.51,MEDIUM,2026-01-08 00:00:00,2026-01-08 00:00:00
TXN00005459,2,12163.57,"LOW,M",2026-02-15 00:00:00,2026-02-15 00:00:00
TXN00005470,1,881.56,M,2026-03-25 00:00:00,2026-03-25 00:00:00
TXN00005474,1,271.69,MEDIUM,2026-01-30 00:00:00,2026-01-30 00:00:00
TXN00005483,1,2130.14,MEDIUM,2026-01-15 00:00:00,2026-01-15 00:00:00
TXN00005485,1,4839.05,CRITICAL,2026-01-07 00:00:00,2026-01-07 00:00:00
TXN00005486,1,1288.0,LOW,2026-04-02 00:00:00,2026-04-02 00:00:00
TXN00005487,1,0.0,P2,2026-01-03 00:00:00,2026-01-03 00:00:00
TXN00005488,1,8967.32,MEDIUM,2026-02-01 00:00:00,2026-02-01 00:00:00
TXN00005489,1,3170.75,M,2026-03-17 11:42:00,2026-03-17 11:42:00
TXN00005490,1,0.0,P3,2026-03-25 00:00:00,2026-03-25 00:00:00
TXN00005496,1,0.0,MEDIUM,2026-03-25 00:00:00,2026-03-25 00:00:00
TXN00005500,1,1721.07,P2,2026-01-31 00:00:00,2026-01-31 00:00:00
TXN00005512,1,2981.85,P4,2026-03-12 00:00:00,2026-03-12 00:00:00
TXN00005518,1,-4245.22,L,2026-03-25 00:00:00,2026-03-25 00:00:00
TXN00005542,1,236.16,M,2026-02-01 10:25:53,2026-02-01 10:25:53
TXN00005543,1,1362.67,P3,2026-03-05 15:23:41,2026-03-05 15:23:41
TXN00005546,1,1518.0,P4,2026-02-25 16:34:00,2026-02-25 16:34:00
TXN00005559,1,597.81,MEDIUM,2026-01-07 00:00:00,2026-01-07 00:00:00
TXN00005564,1,1858.07,MEDIUM,2026-03-16 02:35:00,2026-03-16 02:35:00
TXN00005572,1,-1181.23,LOW,,
TXN00005575,1,1946.37,MEDIUM,2026-01-05 00:00:00,2026-01-05 00:00:00
TXN00005580,1,3654.65,P2,2026-01-25 00:00:00,2026-01-25 00:00:00
TXN00005582,1,16352.81,P2,,
TXN00005603,1,2652.0,MEDIUM,,
TXN00005621,1,8601.0,P4,2026-03-19 21:25:48,2026-03-19 21:25:48
TXN00005636,1,1118.0,P3,2026-02-03 00:00:00,2026-02-03 00:00:00
TXN00005655,1,5976.8,HIGH,2026-03-03 00:00:00,2026-03-03 00:00:00
TXN00005659,1,-2505.44,M,2026-03-13 00:00:00,2026-03-13 00:00:00
TXN00005666,1,1764.4,LOW,2026-02-19 07:15:00,2026-02-19 07:15:00
TXN00005674,1,560.0,HIGH,2026-03-15 15:17:35,2026-03-15 15:17:35
TXN00005682,1,2014.01,P2,2026-03-10 06:20:48,2026-03-10 06:20:48
TXN00005691,1,0.0,HIGH,2026-02-14 22:00:46,2026-02-14 22:00:46
TXN00005717,1,2449.38,P4,2026-01-22 00:00:00,2026-01-22 00:00:00
TXN00005723,1,4655.0,LOW,2026-02-08 00:00:00,2026-02-08 00:00:00
TXN00005750,1,1459.51,P3,2026-03-22 00:00:00,2026-03-22 00:00:00
TXN00005752,1,1800.88,LOW,2026-01-11 00:00:00,2026-01-11 00:00:00
TXN00005755,1,740.85,P3,2026-04-28 00:00:00,2026-04-28 00:00:00
TXN00005760,1,0.0,MEDIUM,2026-03-29 00:00:00,2026-03-29 00:00:00
TXN00005761,1,3582.63,LOW,2026-03-18 06:34:15,2026-03-18 06:34:15
TXN00005764,1,513.84,MEDIUM,,
TXN00005767,1,3275.35,L,2026-02-24 00:00:00,2026-02-24 00:00:00
TXN00005777,1,891.95,P2,2026-03-21 00:00:00,2026-03-21 00:00:00
TXN00005785,1,222.95,M,2026-06-03 00:28:00,2026-06-03 00:28:00
TXN00005788,1,372.51,LOW,2026-03-29 00:09:09,2026-03-29 00:09:09
TXN00005799,1,674.67,CRIT,2026-01-12 00:00:00,2026-01-12 00:00:00
TXN00005802,1,964.98,M,,
TXN00005810,1,-2850.55,MEDIUM,2026-03-15 00:00:00,2026-03-15 00:00:00
TXN00005811,1,636.43,MEDIUM,2026-02-18 20:01:40,2026-02-18 20:01:40
TXN00005813,1,1708.0,HIGH,2026-03-15 02:54:53,2026-03-15 02:54:53
TXN00005826,1,1770.58,P1,2026-04-02 14:03:00,2026-04-02 14:03:00
TXN00005837,1,438.11,L,2026-02-24 00:00:00,2026-02-24 00:00:00
TXN00005845,1,0.0,CRIT,2026-01-21 00:00:00,2026-01-21 00:00:00
TXN00005849,1,-2213.96,P3,2026-04-02 04:29:55,2026-04-02 04:29:55
TXN00005857,1,-244.97,L,2026-03-20 00:00:00,2026-03-20 00:00:00
TXN00005861,1,10091.73,P4,2026-03-23 00:00:00,2026-03-23 00:00:00
TXN00005872,1,2023.21,LOW,2026-04-16 00:00:00,2026-04-16 00:00:00
TXN00005874,1,0.0,MEDIUM,2026-03-06 03:25:03,2026-03-06 03:25:03
TXN00005881,1,2284.0,M,2026-02-07 00:00:00,2026-02-07 00:00:00
TXN00005904,1,-953.16,HIGH,2026-03-31 00:00:00,2026-03-31 00:00:00
TXN00005908,1,1603.01,L,2026-01-21 00:00:00,2026-01-21 00:00:00
TXN00005915,1,215.32,MEDIUM,2026-02-24 00:00:00,2026-02-24 00:00:00
TXN00005923,1,1759.97,M,2026-06-02 03:51:00,2026-06-02 03:51:00
TXN00005940,1,1360.01,MEDIUM,2026-03-15 12:34:00,2026-03-15 12:34:00
TXN00005941,1,8630.24,H,2026-03-22 14:23:38,2026-03-22 14:23:38
TXN00005945,1,848.15,HIGH,2026-04-02 00:00:00,2026-04-02 00:00:00
TXN00005953,1,1742.0,LOW,2026-03-29 00:00:00,2026-03-29 00:00:00
TXN00005962,1,354.48,MEDIUM,2026-03-22 00:00:00,2026-03-22 00:00:00
TXN00005966,1,8500.66,MEDIUM,2026-02-27 10:29:49,2026-02-27 10:29:49
TXN00005968,1,2917.69,CRITICAL,2026-03-21 00:00:00,2026-03-21 00:00:00
TXN00005973,1,10229.48,MEDIUM,2026-02-07 00:00:00,2026-02-07 00:00:00
TXN00005986,1,6879.04,HIGH,2026-01-23 00:00:00,2026-01-23 00:00:00
TXN00005988,1,1345.11,H,2026-01-26 15:58:00,2026-01-26 15:58:00
TXN00005999,1,-3530.1,LOW,2026-01-13 00:00:00,2026-01-13 00:00:00
TXN00006037,1,739.74,P4,2026-02-14 00:00:00,2026-02-14 00:00:00
TXN00006052,1,1664.31,CRITICAL,2026-01-15 00:00:00,2026-01-15 00:00:00
TXN00006057,1,378.18,P2,2026-01-26 00:00:00,2026-01-26 00:00:00
TXN00006059,1,-11598.12,P3,2026-02-23 00:00:00,2026-02-23 00:00:00
TXN00006063,1,2157.0,HIGH,2026-02-15 11:35:00,2026-02-15 11:35:00
TXN00006073,1,7404.88,LOW,2026-02-22 00:00:00,2026-02-22 00:00:00
TXN00006075,1,1413.0,P1,2026-12-02 09:40:00,2026-12-02 09:40:00
TXN00006114,1,4938.0,HIGH,2026-01-27 00:00:00,2026-01-27 00:00:00
TXN00006117,1,3964.0,HIGH,2026-03-28 00:00:00,2026-03-28 00:00:00
TXN00006125,1,2573.59,HIGH,2026-03-12 00:00:00,2026-03-12 00:00:00
TXN00006136,1,3785.87,L,2026-02-14 00:00:00,2026-02-14 00:00:00
TXN00006138,1,486.96,LOW,2026-02-28 00:00:00,2026-02-28 00:00:00
TXN00006160,1,384.6,P3,2026-03-14 00:00:00,2026-03-14 00:00:00
TXN00006175,1,709.86,L,2026-02-28 09:53:08,2026-02-28 09:53:08
TXN00006191,1,426.17,P4,2026-02-26 19:14:05,2026-02-26 19:14:05
TXN00006193,1,26207.56,LOW,2026-03-13 00:00:00,2026-03-13 00:00:00
TXN00006200,1,5233.09,P2,2026-01-28 00:00:00,2026-01-28 00:00:00
TXN00006207,1,-5731.89,P4,2026-02-28 00:00:00,2026-02-28 00:00:00
TXN00006214,1,4111.68,MEDIUM,2026-03-30 23:46:00,2026-03-30 23:46:00
TXN00006246,1,1584.81,M,2026-02-09 00:00:00,2026-02-09 00:00:00
TXN00006250,1,836.39,P4,2026-01-29 00:00:00,2026-01-29 00:00:00
TXN00006252,1,408.0,HIGH,2026-01-22 00:00:00,2026-01-22 00:00:00
TXN00006253,1,4952.0,MEDIUM,2026-10-01 00:00:00,2026-10-01 00:00:00
TXN00006257,1,350.52,MEDIUM,2026-01-05 00:00:00,2026-01-05 00:00:00
TXN00006263,1,843.91,P4,2026-04-08 00:00:00,2026-04-08 00:00:00
TXN00006276,1,1890.0,CRITICAL,2026-01-22 00:00:00,2026-01-22 00:00:00
TXN00006280,1,1032.66,MEDIUM,2026-02-22 14:17:00,2026-02-22 14:17:00
TXN00006290,1,0.0,LOW,2026-02-02 00:00:00,2026-02-02 00:00:00
TXN00006293,2,4601.49,"LOW,P3",2026-01-19 00:00:00,2026-03-07 00:00:00
TXN00006304,1,4194.32,CRITICAL,2026-02-23 00:00:00,2026-02-23 00:00:00
TXN00006334,1,-1206.9,P3,2026-02-09 00:00:00,2026-02-09 00:00:00
TXN00006336,1,846.13,MEDIUM,2026-02-18 05:26:57,2026-02-18 05:26:57
TXN00006338,1,1656.18,L,2026-02-24 19:50:25,2026-02-24 19:50:25
TXN00006342,1,1546.48,P3,2026-03-19 00:00:00,2026-03-19 00:00:00
TXN00006348,1,506.14,P3,2026-01-21 00:00:00,2026-01-21 00:00:00
TXN00006355,1,1211.72,P3,2026-01-14 00:00:00,2026-01-14 00:00:00
TXN00006356,1,-344.33,P4,2026-05-07 00:00:00,2026-05-07 00:00:00
TXN00006360,1,1731.1,LOW,2026-02-27 00:00:00,2026-02-27 00:00:00
TXN00006364,1,2678.39,LOW,2026-02-18 21:05:00,2026-02-18 21:05:00
TXN00006372,1,5763.76,MEDIUM,2026-02-21 00:00:00,2026-02-21 00:00:00
TXN00006374,1,328.81,M,2026-01-29 00:00:00,2026-01-29 00:00:00
TXN00006391,1,9215.86,P3,2026-12-01 00:11:00,2026-12-01 00:11:00
TXN00006400,1,3582.55,HIGH,2026-01-02 00:00:00,2026-01-02 00:00:00
TXN00006416,1,4872.0,MEDIUM,2026-03-01 00:00:00,2026-03-01 00:00:00
TXN00006427,1,3608.0,P3,,
TXN00006433,1,468.43,HIGH,2026-03-24 00:00:00,2026-03-24 00:00:00
TXN00006440,1,6058.0,LOW,2026-03-16 23:47:02,2026-03-16 23:47:02
TXN00006449,1,250.0,HIGH,2026-01-26 01:59:16,2026-01-26 01:59:16
TXN00006459,1,2479.76,HIGH,2026-02-01 00:00:00,2026-02-01 00:00:00
TXN00006460,1,3745.94,P3,2026-02-09 00:00:00,2026-02-09 00:00:00
TXN00006467,1,7505.86,H,2026-02-20 10:08:55,2026-02-20 10:08:55
TXN00006468,1,7884.04,LOW,2026-01-11 20:52:43,2026-01-11 20:52:43
TXN00006499,1,640.77,P3,2026-01-03 20:13:00,2026-01-03 20:13:00
TXN00006502,1,-1120.78,CRITICAL,2026-01-16 00:00:00,2026-01-16 00:00:00
TXN00006505,1,2740.0,P3,2026-01-25 00:00:00,2026-01-25 00:00:00
TXN00006526,1,-767.36,P3,2026-01-14 18:16:32,2026-01-14 18:16:32
TXN00006529,1,5747.29,P4,2026-02-01 00:00:00,2026-02-01 00:00:00
TXN00006537,1,418.0,MEDIUM,2026-03-12 23:58:49,2026-03-12 23:58:49
TXN00006549,1,905.53,L,2026-02-10 00:00:00,2026-02-10 00:00:00
TXN00006554,1,4172.97,P3,2026-02-11 00:00:00,2026-02-11 00:00:00
TXN00006558,1,-673.61,MEDIUM,2026-04-26 00:00:00,2026-04-26 00:00:00
TXN00006569,1,3352.04,HIGH,2026-09-03 00:00:00,2026-09-03 00:00:00
TXN00006584,1,1087.37,M,2026-03-04 00:00:00,2026-03-04 00:00:00
TXN00006588,1,-1971.85,CRITICAL,,
TXN00006595,1,2625.77,LOW,2026-01-24 00:00:00,2026-01-24 00:00:00
TXN00006600,1,0.0,P3,2026-01-31 21:13:00,2026-01-31 21:13:00
TXN00006623,1,1154.99,L,2026-02-12 09:53:35,2026-02-12 09:53:35
TXN00006632,1,4124.85,L,2026-04-03 00:00:00,2026-04-03 00:00:00
TXN00006637,1,4001.0,LOW,2026-03-27 00:00:00,2026-03-27 00:00:00
TXN00006638,1,2742.66,CRIT,2026-01-19 00:00:00,2026-01-19 00:00:00
TXN00006640,1,0.0,LOW,2026-02-27 03:06:00,2026-02-27 03:06:00
TXN00006654,1,2733.0,L,2026-08-01 17:27:00,2026-08-01 17:27:00
TXN00006667,1,4240.52,L,2026-03-19 00:00:00,2026-03-19 00:00:00
TXN00006668,1,1736.0,H,2026-01-30 00:00:00,2026-01-30 00:00:00
TXN00006669,1,-2766.56,P4,2026-02-18 15:36:00,2026-02-18 15:36:00
TXN00006681,1,946.45,P3,2026-01-28 00:00:00,2026-01-28 00:00:00
TXN00006688,1,592.68,HIGH,2026-02-25 00:00:00,2026-02-25 00:00:00
TXN00006695,1,1671.67,MEDIUM,2026-02-22 00:00:00,2026-02-22 00:00:00
TXN00006710,2,15005.39,"HIGH,P2",2026-03-30 00:00:00,2026-03-30 00:00:00
TXN00006728,1,1002.59,CRIT,2026-02-17 00:00:00,2026-02-17 00:00:00
TXN00006743,1,0.0,P3,2026-01-21 00:00:00,2026-01-21 00:00:00
TXN00006753,1,-6262.28,LOW,2026-01-15 19:42:11,2026-01-15 19:42:11
TXN00006755,2,1246.53,"LOW,MEDIUM",2026-01-07 00:00:00,2026-03-17 00:00:00
TXN00006756,1,988.98,P3,2026-04-28 00:00:00,2026-04-28 00:00:00
TXN00006761,1,1870.83,MEDIUM,2026-01-16 00:00:00,2026-01-16 00:00:00
TXN00006778,1,1282.1,MEDIUM,2026-02-04 00:00:00,2026-02-04 00:00:00
TXN00006792,1,1704.54,LOW,2026-02-27 00:00:00,2026-02-27 00:00:00
TXN00006799,1,7272.77,P3,2026-01-19 00:00:00,2026-01-19 00:00:00
TXN00006801,1,-1623.25,HIGH,2026-01-19 00:00:00,2026-01-19 00:00:00
TXN00006805,1,1087.14,M,2026-02-22 00:00:00,2026-02-22 00:00:00
TXN00006808,1,8430.86,H,2026-02-26 00:00:00,2026-02-26 00:00:00
TXN00006817,1,774.67,M,2026-03-25 00:00:00,2026-03-25 00:00:00
TXN00006837,1,374.0,P3,2026-01-09 10:28:51,2026-01-09 10:28:51
TXN00006872,1,0.0,L,2026-01-21 00:00:00,2026-01-21 00:00:00
TXN00006873,1,0.0,CRIT,2026-02-14 11:52:00,2026-02-14 11:52:00
TXN00006894,1,2016.51,HIGH,2026-02-26 00:00:00,2026-02-26 00:00:00
TXN00006897,1,3386.1,L,2026-01-03 00:00:00,2026-01-03 00:00:00
TXN00006902,1,2179.89,CRITICAL,2026-04-09 00:00:00,2026-04-09 00:00:00
TXN00006912,2,1229.37,"LOW,MEDIUM",,
TXN00006919,2,5359.6900000000005,"L,MEDIUM",2026-01-19 00:00:00,2026-02-28 10:57:53
TXN00006922,2,117.75999999999999,"MEDIUM,P4",2026-02-13 00:00:00,2026-02-15 00:00:00
TXN00006951,1,3359.61,P3,2026-05-02 07:12:00,2026-05-02 07:12:00
TXN00006954,1,186.51,MEDIUM,2026-03-25 00:00:00,2026-03-25 00:00:00
TXN00006955,1,1336.86,LOW,2026-02-16 16:57:27,2026-02-16 16:57:27
TXN00006958,1,-1162.72,HIGH,2026-02-13 00:00:00,2026-02-13 00:00:00
TXN00006961,1,2280.65,P3,2026-03-02 00:00:00,2026-03-02 00:00:00
TXN00006966,1,645.29,MEDIUM,2026-02-12 20:09:09,2026-02-12 20:09:09
TXN00006976,1,1752.57,LOW,2026-01-16 02:55:00,2026-01-16 02:55:00
TXN00006989,1,1796.19,M,2026-02-04 00:00:00,2026-02-04 00:00:00
TXN00006990,1,1208.16,P3,2026-03-09 11:42:44,2026-03-09 11:42:44
TXN00006995,1,793.0,LOW,2026-03-12 13:45:23,2026-03-12 13:45:23
TXN00007012,1,1064.0,HIGH,,
TXN00007014,1,1748.13,LOW,2026-01-14 11:53:14,2026-01-14 11:53:14
TXN00007016,1,1144.6,HIGH,2026-02-15 00:00:00,2026-02-15 00:00:00
TXN00007023,2,11018.82,"MEDIUM,P3",2026-03-16 00:00:00,2026-03-31 14:00:23
TXN00007026,1,0.0,P3,2026-02-24 05:34:00,2026-02-24 05:34:00
TXN00007052,1,0.0,L,2026-03-09 00:00:00,2026-03-09 00:00:00
TXN00007053,1,3545.44,H,2026-05-10 00:00:00,2026-05-10 00:00:00
TXN00007063,1,370.32,LOW,2026-03-02 00:00:00,2026-03-02 00:00:00
TXN00007069,1,5834.0,P3,2026-02-14 07:25:50,2026-02-14 07:25:50
TXN00007076,1,533.33,M,2026-02-28 00:00:00,2026-02-28 00:00:00
TXN00007084,1,2000.05,LOW,2026-10-02 00:00:00,2026-10-02 00:00:00
TXN00007095,1,1816.0,M,2026-02-07 00:00:00,2026-02-07 00:00:00
TXN00007102,1,11415.12,P3,2026-03-28 00:00:00,2026-03-28 00:00:00
TXN00007105,1,0.0,MEDIUM,2026-03-27 21:16:00,2026-03-27 21:16:00
TXN00007125,1,1467.82,P1,2026-03-16 00:00:00,2026-03-16 00:00:00
TXN00007136,1,6758.4,LOW,2026-03-05 00:00:00,2026-03-05 00:00:00
TXN00007143,1,-2415.01,MEDIUM,2026-01-29 00:00:00,2026-01-29 00:00:00
TXN00007145,1,5884.78,P4,2026-02-10 00:00:00,2026-02-10 00:00:00
TXN00007154,2,5863.87,"L,P4",2026-01-29 13:08:00,2026-02-05 00:00:00
TXN00007158,1,-1520.53,HIGH,2026-02-25 18:38:29,2026-02-25 18:38:29
TXN00007159,1,1034.0,P4,2026-03-03 14:25:14,2026-03-03 14:25:14
TXN00007165,1,676.0,L,2026-03-06 00:00:00,2026-03-06 00:00:00
TXN00007170,1,468.0,P3,2026-03-31 00:00:00,2026-03-31 00:00:00
TXN00007177,2,3812.24,"LOW,MEDIUM",2026-01-22 00:00:00,2026-02-06 00:00:00
TXN00007180,1,671.37,P2,2026-02-01 00:00:00,2026-02-01 00:00:00
TXN00007182,1,7942.83,LOW,2026-03-13 01:58:00,2026-03-13 01:58:00
TXN00007185,1,0.0,MEDIUM,2026-03-15 00:00:00,2026-03-15 00:00:00
TXN00007186,1,7193.48,M,2026-02-21 00:00:00,2026-02-21 00:00:00
TXN00007187,1,361.6,P3,,
TXN00007192,1,1195.71,P3,2026-01-16 00:00:00,2026-01-16 00:00:00
TXN00007204,1,-4713.91,HIGH,2026-03-17 00:00:00,2026-03-17 00:00:00
TXN00007219,1,5143.78,LOW,2026-02-24 01:52:32,2026-02-24 01:52:32
TXN00007220,1,4676.01,MEDIUM,2026-08-01 00:00:00,2026-08-01 00:00:00
TXN00007227,2,5015.36,"MEDIUM,P3",2026-03-02 00:00:00,2026-06-03 08:40:00
TXN00007230,1,4334.18,CRITICAL,2026-03-22 00:00:00,2026-03-22 00:00:00
TXN00007235,1,1820.07,L,2026-02-05 22:26:56,2026-02-05 22:26:56
TXN00007244,1,3040.89,H,2026-03-27 22:50:39,2026-03-27 22:50:39
TXN00007253,1,8599.51,HIGH,2026-03-03 00:00:00,2026-03-03 00:00:00
TXN00007267,1,890.07,LOW,2026-01-20 19:57:21,2026-01-20 19:57:21
TXN00007272,1,928.0,HIGH,2026-03-14 00:00:00,2026-03-14 00:00:00
TXN00007273,1,673.49,MEDIUM,2026-03-04 00:00:00,2026-03-04 00:00:00
TXN00007282,1,9729.28,MEDIUM,2026-01-24 00:00:00,2026-01-24 00:00:00
TXN00007285,1,4196.87,H,2026-01-02 08:40:00,2026-01-02 08:40:00
TXN00007288,1,320.6,LOW,2026-02-06 00:00:00,2026-02-06 00:00:00
TXN00007296,1,1425.61,M,,
TXN00007306,1,1333.0,LOW,2026-01-16 00:00:00,2026-01-16 00:00:00
TXN00007307,1,2349.32,P3,2026-01-30 00:00:00,2026-01-30 00:00:00
TXN00007313,1,802.19,H,2026-12-01 10:24:00,2026-12-01 10:24:00
TXN00007324,1,175.45,H,2026-02-06 00:00:00,2026-02-06 00:00:00
TXN00007326,1,185.0,M,,
TXN00007330,1,2018.57,MEDIUM,2026-02-14 00:00:00,2026-02-14 00:00:00
TXN00007334,1,903.47,L,2026-03-08 00:00:00,2026-03-08 00:00:00
TXN00007342,1,9521.14,P3,2026-02-01 14:08:00,2026-02-01 14:08:00
TXN00007356,1,4608.17,L,2026-03-12 00:00:00,2026-03-12 00:00:00
TXN00007357,1,161.0,MEDIUM,2026-02-09 00:00:00,2026-02-09 00:00:00
TXN00007362,1,3269.55,LOW,2026-03-04 14:15:00,2026-03-04 14:15:00
TXN00007375,1,4608.0,HIGH,2026-03-23 00:00:00,2026-03-23 00:00:00
TXN00007401,1,-2284.5,HIGH,,
TXN00007437,2,420.8499999999999,"M,MEDIUM",2026-02-20 07:41:16,2026-03-27 17:04:00
TXN00007439,1,3333.48,L,2026-12-03 00:00:00,2026-12-03 00:00:00
TXN00007445,1,3055.0,MEDIUM,2026-01-27 00:00:00,2026-01-27 00:00:00
TXN00007450,1,-1985.25,HIGH,2026-04-23 00:00:00,2026-04-23 00:00:00
TXN00007455,1,1002.8,HIGH,2026-01-05 00:00:00,2026-01-05 00:00:00
TXN00007456,1,2655.0,P1,2026-03-17 00:00:00,2026-03-17 00:00:00
TXN00007457,1,838.9,M,2026-09-02 13:18:00,2026-09-02 13:18:00
TXN00007463,1,540.0,P3,2026-02-09 00:00:00,2026-02-09 00:00:00
TXN00007464,1,2001.83,P3,2026-02-02 03:05:42,2026-02-02 03:05:42
TXN00007488,1,384.26,HIGH,2026-02-13 00:00:00,2026-02-13 00:00:00
TXN00007492,2,4032.1400000000003,"L,P4",2026-02-20 00:00:00,2026-12-03 00:00:00
TXN00007495,1,1520.0,P4,2026-02-13 00:00:00,2026-02-13 00:00:00
TXN00007497,1,-5331.95,HIGH,2026-10-02 15:05:00,2026-10-02 15:05:00
TXN00007501,1,0.0,L,,
TXN00007505,1,13713.48,L,2026-02-02 09:45:27,2026-02-02 09:45:27
TXN00007508,1,696.41,LOW,2026-01-22 20:15:00,2026-01-22 20:15:00
TXN00007519,1,2490.54,L,2026-03-06 00:00:00,2026-03-06 00:00:00
TXN00007523,1,2702.06,P3,2026-02-20 00:00:00,2026-02-20 00:00:00
TXN00007551,1,1887.02,P3,2026-01-14 00:00:00,2026-01-14 00:00:00
TXN00007552,1,12509.66,LOW,2026-01-09 00:00:00,2026-01-09 00:00:00
TXN00007573,1,10313.56,LOW,2026-01-03 16:14:00,2026-01-03 16:14:00
TXN00007590,1,1023.96,L,,
TXN00007595,1,1638.0,M,2026-04-03 06:18:10,2026-04-03 06:18:10
TXN00007604,1,440.35,MEDIUM,2026-02-20 00:00:00,2026-02-20 00:00:00
TXN00007622,2,969.6800000000001,"LOW,P3",2026-02-04 00:00:00,2026-03-24 00:00:00
TXN00007628,1,3211.77,P4,2026-02-09 00:00:00,2026-02-09 00:00:00
TXN00007630,1,963.14,P4,2026-01-12 06:35:00,2026-01-12 06:35:00
TXN00007635,1,1325.25,H,2026-02-14 00:00:00,2026-02-14 00:00:00
TXN00007639,1,544.0,LOW,2026-03-26 08:18:55,2026-03-26 08:18:55
TXN00007642,1,1258.0,CRITICAL,2026-01-17 16:21:03,2026-01-17 16:21:03
TXN00007644,1,1173.01,MEDIUM,2026-02-04 00:00:00,2026-02-04 00:00:00
TXN00007645,1,-1667.95,CRITICAL,2026-02-23 00:00:00,2026-02-23 00:00:00
TXN00007650,1,316.55,P2,2026-03-25 00:00:00,2026-03-25 00:00:00
TXN00007654,2,1580.77,"P3,P4",2026-04-20 00:00:00,2026-06-02 23:30:00
TXN00007658,1,-2100.66,MEDIUM,2026-03-12 00:00:00,2026-03-12 00:00:00
TXN00007662,1,4479.85,M,2026-02-18 00:00:00,2026-02-18 00:00:00
TXN00007668,1,872.83,L,2026-02-16 00:00:00,2026-02-16 00:00:00
TXN00007676,1,841.13,P1,2026-02-28 00:00:00,2026-02-28 00:00:00
TXN00007679,1,504.58,H,2026-02-28 11:29:00,2026-02-28 11:29:00
TXN00007698,1,1746.55,MEDIUM,2026-03-27 00:00:00,2026-03-27 00:00:00
TXN00007704,1,1568.0,LOW,2026-02-09 00:00:00,2026-02-09 00:00:00
TXN00007711,1,842.88,HIGH,2026-02-11 23:37:04,2026-02-11 23:37:04
TXN00007712,1,-1151.15,P3,2026-04-02 17:09:00,2026-04-02 17:09:00
TXN00007718,1,1496.09,HIGH,2026-03-28 00:00:00,2026-03-28 00:00:00
TXN00007729,1,819.04,LOW,2026-01-09 00:00:00,2026-01-09 00:00:00
TXN00007749,1,1287.86,HIGH,2026-04-07 00:00:00,2026-04-07 00:00:00
TXN00007757,1,-2328.13,HIGH,2026-03-24 00:00:00,2026-03-24 00:00:00
TXN00007758,1,1550.0,LOW,2026-04-03 00:00:00,2026-04-03 00:00:00
TXN00007764,1,6398.47,MEDIUM,2026-03-25 00:00:00,2026-03-25 00:00:00
TXN00007769,1,813.25,HIGH,2026-02-14 19:34:08,2026-02-14 19:34:08
TXN00007772,1,1320.83,CRIT,2026-03-31 00:00:00,2026-03-31 00:00:00
TXN00007774,1,1443.57,P3,2026-09-03 00:00:00,2026-09-03 00:00:00
TXN00007782,1,-647.02,L,2026-01-16 00:00:00,2026-01-16 00:00:00
TXN00007791,1,1735.16,P4,2026-03-10 00:00:00,2026-03-10 00:00:00
TXN00007811,1,1224.0,H,2026-02-18 00:00:00,2026-02-18 00:00:00
TXN00007824,1,1375.65,MEDIUM,2026-03-27 06:06:46,2026-03-27 06:06:46
TXN00007831,1,905.66,P4,2026-01-07 00:00:00,2026-01-07 00:00:00
TXN00007842,1,5443.0,LOW,2026-03-27 00:00:00,2026-03-27 00:00:00
TXN00007847,1,0.0,P2,2026-04-14 00:00:00,2026-04-14 00:00:00
TXN00007849,1,1413.0,MEDIUM,2026-01-23 03:43:00,2026-01-23 03:43:00
TXN00007866,1,-2477.45,LOW,2026-02-22 00:00:00,2026-02-22 00:00:00
TXN00007870,1,1860.61,HIGH,2026-02-05 18:07:51,2026-02-05 18:07:51
TXN00007889,1,3625.88,M,,
TXN00007902,1,5099.0,HIGH,2026-03-09 00:00:00,2026-03-09 00:00:00
TXN00007915,1,1789.71,CRITICAL,2026-03-13 00:00:00,2026-03-13 00:00:00
TXN00007923,1,2225.43,MEDIUM,2026-02-07 13:24:35,2026-02-07 13:24:35
TXN00007924,1,2197.57,MEDIUM,2026-02-01 00:00:00,2026-02-01 00:00:00
TXN00007939,1,976.66,MEDIUM,,
TXN00007940,1,1608.0,HIGH,2026-03-22 11:13:00,2026-03-22 11:13:00
TXN00007941,1,-15519.36,P4,2026-03-05 05:33:21,2026-03-05 05:33:21
TXN00007945,1,2209.68,M,2026-03-01 09:39:03,2026-03-01 09:39:03
TXN00007949,1,2276.53,L,2026-01-25 17:35:49,2026-01-25 17:35:49
TXN00007962,1,875.42,P1,2026-02-05 00:00:00,2026-02-05 00:00:00
TXN00007966,2,5449.19,"CRITICAL,L",2026-03-13 00:00:00,2026-03-30 00:00:00
TXN00007967,1,0.0,HIGH,2026-11-04 00:00:00,2026-11-04 00:00:00
TXN00007974,1,4101.89,LOW,2026-03-11 00:00:00,2026-03-11 00:00:00
TXN00007980,1,1231.74,P3,2026-02-06 15:03:23,2026-02-06 15:03:23
TXN00007982,1,-3415.3,P2,,
TXN00007988,1,1309.6,L,2026-01-17 00:00:00,2026-01-17 00:00:00
TXN00007989,1,1245.09,MEDIUM,2026-02-17 00:00:00,2026-02-17 00:00:00
TXN00008011,1,1770.2,MEDIUM,2026-01-19 00:00:00,2026-01-19 00:00:00
TXN00008016,1,1364.41,P4,2026-01-02 00:00:00,2026-01-02 00:00:00
TXN00008030,1,1200.17,M,2026-03-20 00:00:00,2026-03-20 00:00:00
TXN00008048,1,7477.0,H,2026-02-10 00:00:00,2026-02-10 00:00:00
TXN00008054,2,1537.5,P2,2026-02-24 00:00:00,2026-03-24 11:29:00
TXN00008063,1,2296.42,P2,2026-03-19 00:00:00,2026-03-19 00:00:00
TXN00008067,1,14279.05,CRIT,2026-01-27 01:08:22,2026-01-27 01:08:22
TXN00008083,1,2354.56,HIGH,2026-01-11 00:00:00,2026-01-11 00:00:00
TXN00008090,1,3349.24,MEDIUM,2026-03-31 00:00:00,2026-03-31 00:00:00
TXN00008092,1,2596.26,M,2026-02-25 16:21:00,2026-02-25 16:21:00
TXN00008095,1,0.0,HIGH,2026-03-15 03:18:57,2026-03-15 03:18:57
TXN00008098,1,-488.38,P4,2026-01-26 00:00:00,2026-01-26 00:00:00
TXN00008099,1,4576.69,CRIT,2026-02-24 00:00:00,2026-02-24 00:00:00
TXN00008116,3,22249.399999999998,"LOW,P3,P4",2026-01-20 00:00:00,2026-03-29 15:23:00
TXN00008130,1,482.6,MEDIUM,2026-01-07 00:00:00,2026-01-07 00:00:00
TXN00008131,1,2367.83,P4,2026-03-31 00:00:00,2026-03-31 00:00:00
TXN00008134,1,388.91,MEDIUM,2026-02-07 13:04:31,2026-02-07 13:04:31
TXN00008141,1,4306.86,M,2026-01-27 00:00:00,2026-01-27 00:00:00
TXN00008143,1,240.64,L,2026-03-25 22:21:00,2026-03-25 22:21:00
TXN00008154,1,1654.89,M,2026-12-04 00:00:00,2026-12-04 00:00:00
TXN00008166,1,813.72,M,,
TXN00008167,1,2598.82,MEDIUM,2026-03-21 11:09:56,2026-03-21 11:09:56
TXN00008175,1,7668.14,LOW,2026-01-03 07:14:00,2026-01-03 07:14:00
TXN00008189,1,577.55,MEDIUM,2026-09-02 09:59:00,2026-09-02 09:59:00
TXN00008205,1,1147.39,P2,2026-12-02 00:00:00,2026-12-02 00:00:00
TXN00008222,1,4360.22,L,2026-02-22 00:00:00,2026-02-22 00:00:00
TXN00008227,1,2758.76,HIGH,2026-10-01 12:14:00,2026-10-01 12:14:00
TXN00008228,1,-443.81,LOW,2026-01-18 00:00:00,2026-01-18 00:00:00
TXN00008235,1,1302.0,P3,2026-03-26 00:00:00,2026-03-26 00:00:00
TXN00008240,1,-962.34,P2,2026-01-08 00:00:00,2026-01-08 00:00:00
TXN00008261,1,4227.03,HIGH,2026-03-03 15:25:42,2026-03-03 15:25:42
TXN00008274,1,1114.45,HIGH,2026-02-28 00:00:00,2026-02-28 00:00:00
TXN00008276,2,6279.24,"CRITICAL,P2",2026-03-12 00:00:00,2026-03-23 00:00:00
TXN00008299,1,1586.53,MEDIUM,2026-01-07 00:00:00,2026-01-07 00:00:00
TXN00008304,1,6321.44,MEDIUM,2026-03-19 00:00:00,2026-03-19 00:00:00
TXN00008319,1,0.0,P4,2026-03-11 00:00:00,2026-03-11 00:00:00
TXN00008321,2,1235.1,"H,LOW",2026-01-04 00:00:00,2026-02-25 00:00:00
TXN00008323,1,36675.43,P3,2026-03-29 08:50:42,2026-03-29 08:50:42
TXN00008330,1,1847.49,P3,2026-10-03 00:00:00,2026-10-03 00:00:00
TXN00008348,1,7413.72,P1,2026-01-25 00:00:00,2026-01-25 00:00:00
TXN00008353,1,1208.71,MEDIUM,2026-03-06 18:57:42,2026-03-06 18:57:42
TXN00008356,1,0.0,MEDIUM,2026-02-21 00:00:00,2026-02-21 00:00:00
TXN00008361,1,5163.82,P4,2026-02-23 00:00:00,2026-02-23 00:00:00
TXN00008362,1,716.05,P4,2026-05-07 11:49:41,2026-05-07 11:49:41
TXN00008366,1,1671.34,HIGH,2026-03-04 00:00:00,2026-03-04 00:00:00
TXN00008369,1,690.97,P3,2026-03-10 00:00:00,2026-03-10 00:00:00
TXN00008375,1,372.08,LOW,,
TXN00008377,1,1274.95,MEDIUM,,
TXN00008385,1,1944.27,LOW,2026-06-04 00:00:00,2026-06-04 00:00:00
TXN00008400,1,1939.11,LOW,2026-02-11 00:00:00,2026-02-11 00:00:00
TXN00008403,1,1117.0,MEDIUM,2026-01-17 11:54:07,2026-01-17 11:54:07
TXN00008404,1,6003.55,LOW,2026-02-06 00:00:00,2026-02-06 00:00:00
TXN00008405,2,118.39999999999986,"M,P2",2026-02-17 00:00:00,2026-02-20 00:00:00
TXN00008407,1,2017.17,MEDIUM,2026-03-29 00:00:00,2026-03-29 00:00:00
TXN00008410,1,896.23,MEDIUM,2026-01-30 00:00:00,2026-01-30 00:00:00
TXN00008414,1,-1523.73,H,2026-01-03 13:21:00,2026-01-03 13:21:00
TXN00008421,1,964.56,P4,2026-01-11 00:00:00,2026-01-11 00:00:00
TXN00008429,1,1512.54,MEDIUM,2026-01-15 00:00:00,2026-01-15 00:00:00
TXN00008431,1,1831.96,P3,2026-02-07 23:51:35,2026-02-07 23:51:35
TXN00008435,2,2882.4500000000003,MEDIUM,2026-02-06 00:00:00,2026-06-02 00:00:00
TXN00008446,1,-2807.75,CRITICAL,2026-08-03 12:51:00,2026-08-03 12:51:00
TXN00008449,1,653.0,P3,2026-03-26 00:00:00,2026-03-26 00:00:00
TXN00008454,1,268.0,MEDIUM,2026-02-27 00:00:00,2026-02-27 00:00:00
TXN00008459,1,3145.24,M,2026-01-12 00:00:00,2026-01-12 00:00:00
TXN00008462,1,-884.33,LOW,2026-03-06 00:00:00,2026-03-06 00:00:00
TXN00008466,1,494.63,M,2026-01-23 00:00:00,2026-01-23 00:00:00
TXN00008467,1,-1016.94,MEDIUM,2026-03-14 10:21:00,2026-03-14 10:21:00
TXN00008469,1,-604.81,MEDIUM,2026-01-11 00:00:00,2026-01-11 00:00:00
TXN00008475,1,877.69,M,2026-04-17 00:00:00,2026-04-17 00:00:00
TXN00008478,1,2598.96,CRIT,2026-03-08 22:39:44,2026-03-08 22:39:44
TXN00008496,1,-2662.81,L,2026-03-14 00:00:00,2026-03-14 00:00:00
TXN00008497,1,316.81,LOW,2026-02-20 00:00:00,2026-02-20 00:00:00
TXN00008498,1,2342.66,P4,2026-02-16 00:00:00,2026-02-16 00:00:00
TXN00008504,2,892.19,"P3,P4",2026-01-15 03:05:53,2026-02-16 13:32:23
TXN00008525,1,1760.95,HIGH,2026-05-03 00:00:00,2026-05-03 00:00:00
TXN00008529,1,3107.14,HIGH,2026-01-23 15:41:54,2026-01-23 15:41:54
TXN00008534,1,652.86,HIGH,2026-08-03 00:00:00,2026-08-03 00:00:00
TXN00008538,1,2850.0,MEDIUM,2026-02-10 14:50:39,2026-02-10 14:50:39
TXN00008542,1,0.0,M,2026-01-14 00:00:00,2026-01-14 00:00:00
TXN00008546,1,936.49,L,2026-08-02 00:00:00,2026-08-02 00:00:00
TXN00008557,1,752.0,H,2026-03-20 00:00:00,2026-03-20 00:00:00
TXN00008558,1,1053.3,P2,2026-02-01 06:28:44,2026-02-01 06:28:44
TXN00008559,1,876.37,M,2026-03-22 00:00:00,2026-03-22 00:00:00
TXN00008564,1,7520.47,MEDIUM,2026-03-20 12:52:19,2026-03-20 12:52:19
TXN00008566,1,2673.74,LOW,2026-03-15 06:08:29,2026-03-15 06:08:29
TXN00008578,1,3771.28,MEDIUM,2026-02-13 00:00:00,2026-02-13 00:00:00
TXN00008581,1,-562.07,MEDIUM,2026-02-28 07:16:11,2026-02-28 07:16:11
TXN00008590,1,2830.0,M,2026-02-06 00:00:00,2026-02-06 00:00:00
TXN00008599,1,1339.16,P4,2026-01-07 00:00:00,2026-01-07 00:00:00
TXN00008604,1,-1527.8,HIGH,2026-02-24 00:00:00,2026-02-24 00:00:00
TXN00008617,1,4101.67,CRIT,2026-04-03 00:00:00,2026-04-03 00:00:00
TXN00008638,1,1056.33,LOW,2026-04-06 00:00:00,2026-04-06 00:00:00
TXN00008645,2,1942.2199999999998,"HIGH,M",2026-01-19 00:00:00,2026-03-29 00:00:00
TXN00008650,1,1166.57,P3,2026-02-19 00:00:00,2026-02-19 00:00:00
TXN00008651,1,0.0,MEDIUM,2026-01-18 20:01:00,2026-01-18 20:01:00
TXN00008654,1,3655.6,P2,2026-01-23 00:00:00,2026-01-23 00:00:00
TXN00008657,1,4252.24,P4,2026-03-03 03:32:50,2026-03-03 03:32:50
TXN00008670,1,992.85,LOW,,
TXN00008679,1,1294.7,P3,2026-03-23 21:04:05,2026-03-23 21:04:05
TXN00008682,1,5944.75,LOW,2026-01-20 22:35:28,2026-01-20 22:35:28
TXN00008686,1,-969.45,LOW,2026-02-08 00:00:00,2026-02-08 00:00:00
TXN00008727,2,3479.0899999999997,"L,LOW",2026-03-17 22:35:31,2026-03-23 23:20:50
TXN00008732,1,3491.72,HIGH,2026-04-01 00:00:00,2026-04-01 00:00:00
TXN00008758,1,11352.0,M,2026-03-20 15:15:38,2026-03-20 15:15:38
TXN00008775,1,8304.41,P4,2026-03-31 00:00:00,2026-03-31 00:00:00
TXN00008788,1,8276.16,M,2026-03-15 00:00:00,2026-03-15 00:00:00
TXN00008795,1,1052.0,MEDIUM,,
TXN00008797,1,980.58,MEDIUM,2026-03-31 00:00:00,2026-03-31 00:00:00
TXN00008813,1,-825.92,LOW,,
TXN00008821,1,2136.49,LOW,2026-03-24 00:00:00,2026-03-24 00:00:00
TXN00008826,1,1347.43,LOW,2026-01-24 00:00:00,2026-01-24 00:00:00
TXN00008829,1,19778.02,P1,2026-03-29 00:00:00,2026-03-29 00:00:00
TXN00008840,1,1257.85,H,2026-01-18 00:00:00,2026-01-18 00:00:00
TXN00008851,1,1383.51,MEDIUM,2026-04-27 12:50:00,2026-04-27 12:50:00
TXN00008853,1,6353.75,P3,2026-02-17 13:35:00,2026-02-17 13:35:00
TXN00008854,1,2299.14,MEDIUM,2026-03-18 00:00:00,2026-03-18 00:00:00
TXN00008857,1,5937.26,P4,2026-03-22 09:53:18,2026-03-22 09:53:18
TXN00008870,1,4628.47,MEDIUM,2026-01-23 00:00:00,2026-01-23 00:00:00
TXN00008893,1,2546.9,P4,,
TXN00008903,1,601.89,CRITICAL,2026-02-24 00:00:00,2026-02-24 00:00:00
TXN00008905,1,1362.36,CRITICAL,,
TXN00008909,1,660.0,LOW,2026-01-14 00:00:00,2026-01-14 00:00:00
TXN00008925,1,-3175.71,LOW,2026-03-01 04:36:00,2026-03-01 04:36:00
TXN00008946,1,815.57,M,2026-01-09 07:57:53,2026-01-09 07:57:53
TXN00008947,1,4079.0,LOW,2026-01-08 00:00:00,2026-01-08 00:00:00
TXN00008964,1,1646.02,H,2026-01-22 00:00:00,2026-01-22 00:00:00
TXN00008970,2,4972.63,LOW,2026-04-01 12:45:30,2026-04-01 12:45:30
TXN00009008,1,743.0,L,2026-03-25 00:00:00,2026-03-25 00:00:00
TXN00009019,1,2738.39,P3,2026-01-11 02:56:13,2026-01-11 02:56:13
TXN00009035,1,1224.57,LOW,2026-02-21 09:44:28,2026-02-21 09:44:28
TXN00009040,1,-1600.6,H,2026-01-16 00:00:00,2026-01-16 00:00:00
TXN00009041,1,865.19,P4,2026-02-10 00:00:00,2026-02-10 00:00:00
TXN00009054,1,14177.27,MEDIUM,2026-01-18 00:00:00,2026-01-18 00:00:00
TXN00009063,1,91.6,LOW,2026-01-15 00:00:00,2026-01-15 00:00:00
TXN00009064,1,1568.17,CRITICAL,2026-02-12 00:00:00,2026-02-12 00:00:00
TXN00009068,1,1500.0,P2,2026-03-20 00:00:00,2026-03-20 00:00:00
TXN00009074,1,611.73,P3,2026-05-01 00:00:00,2026-05-01 00:00:00
TXN00009076,1,1552.98,P2,2026-03-31 11:44:40,2026-03-31 11:44:40
TXN00009087,1,7838.0,M,2026-02-18 00:18:00,2026-02-18 00:18:00
TXN00009091,1,358.42,P3,2026-03-02 00:00:00,2026-03-02 00:00:00
TXN00009096,1,-6781.52,MEDIUM,2026-02-28 00:00:00,2026-02-28 00:00:00
TXN00009098,1,4947.89,LOW,2026-01-01 00:23:00,2026-01-01 00:23:00
TXN00009105,1,0.0,LOW,2026-12-03 03:37:00,2026-12-03 03:37:00
TXN00009106,1,1104.0,P3,2026-03-09 07:38:31,2026-03-09 07:38:31
TXN00009115,1,1575.8,LOW,2026-02-14 00:08:00,2026-02-14 00:08:00
TXN00009124,1,253.0,M,2026-03-08 00:00:00,2026-03-08 00:00:00
TXN00009133,1,1528.27,P3,2026-03-22 00:00:00,2026-03-22 00:00:00
TXN00009139,1,1518.49,CRITICAL,2026-03-08 00:00:00,2026-03-08 00:00:00
TXN00009145,1,1922.11,P4,2026-01-14 00:00:00,2026-01-14 00:00:00
TXN00009149,1,-2970.62,CRITICAL,2026-02-04 00:00:00,2026-02-04 00:00:00
TXN00009156,1,1074.12,LOW,2026-02-22 12:44:40,2026-02-22 12:44:40
TXN00009167,2,526.17,"LOW,MEDIUM",2026-01-12 00:00:00,2026-02-24 14:21:00
TXN00009172,1,880.82,P3,2026-02-15 00:00:00,2026-02-15 00:00:00
TXN00009174,1,3544.0,L,2026-04-28 00:00:00,2026-04-28 00:00:00
TXN00009180,1,0.0,HIGH,,
TXN00009182,1,-4153.73,MEDIUM,2026-03-29 12:42:00,2026-03-29 12:42:00
TXN00009187,1,3008.39,L,2026-01-19 00:00:00,2026-01-19 00:00:00
TXN00009188,1,542.9,M,2026-03-21 00:00:00,2026-03-21 00:00:00
TXN00009196,1,0.0,MEDIUM,2026-01-22 00:00:00,2026-01-22 00:00:00
TXN00009206,1,1313.0,P2,2026-11-01 07:25:00,2026-11-01 07:25:00
TXN00009207,1,4915.0,HIGH,2026-02-06 00:00:00,2026-02-06 00:00:00
TXN00009220,1,914.0,M,2026-02-27 00:00:00,2026-02-27 00:00:00
TXN00009226,1,4466.49,MEDIUM,2026-01-22 15:05:21,2026-01-22 15:05:21
TXN00009229,1,1300.37,HIGH,2026-03-14 00:00:00,2026-03-14 00:00:00
TXN00009231,1,669.96,LOW,,
TXN00009246,1,1644.04,LOW,2026-04-12 00:00:00,2026-04-12 00:00:00
TXN00009248,1,-728.36,CRITICAL,2026-01-17 03:47:00,2026-01-17 03:47:00
TXN00009260,1,5136.75,LOW,2026-01-21 00:00:00,2026-01-21 00:00:00
TXN00009269,1,385.53,MEDIUM,2026-01-29 17:24:45,2026-01-29 17:24:45
TXN00009287,1,1407.0,MEDIUM,2026-01-13 00:00:00,2026-01-13 00:00:00
TXN00009292,1,2299.02,P4,2026-01-21 00:00:00,2026-01-21 00:00:00
TXN00009313,1,1561.28,P4,2026-10-02 00:00:00,2026-10-02 00:00:00
TXN00009314,1,766.0,LOW,2026-01-24 00:00:00,2026-01-24 00:00:00
TXN00009329,1,648.33,CRIT,2026-02-02 00:00:00,2026-02-02 00:00:00
TXN00009340,1,1180.9,CRIT,2026-02-23 00:00:00,2026-02-23 00:00:00
TXN00009347,1,1704.94,LOW,2026-12-03 20:47:00,2026-12-03 20:47:00
TXN00009348,2,6469.360000000001,"H,LOW",2026-02-28 03:03:00,2026-05-01 00:00:00
TXN00009350,1,478.75,P3,,
TXN00009351,1,1026.98,MEDIUM,2026-03-06 14:47:30,2026-03-06 14:47:30
TXN00009355,1,2786.42,P3,2026-01-17 07:44:00,2026-01-17 07:44:00
TXN00009368,1,2931.23,LOW,2026-03-03 00:00:00,2026-03-03 00:00:00
TXN00009369,1,2070.15,P4,2026-02-19 00:00:00,2026-02-19 00:00:00
TXN00009371,1,0.0,CRIT,2026-01-03 00:00:00,2026-01-03 00:00:00
TXN00009374,2,50.0,"LOW,MEDIUM",2026-01-06 09:58:50,2026-04-02 15:34:53
TXN00009379,1,578.72,P2,2026-03-23 00:00:00,2026-03-23 00:00:00
TXN00009406,1,2488.0,P3,2026-01-13 16:20:00,2026-01-13 16:20:00
TXN00009416,1,4883.77,LOW,2026-09-03 13:28:00,2026-09-03 13:28:00
TXN00009419,1,16164.46,LOW,2026-04-21 00:00:00,2026-04-21 00:00:00
TXN00009429,1,1275.75,P4,2026-03-13 17:06:24,2026-03-13 17:06:24
TXN00009432,2,-7439.66,"HIGH,MEDIUM",2026-07-03 12:06:00,2026-07-03 12:06:00
TXN00009444,1,855.85,P3,,
TXN00009451,1,3711.97,MEDIUM,2026-06-03 01:22:00,2026-06-03 01:22:00
TXN00009456,1,3537.13,MEDIUM,,
TXN00009464,1,2154.73,HIGH,,
TXN00009466,1,11523.08,CRIT,2026-04-01 00:20:18,2026-04-01 00:20:18
TXN00009493,1,270.77,MEDIUM,2026-03-13 11:10:29,2026-03-13 11:10:29
TXN00009510,1,4843.85,L,2026-02-10 02:13:08,2026-02-10 02:13:08
TXN00009538,1,1124.0,M,2026-03-28 00:00:00,2026-03-28 00:00:00
TXN00009546,1,562.28,MEDIUM,2026-03-14 00:00:00,2026-03-14 00:00:00
TXN00009578,1,5287.35,M,2026-02-04 17:25:23,2026-02-04 17:25:23
TXN00009596,1,5224.53,MEDIUM,2026-01-24 00:00:00,2026-01-24 00:00:00
TXN00009609,1,2225.74,P2,2026-02-01 00:00:00,2026-02-01 00:00:00
TXN00009614,1,927.07,H,2026-02-12 00:00:00,2026-02-12 00:00:00
TXN00009622,1,0.0,P1,,
TXN00009627,1,10535.8,L,2026-02-07 00:00:00,2026-02-07 00:00:00
TXN00009635,1,1538.91,LOW,2026-02-13 00:00:00,2026-02-13 00:00:00
TXN00009645,1,3937.19,MEDIUM,2026-02-02 00:00:00,2026-02-02 00:00:00
TXN00009647,2,878.05,"H,MEDIUM",2026-02-22 00:00:00,2026-04-01 00:00:00
TXN00009672,1,478.93,L,,
TXN00009676,1,0.0,L,2026-02-03 00:00:00,2026-02-03 00:00:00
TXN00009699,1,3917.9,H,2026-02-06 00:00:00,2026-02-06 00:00:00
TXN00009704,1,2595.11,LOW,2026-01-26 03:33:00,2026-01-26 03:33:00
TXN00009708,1,3007.22,HIGH,2026-01-24 11:33:49,2026-01-24 11:33:49
TXN00009712,1,803.59,M,2026-01-29 00:00:00,2026-01-29 00:00:00
TXN00009714,1,807.62,P4,2026-03-03 00:00:00,2026-03-03 00:00:00
TXN00009715,2,2683.75,"CRIT,L",2026-01-23 00:00:00,2026-02-13 03:25:21
TXN00009735,1,1222.97,HIGH,2026-02-07 00:00:00,2026-02-07 00:00:00
TXN00009741,1,548.0,LOW,2026-06-02 00:00:00,2026-06-02 00:00:00
TXN00009749,1,193.15,LOW,2026-01-23 00:00:00,2026-01-23 00:00:00
TXN00009757,1,0.0,L,2026-02-17 09:48:37,2026-02-17 09:48:37
TXN00009768,2,7417.98,"CRITICAL,MEDIUM",2026-03-16 00:00:00,2026-03-30 17:28:30
TXN00009782,2,7066.299999999999,"MEDIUM,P2",2026-03-22 00:00:00,2026-06-04 19:49:00
TXN00009783,1,2123.46,P3,2026-01-30 00:00:00,2026-01-30 00:00:00
TXN00009790,2,2111.05,"CRITICAL,MEDIUM",2026-02-25 23:38:39,2026-04-01 00:00:00
TXN00009791,1,807.97,LOW,2026-01-14 00:00:00,2026-01-14 00:00:00
TXN00009795,2,6352.67,"P3,P4",2026-03-21 00:00:00,2026-03-27 09:12:31
TXN00009804,1,767.56,MEDIUM,2026-01-24 00:00:00,2026-01-24 00:00:00
TXN00009806,1,3825.17,LOW,2026-01-23 00:00:00,2026-01-23 00:00:00
TXN00009812,1,2069.51,LOW,2026-03-15 00:00:00,2026-03-15 00:00:00
TXN00009814,1,1195.47,M,2026-02-01 00:00:00,2026-02-01 00:00:00
TXN00009818,1,2614.31,P3,2026-01-17 00:00:00,2026-01-17 00:00:00
TXN00009823,1,17825.75,L,2026-01-31 00:00:00,2026-01-31 00:00:00
TXN00009825,2,-3366.2200000000003,"P1,P4",2026-03-29 06:03:00,2026-06-03 14:42:00
TXN00009831,1,2727.04,MEDIUM,2026-09-01 00:00:00,2026-09-01 00:00:00
TXN00009850,1,1130.39,LOW,2026-02-04 07:19:27,2026-02-04 07:19:27
TXN00009857,1,519.97,M,2026-03-05 00:00:00,2026-03-05 00:00:00
TXN00009861,1,883.5,H,2026-08-02 00:00:00,2026-08-02 00:00:00
TXN00009866,1,6769.33,MEDIUM,2026-02-23 00:00:00,2026-02-23 00:00:00
TXN00009867,1,9736.35,H,2026-04-09 00:00:00,2026-04-09 00:00:00
TXN00009870,1,12334.0,P3,2026-02-17 00:00:00,2026-02-17 00:00:00
TXN00009880,1,731.59,CRITICAL,2026-01-28 00:00:00,2026-01-28 00:00:00
TXN00009897,1,1827.19,HIGH,2026-01-12 00:00:00,2026-01-12 00:00:00
TXN00009905,1,2251.54,P3,2026-02-13 16:36:40,2026-02-13 16:36:40
TXN00009920,1,1507.51,LOW,2026-03-07 00:00:00,2026-03-07 00:00:00
TXN00009923,1,2940.0,MEDIUM,2025-12-30 12:15:20,2025-12-30 12:15:20
TXN00009947,3,917.78,"CRIT,HIGH,P1",2026-02-04 04:39:04,2026-04-01 00:00:00
TXN00009955,1,2132.38,MEDIUM,2026-03-11 00:00:00,2026-03-11 00:00:00
TXN00009961,1,983.39,P4,2026-03-16 00:00:00,2026-03-16 00:00:00
TXN00009966,1,606.33,CRIT,2026-02-23 00:00:00,2026-02-23 00:00:00
TXN00009971,1,4849.0,LOW,2026-03-03 00:00:00,2026-03-03 00:00:00
TXN00009979,2,2678.0099999999998,MEDIUM,2026-02-04 00:00:00,2026-02-17 00:00:00
TXN00009981,1,1850.41,H,2026-12-03 00:00:00,2026-12-03 00:00:00
TXN00009985,1,4262.78,P4,2026-03-19 00:00:00,2026-03-19 00:00:00
TXN00009994,1,477.68,MEDIUM,2026-01-22 00:00:00,2026-01-22 00:00:00
TXN00009997,1,0.0,P3,2026-04-03 00:00:00,2026-04-03 00:00:00
TXN00010007,1,2021.11,L,2026-03-15 00:00:00,2026-03-15 00:00:00
TXN00010013,1,314.65,HIGH,2026-03-24 00:00:00,2026-03-24 00:00:00
TXN00010018,1,0.0,L,2026-01-11 00:00:00,2026-01-11 00:00:00
TXN00010034,1,305.0,CRITICAL,2026-01-08 09:22:06,2026-01-08 09:22:06
TXN00010035,1,7882.54,M,2026-03-16 00:00:00,2026-03-16 00:00:00
TXN00010046,1,6572.39,P3,2026-01-22 00:00:00,2026-01-22 00:00:00
TXN00010055,1,3918.28,M,2026-01-28 00:51:01,2026-01-28 00:51:01
TXN00010063,2,-1383.7800000000002,P3,2026-02-19 00:00:00,2026-05-03 00:00:00
TXN00010065,1,4146.46,L,2026-03-17 18:07:42,2026-03-17 18:07:42
TXN00010068,1,2128.78,LOW,2026-03-14 00:00:00,2026-03-14 00:00:00
TXN00010080,1,824.94,P3,2026-03-14 08:24:12,2026-03-14 08:24:12
TXN00010089,1,0.0,LOW,2026-03-13 10:52:00,2026-03-13 10:52:00
TXN00010092,1,1533.39,P4,2026-03-18 00:00:00,2026-03-18 00:00:00
TXN00010095,1,1820.01,LOW,,
TXN00010097,1,12885.17,L,2026-02-22 00:00:00,2026-02-22 00:00:00
TXN00010104,1,1912.26,HIGH,2026-03-06 00:00:00,2026-03-06 00:00:00
TXN00010126,1,1107.77,LOW,2026-11-02 02:05:00,2026-11-02 02:05:00
TXN00010146,1,2637.93,MEDIUM,,
TXN00010149,1,0.0,CRIT,2026-03-30 00:00:00,2026-03-30 00:00:00
TXN00010167,1,-3121.8,MEDIUM,2026-03-10 09:30:28,2026-03-10 09:30:28
TXN00010170,1,0.0,MEDIUM,2026-01-18 00:00:00,2026-01-18 00:00:00
TXN00010177,1,690.45,HIGH,2026-02-23 16:33:27,2026-02-23 16:33:27
TXN00010182,1,1252.47,LOW,2026-02-04 00:00:00,2026-02-04 00:00:00
TXN00010193,1,-1194.2,MEDIUM,2026-03-16 00:00:00,2026-03-16 00:00:00
TXN00010196,1,852.0,P2,2026-02-18 02:42:14,2026-02-18 02:42:14
TXN00010199,1,3450.0,HIGH,2026-01-27 00:00:00,2026-01-27 00:00:00
TXN00010202,1,1328.22,P4,2026-01-25 00:00:00,2026-01-25 00:00:00
TXN00010208,1,687.82,LOW,2026-02-25 00:00:00,2026-02-25 00:00:00
TXN00010215,1,6899.7,P3,2026-02-01 23:51:18,2026-02-01 23:51:18
TXN00010218,2,2014.18,"M,MEDIUM",2026-01-30 06:18:41,2026-02-14 00:00:00
TXN00010219,1,9344.29,H,2026-06-03 00:00:00,2026-06-03 00:00:00
TXN00010220,1,4146.24,P4,2026-03-04 13:37:27,2026-03-04 13:37:27
TXN00010227,1,258.0,HIGH,2026-02-24 00:00:00,2026-02-24 00:00:00
TXN00010231,1,0.0,MEDIUM,2026-01-30 00:00:00,2026-01-30 00:00:00
TXN00010238,1,581.0,P3,2026-02-28 00:00:00,2026-02-28 00:00:00
TXN00010243,1,1043.0,L,2026-03-29 22:29:48,2026-03-29 22:29:48
TXN00010250,1,0.0,LOW,2026-01-30 00:00:00,2026-01-30 00:00:00
TXN00010278,1,-1779.15,HIGH,2026-03-16 05:57:07,2026-03-16 05:57:07
TXN00010287,1,852.14,P1,2026-03-03 00:00:00,2026-03-03 00:00:00
TXN00010292,1,982.39,M,,
TXN00010298,1,534.44,P1,2026-08-01 00:00:00,2026-08-01 00:00:00
TXN00010316,1,1419.0,P2,2026-03-18 00:00:00,2026-03-18 00:00:00
TXN00010337,1,2203.0,L,2026-01-13 08:17:17,2026-01-13 08:17:17
TXN00010340,1,8382.0,M,2026-12-01 00:00:00,2026-12-01 00:00:00
TXN00010355,1,-1284.43,P2,2026-03-03 00:00:00,2026-03-03 00:00:00
TXN00010356,1,2359.0,H,2026-02-26 00:00:00,2026-02-26 00:00:00
TXN00010362,1,721.17,P3,2026-02-04 00:00:00,2026-02-04 00:00:00
TXN00010372,1,307.0,CRITICAL,2026-03-23 00:00:00,2026-03-23 00:00:00
TXN00010376,1,3789.0,MEDIUM,2026-02-21 00:00:00,2026-02-21 00:00:00
TXN00010383,1,4163.19,LOW,2026-02-22 12:37:00,2026-02-22 12:37:00
TXN00010384,1,2047.46,M,2026-01-10 00:00:00,2026-01-10 00:00:00
TXN00010389,1,-6649.93,LOW,2026-01-31 00:00:00,2026-01-31 00:00:00
TXN00010395,1,4273.42,HIGH,2026-03-31 00:00:00,2026-03-31 00:00:00
TXN00010422,1,2144.03,MEDIUM,2026-03-16 00:00:00,2026-03-16 00:00:00
TXN00010423,1,1285.39,LOW,2026-02-25 04:33:00,2026-02-25 04:33:00
TXN00010428,1,2580.03,HIGH,2026-03-17 00:00:00,2026-03-17 00:00:00
TXN00010429,1,4066.0,LOW,2026-05-03 00:00:00,2026-05-03 00:00:00
TXN00010436,1,509.15,P3,2026-03-21 13:56:00,2026-03-21 13:56:00
TXN00010448,1,-387.13,HIGH,2026-03-28 00:00:00,2026-03-28 00:00:00
TXN00010449,1,1852.3,L,2026-01-27 02:13:16,2026-01-27 02:13:16
TXN00010450,1,1024.0,P3,2026-01-20 19:36:47,2026-01-20 19:36:47
TXN00010454,2,3025.25,"L,LOW",2026-03-18 13:17:09,2026-03-30 22:30:00
TXN00010457,1,2161.39,P1,2026-06-03 00:00:00,2026-06-03 00:00:00
TXN00010461,1,300.44,LOW,,
TXN00010462,1,4246.38,LOW,2026-01-17 00:35:00,2026-01-17 00:35:00
TXN00010463,1,0.0,MEDIUM,2026-01-23 03:12:56,2026-01-23 03:12:56
TXN00010478,2,3506.74,"MEDIUM,P4",2026-01-29 00:00:00,2026-03-13 00:00:00
TXN00010479,1,3691.3,P3,2026-01-18 02:57:54,2026-01-18 02:57:54
TXN00010497,1,1549.8,MEDIUM,2026-02-15 00:00:00,2026-02-15 00:00:00
TXN00010499,1,4579.0,P4,2026-03-16 20:19:36,2026-03-16 20:19:36
TXN00010509,2,3420.75,"HIGH,M",2026-02-18 00:00:00,2026-02-28 00:00:00
TXN00010511,1,12071.05,P4,2026-02-22 10:35:24,2026-02-22 10:35:24
TXN00010512,2,3320.47,"LOW,M",2026-01-22 04:57:56,2026-01-24 00:00:00
TXN00010523,1,907.87,P2,2026-02-25 00:00:00,2026-02-25 00:00:00
TXN00010530,1,7652.76,P2,2026-03-24 20:14:15,2026-03-24 20:14:15
TXN00010549,1,6630.73,P2,2026-01-31 00:00:00,2026-01-31 00:00:00
TXN00010561,1,865.55,P4,2026-06-02 00:00:00,2026-06-02 00:00:00
TXN00010566,1,3265.07,M,2026-02-24 00:00:00,2026-02-24 00:00:00
TXN00010572,1,1964.0,P2,2026-01-07 00:00:00,2026-01-07 00:00:00
TXN00010601,1,1363.12,P3,2026-03-26 10:22:00,2026-03-26 10:22:00
TXN00010606,1,13028.67,P2,,
TXN00010607,1,397.65,HIGH,2026-03-17 00:00:00,2026-03-17 00:00:00
TXN00010611,1,1248.48,HIGH,2026-01-06 00:00:00,2026-01-06 00:00:00
TXN00010627,1,0.0,L,2026-02-18 00:00:00,2026-02-18 00:00:00
TXN00010641,1,9500.5,CRITICAL,2026-04-02 15:15:00,2026-04-02 15:15:00
TXN00010646,2,7206.85,"CRIT,LOW",2026-01-29 00:00:00,2026-02-11 00:00:00
TXN00010651,1,0.0,HIGH,2026-03-02 00:00:00,2026-03-02 00:00:00
TXN00010659,1,0.0,L,2026-03-20 00:00:00,2026-03-20 00:00:00
TXN00010666,1,1349.33,P4,2026-03-09 00:00:00,2026-03-09 00:00:00
TXN00010667,1,276.61,LOW,2026-02-03 09:12:00,2026-02-03 09:12:00
TXN00010668,1,1305.45,P3,2026-04-06 15:52:29,2026-04-06 15:52:29
TXN00010672,1,2072.0,M,2026-02-14 00:00:00,2026-02-14 00:00:00
TXN00010675,1,268.44,MEDIUM,2026-01-27 10:46:20,2026-01-27 10:46:20
TXN00010686,1,1379.0,P1,2026-03-01 20:41:36,2026-03-01 20:41:36
TXN00010691,1,518.38,M,2026-01-13 00:00:00,2026-01-13 00:00:00
TXN00010699,1,428.88,CRITICAL,2026-03-30 02:25:11,2026-03-30 02:25:11
TXN00010700,1,393.01,M,2026-03-29 00:00:00,2026-03-29 00:00:00
TXN00010702,1,3717.71,LOW,2026-03-15 00:00:00,2026-03-15 00:00:00
TXN00010704,1,2880.65,L,2026-01-21 00:00:00,2026-01-21 00:00:00
TXN00010709,1,372.66,MEDIUM,2026-04-03 00:00:00,2026-04-03 00:00:00
TXN00010731,1,1916.0,LOW,2026-02-28 00:00:00,2026-02-28 00:00:00
TXN00010744,1,748.64,MEDIUM,2026-02-04 12:06:53,2026-02-04 12:06:53
TXN00010745,1,-2212.96,CRITICAL,2026-02-13 00:00:00,2026-02-13 00:00:00
TXN00010749,1,0.0,LOW,2026-02-22 23:37:50,2026-02-22 23:37:50
TXN00010750,1,2928.89,P3,2026-01-15 00:00:00,2026-01-15 00:00:00
TXN00010760,1,1471.98,M,2026-01-17 03:43:00,2026-01-17 03:43:00
TXN00010766,1,2510.0,LOW,,
TXN00010784,1,782.96,H,2026-01-16 12:49:43,2026-01-16 12:49:43
TXN00010786,1,0.0,MEDIUM,2026-01-18 00:00:00,2026-01-18 00:00:00
TXN00010792,1,923.46,LOW,2026-02-17 00:00:00,2026-02-17 00:00:00
TXN00010795,1,-933.13,LOW,2026-04-14 00:00:00,2026-04-14 00:00:00
TXN00010803,1,7913.77,MEDIUM,2026-02-27 00:00:00,2026-02-27 00:00:00
TXN00010810,2,1377.31,"M,P3",2026-03-08 00:00:00,2026-03-16 20:04:58
TXN00010811,1,1744.0,HIGH,2026-04-02 18:35:45,2026-04-02 18:35:45
TXN00010812,2,2753.09,"L,LOW",2026-02-13 00:00:00,2026-04-04 00:00:00
TXN00010816,1,1622.49,CRIT,2026-01-21 00:00:00,2026-01-21 00:00:00
TXN00010823,1,-2588.02,MEDIUM,2026-01-11 07:26:55,2026-01-11 07:26:55
TXN00010832,1,1882.0,LOW,2026-02-28 00:00:00,2026-02-28 00:00:00
TXN00010834,1,1750.36,M,2026-03-23 00:00:00,2026-03-23 00:00:00
TXN00010837,1,3555.94,P4,2026-03-16 11:18:08,2026-03-16 11:18:08
TXN00010858,1,624.0,MEDIUM,2026-01-21 00:00:00,2026-01-21 00:00:00
TXN00010864,1,2891.42,P1,2026-03-23 04:34:25,2026-03-23 04:34:25
TXN00010883,1,2301.28,CRIT,2026-03-04 00:00:00,2026-03-04 00:00:00
TXN00010888,1,925.14,LOW,2026-01-31 19:55:18,2026-01-31 19:55:18
TXN00010897,1,5022.43,P2,2026-02-14 17:07:26,2026-02-14 17:07:26
TXN00010902,1,3801.16,MEDIUM,2026-03-06 03:53:28,2026-03-06 03:53:28
TXN00010908,1,608.69,LOW,2026-02-22 17:53:00,2026-02-22 17:53:00
TXN00010916,1,2538.37,P4,2026-01-18 00:00:00,2026-01-18 00:00:00
TXN00010920,2,5841.83,"LOW,P3",2026-03-13 00:00:00,2026-03-13 02:55:07
TXN00010928,1,1538.0,HIGH,2026-03-01 05:50:00,2026-03-01 05:50:00
TXN00010938,1,4425.22,L,2026-03-18 00:00:00,2026-03-18 00:00:00
TXN00010946,1,562.29,HIGH,2026-03-29 02:21:00,2026-03-29 02:21:00
TXN00010949,1,2673.31,M,2026-07-01 06:45:00,2026-07-01 06:45:00
TXN00010961,1,1126.18,LOW,2026-03-15 00:00:00,2026-03-15 00:00:00
TXN00010969,1,1918.05,LOW,2026-02-20 00:00:00,2026-02-20 00:00:00
TXN00010998,2,2641.73,"LOW,P1",2026-03-23 23:29:00,2026-03-23 23:29:00
TXN00011027,2,5066.5,MEDIUM,2026-01-06 00:00:00,2026-01-06 00:00:00
TXN00011048,1,946.11,LOW,2026-02-11 00:00:00,2026-02-11 00:00:00
TXN00011061,1,-211.84,P4,2026-03-14 00:00:00,2026-03-14 00:00:00
TXN00011080,2,5154.57,MEDIUM,2026-02-17 00:00:00,2026-03-28 00:00:00
TXN00011096,1,825.0,P3,2026-02-25 03:51:21,2026-02-25 03:51:21
TXN00011102,1,1825.45,P4,2026-03-07 00:00:00,2026-03-07 00:00:00
TXN00011103,1,5968.43,P4,2026-02-02 00:00:00,2026-02-02 00:00:00
TXN00011115,1,3037.16,LOW,2026-01-03 00:00:00,2026-01-03 00:00:00
TXN00011129,1,4888.42,P3,2026-09-03 11:52:00,2026-09-03 11:52:00
TXN00011136,1,0.0,P3,2026-10-02 05:09:00,2026-10-02 05:09:00
TXN00011140,1,1790.94,M,2026-01-19 00:00:00,2026-01-19 00:00:00
TXN00011141,1,1466.29,P3,2026-01-14 00:00:00,2026-01-14 00:00:00
TXN00011148,1,745.95,P4,2026-02-14 13:33:58,2026-02-14 13:33:58
TXN00011150,1,3344.0,M,2026-03-07 00:00:00,2026-03-07 00:00:00
TXN00011157,1,-2138.06,M,2026-02-10 00:00:00,2026-02-10 00:00:00
TXN00011160,1,1773.89,P4,2026-03-18 00:00:00,2026-03-18 00:00:00
TXN00011168,1,5239.53,MEDIUM,2026-01-10 00:35:07,2026-01-10 00:35:07
TXN00011174,1,2412.7,P3,2026-01-03 00:00:00,2026-01-03 00:00:00
TXN00011204,1,0.0,HIGH,,
TXN00011206,1,0.0,L,2026-02-19 20:32:51,2026-02-19 20:32:51
TXN00011208,1,729.47,P2,,
TXN00011210,1,1853.91,P3,2026-02-23 00:00:00,2026-02-23 00:00:00
TXN00011212,1,0.0,M,2026-01-28 23:45:00,2026-01-28 23:45:00
TXN00011213,1,1071.93,LOW,,
TXN00011216,1,-857.98,P1,2026-01-25 00:00:00,2026-01-25 00:00:00
TXN00011228,1,9827.0,LOW,2026-01-20 00:00:00,2026-01-20 00:00:00
TXN00011230,1,-2395.8,LOW,,
TXN00011231,1,4533.6,M,2026-03-15 00:00:00,2026-03-15 00:00:00
TXN00011236,1,0.0,P4,2026-02-19 00:00:00,2026-02-19 00:00:00
TXN00011255,3,5747.65,"HIGH,MEDIUM,P4",2026-01-04 00:00:00,2026-03-07 09:19:03
TXN00011260,1,292.66,M,,
TXN00011270,2,2977.0,"MEDIUM,P4",2026-02-12 00:00:00,2026-08-03 08:07:00
TXN00011273,1,1062.27,CRITICAL,2026-02-21 00:00:00,2026-02-21 00:00:00
TXN00011275,1,10469.69,P2,2026-02-17 00:00:00,2026-02-17 00:00:00
TXN00011289,2,1340.0,"CRITICAL,HIGH",2026-02-27 00:00:00,2026-04-02 00:00:00
TXN00011307,1,4006.77,P4,2026-03-31 19:55:24,2026-03-31 19:55:24
TXN00011308,1,16936.0,L,2026-02-04 19:18:00,2026-02-04 19:18:00
TXN00011332,1,529.68,MEDIUM,2026-02-27 00:00:00,2026-02-27 00:00:00
TXN00011350,1,188.6,P3,2026-01-14 00:00:00,2026-01-14 00:00:00
TXN00011351,1,4601.18,MEDIUM,2026-01-08 00:00:00,2026-01-08 00:00:00
TXN00011359,1,6170.83,M,2026-03-22 14:50:33,2026-03-22 14:50:33
TXN00011368,1,3661.74,MEDIUM,2026-03-14 22:30:00,2026-03-14 22:30:00
TXN00011383,1,1933.11,P3,2026-03-23 09:22:00,2026-03-23 09:22:00
TXN00011390,1,681.66,H,2026-01-23 00:41:15,2026-01-23 00:41:15
TXN00011396,1,205.54,HIGH,2026-03-04 15:55:09,2026-03-04 15:55:09
TXN00011403,2,3089.23,"HIGH,LOW",2026-01-19 00:00:00,2026-03-17 00:00:00
TXN00011412,1,1142.95,L,,
TXN00011416,1,648.02,P2,2026-03-05 00:00:00,2026-03-05 00:00:00
TXN00011425,1,-3369.42,MEDIUM,2026-02-07 00:00:00,2026-02-07 00:00:00
TXN00011430,1,-1138.68,MEDIUM,2026-03-25 00:00:00,2026-03-25 00:00:00
TXN00011455,2,-2844.19,"LOW,MEDIUM",2026-03-17 00:00:00,2026-05-03 00:00:00
TXN00011466,1,860.0,H,2026-02-09 00:00:00,2026-02-09 00:00:00
TXN00011475,1,-2769.32,MEDIUM,2026-03-02 19:52:14,2026-03-02 19:52:14
TXN00011489,1,1419.0,P4,2026-01-26 04:02:00,2026-01-26 04:02:00
TXN00011491,1,1506.11,P4,2026-01-18 00:00:00,2026-01-18 00:00:00
TXN00011494,1,-1084.65,LOW,2026-02-05 07:06:20,2026-02-05 07:06:20
TXN00011498,1,1209.77,LOW,2026-03-13 00:00:00,2026-03-13 00:00:00
TXN00011503,2,3250.67,"HIGH,LOW",2026-02-28 02:10:08,2026-12-03 00:00:00
TXN00011510,1,7271.24,P4,2026-01-21 11:12:17,2026-01-21 11:12:17
TXN00011522,1,1768.79,P2,,
TXN00011524,1,3021.0,LOW,2026-02-14 00:00:00,2026-02-14 00:00:00
TXN00011525,1,3875.84,P3,2026-04-14 00:00:00,2026-04-14 00:00:00
TXN00011527,1,1443.54,M,2026-01-27 00:00:00,2026-01-27 00:00:00
TXN00011539,1,1528.98,HIGH,2026-03-10 00:00:00,2026-03-10 00:00:00
TXN00011546,1,3305.27,L,2026-02-03 00:00:00,2026-02-03 00:00:00
TXN00011553,1,1996.81,LOW,2026-02-11 00:00:00,2026-02-11 00:00:00
TXN00011560,1,2932.55,H,2026-01-22 11:33:45,2026-01-22 11:33:45
TXN00011566,1,248.1,CRITICAL,2026-02-25 00:00:00,2026-02-25 00:00:00
TXN00011567,1,-7727.83,M,2026-01-26 22:31:00,2026-01-26 22:31:00
TXN00011579,1,4186.0,CRITICAL,2026-03-18 00:00:00,2026-03-18 00:00:00
TXN00011614,1,459.43,MEDIUM,2026-01-26 00:00:00,2026-01-26 00:00:00
TXN00011615,1,0.0,MEDIUM,2026-01-31 14:19:59,2026-01-31 14:19:59
TXN00011619,1,-893.52,LOW,2026-01-26 00:00:00,2026-01-26 00:00:00
TXN00011621,1,0.0,M,2026-02-24 20:31:03,2026-02-24 20:31:03
TXN00011623,1,3487.78,P2,2026-01-30 21:27:00,2026-01-30 21:27:00
TXN00011628,1,6328.27,CRITICAL,2026-01-13 11:20:14,2026-01-13 11:20:14
TXN00011647,1,8725.14,HIGH,2026-01-05 00:39:07,2026-01-05 00:39:07
TXN00011648,1,2218.94,MEDIUM,2026-11-02 00:00:00,2026-11-02 00:00:00
TXN00011669,1,19475.24,M,2026-04-03 16:51:59,2026-04-03 16:51:59
TXN00011689,1,473.27,LOW,2026-03-14 22:06:34,2026-03-14 22:06:34
TXN00011692,1,3309.0,MEDIUM,2026-04-03 07:26:00,2026-04-03 07:26:00
TXN00011700,1,14999.55,LOW,2026-04-29 00:00:00,2026-04-29 00:00:00
TXN00011788,1,4428.67,P4,2026-07-01 00:00:00,2026-07-01 00:00:00
TXN00011825,1,3123.85,L,2026-03-12 00:00:00,2026-03-12 00:00:00
TXN00011829,1,0.0,HIGH,2026-01-19 00:00:00,2026-01-19 00:00:00
TXN00011858,2,9993.63,"LOW,P3",2026-07-04 00:00:00,2026-11-02 00:00:00
TXN00011866,1,628.55,L,2026-02-27 00:00:00,2026-02-27 00:00:00
TXN00011868,1,1080.46,LOW,2026-02-04 13:11:50,2026-02-04 13:11:50
TXN00011869,1,8004.21,P1,2026-03-02 00:00:00,2026-03-02 00:00:00
TXN00011877,1,728.14,MEDIUM,2026-03-06 21:56:02,2026-03-06 21:56:02
TXN00011889,1,1592.55,LOW,2026-03-06 00:00:00,2026-03-06 00:00:00
TXN00011891,1,146.7,HIGH,,
TXN00011898,1,2771.91,LOW,2026-01-18 00:00:00,2026-01-18 00:00:00
TXN00011910,1,3498.93,LOW,2026-03-15 00:00:00,2026-03-15 00:00:00
TXN00011912,1,2559.27,LOW,2026-03-29 00:00:00,2026-03-29 00:00:00
TXN00011934,1,0.0,P3,,
TXN00011955,1,-918.61,L,2026-03-26 00:00:00,2026-03-26 00:00:00
TXN00011957,2,3972.42,"L,M",2026-03-25 15:49:00,2026-09-03 00:00:00
TXN00011962,1,6403.5,L,2026-03-03 23:36:15,2026-03-03 23:36:15
TXN00011968,1,-4809.04,MEDIUM,2026-03-14 00:00:00,2026-03-14 00:00:00
TXN00011970,1,164.3,MEDIUM,2026-02-19 00:00:00,2026-02-19 00:00:00
TXN00011973,1,50.0,P2,2026-02-19 15:01:15,2026-02-19 15:01:15
TXN00011978,1,466.0,L,2026-02-04 00:00:00,2026-02-04 00:00:00
TXN00011981,1,17594.04,L,2026-01-11 00:00:00,2026-01-11 00:00:00
TXN00011998,1,-1184.71,L,2026-02-09 00:00:00,2026-02-09 00:00:00
TXN00012003,1,1641.33,P3,2026-02-27 00:00:00,2026-02-27 00:00:00
TXN00012026,1,4655.0,P4,,
TXN00012027,1,-1274.02,LOW,2026-01-15 00:00:00,2026-01-15 00:00:00
TXN00012030,1,0.0,P4,,
TXN00012035,1,1897.14,M,2026-02-14 09:58:00,2026-02-14 09:58:00
TXN00012038,1,0.0,LOW,2026-01-23 00:00:00,2026-01-23 00:00:00
TXN00012039,1,966.0,P2,2026-02-07 05:28:28,2026-02-07 05:28:28
TXN00012046,1,2431.27,MEDIUM,2026-06-03 06:22:00,2026-06-03 06:22:00
TXN00012053,1,1200.13,P1,2026-01-13 16:15:15,2026-01-13 16:15:15
TXN00012054,1,666.76,H,,
TXN00012064,1,786.31,MEDIUM,2026-03-29 00:00:00,2026-03-29 00:00:00
TXN00012089,1,1931.29,LOW,2026-04-04 00:00:00,2026-04-04 00:00:00
TXN00012093,1,3867.32,CRITICAL,2026-02-28 00:00:00,2026-02-28 00:00:00
TXN00012094,1,878.0,LOW,2026-12-02 00:00:00,2026-12-02 00:00:00
TXN00012098,1,708.0,LOW,,
TXN00012105,1,1866.96,L,2026-03-10 00:00:00,2026-03-10 00:00:00
TXN00012123,1,4232.74,MEDIUM,2026-02-08 00:00:00,2026-02-08 00:00:00
TXN00012133,2,8852.529999999999,"L,MEDIUM",2026-03-12 04:19:58,2026-06-02 00:00:00
TXN00012142,1,355.28,P2,2026-03-20 00:00:00,2026-03-20 00:00:00
TXN00012155,1,348.42,P3,2026-04-03 15:39:00,2026-04-03 15:39:00
TXN00012156,1,-1477.28,M,2026-09-02 14:09:00,2026-09-02 14:09:00
TXN00012165,1,0.0,P4,2026-02-20 00:00:00,2026-02-20 00:00:00
TXN00012172,1,0.0,LOW,2026-01-02 15:32:47,2026-01-02 15:32:47
TXN00012176,1,4272.46,LOW,2026-05-04 23:32:00,2026-05-04 23:32:00
TXN00012186,1,4466.44,L,2026-01-06 00:00:00,2026-01-06 00:00:00
TXN00012192,1,-5520.5,M,2026-11-04 00:00:00,2026-11-04 00:00:00
TXN00012193,1,1913.11,HIGH,2026-03-20 00:00:00,2026-03-20 00:00:00
TXN00012199,1,879.0,LOW,2026-04-06 00:00:00,2026-04-06 00:00:00
TXN00012205,1,2093.79,M,,
TXN00012208,1,5802.45,MEDIUM,2026-01-09 00:00:00,2026-01-09 00:00:00
TXN00012210,1,1467.32,P2,2026-01-25 00:00:00,2026-01-25 00:00:00
TXN00012212,1,2586.86,L,2026-03-02 19:12:00,2026-03-02 19:12:00
TXN00012216,1,972.52,LOW,2026-03-15 00:00:00,2026-03-15 00:00:00
TXN00012234,1,1786.57,P1,2026-04-11 00:00:00,2026-04-11 00:00:00
TXN00012235,1,-10021.84,M,2026-02-24 16:05:00,2026-02-24 16:05:00
TXN00012239,1,6796.0,MEDIUM,2026-01-29 00:00:00,2026-01-29 00:00:00
TXN00012253,1,1245.84,CRIT,2026-07-03 00:00:00,2026-07-03 00:00:00
TXN00012289,1,5071.86,LOW,2026-01-15 03:30:00,2026-01-15 03:30:00
TXN00012306,1,-1076.54,LOW,2026-02-09 14:17:35,2026-02-09 14:17:35
TXN00012331,1,1246.25,M,2026-02-14 00:00:00,2026-02-14 00:00:00
TXN00012334,1,1521.74,P2,2026-03-19 18:05:30,2026-03-19 18:05:30
TXN00012346,1,1010.1,P2,2026-01-10 15:42:32,2026-01-10 15:42:32
TXN00012360,1,-5341.0,L,2026-02-05 00:00:00,2026-02-05 00:00:00
TXN00012362,2,5148.1900000000005,"P1,P4",2026-02-06 00:00:00,2026-02-08 02:49:19
TXN00012370,1,-9690.23,M,2026-02-04 00:00:00,2026-02-04 00:00:00
TXN00012384,1,461.01,P3,,
TXN00012387,1,-2462.0,MEDIUM,2026-03-07 00:00:00,2026-03-07 00:00:00
TXN00012389,1,1247.52,L,2026-01-28 00:00:00,2026-01-28 00:00:00
TXN00012392,1,687.06,MEDIUM,2026-03-22 00:00:00,2026-03-22 00:00:00
TXN00012401,1,13235.72,LOW,2026-03-17 00:00:00,2026-03-17 00:00:00
TXN00012403,1,0.0,P1,2026-03-29 08:53:42,2026-03-29 08:53:42
TXN00012405,1,1837.0,MEDIUM,2026-02-11 00:00:00,2026-02-11 00:00:00
TXN00012406,1,-2900.07,LOW,2026-01-12 05:57:06,2026-01-12 05:57:06
TXN00012423,1,591.32,H,2026-01-30 00:00:00,2026-01-30 00:00:00
TXN00012434,1,2898.89,M,2026-02-26 16:33:00,2026-02-26 16:33:00
TXN00012439,1,1778.59,P3,2026-02-11 00:00:00,2026-02-11 00:00:00
TXN00012446,1,1105.07,M,2026-03-02 21:34:00,2026-03-02 21:34:00
TXN00012462,1,7714.0,P4,2026-03-26 00:00:00,2026-03-26 00:00:00
TXN00012467,1,1654.78,LOW,2026-02-05 08:46:36,2026-02-05 08:46:36
TXN00012475,1,11540.0,LOW,2026-03-06 00:00:00,2026-03-06 00:00:00
TXN00012480,1,2178.0,H,2026-02-19 00:00:00,2026-02-19 00:00:00
TXN00012491,1,-3187.1,P2,2026-01-22 17:32:00,2026-01-22 17:32:00
TXN00012512,1,3164.0,M,2026-03-18 00:00:00,2026-03-18 00:00:00
TXN00012527,1,2311.0,LOW,2026-02-16 18:13:57,2026-02-16 18:13:57
TXN00012539,1,7039.0,P4,2026-05-02 00:00:00,2026-05-02 00:00:00
TXN00012543,1,-5621.9,LOW,2026-03-29 00:00:00,2026-03-29 00:00:00
TXN00012545,1,886.93,H,2026-01-07 21:57:07,2026-01-07 21:57:07
TXN00012553,1,901.62,LOW,2026-01-23 00:00:00,2026-01-23 00:00:00
TXN00012555,1,2740.59,LOW,,
TXN00012568,1,15086.0,LOW,2026-03-02 14:03:49,2026-03-02 14:03:49
TXN00012584,1,397.91,P4,2026-02-16 00:00:00,2026-02-16 00:00:00
TXN00012588,1,1181.22,CRITICAL,2026-03-27 02:42:00,2026-03-27 02:42:00
TXN00012590,1,8645.0,P1,2026-03-31 00:00:00,2026-03-31 00:00:00
TXN00012596,1,1692.85,L,2026-03-14 00:00:00,2026-03-14 00:00:00
TXN00012615,1,2049.68,P3,2026-02-13 14:10:00,2026-02-13 14:10:00
TXN00012629,1,3056.74,M,2026-03-16 00:00:00,2026-03-16 00:00:00
TXN00012639,1,3681.26,HIGH,2026-01-20 00:00:00,2026-01-20 00:00:00
TXN00012640,1,3800.84,P2,2026-03-07 00:00:00,2026-03-07 00:00:00
TXN00012645,1,-1273.59,LOW,2026-04-03 00:00:00,2026-04-03 00:00:00
TXN00012649,1,2202.7,HIGH,2026-02-25 00:00:00,2026-02-25 00:00:00
TXN00012654,1,326.32,P4,,
TXN00012655,1,5677.69,MEDIUM,2026-02-04 00:00:00,2026-02-04 00:00:00
TXN00012661,1,4457.64,M,2026-03-14 00:00:00,2026-03-14 00:00:00
TXN00012665,1,3223.69,P1,2026-03-19 00:00:00,2026-03-19 00:00:00
TXN00012671,1,739.17,M,2026-01-13 00:00:00,2026-01-13 00:00:00
TXN00012679,1,1851.93,MEDIUM,2026-02-09 00:00:00,2026-02-09 00:00:00
TXN00012698,1,2283.53,HIGH,2026-03-14 00:00:00,2026-03-14 00:00:00
TXN00012704,1,2025.76,H,2026-01-22 23:30:00,2026-01-22 23:30:00
TXN00012709,1,-1866.43,MEDIUM,2026-01-25 00:00:00,2026-01-25 00:00:00
TXN00012710,1,1691.84,P4,2026-04-04 00:00:00,2026-04-04 00:00:00
TXN00012715,1,339.58,P2,2026-05-13 00:00:00,2026-05-13 00:00:00
TXN00012720,1,1297.0,LOW,2026-01-05 00:00:00,2026-01-05 00:00:00
TXN00012726,1,360.49,LOW,2026-10-02 01:03:00,2026-10-02 01:03:00
TXN00012727,1,847.6,CRIT,2026-04-05 10:18:01,2026-04-05 10:18:01
TXN00012729,1,1232.87,LOW,2026-02-23 04:28:02,2026-02-23 04:28:02
TXN00012741,1,863.52,M,2026-03-09 00:00:00,2026-03-09 00:00:00
TXN00012764,2,10959.34,"M,P3",2026-03-18 00:00:00,2026-03-18 08:08:27
TXN00012795,1,4081.84,MEDIUM,2026-01-28 16:03:00,2026-01-28 16:03:00
TXN00012801,1,2374.29,MEDIUM,2026-02-18 00:00:00,2026-02-18 00:00:00
TXN00012807,1,122.0,LOW,2026-03-27 18:57:00,2026-03-27 18:57:00
TXN00012810,2,0.0,"LOW,P3",2026-02-24 00:00:00,2026-10-02 16:43:00
TXN00012829,1,4506.23,HIGH,2026-04-05 07:15:11,2026-04-05 07:15:11
TXN00012832,1,0.0,L,2026-04-04 00:00:00,2026-04-04 00:00:00
TXN00012860,1,4626.0,P4,2026-01-30 23:27:37,2026-01-30 23:27:37
TXN00012872,1,4857.19,H,2026-01-19 00:00:00,2026-01-19 00:00:00
TXN00012882,1,1791.89,M,2026-01-15 10:24:32,2026-01-15 10:24:32
TXN00012893,1,-1558.33,LOW,,
TXN00012902,1,586.88,LOW,2026-02-20 00:00:00,2026-02-20 00:00:00
TXN00012907,1,0.0,LOW,2026-04-08 00:00:00,2026-04-08 00:00:00
TXN00012918,1,2316.9,MEDIUM,,
TXN00012927,1,10469.4,M,2026-03-22 00:00:00,2026-03-22 00:00:00
TXN00012935,1,7997.0,P4,2026-01-27 01:43:00,2026-01-27 01:43:00
TXN00012937,1,2574.17,P3,2026-03-22 00:00:00,2026-03-22 00:00:00
TXN00012938,1,3749.0,LOW,2026-03-19 00:00:00,2026-03-19 00:00:00
TXN00012946,2,3627.95,"H,P4",2026-01-18 00:00:00,2026-03-22 00:00:00
TXN00012951,1,2826.0,P4,2026-03-12 00:00:00,2026-03-12 00:00:00
TXN00012952,2,874.25,"L,LOW",2026-01-11 09:46:20,2026-02-18 02:39:13
TXN00012958,1,1142.21,L,2026-03-03 00:00:00,2026-03-03 00:00:00
TXN00012972,1,1647.57,P1,2026-03-14 13:36:37,2026-03-14 13:36:37
TXN00012979,1,21185.86,L,2026-01-07 10:12:22,2026-01-07 10:12:22
TXN00012981,1,1168.0,H,2026-03-01 00:00:00,2026-03-01 00:00:00
TXN00012989,1,2439.31,LOW,2026-02-28 09:07:48,2026-02-28 09:07:48
TXN00012990,1,3464.25,HIGH,,
TXN00012992,1,1617.78,LOW,2026-02-04 00:00:00,2026-02-04 00:00:00
TXN00012998,1,1570.15,H,2026-01-13 00:00:00,2026-01-13 00:00:00
TXN00013005,1,3734.7,P4,2026-04-01 00:00:00,2026-04-01 00:00:00
TXN00013006,1,-1637.49,M,2026-02-21 00:00:00,2026-02-21 00:00:00
TXN00013020,1,2027.64,M,2026-03-11 00:00:00,2026-03-11 00:00:00
TXN00013029,1,1491.88,MEDIUM,2026-01-15 19:39:00,2026-01-15 19:39:00
TXN00013039,1,7884.27,P3,2026-01-09 00:00:00,2026-01-09 00:00:00
TXN00013042,1,5855.28,M,2026-03-28 07:14:43,2026-03-28 07:14:43
TXN00013045,2,1889.29,"L,LOW",2026-01-20 08:51:00,2026-01-20 08:51:00
TXN00013051,1,7272.0,LOW,2026-02-27 00:00:00,2026-02-27 00:00:00
TXN00013060,1,255.73,M,2026-01-06 00:00:00,2026-01-06 00:00:00
TXN00013063,1,395.16,MEDIUM,,
TXN00013078,2,30866.46,"CRITICAL,P2",2026-02-06 00:00:00,2026-03-11 16:33:33
TXN00013090,1,1588.36,M,2026-02-05 00:00:00,2026-02-05 00:00:00
TXN00013096,1,8307.14,CRITICAL,2026-03-26 21:45:47,2026-03-26 21:45:47
TXN00013098,1,0.0,P3,2026-02-03 00:32:11,2026-02-03 00:32:11
TXN00013105,1,0.0,P4,,
TXN00013107,3,5623.62,"HIGH,LOW",2026-01-18 00:00:00,2026-04-12 00:00:00
TXN00013111,1,0.0,HIGH,2026-03-05 18:10:06,2026-03-05 18:10:06
TXN00013116,1,1464.53,MEDIUM,2026-02-22 00:00:00,2026-02-22 00:00:00
TXN00013117,1,355.32,CRITICAL,2026-06-03 00:00:00,2026-06-03 00:00:00
TXN00013127,1,1935.98,HIGH,2026-03-21 14:17:37,2026-03-21 14:17:37
TXN00013129,1,1549.0,P4,,
TXN00013141,1,7638.7,CRITICAL,2026-01-31 14:01:41,2026-01-31 14:01:41
TXN00013144,1,688.92,H,2026-03-19 23:09:00,2026-03-19 23:09:00
TXN00013147,1,4819.26,LOW,2026-04-02 00:00:00,2026-04-02 00:00:00
TXN00013162,2,3403.35,"HIGH,M",2026-03-04 00:00:00,2026-03-30 00:00:00
TXN00013171,1,1091.17,P2,2026-04-13 00:00:00,2026-04-13 00:00:00
TXN00013175,1,917.0,H,2026-04-13 15:19:00,2026-04-13 15:19:00
TXN00013194,1,0.0,MEDIUM,2026-02-21 00:00:00,2026-02-21 00:00:00
TXN00013196,1,4814.0,MEDIUM,2026-01-08 00:00:00,2026-01-08 00:00:00
TXN00013202,1,1331.0,CRITICAL,2026-04-01 00:00:00,2026-04-01 00:00:00
TXN00013206,1,26477.69,HIGH,2026-01-25 04:52:00,2026-01-25 04:52:00
TXN00013230,1,1323.41,LOW,2026-01-22 00:00:00,2026-01-22 00:00:00
TXN00013236,1,6523.57,LOW,2026-01-14 07:15:20,2026-01-14 07:15:20
TXN00013237,1,405.0,P3,2026-01-24 20:01:00,2026-01-24 20:01:00
TXN00013246,1,5800.55,LOW,2026-02-15 00:00:00,2026-02-15 00:00:00
TXN00013258,1,6771.0,P3,2026-03-28 09:05:00,2026-03-28 09:05:00
TXN00013266,1,6391.92,P2,2026-02-28 00:00:00,2026-02-28 00:00:00
TXN00013273,1,465.76,H,2026-02-09 08:37:14,2026-02-09 08:37:14
TXN00013275,1,666.32,MEDIUM,2026-03-27 00:00:00,2026-03-27 00:00:00
TXN00013293,2,1939.67,"MEDIUM,P2",2026-02-13 04:28:39,2026-09-01 14:12:00
TXN00013301,1,0.0,P2,2026-03-30 06:05:00,2026-03-30 06:05:00
TXN00013323,1,1986.27,M,2026-04-24 00:00:00,2026-04-24 00:00:00
TXN00013326,1,2161.57,P3,,
TXN00013350,1,1837.87,P3,2026-02-09 01:39:01,2026-02-09 01:39:01
TXN00013355,1,6746.58,LOW,2026-03-23 10:20:15,2026-03-23 10:20:15
TXN00013358,1,2097.39,L,2026-02-27 00:00:00,2026-02-27 00:00:00
TXN00013363,1,740.0,LOW,,
TXN00013367,1,18514.67,LOW,2026-11-01 00:00:00,2026-11-01 00:00:00
TXN00013381,2,2423.25,"LOW,MEDIUM",2026-01-18 21:33:00,2026-02-04 05:19:00
TXN00013395,1,6485.64,MEDIUM,2026-01-10 00:00:00,2026-01-10 00:00:00
TXN00013396,1,203.0,P4,,
TXN00013406,1,6052.19,HIGH,2026-03-24 02:07:00,2026-03-24 02:07:00
TXN00013412,1,90.88,P4,2026-01-21 00:00:00,2026-01-21 00:00:00
TXN00013418,1,6925.85,MEDIUM,2026-01-15 00:00:00,2026-01-15 00:00:00
TXN00013423,1,498.7,MEDIUM,2026-01-14 07:32:19,2026-01-14 07:32:19
TXN00013424,1,3989.1,LOW,2026-02-16 00:00:00,2026-02-16 00:00:00
TXN00013432,1,616.19,L,2026-01-28 00:00:00,2026-01-28 00:00:00
TXN00013438,1,532.41,MEDIUM,2026-01-05 00:00:00,2026-01-05 00:00:00
TXN00013452,1,-2480.91,MEDIUM,2026-03-06 00:25:19,2026-03-06 00:25:19
TXN00013472,1,4341.0,LOW,2026-03-21 20:47:00,2026-03-21 20:47:00
TXN00013473,1,2485.28,MEDIUM,2026-02-26 00:00:00,2026-02-26 00:00:00
TXN00013474,1,3303.95,L,2026-07-04 00:00:00,2026-07-04 00:00:00
TXN00013496,1,3536.59,LOW,2026-02-23 03:39:00,2026-02-23 03:39:00
TXN00013498,1,469.12,L,2026-02-05 00:00:00,2026-02-05 00:00:00
TXN00013500,1,-3214.54,P4,2026-09-03 00:00:00,2026-09-03 00:00:00
TXN00013503,1,2276.34,P3,2026-04-01 23:21:32,2026-04-01 23:21:32
TXN00013507,1,384.66,P3,2026-01-08 00:00:00,2026-01-08 00:00:00
TXN00013519,1,4980.8,HIGH,2026-10-01 14:45:00,2026-10-01 14:45:00
TXN00013524,1,2142.84,LOW,2026-02-07 00:00:00,2026-02-07 00:00:00
TXN00013526,1,1210.19,P1,2026-03-29 00:00:00,2026-03-29 00:00:00
TXN00013530,2,13780.14,"CRITICAL,L",2026-01-15 00:00:00,2026-02-26 00:00:00
TXN00013531,1,2390.0,P4,2026-01-22 00:00:00,2026-01-22 00:00:00
TXN00013539,1,1619.34,MEDIUM,2026-02-24 00:00:00,2026-02-24 00:00:00
TXN00013545,1,2483.0,P4,2026-02-12 00:00:00,2026-02-12 00:00:00
TXN00013557,1,5693.78,P4,2026-02-19 00:00:00,2026-02-19 00:00:00
TXN00013564,1,-4295.67,M,2026-01-04 19:22:27,2026-01-04 19:22:27
TXN00013581,1,162.44,L,2026-01-09 22:29:08,2026-01-09 22:29:08
TXN00013592,1,1528.43,LOW,2026-02-08 00:00:00,2026-02-08 00:00:00
TXN00013593,1,792.99,M,2026-01-02 00:00:00,2026-01-02 00:00:00
TXN00013602,1,2090.68,CRITICAL,2026-03-15 00:00:00,2026-03-15 00:00:00
TXN00013623,2,9041.04,"H,P4",2026-03-25 00:00:00,2026-03-25 00:00:00
TXN00013632,1,1178.89,M,,
TXN00013636,1,8898.0,MEDIUM,2026-03-22 07:06:10,2026-03-22 07:06:10
TXN00013646,1,5986.31,L,2026-03-16 00:00:00,2026-03-16 00:00:00
TXN00013653,1,-555.33,M,2026-02-17 22:05:01,2026-02-17 22:05:01
TXN00013665,1,-616.17,HIGH,2026-03-07 00:00:00,2026-03-07 00:00:00
TXN00013670,1,4375.63,MEDIUM,2026-03-13 00:00:00,2026-03-13 00:00:00
TXN00013687,1,506.18,P2,2026-02-05 00:00:00,2026-02-05 00:00:00
TXN00013693,1,1899.73,H,2026-03-21 00:00:00,2026-03-21 00:00:00
TXN00013720,1,4933.23,LOW,,
TXN00013726,1,6019.31,HIGH,2026-03-29 11:05:48,2026-03-29 11:05:48
TXN00013740,2,-6636.64,"LOW,MEDIUM",2026-01-28 19:43:23,2026-02-06 00:00:00
TXN00013741,1,1756.23,HIGH,2026-02-14 00:34:00,2026-02-14 00:34:00
TXN00013742,1,3062.43,H,2026-01-16 00:00:00,2026-01-16 00:00:00
TXN00013744,1,1223.91,HIGH,2026-04-02 00:00:00,2026-04-02 00:00:00
TXN00013752,1,1283.33,P2,2026-03-12 00:00:00,2026-03-12 00:00:00
TXN00013763,1,306.11,P3,2026-03-23 00:00:00,2026-03-23 00:00:00
TXN00013806,1,6623.0,LOW,2026-02-14 00:00:00,2026-02-14 00:00:00
TXN00013810,1,4552.67,P4,2026-03-08 07:44:45,2026-03-08 07:44:45
TXN00013811,1,2059.37,MEDIUM,2026-03-21 00:00:00,2026-03-21 00:00:00
TXN00013813,1,0.0,P3,2026-03-07 00:00:00,2026-03-07 00:00:00
TXN00013816,1,-734.96,P4,2026-03-20 05:14:03,2026-03-20 05:14:03
TXN00013826,1,-1245.39,P4,2026-01-28 04:20:00,2026-01-28 04:20:00
TXN00013866,1,-3952.26,L,2026-04-09 21:53:19,2026-04-09 21:53:19
TXN00013883,1,3588.0,M,2026-01-15 11:58:51,2026-01-15 11:58:51
TXN00013884,1,3072.71,H,2026-03-27 00:00:00,2026-03-27 00:00:00
TXN00013900,1,1310.19,P3,2026-01-25 00:00:00,2026-01-25 00:00:00
TXN00013909,2,1285.1999999999998,"H,P1",2026-03-14 13:46:00,2026-12-01 00:00:00
TXN00013910,1,877.44,H,2026-01-27 08:46:00,2026-01-27 08:46:00
TXN00013912,1,-1478.88,P2,2026-01-19 00:00:00,2026-01-19 00:00:00
TXN00013916,1,804.06,MEDIUM,2026-02-10 22:10:08,2026-02-10 22:10:08
TXN00013922,1,0.0,P3,2026-03-04 00:00:00,2026-03-04 00:00:00
TXN00013925,1,3151.89,M,2026-04-01 00:00:00,2026-04-01 00:00:00
TXN00013934,2,8215.3,"HIGH,L",2026-03-22 23:15:17,2026-11-04 00:00:00
TXN00013935,1,1513.85,L,,
TXN00013948,1,7171.27,LOW,2026-01-29 19:15:57,2026-01-29 19:15:57
TXN00013962,1,1826.0,P3,2026-01-28 00:00:00,2026-01-28 00:00:00
TXN00013993,1,2111.63,LOW,2026-02-07 18:41:49,2026-02-07 18:41:49
TXN00013994,1,522.4,M,2026-11-02 00:00:00,2026-11-02 00:00:00
TXN00014010,1,1883.55,HIGH,2026-01-02 08:39:00,2026-01-02 08:39:00
TXN00014011,1,1125.73,LOW,,
TXN00014015,1,1855.84,MEDIUM,2026-12-02 00:00:00,2026-12-02 00:00:00
TXN00014016,1,2538.7,P4,2026-03-04 00:00:00,2026-03-04 00:00:00
TXN00014019,2,3936.95,"L,MEDIUM",2026-01-16 00:00:00,2026-03-11 00:00:00
TXN00014032,1,358.19,LOW,2026-02-06 00:00:00,2026-02-06 00:00:00
TXN00014046,1,4405.58,LOW,2026-03-20 13:07:18,2026-03-20 13:07:18
TXN00014054,2,4010.97,"LOW,P4",2026-01-26 00:00:00,2026-03-15 00:00:00
TXN00014058,2,1591.3200000000002,"CRITICAL,P1",2026-01-19 00:00:00,2026-01-30 00:00:07
TXN00014060,1,613.53,CRITICAL,2026-02-26 23:06:00,2026-02-26 23:06:00
TXN00014062,1,1078.9,LOW,2026-02-26 00:00:00,2026-02-26 00:00:00
TXN00014076,1,1915.56,LOW,2026-01-26 22:23:00,2026-01-26 22:23:00
TXN00014077,1,411.2,HIGH,2026-03-27 00:00:00,2026-03-27 00:00:00
TXN00014086,2,4678.84,M,2026-01-04 00:00:00,2026-03-25 00:00:00
TXN00014087,1,4901.36,LOW,2026-03-19 00:00:00,2026-03-19 00:00:00
TXN00014090,1,848.3,M,2026-04-01 06:38:00,2026-04-01 06:38:00
TXN00014094,1,-2999.91,M,,
TXN00014106,1,1547.17,P4,2026-01-31 23:25:00,2026-01-31 23:25:00
TXN00014118,1,3230.0,MEDIUM,2026-01-07 00:00:00,2026-01-07 00:00:00
TXN00014122,1,440.57,MEDIUM,2026-03-15 16:03:17,2026-03-15 16:03:17
TXN00014130,1,6351.69,M,2026-03-02 00:00:00,2026-03-02 00:00:00
TXN00014145,1,3888.0,L,2026-03-10 21:03:16,2026-03-10 21:03:16
TXN00014147,1,2551.0,LOW,2026-02-22 00:00:00,2026-02-22 00:00:00
TXN00014155,1,2193.93,MEDIUM,2026-06-02 00:00:00,2026-06-02 00:00:00
TXN00014162,1,4363.63,LOW,2026-03-06 00:00:00,2026-03-06 00:00:00
TXN00014165,1,0.0,MEDIUM,2026-03-08 00:00:00,2026-03-08 00:00:00
TXN00014178,1,431.5,L,2026-01-11 00:00:00,2026-01-11 00:00:00
TXN00014187,1,972.0,LOW,2026-03-20 00:00:00,2026-03-20 00:00:00
TXN00014222,1,2187.0,P4,2026-03-16 00:00:00,2026-03-16 00:00:00
TXN00014225,1,0.0,MEDIUM,2026-02-18 00:00:00,2026-02-18 00:00:00
TXN00014252,1,-5943.18,CRIT,2026-10-03 00:00:00,2026-10-03 00:00:00
TXN00014261,1,-750.7,P3,2026-01-07 00:00:00,2026-01-07 00:00:00
TXN00014266,1,0.0,MEDIUM,2026-03-21 00:00:00,2026-03-21 00:00:00
TXN00014268,1,1797.0,P3,2026-03-29 00:00:00,2026-03-29 00:00:00
TXN00014274,1,3293.82,MEDIUM,2026-02-20 00:00:00,2026-02-20 00:00:00
TXN00014276,1,637.61,M,2026-03-30 00:00:00,2026-03-30 00:00:00
TXN00014288,1,4255.52,M,2026-03-13 00:00:00,2026-03-13 00:00:00
TXN00014295,1,3265.64,LOW,2026-04-09 00:23:56,2026-04-09 00:23:56
TXN00014298,1,665.91,MEDIUM,2026-03-10 00:00:00,2026-03-10 00:00:00
TXN00014312,1,4063.03,L,2026-01-17 00:00:00,2026-01-17 00:00:00
TXN00014316,1,1017.0,LOW,2026-03-16 06:49:08,2026-03-16 06:49:08
TXN00014323,1,8749.79,L,2026-01-23 00:00:00,2026-01-23 00:00:00
TXN00014324,1,1724.56,MEDIUM,2026-03-05 00:00:00,2026-03-05 00:00:00
TXN00014331,1,-678.63,P2,2026-02-04 00:00:00,2026-02-04 00:00:00
TXN00014343,1,2893.0,P3,2026-02-02 00:00:00,2026-02-02 00:00:00
TXN00014346,1,-1908.15,L,2026-02-16 00:00:00,2026-02-16 00:00:00
TXN00014355,2,348.87999999999994,"LOW,M",2026-03-07 07:51:22,2026-05-15 19:24:00
TXN00014359,1,3642.0,LOW,2026-02-03 00:00:00,2026-02-03 00:00:00
TXN00014364,1,2489.04,LOW,2026-01-21 17:18:16,2026-01-21 17:18:16
TXN00014367,1,996.14,L,2026-05-03 00:00:00,2026-05-03 00:00:00
TXN00014374,1,1445.01,P4,2026-02-06 00:00:00,2026-02-06 00:00:00
TXN00014381,1,1523.0,H,2026-02-10 00:00:00,2026-02-10 00:00:00
TXN00014390,1,793.04,P4,2026-01-15 10:39:00,2026-01-15 10:39:00
TXN00014392,1,4520.19,LOW,2026-03-20 00:00:00,2026-03-20 00:00:00
TXN00014396,1,1107.61,H,2026-04-14 00:00:00,2026-04-14 00:00:00
TXN00014399,2,1136.92,"HIGH,MEDIUM",2026-02-21 00:00:00,2026-03-06 00:00:00
TXN00014405,1,6441.32,LOW,,
TXN00014410,1,2302.66,MEDIUM,2026-03-16 13:41:38,2026-03-16 13:41:38
TXN00014412,1,0.0,M,2026-01-24 00:00:00,2026-01-24 00:00:00
TXN00014413,2,2399.47,"LOW,P3",2026-04-01 21:21:33,2026-06-01 09:42:00
TXN00014418,1,1393.43,M,2026-03-05 00:00:00,2026-03-05 00:00:00
TXN00014426,1,4193.52,M,2026-04-06 04:17:08,2026-04-06 04:17:08
TXN00014436,1,5439.35,HIGH,2026-02-05 18:21:54,2026-02-05 18:21:54
TXN00014440,1,12244.08,HIGH,2026-01-16 18:29:00,2026-01-16 18:29:00
TXN00014450,1,2438.0,LOW,2026-03-13 00:00:00,2026-03-13 00:00:00
TXN00014452,1,-798.72,L,2026-02-20 21:31:31,2026-02-20 21:31:31
TXN00014454,1,752.03,P4,,
TXN00014456,2,18916.34,"LOW,P4",2026-01-10 09:07:37,2026-02-28 02:46:45
TXN00014460,1,651.01,HIGH,2026-02-07 21:08:40,2026-02-07 21:08:40
TXN00014470,1,0.0,P4,2026-03-25 00:04:00,2026-03-25 00:04:00
TXN00014471,1,2509.27,H,2026-02-27 00:00:00,2026-02-27 00:00:00
TXN00014488,1,7101.31,P3,2026-02-01 02:41:16,2026-02-01 02:41:16
TXN00014491,1,3840.0,P4,2026-01-13 13:24:00,2026-01-13 13:24:00
TXN00014492,2,0.0,"H,P2",2026-02-02 13:49:55,2026-02-03 00:00:00
TXN00014496,1,554.76,LOW,2026-04-02 00:00:00,2026-04-02 00:00:00
TXN00014515,1,181.44,L,2026-02-16 21:12:01,2026-02-16 21:12:01
TXN00014522,1,1098.78,P4,,
TXN00014532,1,4825.86,H,2026-04-03 00:00:00,2026-04-03 00:00:00
TXN00014536,1,-12058.7,MEDIUM,2026-01-10 00:00:00,2026-01-10 00:00:00
TXN00014545,1,1623.27,CRIT,2026-06-03 00:00:00,2026-06-03 00:00:00
TXN00014556,1,13308.54,P3,2026-02-17 17:36:49,2026-02-17 17:36:49
TXN00014566,1,2311.12,HIGH,2026-03-24 07:04:16,2026-03-24 07:04:16
TXN00014582,1,0.0,P2,2026-04-02 00:00:00,2026-04-02 00:00:00
TXN00014583,1,6768.55,LOW,2026-03-24 00:00:00,2026-03-24 00:00:00
TXN00014584,1,25463.16,MEDIUM,,
TXN00014601,1,689.0,LOW,2026-03-27 20:30:00,2026-03-27 20:30:00
TXN00014618,1,1047.67,MEDIUM,2026-02-20 05:43:41,2026-02-20 05:43:41
TXN00014620,1,501.3,M,2026-03-30 00:00:00,2026-03-30 00:00:00
TXN00014621,1,264.51,MEDIUM,2026-03-16 00:00:00,2026-03-16 00:00:00
TXN00014627,1,4363.55,MEDIUM,2026-03-04 00:00:00,2026-03-04 00:00:00
TXN00014638,2,11829.79,"P2,P4",2026-02-05 03:24:10,2026-03-13 17:36:25
TXN00014640,1,5247.0,P4,2026-03-27 00:00:00,2026-03-27 00:00:00
TXN00014655,1,290.31,HIGH,2026-01-29 00:00:00,2026-01-29 00:00:00
TXN00014659,1,1093.6,CRIT,2026-03-15 22:53:00,2026-03-15 22:53:00
TXN00014669,1,1596.0,P4,2026-02-21 00:00:00,2026-02-21 00:00:00
TXN00014670,1,1969.23,M,2026-03-19 00:00:00,2026-03-19 00:00:00
TXN00014672,1,1817.11,HIGH,2026-02-22 00:00:00,2026-02-22 00:00:00
TXN00014673,1,749.06,MEDIUM,2026-01-26 01:45:00,2026-01-26 01:45:00
TXN00014680,1,6017.37,LOW,2026-02-28 00:00:00,2026-02-28 00:00:00
TXN00014697,1,4816.24,M,2026-03-30 00:00:00,2026-03-30 00:00:00
TXN00014701,1,4452.29,HIGH,2026-02-19 02:41:00,2026-02-19 02:41:00
TXN00014710,1,3089.13,M,2026-02-03 12:11:04,2026-02-03 12:11:04
TXN00014711,1,1709.84,P4,2026-01-25 00:00:00,2026-01-25 00:00:00
TXN00014722,1,336.91,M,2026-01-22 11:17:44,2026-01-22 11:17:44
TXN00014731,1,4988.8,MEDIUM,2026-03-29 04:53:24,2026-03-29 04:53:24
TXN00014733,1,1558.23,P2,2026-02-06 00:00:00,2026-02-06 00:00:00
TXN00014743,1,-1382.96,MEDIUM,2026-02-26 00:00:00,2026-02-26 00:00:00
TXN00014751,1,-1337.67,MEDIUM,2026-01-16 00:00:00,2026-01-16 00:00:00
TXN00014774,1,2478.18,P4,2026-04-03 00:00:00,2026-04-03 00:00:00
TXN00014785,1,1176.91,P4,2026-01-31 00:00:00,2026-01-31 00:00:00
TXN00014790,1,350.19,MEDIUM,2026-01-27 06:56:34,2026-01-27 06:56:34
TXN00014793,1,641.02,P2,2026-01-23 00:00:00,2026-01-23 00:00:00
TXN00014794,1,975.44,MEDIUM,2026-04-03 11:24:00,2026-04-03 11:24:00
TXN00014807,1,0.0,CRITICAL,2026-03-30 00:00:00,2026-03-30 00:00:00
TXN00014809,1,1458.95,P2,2026-02-25 00:00:00,2026-02-25 00:00:00
TXN00014814,1,7081.78,LOW,,
TXN00014824,1,898.64,L,2026-01-28 16:44:01,2026-01-28 16:44:01
TXN00014835,1,2565.94,M,2026-02-28 08:34:00,2026-02-28 08:34:00
TXN00014836,1,0.0,L,2026-04-06 00:00:00,2026-04-06 00:00:00
TXN00014849,1,2302.0,P2,2026-01-30 00:00:00,2026-01-30 00:00:00
TXN00014853,1,415.04,P3,2026-02-10 00:00:00,2026-02-10 00:00:00
TXN00014868,1,367.0,M,2026-01-27 13:41:00,2026-01-27 13:41:00
TXN00014870,1,10657.19,P4,2026-01-18 00:00:00,2026-01-18 00:00:00
TXN00014880,1,3936.04,MEDIUM,,
TXN00014884,1,0.0,P3,2026-02-24 00:00:00,2026-02-24 00:00:00
TXN00014885,1,573.0,H,2026-01-26 00:00:00,2026-01-26 00:00:00
TXN00014905,1,797.17,P3,,
TXN00014926,1,2332.94,L,2026-01-22 15:21:40,2026-01-22 15:21:40
TXN00014927,1,0.0,M,2026-03-16 00:00:00,2026-03-16 00:00:00
TXN00014945,1,1720.02,MEDIUM,2026-03-21 00:00:00,2026-03-21 00:00:00
TXN00014966,1,10848.72,HIGH,2026-02-17 00:00:00,2026-02-17 00:00:00
TXN00014970,1,3336.7,MEDIUM,2026-02-20 00:00:00,2026-02-20 00:00:00
TXN00014973,2,1483.85,"HIGH,L",2026-02-25 15:55:56,2026-11-01 10:59:00
TXN00014977,1,683.69,HIGH,2026-01-19 00:00:00,2026-01-19 00:00:00
TXN00015001,1,0.0,P1,2026-01-31 00:00:00,2026-01-31 00:00:00
TXN00015006,1,3732.8,MEDIUM,2026-02-23 00:00:00,2026-02-23 00:00:00
TXN00015011,1,1339.61,P4,2026-03-07 00:00:00,2026-03-07 00:00:00
TXN00015015,1,1247.41,MEDIUM,2026-03-21 07:37:17,2026-03-21 07:37:17
TXN00015023,1,946.63,P2,2026-02-02 00:00:00,2026-02-02 00:00:00
TXN00015034,1,8134.61,P2,2026-03-22 20:42:00,2026-03-22 20:42:00
TXN00015040,1,1568.41,LOW,,
TXN00015049,1,1148.57,MEDIUM,2026-01-15 00:00:00,2026-01-15 00:00:00
TXN00015053,1,-3746.75,MEDIUM,,
TXN00015054,1,-6049.12,M,2026-05-04 00:00:00,2026-05-04 00:00:00
TXN00015064,1,981.9,MEDIUM,2026-03-20 00:00:00,2026-03-20 00:00:00
TXN00015080,1,17242.91,MEDIUM,2026-02-16 00:00:00,2026-02-16 00:00:00
TXN00015085,2,2613.46,"LOW,P3",2026-01-18 06:11:00,2026-03-26 22:03:00
TXN00015086,1,1949.6,M,2026-10-02 00:00:00,2026-10-02 00:00:00
TXN00015088,1,590.13,LOW,2026-01-18 00:00:00,2026-01-18 00:00:00
TXN00015091,1,20286.73,HIGH,2026-03-04 18:18:00,2026-03-04 18:18:00
TXN00015094,1,12640.85,LOW,2026-05-03 00:00:00,2026-05-03 00:00:00
TXN00015098,1,862.23,LOW,2026-01-06 00:00:00,2026-01-06 00:00:00
TXN00015102,1,1038.0,M,2026-03-23 20:33:00,2026-03-23 20:33:00
TXN00015104,1,2517.56,LOW,2026-01-25 00:00:00,2026-01-25 00:00:00
TXN00015105,1,608.31,P4,2026-03-29 00:00:00,2026-03-29 00:00:00
TXN00015106,1,4581.94,MEDIUM,2026-02-18 00:00:00,2026-02-18 00:00:00
TXN00015109,1,287.95,M,2026-03-29 15:43:00,2026-03-29 15:43:00
TXN00015119,1,2069.0,LOW,,
TXN00015121,1,1504.76,P3,2026-02-18 00:00:00,2026-02-18 00:00:00
TXN00015125,1,967.0,M,2026-04-28 00:00:00,2026-04-28 00:00:00
TXN00015126,1,2119.11,L,2026-06-01 00:00:00,2026-06-01 00:00:00
TXN00015136,1,661.74,P4,2026-02-26 00:00:00,2026-02-26 00:00:00
TXN00015156,1,743.67,LOW,2026-04-10 00:00:00,2026-04-10 00:00:00
TXN00015166,1,732.38,P2,2026-01-09 00:00:00,2026-01-09 00:00:00
TXN00015175,1,381.32,CRITICAL,2026-12-01 05:37:00,2026-12-01 05:37:00
TXN00015176,1,519.74,P1,,
TXN00015183,1,4195.81,P3,2026-02-09 14:27:41,2026-02-09 14:27:41
TXN00015189,1,638.59,HIGH,2026-01-13 20:57:59,2026-01-13 20:57:59
TXN00015200,1,0.0,L,2026-02-15 00:00:00,2026-02-15 00:00:00
TXN00015216,1,2997.0,P1,2026-02-19 00:00:00,2026-02-19 00:00:00
TXN00015223,1,1336.12,MEDIUM,2026-09-02 00:00:00,2026-09-02 00:00:00
TXN00015230,1,2419.56,P2,2026-02-14 02:09:47,2026-02-14 02:09:47
TXN00015234,1,10354.45,HIGH,2026-10-02 00:00:00,2026-10-02 00:00:00
TXN00015239,1,10770.37,P4,2026-02-19 00:00:00,2026-02-19 00:00:00
TXN00015243,1,448.21,P3,2026-02-14 00:00:00,2026-02-14 00:00:00
TXN00015253,1,1700.27,LOW,2026-03-17 00:00:00,2026-03-17 00:00:00
TXN00015262,1,2260.38,L,2026-01-08 00:00:00,2026-01-08 00:00:00
TXN00015265,1,9117.57,M,2026-02-05 00:00:00,2026-02-05 00:00:00
TXN00015268,1,4086.0,P3,2026-03-25 00:00:00,2026-03-25 00:00:00
TXN00015275,1,320.53,MEDIUM,2026-03-13 16:27:48,2026-03-13 16:27:48
TXN00015278,1,1070.58,MEDIUM,2026-04-08 19:39:54,2026-04-08 19:39:54
TXN00015289,1,2649.1,LOW,2026-04-05 00:00:00,2026-04-05 00:00:00
TXN00015300,1,753.9,MEDIUM,,
TXN00015310,1,3904.6,P4,2026-03-17 20:51:47,2026-03-17 20:51:47
TXN00015316,1,930.83,P2,2026-01-13 00:00:00,2026-01-13 00:00:00
TXN00015318,1,3397.0,MEDIUM,2026-02-19 00:00:00,2026-02-19 00:00:00
TXN00015325,1,5464.95,P3,2026-02-20 00:00:00,2026-02-20 00:00:00
TXN00015341,2,12383.14,"CRITICAL,M",2026-01-12 14:48:33,2026-04-14 00:00:00
TXN00015345,1,891.13,P4,2026-03-21 13:36:00,2026-03-21 13:36:00
TXN00015350,1,676.77,L,2026-03-28 03:08:15,2026-03-28 03:08:15
TXN00015367,1,3023.77,CRIT,2026-01-28 00:00:00,2026-01-28 00:00:00
TXN00015372,1,1341.86,P1,2026-02-14 00:00:00,2026-02-14 00:00:00
TXN00015384,1,452.46,L,2026-03-04 07:27:02,2026-03-04 07:27:02
TXN00015397,2,7960.18,"CRITICAL,P4",2026-02-17 00:00:00,2026-02-17 00:00:00
TXN00015404,1,1356.41,LOW,2026-03-30 00:00:00,2026-03-30 00:00:00
TXN00015416,1,4100.6,LOW,2026-02-09 00:00:00,2026-02-09 00:00:00
TXN00015418,1,-2520.29,M,2026-02-07 19:59:09,2026-02-07 19:59:09
TXN00015427,1,1089.6,P3,2026-04-04 00:00:00,2026-04-04 00:00:00
TXN00015434,1,8317.58,MEDIUM,2026-03-21 07:42:38,2026-03-21 07:42:38
TXN00015440,1,0.0,MEDIUM,2026-01-13 00:00:00,2026-01-13 00:00:00
TXN00015469,1,0.0,P3,2026-02-26 00:00:00,2026-02-26 00:00:00
TXN00015474,1,879.08,MEDIUM,2026-01-05 00:00:00,2026-01-05 00:00:00
TXN00015481,1,2917.55,LOW,2026-01-17 09:49:00,2026-01-17 09:49:00
TXN00015492,1,2618.19,P2,2026-01-25 02:09:52,2026-01-25 02:09:52
TXN00015494,1,1459.8,CRITICAL,2026-01-29 00:00:00,2026-01-29 00:00:00
TXN00015495,1,448.1,MEDIUM,2026-04-08 09:57:07,2026-04-08 09:57:07
TXN00015499,1,1792.1,LOW,2026-03-14 00:00:00,2026-03-14 00:00:00
TXN00015520,1,578.15,P1,2026-02-23 00:00:00,2026-02-23 00:00:00
TXN00015532,1,90.26,P1,2026-02-03 00:00:00,2026-02-03 00:00:00
TXN00015571,1,722.56,P3,2026-02-07 00:00:00,2026-02-07 00:00:00
TXN00015576,2,2630.4500000000003,"P2,P3",2026-03-03 00:00:00,2026-03-30 00:00:00
TXN00015587,1,11364.57,LOW,2026-02-05 00:00:00,2026-02-05 00:00:00
TXN00015594,2,6385.46,"L,P1",2026-01-30 00:00:00,2026-03-16 00:00:00
TXN00015597,1,5141.83,L,2026-01-24 00:00:00,2026-01-24 00:00:00
TXN00015627,1,4853.7,MEDIUM,2026-01-21 00:00:00,2026-01-21 00:00:00
TXN00015632,1,386.01,LOW,2026-03-06 00:00:00,2026-03-06 00:00:00
TXN00015644,1,4307.19,MEDIUM,2026-03-22 07:53:46,2026-03-22 07:53:46
TXN00015649,1,2175.05,H,2026-03-21 00:00:00,2026-03-21 00:00:00
TXN00015653,1,3491.1,MEDIUM,2026-04-01 00:00:00,2026-04-01 00:00:00
TXN00015657,1,1966.13,LOW,2026-02-10 00:00:00,2026-02-10 00:00:00
TXN00015661,1,1840.53,HIGH,2026-01-23 11:54:20,2026-01-23 11:54:20
TXN00015663,1,5021.55,MEDIUM,2026-03-13 00:00:00,2026-03-13 00:00:00
TXN00015673,1,0.0,MEDIUM,2026-01-03 04:47:00,2026-01-03 04:47:00
TXN00015679,1,221.0,LOW,2026-02-25 00:00:00,2026-02-25 00:00:00
TXN00015686,1,4354.56,MEDIUM,2026-04-03 09:09:00,2026-04-03 09:09:00
TXN00015688,1,3314.0,M,2026-01-19 10:27:00,2026-01-19 10:27:00
TXN00015694,1,2581.01,L,2026-02-09 21:39:04,2026-02-09 21:39:04
TXN00015715,1,9730.68,LOW,2026-12-02 17:59:00,2026-12-02 17:59:00
TXN00015728,1,791.9,P4,2026-01-28 00:00:00,2026-01-28 00:00:00
TXN00015729,1,5873.9,H,2026-02-02 00:00:00,2026-02-02 00:00:00
TXN00015731,1,0.0,H,2026-02-11 00:00:00,2026-02-11 00:00:00
TXN00015733,1,2313.86,P3,2026-01-25 00:00:00,2026-01-25 00:00:00
TXN00015761,2,7479.95,LOW,2026-02-09 00:00:00,2026-08-02 18:43:00
TXN00015766,2,2783.51,"HIGH,P4",2026-02-18 02:44:00,2026-04-05 00:00:00
TXN00015767,1,1904.98,P3,2026-02-24 01:38:00,2026-02-24 01:38:00
TXN00015777,1,-4982.63,LOW,2026-04-11 18:19:42,2026-04-11 18:19:42
TXN00015779,2,5814.0,"H,L",2026-02-23 00:00:00,2026-08-01 20:17:00
TXN00015780,1,1404.29,P3,2026-02-06 03:02:02,2026-02-06 03:02:02
TXN00015781,2,9559.32,"MEDIUM,P2",2026-02-20 00:00:00,2026-02-25 18:53:25
TXN00015783,1,2852.68,P2,,
TXN00015786,1,14485.22,MEDIUM,2026-03-20 15:18:00,2026-03-20 15:18:00
TXN00015787,1,8787.96,P2,2026-02-09 16:53:32,2026-02-09 16:53:32
TXN00015798,1,5976.69,P4,2026-01-12 00:00:00,2026-01-12 00:00:00
TXN00015815,1,458.03,LOW,2026-02-26 00:00:00,2026-02-26 00:00:00
TXN00015825,1,272.77,CRIT,2026-04-03 00:00:00,2026-04-03 00:00:00
TXN00015831,1,3377.0,P2,2026-02-16 00:00:00,2026-02-16 00:00:00
TXN00015855,2,9916.58,"LOW,P3",2026-02-19 00:00:00,2026-03-19 00:00:00
TXN00015883,1,2183.47,P3,2026-01-19 00:00:00,2026-01-19 00:00:00
TXN00015884,1,247.02,HIGH,2026-06-03 00:00:00,2026-06-03 00:00:00
TXN00015908,1,540.0,MEDIUM,2026-01-31 09:49:28,2026-01-31 09:49:28
TXN00015911,1,1701.23,P2,2026-04-02 00:00:00,2026-04-02 00:00:00
TXN00015922,1,-759.33,P2,2026-02-25 00:00:00,2026-02-25 00:00:00
TXN00015926,1,851.0,MEDIUM,2026-03-12 14:21:21,2026-03-12 14:21:21
TXN00015930,1,8611.05,LOW,2026-02-11 00:00:00,2026-02-11 00:00:00
TXN00015934,1,1508.23,P2,2026-03-24 00:00:00,2026-03-24 00:00:00
TXN00015944,1,1459.42,LOW,2026-01-14 21:01:41,2026-01-14 21:01:41
TXN00015951,1,607.62,P3,2026-03-02 22:57:12,2026-03-02 22:57:12
TXN00015953,1,0.0,P4,2026-03-20 00:00:00,2026-03-20 00:00:00
TXN00015963,1,3356.0,MEDIUM,2026-01-22 00:00:00,2026-01-22 00:00:00
TXN00015972,1,8836.22,CRITICAL,2026-01-21 23:22:51,2026-01-21 23:22:51
TXN00015982,1,3445.69,L,2026-03-21 00:00:00,2026-03-21 00:00:00
TXN00015990,1,-1640.31,P1,2026-01-23 03:20:00,2026-01-23 03:20:00
TXN00015992,1,6937.41,H,2026-03-10 00:00:00,2026-03-10 00:00:00
TXN00015997,1,1370.91,LOW,2026-02-27 01:44:30,2026-02-27 01:44:30
TXN00016001,2,1805.71,"HIGH,P3",2026-02-20 00:00:00,2026-05-02 06:11:00
TXN00016017,1,-849.31,P2,2026-02-27 00:00:00,2026-02-27 00:00:00
TXN00016035,1,2162.74,M,2026-03-20 00:00:00,2026-03-20 00:00:00
TXN00016038,1,447.63,HIGH,2026-03-23 00:00:00,2026-03-23 00:00:00
TXN00016040,1,3127.0,LOW,2026-02-06 00:00:00,2026-02-06 00:00:00
TXN00016050,1,1426.42,P3,2026-01-26 00:00:00,2026-01-26 00:00:00
TXN00016055,1,509.0,HIGH,2026-01-17 00:00:00,2026-01-17 00:00:00
TXN00016057,1,3429.16,P2,2026-01-19 00:00:00,2026-01-19 00:00:00
TXN00016061,1,-3106.54,MEDIUM,2026-01-05 00:00:00,2026-01-05 00:00:00
TXN00016070,1,2123.39,M,2026-03-03 00:00:00,2026-03-03 00:00:00
TXN00016086,1,756.07,H,2026-04-06 00:00:00,2026-04-06 00:00:00
TXN00016107,1,800.72,LOW,2026-04-14 10:20:30,2026-04-14 10:20:30
TXN00016135,1,830.69,MEDIUM,2026-02-11 00:00:00,2026-02-11 00:00:00
TXN00016138,1,2973.45,LOW,2026-03-18 00:00:00,2026-03-18 00:00:00
TXN00016151,1,1236.73,LOW,2026-02-04 08:28:07,2026-02-04 08:28:07
TXN00016160,1,604.17,MEDIUM,2026-02-05 04:45:43,2026-02-05 04:45:43
TXN00016165,1,4335.54,H,2026-02-16 00:00:00,2026-02-16 00:00:00
TXN00016173,1,8263.92,L,,
TXN00016182,1,237.88,P4,2026-01-30 00:00:00,2026-01-30 00:00:00
TXN00016188,1,1305.41,P2,2026-01-30 11:51:00,2026-01-30 11:51:00
TXN00016195,1,471.0,LOW,2026-03-22 01:33:06,2026-03-22 01:33:06
TXN00016196,1,-2141.56,P3,2026-01-10 00:00:00,2026-01-10 00:00:00
TXN00016199,1,4366.91,HIGH,2026-03-13 00:00:00,2026-03-13 00:00:00
TXN00016200,2,3220.1400000000003,"H,M",2026-01-22 03:12:00,2026-02-03 00:00:00
TXN00016205,1,3052.0,P4,2026-03-20 00:00:00,2026-03-20 00:00:00
TXN00016207,2,2011.3200000000002,"HIGH,P3",2026-01-04 00:00:00,2026-01-23 00:00:00
TXN00016211,1,-6191.97,H,2026-03-03 00:00:00,2026-03-03 00:00:00
TXN00016267,1,1756.0,HIGH,2026-03-07 00:00:00,2026-03-07 00:00:00
TXN00016286,2,2687.42,"MEDIUM,P3",2026-03-18 09:22:00,2026-03-18 09:22:00
TXN00016295,1,10226.59,MEDIUM,2026-03-21 00:00:00,2026-03-21 00:00:00
TXN00016308,1,3857.22,L,2026-01-17 21:14:00,2026-01-17 21:14:00
TXN00016316,1,5742.0,LOW,2026-01-13 00:00:00,2026-01-13 00:00:00
TXN00016322,1,1512.0,LOW,2026-02-28 00:37:00,2026-02-28 00:37:00
TXN00016325,1,1085.5,M,2026-03-07 00:00:00,2026-03-07 00:00:00
TXN00016326,1,905.23,P4,2026-03-15 00:00:00,2026-03-15 00:00:00
TXN00016348,1,2797.85,LOW,2026-02-18 13:58:34,2026-02-18 13:58:34
TXN00016351,1,2366.0,H,2026-03-31 15:14:10,2026-03-31 15:14:10
TXN00016352,1,6616.61,P3,2026-01-18 00:00:00,2026-01-18 00:00:00
TXN00016365,1,287.37,P4,2026-01-18 13:07:29,2026-01-18 13:07:29
TXN00016367,1,6490.82,P3,2026-03-11 00:00:00,2026-03-11 00:00:00
TXN00016378,1,403.8,HIGH,2026-03-02 21:57:09,2026-03-02 21:57:09
TXN00016394,2,1503.32,"HIGH,LOW",2026-03-11 17:25:21,2026-03-30 00:00:00
TXN00016400,1,1616.81,P3,2026-04-18 00:00:00,2026-04-18 00:00:00
TXN00016401,1,5981.0,P2,2026-01-02 00:00:00,2026-01-02 00:00:00
TXN00016408,1,5179.58,LOW,2026-02-19 00:00:00,2026-02-19 00:00:00
TXN00016424,1,1444.48,HIGH,,
TXN00016429,1,276.59,MEDIUM,2026-12-01 05:11:00,2026-12-01 05:11:00
TXN00016456,1,3977.66,LOW,2026-03-26 00:00:00,2026-03-26 00:00:00
TXN00016461,1,-734.05,HIGH,2026-02-25 00:00:00,2026-02-25 00:00:00
TXN00016465,1,1819.68,P2,2026-11-01 14:41:00,2026-11-01 14:41:00
TXN00016469,2,13428.48,"H,P1",2026-02-06 00:00:00,2026-02-06 00:00:00
TXN00016470,2,-47.50999999999999,"HIGH,P2",2026-01-10 09:49:36,2026-01-25 15:05:00
TXN00016493,1,1664.55,L,,
TXN00016496,1,5996.21,CRITICAL,2026-02-06 00:00:00,2026-02-06 00:00:00
TXN00016497,1,3794.91,M,2026-12-03 04:20:00,2026-12-03 04:20:00
TXN00016498,1,3489.66,P2,2026-01-03 00:00:00,2026-01-03 00:00:00
TXN00016521,1,2697.0,LOW,2026-03-13 00:00:00,2026-03-13 00:00:00
TXN00016536,1,406.58,P1,2026-03-06 00:00:00,2026-03-06 00:00:00
TXN00016541,1,1089.44,MEDIUM,2026-03-01 00:00:00,2026-03-01 00:00:00
TXN00016545,1,268.66,M,2026-03-07 00:00:00,2026-03-07 00:00:00
TXN00016557,1,3670.72,P3,2026-03-31 11:25:32,2026-03-31 11:25:32
TXN00016562,1,709.53,LOW,2026-01-15 13:06:53,2026-01-15 13:06:53
TXN00016574,1,2828.9,MEDIUM,2026-02-01 00:00:00,2026-02-01 00:00:00
TXN00016579,1,1345.55,P3,2026-03-05 00:00:00,2026-03-05 00:00:00
TXN00016585,1,0.0,MEDIUM,,
TXN00016593,1,6511.97,MEDIUM,2026-01-13 00:00:00,2026-01-13 00:00:00
TXN00016623,1,818.66,HIGH,2026-01-15 08:21:37,2026-01-15 08:21:37
TXN00016633,1,3329.74,P2,2026-03-07 00:00:00,2026-03-07 00:00:00
TXN00016636,1,6720.23,MEDIUM,,
TXN00016639,1,2539.68,HIGH,2026-03-04 00:00:00,2026-03-04 00:00:00
TXN00016644,1,898.0,HIGH,2026-01-26 00:00:00,2026-01-26 00:00:00
TXN00016648,1,1142.0,MEDIUM,2026-01-19 00:00:00,2026-01-19 00:00:00
TXN00016662,1,4341.13,LOW,2026-01-13 00:00:00,2026-01-13 00:00:00
TXN00016671,1,1587.1,LOW,2026-02-24 00:00:00,2026-02-24 00:00:00
TXN00016673,1,1675.84,L,2026-01-05 00:00:00,2026-01-05 00:00:00
TXN00016683,1,8248.74,M,2026-03-31 00:00:00,2026-03-31 00:00:00
TXN00016687,1,15660.34,P3,2026-01-11 00:00:00,2026-01-11 00:00:00
TXN00016689,1,2052.97,LOW,2026-03-11 00:00:00,2026-03-11 00:00:00
TXN00016708,1,2567.69,MEDIUM,,
TXN00016714,1,0.0,P3,2026-01-12 00:00:00,2026-01-12 00:00:00
TXN00016715,1,1128.27,MEDIUM,2026-01-14 00:00:00,2026-01-14 00:00:00
TXN00016717,1,3272.08,MEDIUM,,
TXN00016719,1,2956.42,LOW,2026-01-19 00:00:00,2026-01-19 00:00:00
TXN00016726,1,2235.82,H,2026-02-22 00:00:00,2026-02-22 00:00:00
TXN00016736,1,15548.64,P3,2026-02-10 17:51:46,2026-02-10 17:51:46
TXN00016739,1,10606.78,L,2026-06-02 14:44:00,2026-06-02 14:44:00
TXN00016742,1,1163.64,LOW,,
TXN00016749,1,0.0,M,2026-04-03 00:00:00,2026-04-03 00:00:00
TXN00016753,1,390.5,L,2026-03-13 00:00:00,2026-03-13 00:00:00
TXN00016754,1,2563.38,P4,2026-02-19 12:19:39,2026-02-19 12:19:39
TXN00016756,1,455.72,MEDIUM,2026-03-14 00:00:00,2026-03-14 00:00:00
TXN00016767,1,1273.0,H,2026-03-07 21:23:05,2026-03-07 21:23:05
TXN00016774,1,9878.08,CRIT,2026-03-19 00:00:00,2026-03-19 00:00:00
TXN00016780,1,1017.31,LOW,2026-01-14 00:00:00,2026-01-14 00:00:00
TXN00016806,1,754.9,P3,2026-01-23 08:43:25,2026-01-23 08:43:25
TXN00016813,1,9012.82,P2,,
TXN00016822,1,3058.22,LOW,2026-02-19 00:00:00,2026-02-19 00:00:00
TXN00016836,1,0.0,MEDIUM,2026-02-14 00:00:00,2026-02-14 00:00:00
TXN00016837,1,0.0,HIGH,2026-03-13 00:00:00,2026-03-13 00:00:00
TXN00016840,1,276.74,P2,2026-01-09 14:02:55,2026-01-09 14:02:55
TXN00016875,1,-570.66,LOW,,
TXN00016877,1,3046.01,MEDIUM,2026-04-10 05:14:49,2026-04-10 05:14:49
TXN00016878,1,2996.76,LOW,2026-02-16 00:00:00,2026-02-16 00:00:00
TXN00016890,1,2406.47,LOW,2026-03-29 00:00:00,2026-03-29 00:00:00
TXN00016892,1,1942.12,P2,2026-01-29 01:18:00,2026-01-29 01:18:00
TXN00016902,1,1595.05,LOW,2026-01-17 22:10:59,2026-01-17 22:10:59
TXN00016908,1,2938.45,LOW,2026-03-26 00:00:00,2026-03-26 00:00:00
TXN00016911,1,1895.66,MEDIUM,2026-12-01 00:00:00,2026-12-01 00:00:00
TXN00016915,1,886.36,M,2026-03-28 00:00:00,2026-03-28 00:00:00
TXN00016920,1,2798.0,MEDIUM,2026-01-20 00:00:00,2026-01-20 00:00:00
TXN00016937,1,-6269.03,M,2026-01-27 00:00:00,2026-01-27 00:00:00
TXN00016939,1,27330.78,CRITICAL,2026-03-07 00:00:00,2026-03-07 00:00:00
TXN00016940,2,7609.26,"LOW,MEDIUM",2026-01-07 01:02:00,2026-02-14 00:00:00
TXN00016957,1,1444.28,P4,2026-04-16 00:00:00,2026-04-16 00:00:00
TXN00016961,2,942.21,"CRITICAL,P3",2026-03-14 12:00:58,2026-03-16 00:00:00
TXN00016966,1,1081.02,LOW,2026-01-14 00:00:00,2026-01-14 00:00:00
TXN00016968,1,1768.72,MEDIUM,2026-03-11 23:37:25,2026-03-11 23:37:25
TXN00016978,1,3895.0,MEDIUM,2026-04-12 20:01:14,2026-04-12 20:01:14
TXN00016982,1,662.25,P3,2026-10-01 00:00:00,2026-10-01 00:00:00
TXN00016988,1,0.0,MEDIUM,2026-03-07 00:00:00,2026-03-07 00:00:00
TXN00017004,1,645.98,CRITICAL,2026-01-29 03:06:00,2026-01-29 03:06:00
TXN00017005,1,10880.54,MEDIUM,2026-03-31 21:38:30,2026-03-31 21:38:30
TXN00017012,1,990.42,MEDIUM,2026-02-09 00:00:00,2026-02-09 00:00:00
TXN00017025,1,0.0,LOW,2026-03-24 23:17:18,2026-03-24 23:17:18
TXN00017037,1,1937.0,P2,2026-02-23 01:40:31,2026-02-23 01:40:31
TXN00017039,1,1306.0,LOW,2026-01-06 00:00:00,2026-01-06 00:00:00
TXN00017040,1,2935.06,MEDIUM,,
TXN00017041,1,-768.89,P2,2026-03-17 00:00:00,2026-03-17 00:00:00
TXN00017042,1,1707.0,P4,2026-01-22 12:51:19,2026-01-22 12:51:19
TXN00017045,1,1409.0,MEDIUM,2026-03-07 00:00:00,2026-03-07 00:00:00
TXN00017047,1,1731.53,LOW,2026-02-05 00:00:00,2026-02-05 00:00:00
TXN00017055,1,226.51,HIGH,2026-03-03 00:00:00,2026-03-03 00:00:00
TXN00017060,1,575.09,P4,2026-04-05 00:00:00,2026-04-05 00:00:00
TXN00017072,1,15432.0,H,2026-01-23 00:00:00,2026-01-23 00:00:00
TXN00017080,1,687.73,L,2026-03-03 00:00:00,2026-03-03 00:00:00
TXN00017091,1,2254.1,HIGH,2026-02-28 00:00:00,2026-02-28 00:00:00
TXN00017098,1,1358.37,P3,2026-02-02 14:20:47,2026-02-02 14:20:47
TXN00017102,1,193.64,M,2026-03-17 12:49:37,2026-03-17 12:49:37
TXN00017113,1,580.57,M,2026-03-21 00:00:00,2026-03-21 00:00:00
TXN00017134,1,-2108.75,P4,2026-03-18 15:16:59,2026-03-18 15:16:59
TXN00017140,1,589.03,M,2026-01-12 11:37:03,2026-01-12 11:37:03
TXN00017149,1,1317.13,HIGH,2026-01-24 00:00:00,2026-01-24 00:00:00
TXN00017156,2,1029.81,"MEDIUM,P3",2026-02-15 05:57:47,2026-02-21 00:00:00
TXN00017157,1,738.08,M,2026-03-29 00:00:00,2026-03-29 00:00:00
TXN00017169,1,696.63,LOW,2026-12-03 00:00:00,2026-12-03 00:00:00
TXN00017175,1,-2616.12,P2,2026-01-31 03:03:07,2026-01-31 03:03:07
TXN00017184,1,3231.22,M,2026-03-13 12:43:00,2026-03-13 12:43:00
TXN00017185,1,384.18,P3,2026-03-16 00:00:00,2026-03-16 00:00:00
TXN00017191,2,-11544.45,"MEDIUM,P4",2026-01-04 06:09:00,2026-01-04 06:09:00
TXN00017193,1,2406.17,MEDIUM,2026-04-03 00:00:00,2026-04-03 00:00:00
TXN00017196,1,9937.63,MEDIUM,2026-03-07 02:28:07,2026-03-07 02:28:07
TXN00017204,1,0.0,M,2026-01-18 00:00:00,2026-01-18 00:00:00
TXN00017209,1,1552.09,MEDIUM,2026-03-14 22:13:16,2026-03-14 22:13:16
TXN00017214,1,-1267.1,P3,2026-03-08 00:00:00,2026-03-08 00:00:00
TXN00017223,1,-711.68,LOW,2026-03-20 21:23:30,2026-03-20 21:23:30
TXN00017225,1,4972.38,LOW,2026-03-11 00:00:00,2026-03-11 00:00:00
TXN00017227,1,2799.72,HIGH,2026-08-03 13:25:00,2026-08-03 13:25:00
TXN00017229,1,796.1,MEDIUM,2026-02-28 00:00:00,2026-02-28 00:00:00
TXN00017235,1,18567.74,M,2026-02-12 02:11:43,2026-02-12 02:11:43
TXN00017240,1,7674.03,LOW,2026-02-18 00:00:00,2026-02-18 00:00:00
TXN00017251,1,6191.71,M,2026-02-06 17:58:56,2026-02-06 17:58:56
TXN00017265,1,2120.67,LOW,2026-01-25 16:37:52,2026-01-25 16:37:52
TXN00017266,1,260.19,HIGH,2026-01-30 00:00:00,2026-01-30 00:00:00
TXN00017286,1,497.0,M,2026-01-30 00:00:00,2026-01-30 00:00:00
TXN00017298,1,3871.95,P3,2026-03-23 00:00:00,2026-03-23 00:00:00
TXN00017300,1,2554.87,HIGH,2026-02-16 00:00:00,2026-02-16 00:00:00
TXN00017315,1,704.73,HIGH,,
TXN00017317,1,8056.19,MEDIUM,2026-01-13 05:52:57,2026-01-13 05:52:57
TXN00017327,1,1722.43,P4,2026-02-02 00:00:00,2026-02-02 00:00:00
TXN00017336,1,3087.13,CRITICAL,2026-04-08 16:47:26,2026-04-08 16:47:26
TXN00017340,1,1945.77,LOW,2026-03-28 00:00:00,2026-03-28 00:00:00
TXN00017349,1,1441.68,MEDIUM,2026-03-15 15:43:00,2026-03-15 15:43:00
TXN00017357,1,3043.82,P1,2026-03-29 00:00:00,2026-03-29 00:00:00
TXN00017361,1,1755.45,LOW,2026-11-02 00:00:00,2026-11-02 00:00:00
TXN00017368,1,0.0,MEDIUM,2026-02-12 00:00:00,2026-02-12 00:00:00
TXN00017372,1,1275.74,H,2026-02-05 01:14:36,2026-02-05 01:14:36
TXN00017373,1,4758.01,MEDIUM,2026-03-17 00:00:00,2026-03-17 00:00:00
TXN00017377,1,9493.15,MEDIUM,2026-02-08 04:18:41,2026-02-08 04:18:41
TXN00017387,1,303.26,P3,2026-03-12 11:20:23,2026-03-12 11:20:23
TXN00017396,1,642.07,HIGH,2026-03-18 00:00:00,2026-03-18 00:00:00
TXN00017399,1,685.65,CRITICAL,2026-01-27 00:00:00,2026-01-27 00:00:00
TXN00017402,1,2837.81,P4,2026-01-31 00:47:03,2026-01-31 00:47:03
TXN00017408,1,836.19,P4,2026-03-23 00:00:00,2026-03-23 00:00:00
TXN00017412,1,1505.0,LOW,2026-02-17 00:00:00,2026-02-17 00:00:00
TXN00017414,1,12249.71,HIGH,2026-01-08 00:00:00,2026-01-08 00:00:00
TXN00017418,1,1350.91,P4,2026-01-03 02:57:39,2026-01-03 02:57:39
TXN00017424,1,9374.52,M,2026-02-19 00:00:00,2026-02-19 00:00:00
TXN00017437,2,1311.0,"M,P3",2026-01-18 00:00:00,2026-01-18 00:00:00
TXN00017441,1,766.94,H,2026-01-15 00:00:00,2026-01-15 00:00:00
TXN00017444,1,252.18,M,2026-03-25 00:00:00,2026-03-25 00:00:00
TXN00017451,1,1007.69,P4,2026-03-06 17:47:56,2026-03-06 17:47:56
TXN00017457,1,0.0,LOW,2026-03-10 00:00:00,2026-03-10 00:00:00
TXN00017462,1,0.0,LOW,2026-05-03 00:00:00,2026-05-03 00:00:00
TXN00017469,1,1016.01,LOW,2026-02-05 00:00:00,2026-02-05 00:00:00
TXN00017471,1,918.63,H,2026-04-02 00:00:00,2026-04-02 00:00:00
TXN00017472,1,14012.62,CRIT,2026-03-10 13:37:56,2026-03-10 13:37:56
TXN00017504,1,12647.35,P4,2026-01-30 09:27:00,2026-01-30 09:27:00
TXN00017510,1,788.58,H,2026-04-04 08:04:37,2026-04-04 08:04:37
TXN00017513,1,24586.31,L,2026-01-28 00:00:00,2026-01-28 00:00:00
TXN00017532,1,2971.18,LOW,2026-01-30 00:00:00,2026-01-30 00:00:00
TXN00017548,1,6612.88,MEDIUM,2026-03-13 00:00:00,2026-03-13 00:00:00
TXN00017555,1,2069.43,P4,,
TXN00017565,1,3265.92,M,,
TXN00017581,2,1299.7,"CRITICAL,L",2026-01-08 21:56:24,2026-02-19 12:11:31
TXN00017590,1,740.63,P3,2026-01-29 00:00:00,2026-01-29 00:00:00
TXN00017591,1,6180.12,MEDIUM,2026-09-02 00:00:00,2026-09-02 00:00:00
TXN00017598,1,819.3,MEDIUM,,
TXN00017607,1,291.0,LOW,2026-03-11 00:00:00,2026-03-11 00:00:00
TXN00017642,1,1505.96,H,2026-03-01 00:00:00,2026-03-01 00:00:00
TXN00017647,1,3677.06,MEDIUM,2026-01-22 00:00:00,2026-01-22 00:00:00
TXN00017653,1,4402.84,MEDIUM,2026-01-23 00:00:00,2026-01-23 00:00:00
TXN00017656,1,-447.83,P3,2026-03-01 03:37:00,2026-03-01 03:37:00
TXN00017658,1,845.38,MEDIUM,2026-02-10 00:00:00,2026-02-10 00:00:00
TXN00017663,1,8257.96,H,2026-01-17 00:24:23,2026-01-17 00:24:23
TXN00017675,1,0.0,MEDIUM,2026-03-17 08:41:11,2026-03-17 08:41:11
TXN00017688,1,433.23,P3,2026-02-11 00:00:00,2026-02-11 00:00:00
TXN00017706,1,1159.44,LOW,2026-01-24 00:00:00,2026-01-24 00:00:00
TXN00017717,1,24414.54,LOW,2026-02-21 00:00:00,2026-02-21 00:00:00
TXN00017718,1,1451.78,P4,2026-01-23 00:00:00,2026-01-23 00:00:00
TXN00017737,1,1419.1,CRIT,2026-02-16 00:00:00,2026-02-16 00:00:00
TXN00017740,1,2328.0,P3,2026-02-19 04:42:00,2026-02-19 04:42:00
TXN00017748,2,10015.0,"L,LOW",2026-02-12 00:00:00,2026-03-19 19:20:03
TXN00017755,1,3261.84,MEDIUM,2026-06-02 08:47:00,2026-06-02 08:47:00
TXN00017791,1,2658.78,MEDIUM,2026-02-20 00:00:00,2026-02-20 00:00:00
TXN00017797,1,1590.47,HIGH,2026-01-23 23:22:08,2026-01-23 23:22:08
TXN00017802,1,1303.05,H,2026-04-01 00:00:00,2026-04-01 00:00:00
TXN00017826,1,5617.04,LOW,2026-02-03 00:00:00,2026-02-03 00:00:00
TXN00017838,1,-1201.31,P2,2026-03-26 21:56:00,2026-03-26 21:56:00
TXN00017847,1,714.0,P2,2026-02-07 00:00:00,2026-02-07 00:00:00
TXN00017864,1,-2911.37,P2,2026-05-03 00:00:00,2026-05-03 00:00:00
TXN00017871,2,5375.87,HIGH,2026-02-01 00:00:00,2026-03-01 00:00:00
TXN00017876,1,638.04,P2,2026-03-10 14:02:56,2026-03-10 14:02:56
TXN00017882,1,732.66,P2,2026-01-20 00:00:00,2026-01-20 00:00:00
TXN00017891,1,3343.99,CRIT,2026-12-01 00:00:00,2026-12-01 00:00:00
TXN00017893,1,4556.84,P4,2026-01-04 08:34:57,2026-01-04 08:34:57
TXN00017897,1,1234.0,MEDIUM,2026-01-27 22:56:59,2026-01-27 22:56:59
TXN00017905,1,2185.09,L,2026-01-30 00:00:00,2026-01-30 00:00:00
TXN00017915,1,1532.42,MEDIUM,2026-02-08 00:00:00,2026-02-08 00:00:00
TXN00017923,1,1055.53,MEDIUM,2026-02-24 00:00:00,2026-02-24 00:00:00
TXN00017925,1,1402.12,MEDIUM,,
TXN00017926,1,5338.83,L,2026-10-02 02:54:00,2026-10-02 02:54:00
TXN00017932,1,4452.54,P1,,
TXN00017953,1,6427.42,MEDIUM,2026-01-06 19:24:02,2026-01-06 19:24:02
TXN00017962,1,2741.61,LOW,2026-02-27 00:00:00,2026-02-27 00:00:00
TXN00017969,1,2501.0,P3,2026-04-09 00:00:00,2026-04-09 00:00:00
TXN00017992,2,2831.77,"L,LOW",2026-03-22 01:07:00,2026-03-22 01:07:00
TXN00017995,1,1918.51,M,2026-03-27 02:11:24,2026-03-27 02:11:24
TXN00018011,2,926.6199999999999,"HIGH,L",2026-01-20 00:00:00,2026-12-02 00:00:00
TXN00018012,1,722.5,LOW,2026-03-28 00:00:00,2026-03-28 00:00:00
TXN00018017,1,1017.08,M,2026-02-17 08:36:00,2026-02-17 08:36:00
TXN00018020,1,1238.72,P4,2026-03-18 00:00:00,2026-03-18 00:00:00
TXN00018024,1,0.0,MEDIUM,2026-02-28 00:00:00,2026-02-28 00:00:00
TXN00018031,1,-700.6,MEDIUM,2026-01-22 05:45:24,2026-01-22 05:45:24
TXN00018041,1,479.19,P4,2026-03-24 00:00:00,2026-03-24 00:00:00
TXN00018048,1,2467.08,H,2026-05-02 16:57:00,2026-05-02 16:57:00
TXN00018053,1,1619.1,LOW,2026-01-28 00:00:00,2026-01-28 00:00:00
TXN00018059,1,0.0,MEDIUM,2026-03-12 00:00:00,2026-03-12 00:00:00
TXN00018064,1,590.0,P3,2026-09-01 05:25:00,2026-09-01 05:25:00
TXN00018065,1,4568.57,LOW,2026-02-14 14:04:54,2026-02-14 14:04:54
TXN00018071,1,3289.2,M,2026-03-06 00:00:00,2026-03-06 00:00:00
TXN00018073,1,171.37,L,2026-01-18 00:00:00,2026-01-18 00:00:00
TXN00018079,1,8988.28,P3,2026-03-29 00:00:00,2026-03-29 00:00:00
TXN00018087,1,2152.04,LOW,2026-01-15 00:00:00,2026-01-15 00:00:00
TXN00018097,1,2522.66,HIGH,2026-02-27 00:00:00,2026-02-27 00:00:00
TXN00018105,1,2703.6,P4,2026-03-25 03:23:09,2026-03-25 03:23:09
TXN00018113,1,987.42,LOW,2026-02-12 17:45:31,2026-02-12 17:45:31
TXN00018114,1,2570.74,MEDIUM,2026-01-17 00:00:00,2026-01-17 00:00:00
TXN00018116,1,1239.17,L,2026-02-05 00:00:00,2026-02-05 00:00:00
TXN00018122,1,5694.69,P3,2026-05-03 00:00:00,2026-05-03 00:00:00
TXN00018123,1,3146.39,L,2026-03-19 00:00:00,2026-03-19 00:00:00
TXN00018137,1,7022.75,M,2026-02-18 00:00:00,2026-02-18 00:00:00
TXN00018141,1,4311.27,MEDIUM,2026-03-19 00:00:00,2026-03-19 00:00:00
TXN00018148,1,2197.15,L,2026-01-07 00:00:00,2026-01-07 00:00:00
TXN00018150,1,1285.26,MEDIUM,2026-01-09 00:00:00,2026-01-09 00:00:00
TXN00018160,1,482.0,MEDIUM,2026-03-01 00:00:00,2026-03-01 00:00:00
TXN00018185,1,660.0,P1,2026-02-28 00:00:00,2026-02-28 00:00:00
TXN00018187,1,0.0,M,2026-03-27 00:00:00,2026-03-27 00:00:00
TXN00018188,1,609.57,P1,2026-01-05 00:00:00,2026-01-05 00:00:00
TXN00018190,1,3985.84,MEDIUM,2026-02-24 00:00:00,2026-02-24 00:00:00
TXN00018193,1,-1923.55,LOW,2026-01-27 00:00:00,2026-01-27 00:00:00
TXN00018203,1,1403.54,LOW,2026-02-12 08:26:59,2026-02-12 08:26:59
TXN00018217,1,1300.73,HIGH,,
TXN00018221,1,119.0,LOW,2026-03-17 00:00:00,2026-03-17 00:00:00
TXN00018222,1,1611.0,P4,2026-10-03 18:32:00,2026-10-03 18:32:00
TXN00018235,1,5681.16,HIGH,2026-02-19 00:00:00,2026-02-19 00:00:00
TXN00018250,1,4835.58,L,2026-01-14 23:22:45,2026-01-14 23:22:45
TXN00018275,1,894.24,LOW,2026-08-04 07:16:00,2026-08-04 07:16:00
TXN00018296,1,849.13,M,2026-03-11 00:00:00,2026-03-11 00:00:00
TXN00018300,1,3125.63,L,2026-05-07 00:00:00,2026-05-07 00:00:00
TXN00018308,1,5058.0,HIGH,2026-03-11 15:45:04,2026-03-11 15:45:04
TXN00018314,1,1635.13,MEDIUM,2026-03-21 12:55:00,2026-03-21 12:55:00
TXN00018324,1,1624.65,LOW,2026-03-11 00:00:00,2026-03-11 00:00:00
TXN00018342,1,2231.66,CRITICAL,2026-03-25 00:00:00,2026-03-25 00:00:00
TXN00018344,1,9060.0,HIGH,2026-03-07 00:00:00,2026-03-07 00:00:00
TXN00018348,1,1207.49,P4,2026-02-13 05:26:28,2026-02-13 05:26:28
TXN00018357,1,13142.13,MEDIUM,2026-10-02 05:15:00,2026-10-02 05:15:00
TXN00018358,1,-1889.21,H,2026-03-20 03:25:00,2026-03-20 03:25:00
TXN00018359,1,333.0,LOW,,
TXN00018367,1,1495.59,P3,2026-03-01 05:05:00,2026-03-01 05:05:00
TXN00018381,1,528.22,P4,2026-01-26 00:09:00,2026-01-26 00:09:00
TXN00018387,1,741.15,M,2026-02-20 00:00:00,2026-02-20 00:00:00
TXN00018402,1,1848.85,P4,2026-02-27 00:00:00,2026-02-27 00:00:00
TXN00018414,1,3972.17,HIGH,2026-03-30 11:45:10,2026-03-30 11:45:10
TXN00018418,1,671.84,H,2026-03-16 00:00:00,2026-03-16 00:00:00
TXN00018420,1,2274.67,H,2026-12-03 19:55:00,2026-12-03 19:55:00
TXN00018423,1,1074.0,H,2026-08-02 16:45:00,2026-08-02 16:45:00
TXN00018467,1,688.0,MEDIUM,,
TXN00018481,1,776.76,MEDIUM,2026-02-03 00:00:00,2026-02-03 00:00:00
TXN00018489,1,267.92,H,2026-02-14 19:21:00,2026-02-14 19:21:00
TXN00018498,1,1779.0,LOW,2026-03-23 00:00:00,2026-03-23 00:00:00
TXN00018501,1,1061.55,P4,2026-06-03 07:45:00,2026-06-03 07:45:00
TXN00018504,1,2887.1,L,2026-02-23 00:00:00,2026-02-23 00:00:00
TXN00018518,1,2159.7,LOW,2026-01-04 00:00:00,2026-01-04 00:00:00
TXN00018525,1,263.29,LOW,2026-01-17 00:00:00,2026-01-17 00:00:00
TXN00018528,1,3336.11,M,2026-03-14 00:00:00,2026-03-14 00:00:00
TXN00018536,1,1257.97,HIGH,2026-02-24 00:00:00,2026-02-24 00:00:00
TXN00018546,1,7492.62,HIGH,2026-02-23 00:00:00,2026-02-23 00:00:00
TXN00018559,1,9404.0,L,2026-02-17 02:27:10,2026-02-17 02:27:10
TXN00018578,1,4970.0,MEDIUM,2026-02-03 00:00:00,2026-02-03 00:00:00
TXN00018597,1,2898.66,M,2026-02-14 10:59:54,2026-02-14 10:59:54
TXN00018599,1,576.0,MEDIUM,2026-03-25 04:34:33,2026-03-25 04:34:33
TXN00018603,1,3615.07,CRIT,2026-03-26 00:00:00,2026-03-26 00:00:00
TXN00018611,1,1143.89,MEDIUM,2026-02-13 00:00:00,2026-02-13 00:00:00
TXN00018643,1,0.0,L,2026-02-19 16:58:00,2026-02-19 16:58:00
TXN00018653,1,2423.45,L,2026-02-22 00:00:00,2026-02-22 00:00:00
TXN00018659,1,4959.68,CRIT,2026-02-21 00:00:00,2026-02-21 00:00:00
TXN00018666,1,1677.0,P3,2026-03-06 00:00:00,2026-03-06 00:00:00
TXN00018670,1,3883.93,MEDIUM,2026-03-13 00:00:00,2026-03-13 00:00:00
TXN00018681,1,5525.44,MEDIUM,2026-03-06 00:00:00,2026-03-06 00:00:00
TXN00018686,1,530.01,M,2026-01-17 00:00:00,2026-01-17 00:00:00
TXN00018703,1,1513.0,CRITICAL,2026-02-07 00:00:00,2026-02-07 00:00:00
TXN00018705,1,325.69,L,2026-02-18 00:00:00,2026-02-18 00:00:00
TXN00018717,1,4563.14,P4,2026-03-02 15:58:44,2026-03-02 15:58:44
TXN00018727,1,10161.06,HIGH,2026-03-25 00:00:00,2026-03-25 00:00:00
TXN00018732,1,2042.84,H,2026-02-11 00:00:00,2026-02-11 00:00:00
TXN00018738,1,1179.22,LOW,2026-03-13 00:00:00,2026-03-13 00:00:00
TXN00018753,1,12010.0,LOW,2026-03-27 11:53:00,2026-03-27 11:53:00
TXN00018761,1,1500.59,L,2026-01-24 00:00:00,2026-01-24 00:00:00
TXN00018781,1,428.55,L,2026-03-15 00:00:00,2026-03-15 00:00:00
TXN00018783,1,11640.86,L,2026-01-29 03:28:31,2026-01-29 03:28:31
TXN00018812,1,15054.0,HIGH,2026-01-16 00:00:00,2026-01-16 00:00:00
TXN00018820,1,7255.27,LOW,2026-03-02 00:00:00,2026-03-02 00:00:00
TXN00018827,1,2231.59,P3,,
TXN00018833,1,-451.83,CRIT,2026-02-13 13:09:19,2026-02-13 13:09:19
TXN00018837,1,1260.53,HIGH,2026-01-18 04:13:00,2026-01-18 04:13:00
TXN00018840,1,1901.24,H,2026-02-26 00:00:00,2026-02-26 00:00:00
TXN00018842,1,1397.32,MEDIUM,2026-03-29 08:46:00,2026-03-29 08:46:00
TXN00018844,1,6620.7,MEDIUM,2026-02-02 03:31:15,2026-02-02 03:31:15
TXN00018851,1,2087.83,H,2026-04-17 14:56:00,2026-04-17 14:56:00
TXN00018868,1,180.66,HIGH,2026-03-13 00:00:00,2026-03-13 00:00:00
TXN00018872,1,4001.57,P3,2026-02-02 00:00:00,2026-02-02 00:00:00
TXN00018877,1,2653.61,CRIT,2026-03-10 00:00:00,2026-03-10 00:00:00
TXN00018880,1,2224.0,L,2026-01-29 12:17:00,2026-01-29 12:17:00
TXN00018881,1,2108.9,P2,2026-02-26 00:00:00,2026-02-26 00:00:00
TXN00018888,1,0.0,M,2026-04-17 00:00:00,2026-04-17 00:00:00
TXN00018891,1,2154.46,HIGH,2026-06-01 00:00:00,2026-06-01 00:00:00
TXN00018893,1,3450.22,M,2026-03-01 00:00:00,2026-03-01 00:00:00
TXN00018901,1,2585.0,L,2026-01-15 00:00:00,2026-01-15 00:00:00
TXN00018905,1,547.94,HIGH,2026-02-10 00:00:00,2026-02-10 00:00:00
TXN00018916,1,1889.0,MEDIUM,,
TXN00018932,1,1825.0,HIGH,2026-03-31 10:23:00,2026-03-31 10:23:00
TXN00018937,1,1097.4,CRIT,2026-01-14 00:00:00,2026-01-14 00:00:00
TXN00018943,1,2326.89,L,2026-01-24 11:40:43,2026-01-24 11:40:43
TXN00018948,1,959.89,MEDIUM,2026-02-02 06:52:00,2026-02-02 06:52:00
TXN00018954,1,3630.2,HIGH,2026-03-07 18:04:46,2026-03-07 18:04:46
TXN00018961,1,409.0,LOW,,
TXN00018975,1,701.39,HIGH,,
TXN00018979,1,2995.87,MEDIUM,,
TXN00018989,1,2703.0,HIGH,2026-04-02 00:00:00,2026-04-02 00:00:00
TXN00018991,1,5661.32,MEDIUM,2026-02-23 00:00:00,2026-02-23 00:00:00
TXN00018996,1,1863.8,L,2026-01-27 00:00:00,2026-01-27 00:00:00
TXN00019000,1,595.88,P4,,
TXN00019004,1,-3381.39,M,2026-02-13 17:00:51,2026-02-13 17:00:51
TXN00019006,1,0.0,MEDIUM,2026-03-17 00:00:00,2026-03-17 00:00:00
TXN00019009,1,1552.99,HIGH,2026-01-15 00:00:00,2026-01-15 00:00:00
TXN00019010,1,983.91,LOW,2026-02-13 00:00:00,2026-02-13 00:00:00
TXN00019027,1,800.24,M,2026-02-17 00:00:00,2026-02-17 00:00:00
TXN00019042,1,1241.09,MEDIUM,2026-03-25 15:25:13,2026-03-25 15:25:13
TXN00019043,1,215.0,H,2026-01-22 23:10:00,2026-01-22 23:10:00
TXN00019045,1,4841.06,MEDIUM,2026-02-16 00:00:00,2026-02-16 00:00:00
TXN00019048,1,1913.71,HIGH,2026-01-14 00:00:00,2026-01-14 00:00:00
TXN00019091,1,11124.0,P3,2026-02-24 00:00:00,2026-02-24 00:00:00
TXN00019098,1,536.94,MEDIUM,2026-02-27 00:00:00,2026-02-27 00:00:00
TXN00019111,1,1094.0,P2,2026-01-19 03:25:00,2026-01-19 03:25:00
TXN00019135,1,-690.96,MEDIUM,2026-02-28 00:00:00,2026-02-28 00:00:00
TXN00019136,1,264.95,P2,,
TXN00019145,1,10111.0,M,2026-04-16 00:00:00,2026-04-16 00:00:00
TXN00019162,1,2538.07,P4,2026-03-03 10:18:01,2026-03-03 10:18:01
TXN00019163,1,1202.2,HIGH,2026-03-04 00:00:00,2026-03-04 00:00:00
TXN00019164,1,1364.5,P4,2026-02-12 07:08:18,2026-02-12 07:08:18
TXN00019169,1,8504.48,HIGH,2026-03-29 00:00:00,2026-03-29 00:00:00
TXN00019171,1,3429.44,LOW,2026-04-09 00:00:00,2026-04-09 00:00:00
TXN00019180,1,163.0,P2,2026-03-04 08:02:37,2026-03-04 08:02:37
TXN00019193,1,1004.32,P2,2026-01-13 00:00:00,2026-01-13 00:00:00
TXN00019200,1,1186.0,MEDIUM,2026-01-24 13:45:28,2026-01-24 13:45:28
TXN00019208,1,1146.96,M,2026-03-10 01:16:17,2026-03-10 01:16:17
TXN00019209,1,13306.35,LOW,2026-03-28 00:00:00,2026-03-28 00:00:00
TXN00019212,2,4181.36,"LOW,M",2026-01-20 03:57:35,2026-03-26 00:00:00
TXN00019221,1,596.6,P3,2026-03-17 00:00:00,2026-03-17 00:00:00
TXN00019231,1,1213.34,P4,2026-03-07 00:00:00,2026-03-07 00:00:00
TXN00019233,1,1007.91,LOW,2026-03-08 15:33:27,2026-03-08 15:33:27
TXN00019236,1,3160.25,P2,2026-04-10 23:55:00,2026-04-10 23:55:00
TXN00019245,2,5811.0,"L,MEDIUM",2026-01-11 00:00:00,2026-03-12 00:00:00
TXN00019262,1,385.0,P4,,
TXN00019269,1,2732.12,P3,2026-02-11 00:00:00,2026-02-11 00:00:00
TXN00019297,1,1314.28,LOW,2026-02-24 12:24:00,2026-02-24 12:24:00
TXN00019309,1,6862.58,HIGH,2026-01-11 00:00:00,2026-01-11 00:00:00
TXN00019340,1,1486.0,P2,2026-01-04 00:00:00,2026-01-04 00:00:00
TXN00019343,1,4178.65,P1,2026-02-17 08:20:00,2026-02-17 08:20:00
TXN00019345,1,-393.4,MEDIUM,2026-06-03 00:00:00,2026-06-03 00:00:00
TXN00019356,1,6782.66,HIGH,2026-10-01 06:07:00,2026-10-01 06:07:00
TXN00019376,1,439.77,HIGH,2026-09-01 18:31:00,2026-09-01 18:31:00
TXN00019385,1,1082.82,H,2026-03-21 00:00:00,2026-03-21 00:00:00
TXN00019392,1,16244.17,H,2026-01-22 00:00:00,2026-01-22 00:00:00
TXN00019402,1,0.0,P3,2026-01-19 13:52:07,2026-01-19 13:52:07
TXN00019409,1,-756.59,MEDIUM,2026-02-19 00:00:00,2026-02-19 00:00:00
TXN00019414,1,996.0,CRITICAL,2026-01-01 00:00:00,2026-01-01 00:00:00
TXN00019434,1,7211.97,MEDIUM,2026-01-15 00:00:00,2026-01-15 00:00:00
TXN00019470,1,3505.15,LOW,2026-03-04 00:00:00,2026-03-04 00:00:00
TXN00019488,1,6544.91,MEDIUM,2026-11-01 04:59:00,2026-11-01 04:59:00
TXN00019490,1,1314.21,CRITICAL,2026-01-20 00:00:00,2026-01-20 00:00:00
TXN00019503,1,1537.27,L,2026-01-22 00:00:00,2026-01-22 00:00:00
TXN00019525,1,5874.15,LOW,2026-01-14 08:32:01,2026-01-14 08:32:01
TXN00019528,1,2653.08,MEDIUM,2026-01-29 00:00:00,2026-01-29 00:00:00
TXN00019537,1,613.06,P3,2026-02-15 13:11:18,2026-02-15 13:11:18
TXN00019539,1,671.14,L,2026-03-12 00:00:00,2026-03-12 00:00:00
TXN00019555,1,15606.92,LOW,2026-01-26 00:00:00,2026-01-26 00:00:00
TXN00019558,1,1769.97,L,2026-04-05 00:00:00,2026-04-05 00:00:00
TXN00019560,1,4923.1,CRITICAL,2026-01-19 00:00:00,2026-01-19 00:00:00
TXN00019564,1,17075.88,P4,2026-03-20 00:00:00,2026-03-20 00:00:00
TXN00019571,1,475.0,M,2026-03-05 00:00:00,2026-03-05 00:00:00
TXN00019581,1,1017.95,P4,2026-03-30 00:00:00,2026-03-30 00:00:00
TXN00019588,1,0.0,MEDIUM,2026-01-25 00:00:00,2026-01-25 00:00:00
TXN00019589,1,2150.0,P2,2026-03-17 00:00:00,2026-03-17 00:00:00
TXN00019596,1,2991.63,HIGH,,
TXN00019601,1,9956.85,P2,2026-09-03 13:14:00,2026-09-03 13:14:00
TXN00019626,1,781.0,MEDIUM,2026-02-13 00:00:00,2026-02-13 00:00:00
TXN00019644,1,1335.62,L,2026-02-03 00:00:00,2026-02-03 00:00:00
TXN00019651,1,7485.82,H,2026-02-13 00:00:00,2026-02-13 00:00:00
TXN00019652,1,1289.49,P1,,
TXN00019657,1,18735.0,P3,2026-03-20 14:00:00,2026-03-20 14:00:00
TXN00019659,1,2545.52,MEDIUM,2026-03-10 00:00:00,2026-03-10 00:00:00
TXN00019661,1,0.0,P2,2026-02-21 09:56:09,2026-02-21 09:56:09
TXN00019667,1,0.0,MEDIUM,2026-03-17 23:14:00,2026-03-17 23:14:00
TXN00019669,2,3545.43,"MEDIUM,P4",2026-01-13 18:43:01,2026-03-11 00:00:00
TXN00019681,1,9661.7,HIGH,2026-02-04 00:00:00,2026-02-04 00:00:00
TXN00019683,1,-363.03,MEDIUM,2026-02-03 15:14:00,2026-02-03 15:14:00
TXN00019695,1,1782.96,M,,
TXN00019708,1,1943.24,LOW,,
TXN00019710,1,739.61,HIGH,2026-01-25 16:01:33,2026-01-25 16:01:33
TXN00019717,1,1122.85,LOW,2026-02-20 19:33:19,2026-02-20 19:33:19
TXN00019719,1,4373.83,HIGH,2026-04-02 20:20:18,2026-04-02 20:20:18
TXN00019722,1,11641.0,H,2026-02-17 00:00:00,2026-02-17 00:00:00
TXN00019737,1,174.11,MEDIUM,2026-01-23 00:00:00,2026-01-23 00:00:00
TXN00019738,1,584.74,P4,2026-03-26 03:59:33,2026-03-26 03:59:33
TXN00019762,1,978.26,HIGH,2026-02-01 11:13:12,2026-02-01 11:13:12
TXN00019768,1,537.48,H,2026-03-31 00:00:00,2026-03-31 00:00:00
TXN00019782,1,2150.18,P2,2026-01-28 00:00:00,2026-01-28 00:00:00
TXN00019784,1,2591.32,LOW,2026-03-10 00:00:00,2026-03-10 00:00:00
TXN00019786,1,1377.81,CRIT,2026-03-17 00:00:00,2026-03-17 00:00:00
TXN00019791,1,376.0,L,2026-02-08 00:00:00,2026-02-08 00:00:00
TXN00019810,1,2801.1,HIGH,,
TXN00019824,1,755.08,CRITICAL,2026-02-05 00:00:00,2026-02-05 00:00:00
TXN00019834,1,41457.94,P4,2026-01-14 00:00:00,2026-01-14 00:00:00
TXN00019838,1,2926.76,P1,2026-02-19 00:00:00,2026-02-19 00:00:00
TXN00019856,1,0.0,HIGH,2026-02-03 21:18:46,2026-02-03 21:18:46
TXN00019872,1,2597.87,P3,2026-03-10 00:00:00,2026-03-10 00:00:00
TXN00019876,1,2134.32,LOW,,
TXN00019885,1,2738.74,MEDIUM,2026-02-23 00:00:00,2026-02-23 00:00:00
TXN00019898,1,861.86,MEDIUM,2026-03-15 20:30:00,2026-03-15 20:30:00
TXN00019900,1,4072.76,MEDIUM,2026-01-27 00:00:00,2026-01-27 00:00:00
TXN00019908,1,14932.0,L,2026-02-18 00:00:00,2026-02-18 00:00:00
TXN00019912,1,2124.72,L,2026-03-08 00:41:12,2026-03-08 00:41:12
TXN00019914,1,3065.07,P3,2026-01-22 00:00:00,2026-01-22 00:00:00
TXN00019934,1,-2640.42,LOW,2026-02-21 00:00:00,2026-02-21 00:00:00
TXN00019939,1,1954.14,P3,2026-02-20 00:00:00,2026-02-20 00:00:00
TXN00019943,1,728.13,P4,2026-01-05 00:00:00,2026-01-05 00:00:00
TXN00019947,1,3167.22,M,2026-01-07 00:00:00,2026-01-07 00:00:00
TXN00019956,1,503.49,L,2026-03-09 00:00:00,2026-03-09 00:00:00
TXN00019971,1,8720.88,L,2026-07-03 03:53:00,2026-07-03 03:53:00
TXN00019983,1,8084.93,HIGH,2026-04-01 00:00:00,2026-04-01 00:00:00
TXN00030234,1,1915.5,M,,
TXN00031469,1,2300.99,CRIT,2026-01-03 00:40:11,2026-01-03 00:40:11
TXN00032094,1,1381.95,M,2026-02-20 00:00:00,2026-02-20 00:00:00
TXN00032415,1,23005.71,MEDIUM,2026-02-24 00:00:00,2026-02-24 00:00:00
TXN00032619,1,2826.04,M,2026-05-01 19:21:00,2026-05-01 19:21:00
TXN00032709,1,4152.0,M,,
TXN00033788,1,-664.74,LOW,2026-01-07 00:00:00,2026-01-07 00:00:00
TXN00033964,1,4254.9,H,2026-03-25 00:00:00,2026-03-25 00:00:00
TXN00034155,1,736.99,M,2026-05-15 00:00:00,2026-05-15 00:00:00
TXN00034179,1,3258.82,CRIT,2026-04-07 00:00:00,2026-04-07 00:00:00
TXN00034198,1,2387.46,P2,2026-03-23 00:00:00,2026-03-23 00:00:00
TXN00034566,1,2696.0,L,2026-01-15 00:00:00,2026-01-15 00:00:00
TXN00035157,1,4673.28,CRITICAL,,
TXN00035789,1,1813.99,LOW,2026-03-08 00:00:00,2026-03-08 00:00:00
TXN00036574,1,676.79,P3,2026-02-09 00:00:00,2026-02-09 00:00:00
TXN00036584,1,-3309.31,H,2026-01-04 00:00:00,2026-01-04 00:00:00
TXN00037348,1,2069.0,MEDIUM,2026-01-05 18:15:09,2026-01-05 18:15:09
TXN00037497,1,419.0,CRITICAL,2026-02-23 00:00:00,2026-02-23 00:00:00
TXN00038189,1,754.07,P3,,
TXN00038794,1,1144.0,P2,2026-04-10 02:16:42,2026-04-10 02:16:42
TXN00039623,1,935.0,CRITICAL,2026-02-21 00:00:00,2026-02-21 00:00:00
TXN00040959,1,823.15,H,2026-03-13 00:00:00,2026-03-13 00:00:00
TXN00041176,1,8162.73,HIGH,2026-06-02 17:22:00,2026-06-02 17:22:00
TXN00041888,1,3064.59,P2,,
TXN00041980,1,565.73,HIGH,2026-03-19 15:57:00,2026-03-19 15:57:00
TXN00042233,1,0.0,P2,2026-04-24 16:53:03,2026-04-24 16:53:03
TXN00042287,1,1318.76,M,2026-02-27 00:00:00,2026-02-27 00:00:00
TXN00043861,1,422.31,P2,2026-02-03 21:00:29,2026-02-03 21:00:29
TXN00044508,1,0.0,P2,2026-04-01 00:00:00,2026-04-01 00:00:00
TXN00044609,1,771.44,P3,,
TXN00045816,1,2928.28,HIGH,2026-09-01 00:00:00,2026-09-01 00:00:00
TXN00046623,1,6432.0,P2,2026-05-03 12:55:00,2026-05-03 12:55:00
TXN00047225,1,0.0,P4,2026-02-05 20:41:10,2026-02-05 20:41:10
TXN00048192,1,1863.22,L,2026-09-03 00:00:00,2026-09-03 00:00:00
TXN00049297,1,1707.55,P3,,
TXN00049383,1,614.57,LOW,2026-01-31 19:44:25,2026-01-31 19:44:25
TXN00049458,1,12414.63,CRIT,2026-02-22 18:45:00,2026-02-22 18:45:00
TXN00050079,1,2659.07,P4,2026-10-01 21:54:00,2026-10-01 21:54:00
TXN00050572,1,0.0,P1,2026-02-03 00:00:00,2026-02-03 00:00:00
TXN00051122,1,348.47,LOW,2026-03-18 00:00:00,2026-03-18 00:00:00
TXN00051555,1,2417.43,P2,2026-03-11 00:00:00,2026-03-11 00:00:00
TXN00051763,1,830.25,LOW,,
TXN00053543,1,299.18,LOW,2026-01-25 00:00:00,2026-01-25 00:00:00
TXN00054083,1,664.5,M,2026-02-05 00:00:00,2026-02-05 00:00:00
TXN00054263,1,824.86,H,2026-03-21 11:33:48,2026-03-21 11:33:48
TXN00055417,1,9306.13,P4,2026-03-25 07:56:30,2026-03-25 07:56:30
TXN00056546,1,0.0,M,2026-03-14 00:00:00,2026-03-14 00:00:00
TXN00056695,1,-3475.46,P1,2026-03-19 11:00:00,2026-03-19 11:00:00
TXN00058280,1,834.87,MEDIUM,2026-01-31 00:00:00,2026-01-31 00:00:00
TXN00058495,1,543.72,P2,2026-04-04 00:00:00,2026-04-04 00:00:00
TXN00058515,1,216.17,HIGH,2026-01-31 15:38:00,2026-01-31 15:38:00
TXN00059214,1,2012.0,MEDIUM,2026-03-03 21:54:00,2026-03-03 21:54:00
TXN00059223,1,902.0,H,2026-02-17 00:00:00,2026-02-17 00:00:00
TXN00059284,1,1857.0,P3,2026-01-15 00:00:00,2026-01-15 00:00:00
TXN00059408,1,8028.0,HIGH,2026-03-25 00:00:00,2026-03-25 00:00:00
TXN00059954,1,1289.25,MEDIUM,2026-03-18 00:00:00,2026-03-18 00:00:00
TXN00060420,1,1505.75,M,2026-03-19 00:00:00,2026-03-19 00:00:00
TXN00061071,1,0.0,P1,2026-02-10 00:00:00,2026-02-10 00:00:00
TXN00063034,1,3681.27,P2,2026-01-26 00:00:00,2026-01-26 00:00:00
TXN00064529,1,472.0,MEDIUM,2026-03-09 00:00:00,2026-03-09 00:00:00
TXN00065627,1,-3428.7,H,2026-02-13 00:00:00,2026-02-13 00:00:00
TXN00065742,1,470.0,MEDIUM,,
TXN00066039,1,1372.0,P4,2026-01-22 06:27:51,2026-01-22 06:27:51
TXN00066186,1,5546.22,HIGH,2026-02-28 00:00:00,2026-02-28 00:00:00
TXN00066991,1,1890.93,L,2026-01-09 00:00:00,2026-01-09 00:00:00
TXN00068399,1,562.25,HIGH,2026-01-31 00:00:00,2026-01-31 00:00:00
TXN00071282,1,4105.21,P1,2026-03-21 02:45:00,2026-03-21 02:45:00
TXN00072059,1,1209.0,MEDIUM,2026-02-14 04:04:39,2026-02-14 04:04:39
TXN00073646,1,7863.78,HIGH,2026-01-31 00:00:00,2026-01-31 00:00:00
TXN00074121,1,1678.99,M,2026-03-19 00:00:00,2026-03-19 00:00:00
TXN00074133,1,546.0,P3,2026-04-26 00:00:00,2026-04-26 00:00:00
TXN00074548,1,-4626.55,P2,2026-02-22 23:25:00,2026-02-22 23:25:00
TXN00074714,1,2166.47,HIGH,2026-03-30 00:00:00,2026-03-30 00:00:00
TXN00074852,1,1652.05,MEDIUM,,
TXN00076059,1,1726.97,H,2026-04-01 00:00:00,2026-04-01 00:00:00
TXN00076688,1,355.19,LOW,2026-04-06 00:00:00,2026-04-06 00:00:00
TXN00078658,1,2283.69,CRITICAL,2026-03-01 00:00:00,2026-03-01 00:00:00
TXN00078938,1,2889.21,P3,2026-01-18 00:00:00,2026-01-18 00:00:00
TXN00079001,1,5620.82,P4,2026-03-15 00:00:00,2026-03-15 00:00:00
TXN00080108,1,1189.65,P2,2026-03-22 14:28:00,2026-03-22 14:28:00
TXN00081593,1,5676.76,MEDIUM,2026-02-01 01:35:11,2026-02-01 01:35:11
TXN00081933,1,5283.13,H,2026-02-22 19:21:00,2026-02-22 19:21:00
TXN00081951,1,3816.43,P3,,
TXN00082330,1,2452.3,P1,2026-01-04 21:31:00,2026-01-04 21:31:00
TXN00082870,1,543.0,P4,2026-01-30 00:00:00,2026-01-30 00:00:00
TXN00083297,1,0.0,P1,2026-04-05 00:00:00,2026-04-05 00:00:00
TXN00083913,1,732.0,P2,2026-03-20 07:54:58,2026-03-20 07:54:58
TXN00084117,1,3956.74,HIGH,2026-02-11 21:36:27,2026-02-11 21:36:27
TXN00084424,1,1535.24,L,2026-03-18 00:00:00,2026-03-18 00:00:00
TXN00084758,1,0.0,H,2026-02-26 00:00:00,2026-02-26 00:00:00
TXN00084777,1,-1091.87,M,,
TXN00084920,1,0.0,M,2026-03-26 20:35:00,2026-03-26 20:35:00
TXN00085698,1,551.1,HIGH,2026-01-23 03:07:30,2026-01-23 03:07:30
TXN00085757,1,585.8,CRITICAL,2026-04-02 00:00:00,2026-04-02 00:00:00
TXN00086247,1,1425.14,HIGH,2026-01-04 00:00:00,2026-01-04 00:00:00
TXN00086757,1,1161.24,P1,2026-02-02 00:00:00,2026-02-02 00:00:00
TXN00087166,1,2084.49,MEDIUM,2026-02-20 00:00:00,2026-02-20 00:00:00
TXN00088490,1,4274.13,HIGH,2026-03-17 00:00:00,2026-03-17 00:00:00
TXN00088540,1,221.01,HIGH,2026-01-31 00:00:00,2026-01-31 00:00:00
TXN00091289,1,954.04,CRIT,2026-03-19 00:00:00,2026-03-19 00:00:00
TXN00091755,1,3762.83,CRIT,,
TXN00094213,1,-1411.26,HIGH,2026-02-01 00:00:00,2026-02-01 00:00:00
TXN00094322,1,2530.5,MEDIUM,2026-03-29 00:00:00,2026-03-29 00:00:00
TXN00094657,1,2556.0,HIGH,2026-04-23 00:00:00,2026-04-23 00:00:00
TXN00094670,1,33780.71,L,2026-03-19 00:00:00,2026-03-19 00:00:00
TXN00095066,1,731.0,M,,
TXN00095161,1,4157.35,P4,2026-03-24 00:00:00,2026-03-24 00:00:00
TXN00095203,1,3668.05,HIGH,2026-02-13 00:00:00,2026-02-13 00:00:00
TXN00095920,1,45384.61,H,2026-02-13 18:50:00,2026-02-13 18:50:00
TXN00096416,1,5544.6,MEDIUM,2026-01-20 22:44:00,2026-01-20 22:44:00
TXN00096928,1,2456.94,L,2026-01-08 02:03:43,2026-01-08 02:03:43
TXN00097124,1,1596.33,HIGH,2026-04-12 00:00:00,2026-04-12 00:00:00
TXN00098339,1,194.24,L,2026-01-28 00:00:00,2026-01-28 00:00:00
TXN00098409,1,645.47,HIGH,2026-01-09 22:50:47,2026-01-09 22:50:47
TXN00099329,1,2454.92,P4,2026-03-10 00:00:00,2026-03-10 00:00:00
TXN00099966,1,-841.29,M,2026-01-27 09:02:00,2026-01-27 09:02:00
