txn_id_normalized,total_disputed_amount,chargeback_count,max_severity,chargeback_report_delay_hours,dispute_after_7_days_flag,invalid_chargeback_delay_flag
TXN00000007,2231.72,1,HIGH,5335.881388888889,True,False
TXN00000019,377.11,1,HIGH,,False,False
TXN00000021,1284.05,1,P4,,False,False
TXN00000025,1302.18,1,L,2016.0,True,False
TXN00000040,-1389.07,1,L,,False,False
TXN00000045,1101.8,1,MEDIUM,2109.1588888888887,True,False
TXN00000062,330.73,1,P4,2705.618611111111,True,False
TXN00000069,985.19,1,CRIT,585.6522222222222,True,False
TXN00000071,3311.22,1,M,,False,False
TXN00000074,-1503.93,1,P3,,False,False
TXN00000084,958.61,1,LOW,,False,False
TXN00000086,411.83,1,H,1112.2880555555555,True,False
TXN00000101,703.07,1,CRITICAL,,False,False
TXN00000106,7755.19,1,CRIT,,False,False
TXN00000123,4808.45,1,HIGH,,False,False
TXN00000132,548.59,1,M,4379.541388888889,True,False
TXN00000143,449.0,1,MEDIUM,497.3716666666666,True,False
TXN00000154,2025.66,1,LOW,,False,False
TXN00000155,1535.06,1,MEDIUM,350.22222222222223,True,False
TXN00000164,3086.0,1,P1,,False,False
TXN00000166,913.38,1,P2,1597.6638888888888,True,False
TXN00000175,1092.58,1,HIGH,192.0,True,False
TXN00000182,17413.88,1,P2,240.0,True,False
TXN00000213,658.27,1,MEDIUM,,False,False
TXN00000225,666.0,1,HIGH,3950.853611111111,True,False
TXN00000238,2745.21,1,P3,,False,False
TXN00000248,1984.03,1,L,44.263333333333335,False,False
TXN00000255,2178.8,1,P3,,False,False
TXN00000271,16937.48,1,MEDIUM,1330.4744444444443,True,False
TXN00000272,9250.0,1,MEDIUM,,False,False
TXN00000281,-1426.33,1,HIGH,,False,False
TXN00000284,2676.58,1,M,,False,False
TXN00000295,731.69,1,LOW,,False,False
TXN00000296,512.0,1,H,734.2519444444445,True,False
TXN00000311,2784.85,1,P2,1629.4091666666666,True,False
TXN00000312,-545.34,1,MEDIUM,,False,False
TXN00000318,0.0,1,L,90.46638888888889,False,False
TXN00000319,2189.0,1,MEDIUM,,False,False
TXN00000389,2566.03,1,H,733.9013888888888,True,False
TXN00000405,3060.38,1,LOW,425.72833333333335,True,False
TXN00000406,2066.08,1,HIGH,,False,False
TXN00000410,388.0,1,P2,0.0,False,False
TXN00000414,806.29,1,LOW,,False,False
TXN00000426,0.0,1,MEDIUM,5386.386666666666,True,False
TXN00000433,979.0,1,LOW,1131.3461111111112,True,False
TXN00000437,3962.0,1,P4,3877.1658333333335,True,False
TXN00000442,3270.0,1,P4,1000.5602777777776,True,False
TXN00000459,8278.26,1,HIGH,468.7677777777778,True,False
TXN00000462,9759.54,1,P4,,False,False
TXN00000463,0.0,1,HIGH,2595.915,True,False
TXN00000490,3134.07,1,LOW,,False,False
TXN00000491,929.69,1,MEDIUM,,False,False
TXN00000503,325.93,1,P2,1870.397222222222,True,False
TXN00000527,3784.42,1,P4,,False,False
TXN00000533,6055.78,1,MEDIUM,576.9291666666667,True,False
TXN00000534,1352.13,1,L,,False,False
TXN00000541,1346.0,1,L,150.68138888888888,False,False
TXN00000546,427.33,2,"LOW,MEDIUM",,False,False
TXN00000567,1015.09,1,P4,1551.0305555555556,True,False
TXN00000594,2315.48,1,M,1774.201388888889,True,False
TXN00000649,1174.17,1,MEDIUM,864.6080555555556,True,False
TXN00000653,4308.0,1,P4,1783.6861111111111,True,False
TXN00000675,3743.54,1,LOW,895.4511111111111,True,False
TXN00000677,2773.41,1,L,400.57194444444445,True,False
TXN00000679,4474.08,1,H,,False,False
TXN00000680,589.63,1,H,764.0591666666667,True,False
TXN00000711,0.0,1,H,,False,False
TXN00000724,454.0,1,HIGH,17.88888888888889,False,False
TXN00000736,0.0,1,LOW,242.3761111111111,True,False
TXN00000751,3107.33,1,M,,False,False
TXN00000762,1083.4,1,HIGH,676.7166666666667,True,False
TXN00000769,509.24,1,MEDIUM,,False,False
TXN00000779,4511.29,1,M,,False,False
TXN00000789,7945.0,1,HIGH,1000.1338888888888,True,False
TXN00000794,6166.88,2,"H,P3",,False,False
TXN00000797,1020.66,1,LOW,,False,False
TXN00000803,1719.0,1,MEDIUM,5464.1883333333335,True,False
TXN00000806,3611.11,1,LOW,,False,False
TXN00000818,1592.73,1,L,,False,False
TXN00000822,966.31,1,P4,4816.14,True,False
TXN00000823,6401.09,2,"M,P4",,False,False
TXN00000835,0.0,1,P4,,False,False
TXN00000841,2083.96,1,LOW,381.25138888888887,True,False
TXN00000843,-492.79,2,LOW,866.1027777777778,True,False
TXN00000850,1203.18,1,P3,,False,False
TXN00000863,2164.0,1,HIGH,603.2447222222222,True,False
TXN00000871,589.34,1,P1,,False,False
TXN00000877,1251.7,1,P4,391.62444444444446,True,False
TXN00000914,1207.28,1,H,1480.7105555555556,True,False
TXN00000916,577.0,1,HIGH,,False,False
TXN00000917,2601.86,1,L,1388.3722222222225,True,False
TXN00000921,1585.45,1,LOW,3577.411666666667,True,False
TXN00000926,486.0,1,P3,1476.8513888888888,True,False
TXN00000939,3776.84,1,MEDIUM,1966.8144444444445,True,False
TXN00000941,6049.12,1,LOW,,False,False
TXN00000947,2075.0,1,M,926.3405555555556,True,False
TXN00000950,1749.52,1,LOW,749.2130555555556,True,False
TXN00000954,12462.99,1,MEDIUM,,False,False
TXN00000959,982.69,1,L,5607.2236111111115,True,False
TXN00000964,2761.55,1,L,,False,False
TXN00000967,1780.33,1,CRIT,,False,False
TXN00000969,6622.0,1,P3,,False,False
TXN00000976,1181.91,1,MEDIUM,1092.4919444444445,True,False
TXN00000995,0.0,1,MEDIUM,,False,False
TXN00001025,5150.06,1,M,,False,False
TXN00001026,2910.7,1,MEDIUM,,False,False
TXN00001028,0.0,1,MEDIUM,525.9733333333334,True,False
TXN00001041,1977.08,1,L,,False,False
TXN00001042,1526.17,1,P2,,False,False
TXN00001047,518.0,1,P4,,False,False
TXN00001071,2117.2,1,P3,673.3691666666666,True,False
TXN00001072,893.6,1,MEDIUM,,False,False
TXN00001095,1383.39,1,MEDIUM,456.1825,True,False
TXN00001097,4816.91,1,MEDIUM,396.44555555555553,True,False
TXN00001105,310.15,1,LOW,,False,False
TXN00001110,-1498.49,1,P2,1091.9969444444444,True,False
TXN00001120,8008.29,1,L,,False,False
TXN00001121,993.0,1,MEDIUM,,False,False
TXN00001134,1881.35,1,HIGH,862.7605555555556,True,False
TXN00001135,2731.02,1,HIGH,,False,False
TXN00001152,1038.46,1,P3,1432.7191666666668,True,False
TXN00001154,336.21,1,M,,False,False
TXN00001155,335.78,1,MEDIUM,1076.4325,True,False
TXN00001158,461.85,1,L,,False,False
TXN00001160,2273.54,1,P4,,False,False
TXN00001169,16524.78,2,M,,False,False
TXN00001173,-1898.31,1,MEDIUM,,False,False
TXN00001182,261.51,1,P3,,False,False
TXN00001198,3605.24,1,H,,False,False
TXN00001207,5779.34,1,MEDIUM,2643.5833333333335,True,False
TXN00001209,2704.46,1,M,602.4016666666666,True,False
TXN00001215,5146.97,1,P3,,False,False
TXN00001222,10359.87,2,"LOW,P3",,False,False
TXN00001244,2127.67,2,M,,False,False
TXN00001246,702.0,1,HIGH,,False,False
TXN00001251,802.62,1,P2,,False,False
TXN00001256,0.0,1,P2,,False,False
TXN00001257,2576.33,1,L,,False,False
TXN00001261,1010.81,1,LOW,1327.33,True,False
TXN00001271,1190.0,1,P2,,False,False
TXN00001275,2210.2,1,LOW,,False,False
TXN00001284,141.27,1,P3,,False,False
TXN00001285,420.0,1,P4,146.13916666666665,False,False
TXN00001289,201.03,1,CRITICAL,1465.1263888888889,True,False
TXN00001291,1404.87,1,P2,,False,False
TXN00001292,33975.77,1,P4,,False,False
TXN00001309,0.0,1,H,288.3886111111111,True,False
TXN00001310,2026.3,1,L,,False,False
TXN00001323,7329.0,1,LOW,,False,False
TXN00001334,6666.14,1,M,993.2077777777778,True,False
TXN00001342,2534.0,1,HIGH,,False,False
TXN00001358,6742.91,1,CRIT,,False,False
TXN00001371,1844.6,1,LOW,,False,False
TXN00001376,1261.15,1,M,624.6669444444444,True,False
TXN00001381,1001.43,1,P4,4263.623333333333,True,False
TXN00001388,-5809.0,1,HIGH,4615.165555555555,True,False
TXN00001391,1852.28,1,LOW,303.0391666666667,True,False
TXN00001392,508.21,1,MEDIUM,,False,False
TXN00001397,2972.0,1,P2,,False,False
TXN00001405,2105.51,1,MEDIUM,761.7005555555555,True,False
TXN00001412,2142.0,1,HIGH,,False,False
TXN00001422,2080.17,1,LOW,552.8436111111112,True,False
TXN00001423,6009.85,1,MEDIUM,1163.1155555555556,True,False
TXN00001434,3251.08,1,HIGH,974.9522222222222,True,False
TXN00001443,2236.39,2,"LOW,MEDIUM",,False,False
TXN00001461,740.03,1,M,,False,False
TXN00001464,1112.83,1,P3,1554.18,True,False
TXN00001489,6345.72,1,HIGH,3074.2027777777776,True,False
TXN00001496,5669.05,1,LOW,340.9291666666667,True,False
TXN00001501,1157.85,1,H,,False,False
TXN00001518,9039.58,1,P2,88.71138888888889,False,False
TXN00001539,2117.07,1,MEDIUM,,False,False
TXN00001553,5796.41,1,CRITICAL,,False,False
TXN00001568,16468.34,2,"L,P3",,False,False
TXN00001580,19958.58,1,CRIT,,False,False
TXN00001582,6740.29,1,MEDIUM,,False,False
TXN00001593,759.56,1,H,30.743055555555557,False,False
TXN00001597,13348.89,1,CRITICAL,283.8936111111111,True,False
TXN00001614,13495.0,1,LOW,,False,False
TXN00001617,18876.03,2,"HIGH,L",299.90944444444443,True,False
TXN00001620,1998.29,2,"H,L",528.0,True,False
TXN00001628,0.0,1,MEDIUM,,False,False
TXN00001631,1405.08,1,P4,,False,False
TXN00001653,4022.0,1,P3,,False,False
TXN00001654,11920.81,1,L,333.1622222222222,True,False
TXN00001655,2589.0,1,CRITICAL,1239.4955555555557,True,False
TXN00001663,2379.68,1,P4,431.2708333333333,True,False
TXN00001671,2605.0,1,P2,1244.877222222222,True,False
TXN00001675,994.02,1,MEDIUM,860.2144444444444,True,False
TXN00001679,3270.48,2,"M,MEDIUM",,False,False
TXN00001691,875.81,1,P3,4024.3927777777776,True,False
TXN00001699,1995.0,1,LOW,,False,False
TXN00001703,4166.45,2,MEDIUM,87.3775,False,False
TXN00001705,2583.16,1,LOW,227.66361111111112,True,False
TXN00001710,-5894.84,1,P3,1824.075833333333,True,False
TXN00001735,-3084.74,1,P3,21.698888888888888,False,False
TXN00001739,482.37,1,P4,1557.9711111111112,True,False
TXN00001742,1286.87,1,LOW,408.5838888888889,True,False
TXN00001758,1416.0,1,LOW,726.5191666666667,True,False
TXN00001777,6040.0,1,MEDIUM,1234.5797222222222,True,False
TXN00001778,2008.0,1,P4,,False,False
TXN00001780,2351.6,1,H,2315.7030555555557,True,False
TXN00001789,3163.91,1,LOW,,False,False
TXN00001796,0.0,1,L,,False,False
TXN00001801,7245.79,2,LOW,3223.611388888889,True,False
TXN00001805,692.55,1,P3,,False,False
TXN00001807,0.0,1,P4,,False,False
TXN00001810,6930.0,1,LOW,3542.3344444444447,True,False
TXN00001816,7008.2699999999995,2,"H,LOW",293.0672222222222,True,False
TXN00001821,12679.09,1,M,694.9336111111111,True,False
TXN00001826,895.55,1,MEDIUM,373.2602777777778,True,False
TXN00001829,3042.0,1,HIGH,,False,False
TXN00001838,422.0,1,LOW,,False,False
TXN00001839,1071.92,1,P3,,False,False
TXN00001860,0.0,1,L,1477.7141666666666,True,False
TXN00001878,3834.0,1,HIGH,436.43805555555554,True,False
TXN00001882,2264.22,1,P3,1001.0541666666668,True,False
TXN00001893,1059.97,1,LOW,178.32694444444445,True,False
TXN00001898,638.96,1,P3,,False,False
TXN00001903,2512.35,1,P1,,False,False
TXN00001919,1859.77,1,LOW,2309.648888888889,True,False
TXN00001929,1412.21,1,L,,False,False
TXN00001948,12232.05,2,LOW,612.9077777777778,True,False
TXN00001962,0.0,1,P3,,False,False
TXN00001975,2767.52,2,HIGH,82.26305555555555,False,False
TXN00001983,1315.22,1,HIGH,,False,False
TXN00002006,637.05,1,MEDIUM,,False,False
TXN00002013,439.0,1,MEDIUM,897.0552777777777,True,False
TXN00002015,2615.98,1,CRIT,1682.993611111111,True,False
TXN00002022,7834.45,1,HIGH,1065.32,True,False
TXN00002045,3144.27,1,MEDIUM,,False,False
TXN00002053,2130.67,1,M,1809.7286111111111,True,False
TXN00002058,0.0,1,LOW,,False,False
TXN00002078,6907.46,1,LOW,39.27861111111111,False,False
TXN00002091,497.48,1,P2,1459.2222222222222,True,False
TXN00002106,-3875.59,1,MEDIUM,221.40833333333333,True,False
TXN00002107,6251.19,1,HIGH,,False,False
TXN00002114,4126.61,1,LOW,467.4036111111111,True,False
TXN00002125,2711.0,1,L,170.69805555555556,True,False
TXN00002139,-1116.32,1,L,792.4075,True,False
TXN00002141,6210.740000000001,2,"M,P2",,False,False
TXN00002142,13132.36,1,HIGH,,False,False
TXN00002147,1064.06,1,HIGH,,False,False
TXN00002165,1048.77,1,P3,774.0880555555556,True,False
TXN00002169,0.0,1,LOW,,False,False
TXN00002173,856.42,1,LOW,861.5394444444445,True,False
TXN00002182,0.0,1,LOW,63.51694444444445,False,False
TXN00002184,3019.75,1,MEDIUM,,False,False
TXN00002195,4960.35,1,L,1224.5519444444444,True,False
TXN00002200,3741.98,1,LOW,,False,False
TXN00002204,455.59,1,P2,3794.3841666666663,True,False
TXN00002207,-326.69,1,HIGH,1121.6263888888889,True,False
TXN00002216,5160.27,1,LOW,1279.506666666667,True,False
TXN00002219,3127.19,1,P2,727.8966666666666,True,False
TXN00002228,378.3,1,H,465.0316666666667,True,False
TXN00002240,401.02,1,P3,1239.8938888888888,True,False
TXN00002263,9476.14,1,MEDIUM,20.323611111111113,False,False
TXN00002289,397.0,1,LOW,,False,False
TXN00002301,769.17,1,L,,False,False
TXN00002303,1712.22,1,LOW,115.91527777777776,False,False
TXN00002314,1230.65,2,P2,1111.9458333333334,True,False
TXN00002316,20754.36,1,H,,False,False
TXN00002320,911.59,1,M,,False,False
TXN00002325,800.32,1,H,,False,False
TXN00002337,0.0,1,CRIT,150.23444444444445,False,False
TXN00002347,1200.09,1,M,807.7322222222223,True,False
TXN00002368,4581.54,1,P4,,False,False
TXN00002369,1718.0,1,LOW,1387.013611111111,True,False
TXN00002371,-7577.71,1,P3,214.825,True,False
TXN00002374,1428.93,1,P2,742.1466666666666,True,False
TXN00002381,3182.0,1,MEDIUM,2787.2616666666668,True,False
TXN00002382,44046.77,1,LOW,,False,False
TXN00002386,4215.68,1,P4,,False,False
TXN00002417,3188.13,1,MEDIUM,,False,False
TXN00002422,412.17,1,MEDIUM,863.7647222222222,True,False
TXN00002429,389.54,1,MEDIUM,965.52,True,False
TXN00002437,1368.83,1,HIGH,320.59555555555556,True,False
TXN00002450,896.7,1,P3,,False,False
TXN00002451,-224.97,1,M,,False,False
TXN00002456,1805.23,1,P4,,False,False
TXN00002461,0.0,1,LOW,,False,False
TXN00002462,2723.0,1,H,,False,False
TXN00002466,3099.92,1,CRITICAL,,False,False
TXN00002471,2207.71,1,HIGH,207.68194444444444,True,False
TXN00002480,5722.09,1,HIGH,1148.9422222222222,True,False
TXN00002490,1170.0,1,LOW,,False,False
TXN00002521,4940.0,1,H,2759.0133333333333,True,False
TXN00002522,877.59,1,MEDIUM,,False,False
TXN00002531,1017.5,1,M,,False,False
TXN00002544,-3839.34,1,LOW,220.79583333333332,True,False
TXN00002545,-230.58,1,MEDIUM,,False,False
TXN00002546,6642.41,1,LOW,,False,False
TXN00002574,660.0,1,LOW,,False,False
TXN00002581,2926.63,1,HIGH,2136.7805555555556,True,False
TXN00002595,-1658.43,1,H,279.38694444444445,True,False
TXN00002603,2150.04,1,M,,False,False
TXN00002609,3155.0,1,P3,306.37638888888887,True,False
TXN00002610,784.51,1,MEDIUM,,False,False
TXN00002624,1274.21,1,MEDIUM,336.0,True,False
TXN00002630,-7890.76,1,L,11.90277777777778,False,False
TXN00002655,338.23,1,P3,911.6291666666668,True,False
TXN00002668,551.59,1,H,736.6905555555555,True,False
TXN00002672,4547.87,1,L,,False,False
TXN00002674,1722.0,1,MEDIUM,,False,False
TXN00002677,-12852.7,1,M,,False,False
TXN00002679,1214.71,1,L,,False,False
TXN00002689,2158.72,1,HIGH,585.8216666666667,True,False
TXN00002699,422.45,1,P2,6143.069444444444,True,False
TXN00002710,2072.0,1,L,200.19,True,False
TXN00002711,3969.0,1,LOW,,False,False
TXN00002715,0.0,1,H,,False,False
TXN00002716,8825.16,1,MEDIUM,,False,False
TXN00002719,2881.81,1,L,,False,False
TXN00002729,1526.62,1,L,,False,False
TXN00002744,840.07,1,CRIT,,False,False
TXN00002760,1345.79,1,L,307.6897222222222,True,False
TXN00002766,216.49,1,M,,False,False
TXN00002770,96.43999999999994,2,"L,MEDIUM",,False,False
TXN00002775,8687.98,2,"HIGH,LOW",280.41277777777776,True,False
TXN00002782,4480.1900000000005,2,"H,P2",,False,False
TXN00002783,447.3,1,M,,False,False
TXN00002790,870.0,1,MEDIUM,,False,False
TXN00002791,15201.89,1,CRIT,,False,False
TXN00002800,9291.46,1,LOW,,False,False
TXN00002805,1623.96,1,MEDIUM,1154.4633333333334,True,False
TXN00002808,604.93,1,M,,False,False
TXN00002821,4707.47,1,L,402.36277777777775,True,False
TXN00002822,0.0,1,P2,1679.6458333333333,True,False
TXN00002832,8214.17,1,P3,912.0,True,False
TXN00002853,1650.21,1,M,995.4327777777778,True,False
TXN00002857,920.19,1,HIGH,1151.3066666666666,True,False
TXN00002867,4361.29,1,LOW,,False,False
TXN00002868,-860.7,1,HIGH,1096.986388888889,True,False
TXN00002874,634.21,1,L,,False,False
TXN00002883,-19036.69,1,P1,,False,False
TXN00002894,0.0,1,P3,,False,False
TXN00002901,668.0,1,P3,412.9125,True,False
TXN00002909,450.33,1,LOW,1484.1486111111112,True,False
TXN00002919,4331.37,1,HIGH,,False,False
TXN00002926,7854.99,3,"CRITICAL,H,L",727.9952777777778,True,False
TXN00002930,1968.12,1,L,940.2425,True,False
TXN00002933,1870.77,1,P3,494.87888888888887,True,False
TXN00002935,318.65,1,LOW,157.16166666666666,False,False
TXN00002955,4857.63,1,LOW,2516.3322222222223,True,False
TXN00002981,7275.81,1,HIGH,862.4486111111111,True,False
TXN00003017,707.43,1,L,,False,False
TXN00003020,2521.22,1,LOW,386.37916666666666,True,False
TXN00003032,988.93,1,HIGH,,False,False
TXN00003041,4136.0,1,P3,,False,False
TXN00003059,3807.73,1,HIGH,183.32166666666663,True,False
TXN00003072,3800.57,1,P4,1175.1702777777778,True,False
TXN00003075,2267.96,1,LOW,879.0616666666666,True,False
TXN00003076,342.0,1,MEDIUM,,False,False
TXN00003088,1019.25,1,M,,False,False
TXN00003103,7765.0,1,L,494.5777777777778,True,False
TXN00003105,775.96,1,MEDIUM,,False,False
TXN00003111,1858.78,1,L,,False,False
TXN00003112,4974.0,1,M,2036.6586111111112,True,False
TXN00003119,1198.29,1,L,,False,False
TXN00003133,3287.47,1,MEDIUM,1535.8327777777777,True,False
TXN00003156,1072.99,1,M,601.7713888888889,True,False
TXN00003160,12828.71,2,"CRITICAL,P4",,False,False
TXN00003165,2714.54,1,MEDIUM,,False,False
TXN00003168,2132.64,1,MEDIUM,175.55833333333334,True,False
TXN00003172,-3809.65,1,LOW,285.4375,True,False
TXN00003173,3014.0,1,L,861.4202777777778,True,False
TXN00003193,2273.34,1,CRIT,,False,False
TXN00003201,993.95,1,L,1591.9255555555555,True,False
TXN00003213,1246.38,1,H,477.7913888888889,True,False
TXN00003221,574.0,1,MEDIUM,,False,False
TXN00003229,12194.3,1,MEDIUM,204.6052777777778,True,False
TXN00003234,8014.91,1,P2,,False,False
TXN00003242,1561.56,1,LOW,,False,False
TXN00003248,10277.41,1,CRIT,57.93472222222222,False,False
TXN00003257,198.46,1,P4,,False,False
TXN00003264,1771.56,1,HIGH,,False,False
TXN00003276,-5720.73,1,LOW,1246.5716666666667,True,False
TXN00003290,991.51,1,H,,False,False
TXN00003293,2045.0,1,MEDIUM,,False,False
TXN00003302,1169.68,1,M,155.86305555555555,False,False
TXN00003304,6448.11,1,MEDIUM,6625.772777777778,True,False
TXN00003306,2280.54,1,P3,,False,False
TXN00003314,1814.0,1,LOW,,False,False
TXN00003335,1426.02,1,H,1761.4516666666666,True,False
TXN00003338,8032.32,2,MEDIUM,,False,False
TXN00003340,1823.47,1,MEDIUM,,False,False
TXN00003341,635.0,1,P4,953.1997222222222,True,False
TXN00003351,1160.82,1,HIGH,,False,False
TXN00003364,2940.2,1,LOW,320.74111111111114,True,False
TXN00003371,737.83,1,L,,False,False
TXN00003379,5587.77,1,P1,123.38916666666668,False,False
TXN00003383,1589.0,1,P4,2443.5055555555555,True,False
TXN00003403,0.0,1,P3,438.0183333333333,True,False
TXN00003408,895.1,1,P3,,False,False
TXN00003431,3242.15,1,M,,False,False
TXN00003443,-7308.16,1,LOW,73.99111111111111,False,False
TXN00003447,1984.96,1,M,896.3508333333333,True,False
TXN00003450,-4925.7,1,H,1289.3252777777775,True,False
TXN00003467,1472.83,1,M,,False,False
TXN00003485,485.1,1,P4,,False,False
TXN00003494,342.28,1,L,,False,False
TXN00003495,2983.97,1,LOW,555.1736111111111,True,False
TXN00003496,1706.49,1,H,,False,False
TXN00003498,3661.3,1,MEDIUM,931.0194444444444,True,False
TXN00003501,717.53,1,M,,False,False
TXN00003505,1516.67,1,P4,,False,False
TXN00003513,754.13,1,M,,False,False
TXN00003514,1510.93,1,MEDIUM,233.32944444444445,True,False
TXN00003516,585.31,1,P2,,False,False
TXN00003542,1085.0,1,L,,False,False
TXN00003543,15742.98,1,P4,,False,False
TXN00003546,3229.57,1,MEDIUM,120.0,False,False
TXN00003553,3278.36,1,MEDIUM,1214.3594444444443,True,False
TXN00003565,1723.81,1,P2,1009.9130555555556,True,False
TXN00003574,3933.58,1,L,778.5605555555555,True,False
TXN00003575,-1311.04,1,P4,,False,False
TXN00003581,3616.02,1,MEDIUM,93.43111111111112,False,False
TXN00003610,6753.79,1,P4,183.33944444444444,True,False
TXN00003616,5374.95,1,P4,,False,False
TXN00003619,-4189.62,1,P3,687.7077777777778,True,False
TXN00003622,409.07,1,MEDIUM,1425.0944444444444,True,False
TXN00003628,2430.89,1,P3,1159.8136111111112,True,False
TXN00003637,4219.82,1,P2,671.2552777777778,True,False
TXN00003640,2301.83,1,P3,5470.541111111111,True,False
TXN00003656,1011.36,1,P4,6807.206944444444,True,False
TXN00003664,1000.95,1,M,5007.121666666667,True,False
TXN00003670,2583.29,1,LOW,760.9211111111111,True,False
TXN00003675,1047.52,1,M,,False,False
TXN00003677,1364.35,1,L,,False,False
TXN00003678,8722.75,1,HIGH,351.6408333333333,True,False
TXN00003720,414.69,1,H,,False,False
TXN00003721,-3807.76,1,P2,623.8455555555555,True,False
TXN00003727,1284.94,1,M,872.6872222222222,True,False
TXN00003732,5678.98,1,CRITICAL,450.0833333333333,True,False
TXN00003733,0.0,1,P4,6768.886388888889,True,False
TXN00003740,6434.35,1,P4,3472.5933333333332,True,False
TXN00003753,691.4,1,MEDIUM,,False,False
TXN00003766,587.08,1,MEDIUM,,False,False
TXN00003777,177.16,1,MEDIUM,,False,False
TXN00003778,7597.0,1,MEDIUM,,False,False
TXN00003784,3118.57,1,H,,False,False
TXN00003788,5092.34,1,L,793.6772222222222,True,False
TXN00003789,1061.09,1,MEDIUM,928.1822222222222,True,False
TXN00003808,476.92,1,CRITICAL,690.3186111111111,True,False
TXN00003810,861.41,1,MEDIUM,,False,False
TXN00003813,5758.61,1,L,,False,False
TXN00003828,1594.84,1,LOW,1061.0580555555557,True,False
TXN00003833,1688.18,1,MEDIUM,1446.6788888888889,True,False
TXN00003837,723.24,1,HIGH,,False,False
TXN00003845,2182.0,1,HIGH,,False,False
TXN00003850,5978.59,1,LOW,1946.2544444444443,True,False
TXN00003853,2342.78,1,P3,479.35833333333335,True,False
TXN00003861,2991.3599999999997,2,"CRIT,H",,False,False
TXN00003879,-2999.94,1,L,,False,False
TXN00003881,0.0,1,P3,812.3905555555556,True,False
TXN00003889,2760.0,1,H,305.185,True,False
TXN00003908,6597.26,1,CRITICAL,165.55694444444444,False,False
TXN00003915,264.64,1,MEDIUM,,False,False
TXN00003924,2479.92,1,M,,False,False
TXN00003927,875.3,1,LOW,,False,False
TXN00003928,3481.55,1,P1,,False,False
TXN00003962,12077.97,1,P1,,False,False
TXN00003972,4309.44,1,LOW,,False,False
TXN00003973,2121.87,1,L,1873.924166666667,True,False
TXN00003990,-5008.85,2,"L,MEDIUM",,False,False
TXN00004014,4940.23,1,HIGH,,False,False
TXN00004018,11729.72,1,MEDIUM,,False,False
TXN00004028,2255.0,1,HIGH,,False,False
TXN00004035,4064.18,1,M,,False,False
TXN00004045,14158.32,1,P4,587.3580555555556,True,False
TXN00004048,-815.95,1,LOW,,False,False
TXN00004057,1149.72,1,P3,,False,False
TXN00004061,2090.0,1,LOW,7288.878055555556,True,False
TXN00004070,3047.23,1,P3,,False,False
TXN00004074,3617.74,1,LOW,,False,False
TXN00004089,493.48,1,LOW,,False,False
TXN00004094,2519.45,1,HIGH,,False,False
TXN00004103,4864.83,1,MEDIUM,,False,False
TXN00004108,5763.03,1,HIGH,,False,False
TXN00004113,1173.86,1,HIGH,2256.0,True,False
TXN00004115,1495.6,1,P3,1476.5827777777777,True,False
TXN00004120,5701.53,1,LOW,1635.3622222222225,True,False
TXN00004121,0.0,1,HIGH,,False,False
TXN00004134,794.23,1,P2,,False,False
TXN00004140,378.0,1,CRIT,858.6358333333334,True,False
TXN00004153,3630.27,1,HIGH,1293.3736111111111,True,False
TXN00004157,269.0,1,LOW,1843.9472222222223,True,False
TXN00004164,3142.0,1,P3,119.65944444444445,False,False
TXN00004169,13744.99,1,CRITICAL,,False,False
TXN00004174,26842.07,1,P1,195.05777777777777,True,False
TXN00004176,1105.82,1,HIGH,4787.0552777777775,True,False
TXN00004185,7433.73,1,LOW,,False,False
TXN00004247,1908.75,1,P3,,False,False
TXN00004265,330.36,1,L,3035.973333333334,True,False
TXN00004267,3750.2,1,P4,,False,False
TXN00004271,2672.78,1,LOW,,False,False
TXN00004276,-3192.45,1,P3,,False,False
TXN00004284,3737.05,1,MEDIUM,,False,False
TXN00004293,830.77,1,MEDIUM,2860.3811111111113,True,False
TXN00004321,2032.79,1,P4,960.9847222222222,True,False
TXN00004325,0.0,1,CRITICAL,,False,False
TXN00004346,2582.05,1,P4,,False,False
TXN00004350,2131.37,1,L,,False,False
TXN00004354,1370.0,1,MEDIUM,2617.721666666667,True,False
TXN00004367,2126.85,1,HIGH,,False,False
TXN00004370,733.59,1,P3,,False,False
TXN00004377,6954.75,1,LOW,6733.75,True,False
TXN00004386,2691.36,1,P3,,False,False
TXN00004392,272.46,1,LOW,,False,False
TXN00004395,9572.0,1,MEDIUM,,False,False
TXN00004411,3905.0,1,P4,,False,False
TXN00004425,1305.0,1,HIGH,,False,False
TXN00004439,1706.04,1,P2,,False,False
TXN00004455,559.19,1,MEDIUM,,False,False
TXN00004472,0.0,1,MEDIUM,,False,False
TXN00004481,1101.44,1,CRIT,,False,False
TXN00004488,2468.0,1,CRIT,169.66916666666663,True,False
TXN00004493,380.69,1,P4,,False,False
TXN00004507,2320.0,1,MEDIUM,287.3636111111111,True,False
TXN00004512,1358.0,1,LOW,518.1291666666667,True,False
TXN00004517,676.55,1,LOW,19.281388888888888,False,False
TXN00004549,1639.85,1,HIGH,,False,False
TXN00004554,2266.29,1,MEDIUM,,False,False
TXN00004555,889.98,1,P2,1005.0977777777778,True,False
TXN00004562,-2226.56,1,HIGH,,False,False
TXN00004573,495.68,1,MEDIUM,,False,False
TXN00004589,1100.37,1,MEDIUM,,False,False
TXN00004590,799.39,1,P2,,False,False
TXN00004594,577.53,2,"MEDIUM,P4",,False,False
TXN00004610,5879.13,1,MEDIUM,153.87805555555556,False,False
TXN00004618,1142.86,1,LOW,,False,False
TXN00004622,1330.95,1,M,,False,False
TXN00004638,1651.94,1,HIGH,6998.599722222222,True,False
TXN00004642,1778.23,1,M,,False,False
TXN00004644,-3662.83,1,P4,1367.0736111111112,True,False
TXN00004668,0.0,1,MEDIUM,,False,False
TXN00004672,985.98,1,H,,False,False
TXN00004673,4655.030000000001,2,LOW,668.4197222222223,True,False
TXN00004675,258.2,1,HIGH,1796.9325,True,False
TXN00004686,1634.47,1,P3,,False,False
TXN00004693,3249.99,1,LOW,,False,False
TXN00004698,1942.99,1,L,,False,False
TXN00004709,-741.74,1,LOW,53.48111111111111,False,False
TXN00004712,2950.32,1,CRITICAL,1368.0,True,False
TXN00004716,169.35,1,MEDIUM,347.5391666666667,True,False
TXN00004717,22390.0,1,H,,False,False
TXN00004731,1385.0,1,H,984.0,True,False
TXN00004746,579.06,1,HIGH,,False,False
TXN00004747,11808.21,1,MEDIUM,386.7872222222222,True,False
TXN00004748,3976.68,1,L,,False,False
TXN00004759,1027.78,1,LOW,,False,False
TXN00004763,2865.75,1,M,590.2197222222222,True,False
TXN00004771,5005.08,1,CRITICAL,935.5230555555556,True,False
TXN00004776,2319.55,1,HIGH,184.46583333333336,True,False
TXN00004779,1565.13,1,P3,,False,False
TXN00004780,-673.13,1,H,,False,False
TXN00004782,779.81,1,MEDIUM,289.74694444444447,True,False
TXN00004797,3784.33,1,MEDIUM,,False,False
TXN00004804,12097.84,1,HIGH,,False,False
TXN00004814,0.0,1,LOW,154.05555555555554,False,False
TXN00004821,165.89,1,LOW,1246.6161111111112,True,False
TXN00004832,1582.6,1,M,,False,False
TXN00004835,11573.0,1,MEDIUM,,False,False
TXN00004836,3723.0,1,LOW,,False,False
TXN00004839,955.91,1,H,2009.1061111111112,True,False
TXN00004849,1212.0,1,MEDIUM,2080.844722222222,True,False
TXN00004880,-512.66,1,CRIT,,False,False
TXN00004888,1625.15,1,CRITICAL,10.234444444444444,False,False
TXN00004890,0.0,1,LOW,,False,False
TXN00004896,1770.17,1,LOW,,False,False
TXN00004903,639.26,1,MEDIUM,,False,False
TXN00004922,0.0,1,MEDIUM,333.5588888888889,True,False
TXN00004923,1673.05,1,P4,,False,False
TXN00004925,9977.75,1,M,,False,False
TXN00004927,1530.6,1,P4,,False,False
TXN00004932,595.39,1,LOW,,False,False
TXN00004933,4720.79,1,LOW,307.9347222222222,True,False
TXN00004935,18552.59,1,L,,False,False
TXN00004951,2386.57,1,P2,5877.85,True,False
TXN00004956,1752.77,1,MEDIUM,1442.2425,True,False
TXN00004960,1327.87,1,P4,1601.2483333333332,True,False
TXN00004967,-952.74,1,LOW,1007.9969444444444,True,False
TXN00004968,-686.93,1,HIGH,,False,False
TXN00004984,1369.23,1,HIGH,2339.2830555555556,True,False
TXN00004989,5305.63,1,P3,,False,False
TXN00005001,4713.3,1,M,,False,False
TXN00005004,1095.0,1,MEDIUM,,False,False
TXN00005006,216.3,1,P4,,False,False
TXN00005010,1290.35,1,MEDIUM,398.3522222222222,True,False
TXN00005013,1946.17,1,L,,False,False
TXN00005021,7640.62,1,LOW,,False,False
TXN00005025,1283.51,1,P4,776.0136111111111,True,False
TXN00005028,1800.13,1,HIGH,,False,False
TXN00005039,1582.19,1,HIGH,,False,False
TXN00005048,2992.52,1,HIGH,4488.0,True,False
TXN00005056,6278.49,1,CRITICAL,559.39,True,False
TXN00005059,5445.15,2,"CRITICAL,P2",,False,False
TXN00005061,1535.65,1,HIGH,,False,False
TXN00005079,1368.67,1,H,449.61611111111114,True,False
TXN00005081,782.28,1,P4,,False,False
TXN00005083,448.0,1,MEDIUM,,False,False
TXN00005084,12351.07,1,LOW,4680.632777777778,True,False
TXN00005100,-3671.61,1,LOW,250.1861111111111,True,False
TXN00005107,1023.0,1,M,,False,False
TXN00005131,9968.68,1,MEDIUM,3776.485555555555,True,False
TXN00005136,1719.63,1,M,576.0,True,False
TXN00005138,3046.37,2,"MEDIUM,P3",1030.2680555555555,True,False
TXN00005144,1262.32,1,P4,,False,False
TXN00005146,725.45,1,MEDIUM,1951.8205555555555,True,False
TXN00005150,2477.97,1,MEDIUM,,False,False
TXN00005168,5074.67,1,HIGH,,False,False
TXN00005174,1679.19,1,HIGH,761.7997222222223,True,False
TXN00005181,1107.86,1,LOW,264.0,True,False
TXN00005195,4251.73,1,LOW,851.1277777777777,True,False
TXN00005197,5740.0,1,P3,,False,False
TXN00005199,2351.11,1,LOW,,False,False
TXN00005203,2184.85,1,P4,,False,False
TXN00005205,6694.94,1,H,1142.3805555555557,True,False
TXN00005214,0.0,1,MEDIUM,191.65083333333337,True,False
TXN00005222,1871.55,2,"P3,P4",,False,False
TXN00005230,5154.73,1,MEDIUM,,False,False
TXN00005246,-99.96,1,LOW,1388.7588888888888,True,False
TXN00005274,4290.41,1,H,372.2391666666667,True,False
TXN00005307,0.0,1,P4,644.0747222222222,True,False
TXN00005315,819.89,1,L,454.7644444444445,True,False
TXN00005344,1422.0,1,HIGH,318.95694444444445,True,False
TXN00005346,-1690.9699999999998,2,"LOW,P3",,False,False
TXN00005364,0.0,1,P1,,False,False
TXN00005367,734.0,1,P4,,False,False
TXN00005376,6375.04,1,P3,1803.2216666666664,True,False
TXN00005378,1274.1,1,MEDIUM,2703.670555555555,True,False
TXN00005379,318.82,1,H,491.32972222222224,True,False
TXN00005386,2597.6,1,MEDIUM,,False,False
TXN00005396,2926.18,1,P3,,False,False
TXN00005401,14197.19,1,L,128.69083333333333,False,False
TXN00005409,504.51,1,CRITICAL,1592.2441666666666,True,False
TXN00005413,0.0,1,MEDIUM,742.4075,True,False
TXN00005417,2380.3,1,MEDIUM,,False,False
TXN00005419,8383.0,1,P4,391.9375,True,False
TXN00005429,1860.96,1,LOW,356.93944444444446,True,False
TXN00005430,1006.88,1,M,1804.9394444444445,True,False
TXN00005431,1631.64,1,HIGH,817.1016666666667,True,False
TXN00005438,1581.74,1,H,29.410833333333333,False,False
TXN00005443,3291.51,1,MEDIUM,,False,False
TXN00005459,12163.57,2,"LOW,M",340.6761111111111,True,False
TXN00005470,881.56,1,M,619.6469444444444,True,False
TXN00005474,271.69,1,MEDIUM,,False,False
TXN00005483,2130.14,1,MEDIUM,,False,False
TXN00005485,4839.05,1,CRITICAL,,False,False
TXN00005486,1288.0,1,LOW,387.8352777777778,True,False
TXN00005487,0.0,1,P2,,False,False
TXN00005488,8967.32,1,MEDIUM,668.5427777777778,True,False
TXN00005489,3170.75,1,M,1387.418888888889,True,False
TXN00005490,0.0,1,P3,588.3327777777778,True,False
TXN00005496,0.0,1,MEDIUM,501.515,True,False
TXN00005500,1721.07,1,P2,392.27722222222224,True,False
TXN00005512,2981.85,1,P4,27.99,False,False
TXN00005518,-4245.22,1,L,951.2769444444444,True,False
TXN00005542,236.16,1,M,,False,False
TXN00005543,1362.67,1,P3,255.06666666666663,True,False
TXN00005546,1518.0,1,P4,,False,False
TXN00005559,597.81,1,MEDIUM,,False,False
TXN00005564,1858.07,1,MEDIUM,1170.1119444444444,True,False
TXN00005572,-1181.23,1,LOW,,False,False
TXN00005575,1946.37,1,MEDIUM,,False,False
TXN00005580,3654.65,1,P2,,False,False
TXN00005582,16352.81,1,P2,,False,False
TXN00005603,2652.0,1,MEDIUM,,False,False
TXN00005621,8601.0,1,P4,1183.0802777777778,True,False
TXN00005636,1118.0,1,P3,,False,False
TXN00005655,5976.8,1,HIGH,1029.2302777777777,True,False
TXN00005659,-2505.44,1,M,679.3305555555555,True,False
TXN00005666,1764.4,1,LOW,,False,False
TXN00005674,560.0,1,HIGH,966.2011111111112,True,False
TXN00005682,2014.01,1,P2,1496.2444444444443,True,False
TXN00005691,0.0,1,HIGH,,False,False
TXN00005717,2449.38,1,P4,10.260277777777778,False,False
TXN00005723,4655.0,1,LOW,729.3883333333333,True,False
TXN00005750,1459.51,1,P3,,False,False
TXN00005752,1800.88,1,LOW,,False,False
TXN00005755,740.85,1,P3,1438.848611111111,True,False
TXN00005760,0.0,1,MEDIUM,,False,False
TXN00005761,3582.63,1,LOW,1481.8791666666666,True,False
TXN00005764,513.84,1,MEDIUM,,False,False
TXN00005767,3275.35,1,L,1062.5077777777778,True,False
TXN00005777,891.95,1,P2,,False,False
TXN00005785,222.95,1,M,2339.556111111111,True,False
TXN00005788,372.51,1,LOW,2000.8513888888888,True,False
TXN00005799,674.67,1,CRIT,,False,False
TXN00005802,964.98,1,M,,False,False
TXN00005810,-2850.55,1,MEDIUM,,False,False
TXN00005811,636.43,1,MEDIUM,304.17805555555555,True,False
TXN00005813,1708.0,1,HIGH,967.6297222222222,True,False
TXN00005826,1770.58,1,P1,1670.05,True,False
TXN00005837,438.11,1,L,,False,False
TXN00005845,0.0,1,CRIT,,False,False
TXN00005849,-2213.96,1,P3,984.9633333333334,True,False
TXN00005857,-244.97,1,L,1719.1013888888888,True,False
TXN00005861,10091.73,1,P4,1004.0447222222224,True,False
TXN00005872,2023.21,1,LOW,579.1327777777777,True,False
TXN00005874,0.0,1,MEDIUM,,False,False
TXN00005881,2284.0,1,M,48.265277777777776,False,False
TXN00005904,-953.16,1,HIGH,851.2994444444445,True,False
TXN00005908,1603.01,1,L,,False,False
TXN00005915,215.32,1,MEDIUM,631.7402777777778,True,False
TXN00005923,1759.97,1,M,3152.451666666667,True,False
TXN00005940,1360.01,1,MEDIUM,659.8402777777778,True,False
TXN00005941,8630.24,1,H,,False,False
TXN00005945,848.15,1,HIGH,783.2377777777778,True,False
TXN00005953,1742.0,1,LOW,,False,False
TXN00005962,354.48,1,MEDIUM,850.4572222222222,True,False
TXN00005966,8500.66,1,MEDIUM,674.4480555555556,True,False
TXN00005968,2917.69,1,CRITICAL,696.0,True,False
TXN00005973,10229.48,1,MEDIUM,649.5955555555555,True,False
TXN00005986,6879.04,1,HIGH,,False,False
TXN00005988,1345.11,1,H,,False,False
TXN00005999,-3530.1,1,LOW,,False,False
TXN00006037,739.74,1,P4,,False,False
TXN00006052,1664.31,1,CRITICAL,,False,False
TXN00006057,378.18,1,P2,,False,False
TXN00006059,-11598.12,1,P3,175.0011111111111,True,False
TXN00006063,2157.0,1,HIGH,,False,False
TXN00006073,7404.88,1,LOW,1039.9163888888888,True,False
TXN00006075,1413.0,1,P1,7221.796388888889,True,False
TXN00006114,4938.0,1,HIGH,303.91583333333335,True,False
TXN00006117,3964.0,1,HIGH,,False,False
TXN00006125,2573.59,1,HIGH,,False,False
TXN00006136,3785.87,1,L,1045.0169444444443,True,False
TXN00006138,486.96,1,LOW,754.6338888888889,True,False
TXN00006160,384.6,1,P3,1717.1202777777778,True,False
TXN00006175,709.86,1,L,1392.276388888889,True,False
TXN00006191,426.17,1,P4,,False,False
TXN00006193,26207.56,1,LOW,1597.4686111111112,True,False
TXN00006200,5233.09,1,P2,,False,False
TXN00006207,-5731.89,1,P4,,False,False
TXN00006214,4111.68,1,MEDIUM,,False,False
TXN00006246,1584.81,1,M,,False,False
TXN00006250,836.39,1,P4,,False,False
TXN00006252,408.0,1,HIGH,,False,False
TXN00006253,4952.0,1,MEDIUM,5516.672777777778,True,False
TXN00006257,350.52,1,MEDIUM,,False,False
TXN00006263,843.91,1,P4,730.11,True,False
TXN00006276,1890.0,1,CRITICAL,184.38583333333332,True,False
TXN00006280,1032.66,1,MEDIUM,1017.8155555555556,True,False
TXN00006290,0.0,1,LOW,305.12,True,False
TXN00006293,4601.49,2,"LOW,P3",,False,False
TXN00006304,4194.32,1,CRITICAL,,False,False
TXN00006334,-1206.9,1,P3,,False,False
TXN00006336,846.13,1,MEDIUM,541.9933333333333,True,False
TXN00006338,1656.18,1,L,1199.145,True,False
TXN00006342,1546.48,1,P3,,False,False
TXN00006348,506.14,1,P3,,False,False
TXN00006355,1211.72,1,P3,,False,False
TXN00006356,-344.33,1,P4,960.0,True,False
TXN00006360,1731.1,1,LOW,1045.5177777777778,True,False
TXN00006364,2678.39,1,LOW,407.24833333333333,True,False
TXN00006372,5763.76,1,MEDIUM,1007.4077777777778,True,False
TXN00006374,328.81,1,M,,False,False
TXN00006391,9215.86,1,P3,6159.249722222222,True,False
TXN00006400,3582.55,1,HIGH,,False,False
TXN00006416,4872.0,1,MEDIUM,,False,False
TXN00006427,3608.0,1,P3,,False,False
TXN00006433,468.43,1,HIGH,,False,False
TXN00006440,6058.0,1,LOW,11.3125,False,False
TXN00006449,250.0,1,HIGH,,False,False
TXN00006459,2479.76,1,HIGH,,False,False
TXN00006460,3745.94,1,P3,130.34555555555556,False,False
TXN00006467,7505.86,1,H,,False,False
TXN00006468,7884.04,1,LOW,,False,False
TXN00006499,640.77,1,P3,,False,False
TXN00006502,-1120.78,1,CRITICAL,,False,False
TXN00006505,2740.0,1,P3,,False,False
TXN00006526,-767.36,1,P3,,False,False
TXN00006529,5747.29,1,P4,,False,False
TXN00006537,418.0,1,MEDIUM,,False,False
TXN00006549,905.53,1,L,,False,False
TXN00006554,4172.97,1,P3,718.3063888888889,True,False
TXN00006558,-673.61,1,MEDIUM,2243.2919444444447,True,False
TXN00006569,3352.04,1,HIGH,4248.0,True,False
TXN00006584,1087.37,1,M,1031.47,True,False
TXN00006588,-1971.85,1,CRITICAL,,False,False
TXN00006595,2625.77,1,LOW,,False,False
TXN00006600,0.0,1,P3,,False,False
TXN00006623,1154.99,1,L,,False,False
TXN00006632,4124.85,1,L,1803.3655555555556,True,False
TXN00006637,4001.0,1,LOW,1137.2797222222223,True,False
TXN00006638,2742.66,1,CRIT,,False,False
TXN00006640,0.0,1,LOW,,False,False
TXN00006654,2733.0,1,L,4306.531111111111,True,False
TXN00006667,4240.52,1,L,,False,False
TXN00006668,1736.0,1,H,,False,False
TXN00006669,-2766.56,1,P4,,False,False
TXN00006681,946.45,1,P3,,False,False
TXN00006688,592.68,1,HIGH,,False,False
TXN00006695,1671.67,1,MEDIUM,,False,False
TXN00006710,15005.39,2,"HIGH,P2",867.9163888888888,True,False
TXN00006728,1002.59,1,CRIT,,False,False
TXN00006743,0.0,1,P3,,False,False
TXN00006753,-6262.28,1,LOW,,False,False
TXN00006755,1246.53,2,"LOW,MEDIUM",,False,False
TXN00006756,988.98,1,P3,1500.145,True,False
TXN00006761,1870.83,1,MEDIUM,,False,False
TXN00006778,1282.1,1,MEDIUM,,False,False
TXN00006792,1704.54,1,LOW,,False,False
TXN00006799,7272.77,1,P3,,False,False
TXN00006801,-1623.25,1,HIGH,,False,False
TXN00006805,1087.14,1,M,202.18555555555557,True,False
TXN00006808,8430.86,1,H,1170.4747222222222,True,False
TXN00006817,774.67,1,M,1341.621388888889,True,False
TXN00006837,374.0,1,P3,,False,False
TXN00006872,0.0,1,L,,False,False
TXN00006873,0.0,1,CRIT,,False,False
TXN00006894,2016.51,1,HIGH,,False,False
TXN00006897,3386.1,1,L,,False,False
TXN00006902,2179.89,1,CRITICAL,1754.1008333333334,True,False
TXN00006912,1229.37,2,"LOW,MEDIUM",,False,False
TXN00006919,5359.6900000000005,2,"L,MEDIUM",,False,False
TXN00006922,117.76,2,"MEDIUM,P4",285.6172222222222,True,False
TXN00006951,3359.61,1,P3,684.6033333333334,True,False
TXN00006954,186.51,1,MEDIUM,251.61833333333337,True,False
TXN00006955,1336.86,1,LOW,,False,False
TXN00006958,-1162.72,1,HIGH,,False,False
TXN00006961,2280.65,1,P3,1351.7186111111112,True,False
TXN00006966,645.29,1,MEDIUM,,False,False
TXN00006976,1752.57,1,LOW,,False,False
TXN00006989,1796.19,1,M,,False,False
TXN00006990,1208.16,1,P3,178.8538888888889,True,False
TXN00006995,793.0,1,LOW,,False,False
TXN00007012,1064.0,1,HIGH,,False,False
TXN00007014,1748.13,1,LOW,,False,False
TXN00007016,1144.6,1,HIGH,1008.1863888888888,True,False
TXN00007023,11018.82,2,"MEDIUM,P3",,False,False
TXN00007026,0.0,1,P3,,False,False
TXN00007052,0.0,1,L,332.17333333333335,True,False
TXN00007053,3545.44,1,H,2897.6402777777776,True,False
TXN00007063,370.32,1,LOW,,False,False
TXN00007069,5834.0,1,P3,634.6966666666667,True,False
TXN00007076,533.33,1,M,969.4052777777778,True,False
TXN00007084,2000.05,1,LOW,5297.084444444445,True,False
TXN00007095,1816.0,1,M,,False,False
TXN00007102,11415.12,1,P3,,False,False
TXN00007105,0.0,1,MEDIUM,1396.8491666666666,True,False
TXN00007125,1467.82,1,P1,777.9716666666667,True,False
TXN00007136,6758.4,1,LOW,867.2894444444445,True,False
TXN00007143,-2415.01,1,MEDIUM,,False,False
TXN00007145,5884.78,1,P4,,False,False
TXN00007154,5863.87,2,"L,P4",,False,False
TXN00007158,-1520.53,1,HIGH,684.7588888888889,True,False
TXN00007159,1034.0,1,P4,,False,False
TXN00007165,676.0,1,L,922.6188888888888,True,False
TXN00007170,468.0,1,P3,440.9761111111111,True,False
TXN00007177,3812.24,2,"LOW,MEDIUM",,False,False
TXN00007180,671.37,1,P2,,False,False
TXN00007182,7942.83,1,LOW,,False,False
TXN00007185,0.0,1,MEDIUM,,False,False
TXN00007186,7193.48,1,M,1138.584722222222,True,False
TXN00007187,361.6,1,P3,,False,False
TXN00007192,1195.71,1,P3,,False,False
TXN00007204,-4713.91,1,HIGH,1121.9230555555555,True,False
TXN00007219,5143.78,1,LOW,,False,False
TXN00007220,4676.01,1,MEDIUM,4701.556666666666,True,False
TXN00007227,5015.36,2,"MEDIUM,P3",120.29222222222222,False,False
TXN00007230,4334.18,1,CRITICAL,,False,False
TXN00007235,1820.07,1,L,26.39472222222222,False,False
TXN00007244,3040.89,1,H,1517.5413888888888,True,False
TXN00007253,8599.51,1,HIGH,369.58,True,False
TXN00007267,890.07,1,LOW,,False,False
TXN00007272,928.0,1,HIGH,399.43055555555554,True,False
TXN00007273,673.49,1,MEDIUM,1082.9008333333334,True,False
TXN00007282,9729.28,1,MEDIUM,,False,False
TXN00007285,4196.87,1,H,,False,False
TXN00007288,320.6,1,LOW,,False,False
TXN00007296,1425.61,1,M,,False,False
TXN00007306,1333.0,1,LOW,,False,False
TXN00007307,2349.32,1,P3,,False,False
TXN00007313,802.19,1,H,7659.730833333333,True,False
TXN00007324,175.45,1,H,,False,False
TXN00007326,185.0,1,M,,False,False
TXN00007330,2018.57,1,MEDIUM,565.0244444444445,True,False
TXN00007334,903.47,1,L,,False,False
TXN00007342,9521.14,1,P3,382.67527777777775,True,False
TXN00007356,4608.17,1,L,735.2183333333334,True,False
TXN00007357,161.0,1,MEDIUM,,False,False
TXN00007362,3269.55,1,LOW,,False,False
TXN00007375,4608.0,1,HIGH,1432.8452777777777,True,False
TXN00007401,-2284.5,1,HIGH,,False,False
TXN00007437,420.8499999999999,2,"M,MEDIUM",,False,False
TXN00007439,3333.48,1,L,5135.180555555556,True,False
TXN00007445,3055.0,1,MEDIUM,522.7816666666666,True,False
TXN00007450,-1985.25,1,HIGH,818.5052777777778,True,False
TXN00007455,1002.8,1,HIGH,,False,False
TXN00007456,2655.0,1,P1,427.4186111111111,True,False
TXN00007457,838.9,1,M,3994.3972222222224,True,False
TXN00007463,540.0,1,P3,,False,False
TXN00007464,2001.83,1,P3,543.3983333333333,True,False
TXN00007488,384.26,1,HIGH,,False,False
TXN00007492,4032.14,2,"L,P4",,False,False
TXN00007495,1520.0,1,P4,,False,False
TXN00007497,-5331.95,1,HIGH,5638.405277777778,True,False
TXN00007501,0.0,1,L,,False,False
TXN00007505,13713.48,1,L,168.87777777777777,True,False
TXN00007508,696.41,1,LOW,,False,False
TXN00007519,2490.54,1,L,,False,False
TXN00007523,2702.06,1,P3,337.3413888888889,True,False
TXN00007551,1887.02,1,P3,,False,False
TXN00007552,12509.66,1,LOW,,False,False
TXN00007573,10313.56,1,LOW,,False,False
TXN00007590,1023.96,1,L,,False,False
TXN00007595,1638.0,1,M,2189.3458333333333,True,False
TXN00007604,440.35,1,MEDIUM,,False,False
TXN00007622,969.68,2,"LOW,P3",,False,False
TXN00007628,3211.77,1,P4,469.24305555555554,True,False
TXN00007630,963.14,1,P4,234.77694444444444,True,False
TXN00007635,1325.25,1,H,845.8983333333333,True,False
TXN00007639,544.0,1,LOW,90.82333333333334,False,False
TXN00007642,1258.0,1,CRITICAL,,False,False
TXN00007644,1173.01,1,MEDIUM,6.3244444444444445,False,False
TXN00007645,-1667.95,1,CRITICAL,,False,False
TXN00007650,316.55,1,P2,932.3347222222222,True,False
TXN00007654,1580.77,2,"P3,P4",2007.5755555555556,True,False
TXN00007658,-2100.66,1,MEDIUM,1431.918888888889,True,False
TXN00007662,4479.85,1,M,466.3436111111111,True,False
TXN00007668,872.83,1,L,,False,False
TXN00007676,841.13,1,P1,513.3394444444444,True,False
TXN00007679,504.58,1,H,,False,False
TXN00007698,1746.55,1,MEDIUM,1526.4722222222222,True,False
TXN00007704,1568.0,1,LOW,,False,False
TXN00007711,842.88,1,HIGH,393.9686111111111,True,False
TXN00007712,-1151.15,1,P3,1622.6680555555556,True,False
TXN00007718,1496.09,1,HIGH,150.7575,False,False
TXN00007729,819.04,1,LOW,,False,False
TXN00007749,1287.86,1,HIGH,862.565,True,False
TXN00007757,-2328.13,1,HIGH,393.2438888888889,True,False
TXN00007758,1550.0,1,LOW,662.11,True,False
TXN00007764,6398.47,1,MEDIUM,730.2744444444445,True,False
TXN00007769,813.25,1,HIGH,,False,False
TXN00007772,1320.83,1,CRIT,43.22611111111111,False,False
TXN00007774,1443.57,1,P3,3789.839166666666,True,False
TXN00007782,-647.02,1,L,,False,False
TXN00007791,1735.16,1,P4,,False,False
TXN00007811,1224.0,1,H,1124.4575,True,False
TXN00007824,1375.65,1,MEDIUM,1433.6302777777778,True,False
TXN00007831,905.66,1,P4,,False,False
TXN00007842,5443.0,1,LOW,1392.0,True,False
TXN00007847,0.0,1,P2,1130.0727777777777,True,False
TXN00007849,1413.0,1,MEDIUM,,False,False
TXN00007866,-2477.45,1,LOW,,False,False
TXN00007870,1860.61,1,HIGH,,False,False
TXN00007889,3625.88,1,M,,False,False
TXN00007902,5099.0,1,HIGH,1002.6941666666668,True,False
TXN00007915,1789.71,1,CRITICAL,120.45027777777776,False,False
TXN00007923,2225.43,1,MEDIUM,494.705,True,False
TXN00007924,2197.57,1,MEDIUM,,False,False
TXN00007939,976.66,1,MEDIUM,,False,False
TXN00007940,1608.0,1,HIGH,459.22083333333336,True,False
TXN00007941,-15519.36,1,P4,1180.035,True,False
TXN00007945,2209.68,1,M,,False,False
TXN00007949,2276.53,1,L,534.8111111111111,True,False
TXN00007962,875.42,1,P1,161.09055555555557,False,False
TXN00007966,5449.19,2,"CRITICAL,L",201.87,True,False
TXN00007967,0.0,1,HIGH,6446.5225,True,False
TXN00007974,4101.89,1,LOW,,False,False
TXN00007980,1231.74,1,P3,450.57055555555553,True,False
TXN00007982,-3415.3,1,P2,,False,False
TXN00007988,1309.6,1,L,,False,False
TXN00007989,1245.09,1,MEDIUM,,False,False
TXN00008011,1770.2,1,MEDIUM,70.18472222222222,False,False
TXN00008016,1364.41,1,P4,,False,False
TXN00008030,1200.17,1,M,325.8186111111111,True,False
TXN00008048,7477.0,1,H,,False,False
TXN00008054,1537.5,2,P2,,False,False
TXN00008063,2296.42,1,P2,725.6702777777778,True,False
TXN00008067,14279.05,1,CRIT,416.4636111111111,True,False
TXN00008083,2354.56,1,HIGH,,False,False
TXN00008090,3349.24,1,MEDIUM,375.62111111111113,True,False
TXN00008092,2596.26,1,M,638.2069444444444,True,False
TXN00008095,0.0,1,HIGH,752.3288888888889,True,False
TXN00008098,-488.38,1,P4,,False,False
TXN00008099,4576.69,1,CRIT,757.2291666666666,True,False
TXN00008116,22249.4,3,"LOW,P3,P4",,False,False
TXN00008130,482.6,1,MEDIUM,,False,False
TXN00008131,2367.83,1,P4,540.6725,True,False
TXN00008134,388.91,1,MEDIUM,,False,False
TXN00008141,4306.86,1,M,,False,False
TXN00008143,240.64,1,L,1589.3105555555555,True,False
TXN00008154,1654.89,1,M,6941.5663888888885,True,False
TXN00008166,813.72,1,M,,False,False
TXN00008167,2598.82,1,MEDIUM,240.63833333333332,True,False
TXN00008175,7668.14,1,LOW,,False,False
TXN00008189,577.55,1,MEDIUM,759.05,True,False
TXN00008205,1147.39,1,P2,6135.668055555556,True,False
TXN00008222,4360.22,1,L,,False,False
TXN00008227,2758.76,1,HIGH,5462.47,True,False
TXN00008228,-443.81,1,LOW,,False,False
TXN00008235,1302.0,1,P3,1917.699722222222,True,False
TXN00008240,-962.34,1,P2,,False,False
TXN00008261,4227.03,1,HIGH,1200.6247222222223,True,False
TXN00008274,1114.45,1,HIGH,526.5786111111111,True,False
TXN00008276,6279.24,2,"CRITICAL,P2",,False,False
TXN00008299,1586.53,1,MEDIUM,,False,False
TXN00008304,6321.44,1,MEDIUM,,False,False
TXN00008319,0.0,1,P4,9.442222222222222,False,False
TXN00008321,1235.1,2,"H,LOW",,False,False
TXN00008323,36675.43,1,P3,832.1830555555556,True,False
TXN00008330,1847.49,1,P3,5789.882777777778,True,False
TXN00008348,7413.72,1,P1,,False,False
TXN00008353,1208.71,1,MEDIUM,,False,False
TXN00008356,0.0,1,MEDIUM,340.76472222222225,True,False
TXN00008361,5163.82,1,P4,,False,False
TXN00008362,716.05,1,P4,1039.2711111111112,True,False
TXN00008366,1671.34,1,HIGH,931.5872222222222,True,False
TXN00008369,690.97,1,P3,1484.4030555555555,True,False
TXN00008375,372.08,1,LOW,,False,False
TXN00008377,1274.95,1,MEDIUM,,False,False
TXN00008385,1944.27,1,LOW,2202.5858333333335,True,False
TXN00008400,1939.11,1,LOW,,False,False
TXN00008403,1117.0,1,MEDIUM,321.7627777777778,True,False
TXN00008404,6003.55,1,LOW,,False,False
TXN00008405,118.39999999999986,2,"M,P2",,False,False
TXN00008407,2017.17,1,MEDIUM,1182.4991666666667,True,False
TXN00008410,896.23,1,MEDIUM,,False,False
TXN00008414,-1523.73,1,H,,False,False
TXN00008421,964.56,1,P4,209.50722222222225,True,False
TXN00008429,1512.54,1,MEDIUM,,False,False
TXN00008431,1831.96,1,P3,,False,False
TXN00008435,2882.4500000000003,2,MEDIUM,,False,False
TXN00008446,-2807.75,1,CRITICAL,3924.85,True,False
TXN00008449,653.0,1,P3,1851.983888888889,True,False
TXN00008454,268.0,1,MEDIUM,157.51166666666666,False,False
TXN00008459,3145.24,1,M,,False,False
TXN00008462,-884.33,1,LOW,1085.9991666666667,True,False
TXN00008466,494.63,1,M,,False,False
TXN00008467,-1016.94,1,MEDIUM,281.2372222222222,True,False
TXN00008469,-604.81,1,MEDIUM,,False,False
TXN00008475,877.69,1,M,758.4302777777777,True,False
TXN00008478,2598.96,1,CRIT,772.5472222222222,True,False
TXN00008496,-2662.81,1,L,330.09527777777777,True,False
TXN00008497,316.81,1,LOW,167.70694444444445,False,False
TXN00008498,2342.66,1,P4,283.02555555555557,True,False
TXN00008504,892.19,2,"P3,P4",,False,False
TXN00008525,1760.95,1,HIGH,1885.25,True,False
TXN00008529,3107.14,1,HIGH,462.92805555555555,True,False
TXN00008534,652.86,1,HIGH,4821.2275,True,False
TXN00008538,2850.0,1,MEDIUM,275.0155555555556,True,False
TXN00008542,0.0,1,M,,False,False
TXN00008546,936.49,1,L,3504.8380555555555,True,False
TXN00008557,752.0,1,H,1656.0,True,False
TXN00008558,1053.3,1,P2,,False,False
TXN00008559,876.37,1,M,847.2608333333334,True,False
TXN00008564,7520.47,1,MEDIUM,1029.5069444444443,True,False
TXN00008566,2673.74,1,LOW,401.6202777777778,True,False
TXN00008578,3771.28,1,MEDIUM,,False,False
TXN00008581,-562.07,1,MEDIUM,1362.6825,True,False
TXN00008590,2830.0,1,M,,False,False
TXN00008599,1339.16,1,P4,,False,False
TXN00008604,-1527.8,1,HIGH,1165.690833333333,True,False
TXN00008617,4101.67,1,CRIT,1679.709722222222,True,False
TXN00008638,1056.33,1,LOW,1765.5055555555557,True,False
TXN00008645,1942.22,2,"HIGH,M",,False,False
TXN00008650,1166.57,1,P3,658.5030555555555,True,False
TXN00008651,0.0,1,MEDIUM,,False,False
TXN00008654,3655.6,1,P2,,False,False
TXN00008657,4252.24,1,P4,684.2186111111112,True,False
TXN00008670,992.85,1,LOW,,False,False
TXN00008679,1294.7,1,P3,1043.9086111111112,True,False
TXN00008682,5944.75,1,LOW,21.64666666666667,False,False
TXN00008686,-969.45,1,LOW,,False,False
TXN00008727,3479.0899999999997,2,"L,LOW",951.5263888888888,True,False
TXN00008732,3491.72,1,HIGH,,False,False
TXN00008758,11352.0,1,M,1412.3691666666666,True,False
TXN00008775,8304.41,1,P4,589.8669444444445,True,False
TXN00008788,8276.16,1,M,668.5627777777778,True,False
TXN00008795,1052.0,1,MEDIUM,,False,False
TXN00008797,980.58,1,MEDIUM,8.861666666666666,False,False
TXN00008813,-825.92,1,LOW,,False,False
TXN00008821,2136.49,1,LOW,1504.5872222222222,True,False
TXN00008826,1347.43,1,LOW,,False,False
TXN00008829,19778.02,1,P1,1511.5347222222222,True,False
TXN00008840,1257.85,1,H,,False,False
TXN00008851,1383.51,1,MEDIUM,2196.3969444444447,True,False
TXN00008853,6353.75,1,P3,239.41055555555556,True,False
TXN00008854,2299.14,1,MEDIUM,,False,False
TXN00008857,5937.26,1,P4,636.7861111111112,True,False
TXN00008870,4628.47,1,MEDIUM,,False,False
TXN00008893,2546.9,1,P4,,False,False
TXN00008903,601.89,1,CRITICAL,,False,False
TXN00008905,1362.36,1,CRITICAL,,False,False
TXN00008909,660.0,1,LOW,,False,False
TXN00008925,-3175.71,1,LOW,1351.898888888889,True,False
TXN00008946,815.57,1,M,,False,False
TXN00008947,4079.0,1,LOW,,False,False
TXN00008964,1646.02,1,H,191.55555555555551,True,False
TXN00008970,4972.63,2,LOW,659.1541666666667,True,False
TXN00009008,743.0,1,L,183.28861111111112,True,False
TXN00009019,2738.39,1,P3,,False,False
TXN00009035,1224.57,1,LOW,,False,False
TXN00009040,-1600.6,1,H,,False,False
TXN00009041,865.19,1,P4,868.5372222222222,True,False
TXN00009054,14177.27,1,MEDIUM,,False,False
TXN00009063,91.6,1,LOW,208.8972222222222,True,False
TXN00009064,1568.17,1,CRITICAL,,False,False
TXN00009068,1500.0,1,P2,792.0,True,False
TXN00009074,611.73,1,P3,1713.3830555555555,True,False
TXN00009076,1552.98,1,P2,1728.8469444444445,True,False
TXN00009087,7838.0,1,M,,False,False
TXN00009091,358.42,1,P3,,False,False
TXN00009096,-6781.52,1,MEDIUM,332.5113888888889,True,False
TXN00009098,4947.89,1,LOW,,False,False
TXN00009105,0.0,1,LOW,7685.483055555555,True,False
TXN00009106,1104.0,1,P3,,False,False
TXN00009115,1575.8,1,LOW,,False,False
TXN00009124,253.0,1,M,701.615,True,False
TXN00009133,1528.27,1,P3,,False,False
TXN00009139,1518.49,1,CRITICAL,1247.0405555555556,True,False
TXN00009145,1922.11,1,P4,,False,False
TXN00009149,-2970.62,1,CRITICAL,,False,False
TXN00009156,1074.12,1,LOW,788.0658333333333,True,False
TXN00009167,526.17,2,"LOW,MEDIUM",,False,False
TXN00009172,880.82,1,P3,525.7033333333334,True,False
TXN00009174,3544.0,1,L,1435.8513888888888,True,False
TXN00009180,0.0,1,HIGH,,False,False
TXN00009182,-4153.73,1,MEDIUM,702.3608333333333,True,False
TXN00009187,3008.39,1,L,,False,False
TXN00009188,542.9,1,M,451.8405555555556,True,False
TXN00009196,0.0,1,MEDIUM,158.53833333333333,False,False
TXN00009206,1313.0,1,P2,5350.701666666667,True,False
TXN00009207,4915.0,1,HIGH,,False,False
TXN00009220,914.0,1,M,,False,False
TXN00009226,4466.49,1,MEDIUM,,False,False
TXN00009229,1300.37,1,HIGH,,False,False
TXN00009231,669.96,1,LOW,,False,False
TXN00009246,1644.04,1,LOW,2280.0,True,False
TXN00009248,-728.36,1,CRITICAL,,False,False
TXN00009260,5136.75,1,LOW,,False,False
TXN00009269,385.53,1,MEDIUM,,False,False
TXN00009287,1407.0,1,MEDIUM,,False,False
TXN00009292,2299.02,1,P4,,False,False
TXN00009313,1561.28,1,P4,6510.228611111111,True,False
TXN00009314,766.0,1,LOW,,False,False
TXN00009329,648.33,1,CRIT,,False,False
TXN00009340,1180.9,1,CRIT,495.39472222222224,True,False
TXN00009347,1704.94,1,LOW,6145.983333333334,True,False
TXN00009348,6469.360000000001,2,"H,LOW",985.8047222222224,True,False
TXN00009350,478.75,1,P3,,False,False
TXN00009351,1026.98,1,MEDIUM,,False,False
TXN00009355,2786.42,1,P3,,False,False
TXN00009368,2931.23,1,LOW,212.775,True,False
TXN00009369,2070.15,1,P4,,False,False
TXN00009371,0.0,1,CRIT,,False,False
TXN00009374,50.0,2,"LOW,MEDIUM",,False,False
TXN00009379,578.72,1,P2,1246.4786111111111,True,False
TXN00009406,2488.0,1,P3,,False,False
TXN00009416,4883.77,1,LOW,5175.119166666666,True,False
TXN00009419,16164.46,1,LOW,1907.1633333333336,True,False
TXN00009429,1275.75,1,P4,668.0886111111112,True,False
TXN00009432,-7439.66,2,"HIGH,MEDIUM",3900.4577777777777,True,False
TXN00009444,855.85,1,P3,,False,False
TXN00009451,3711.97,1,MEDIUM,3314.3394444444443,True,False
TXN00009456,3537.13,1,MEDIUM,,False,False
TXN00009464,2154.73,1,HIGH,,False,False
TXN00009466,11523.08,1,CRIT,244.61694444444444,True,False
TXN00009493,270.77,1,MEDIUM,,False,False
TXN00009510,4843.85,1,L,218.54611111111112,True,False
TXN00009538,1124.0,1,M,1897.9922222222224,True,False
TXN00009546,562.28,1,MEDIUM,1424.9058333333332,True,False
TXN00009578,5287.35,1,M,,False,False
TXN00009596,5224.53,1,MEDIUM,,False,False
TXN00009609,2225.74,1,P2,,False,False
TXN00009614,927.07,1,H,,False,False
TXN00009622,0.0,1,P1,,False,False
TXN00009627,10535.8,1,L,,False,False
TXN00009635,1538.91,1,LOW,,False,False
TXN00009645,3937.19,1,MEDIUM,,False,False
TXN00009647,878.05,2,"H,MEDIUM",1104.0,True,False
TXN00009672,478.93,1,L,,False,False
TXN00009676,0.0,1,L,241.72055555555556,True,False
TXN00009699,3917.9,1,H,,False,False
TXN00009704,2595.11,1,LOW,,False,False
TXN00009708,3007.22,1,HIGH,,False,False
TXN00009712,803.59,1,M,461.0430555555555,True,False
TXN00009714,807.62,1,P4,,False,False
TXN00009715,2683.75,2,"CRIT,L",204.30055555555555,True,False
TXN00009735,1222.97,1,HIGH,408.7736111111111,True,False
TXN00009741,548.0,1,LOW,1797.0383333333334,True,False
TXN00009749,193.15,1,LOW,,False,False
TXN00009757,0.0,1,L,840.5841666666666,True,False
TXN00009768,7417.98,2,"CRITICAL,MEDIUM",,False,False
TXN00009782,7066.299999999999,2,"MEDIUM,P2",261.4472222222222,True,False
TXN00009783,2123.46,1,P3,,False,False
TXN00009790,2111.05,2,"CRITICAL,MEDIUM",939.5694444444443,True,False
TXN00009791,807.97,1,LOW,,False,False
TXN00009795,6352.67,2,"P3,P4",999.8286111111112,True,False
TXN00009804,767.56,1,MEDIUM,,False,False
TXN00009806,3825.17,1,LOW,215.11111111111111,True,False
TXN00009812,2069.51,1,LOW,71.15777777777778,False,False
TXN00009814,1195.47,1,M,,False,False
TXN00009818,2614.31,1,P3,186.72,True,False
TXN00009823,17825.75,1,L,,False,False
TXN00009825,-3366.2200000000003,2,"P1,P4",11.851944444444444,False,False
TXN00009831,2727.04,1,MEDIUM,5413.041944444444,True,False
TXN00009850,1130.39,1,LOW,,False,False
TXN00009857,519.97,1,M,656.8980555555555,True,False
TXN00009861,883.5,1,H,3985.903888888889,True,False
TXN00009866,6769.33,1,MEDIUM,149.94722222222222,False,False
TXN00009867,9736.35,1,H,743.025,True,False
TXN00009870,12334.0,1,P3,,False,False
TXN00009880,731.59,1,CRITICAL,,False,False
TXN00009897,1827.19,1,HIGH,,False,False
TXN00009905,2251.54,1,P3,,False,False
TXN00009920,1507.51,1,LOW,,False,False
TXN00009923,2940.0,1,MEDIUM,,False,False
TXN00009947,917.78,3,"CRIT,HIGH,P1",,False,False
TXN00009955,2132.38,1,MEDIUM,,False,False
TXN00009961,983.39,1,P4,1369.1202777777778,True,False
TXN00009966,606.33,1,CRIT,,False,False
TXN00009971,4849.0,1,LOW,855.2375,True,False
TXN00009979,2678.01,2,MEDIUM,,False,False
TXN00009981,1850.41,1,H,7265.106388888889,True,False
TXN00009985,4262.78,1,P4,,False,False
TXN00009994,477.68,1,MEDIUM,,False,False
TXN00009997,0.0,1,P3,722.3436111111112,True,False
TXN00010007,2021.11,1,L,,False,False
TXN00010013,314.65,1,HIGH,1038.8575,True,False
TXN00010018,0.0,1,L,,False,False
TXN00010034,305.0,1,CRITICAL,,False,False
TXN00010035,7882.54,1,M,730.1722222222222,True,False
TXN00010046,6572.39,1,P3,,False,False
TXN00010055,3918.28,1,M,18.945,False,False
TXN00010063,-1383.7800000000002,2,P3,101.53916666666667,False,False
TXN00010065,4146.46,1,L,,False,False
TXN00010068,2128.78,1,LOW,16.925833333333333,False,False
TXN00010080,824.94,1,P3,1711.755,True,False
TXN00010089,0.0,1,LOW,1474.8666666666666,True,False
TXN00010092,1533.39,1,P4,1004.9075,True,False
TXN00010095,1820.01,1,LOW,,False,False
TXN00010097,12885.17,1,L,816.0,True,False
TXN00010104,1912.26,1,HIGH,5.998333333333333,False,False
TXN00010126,1107.77,1,LOW,7063.795833333334,True,False
TXN00010146,2637.93,1,MEDIUM,,False,False
TXN00010149,0.0,1,CRIT,1939.5744444444445,True,False
TXN00010167,-3121.8,1,MEDIUM,1225.7075,True,False
TXN00010170,0.0,1,MEDIUM,155.3388888888889,False,False
TXN00010177,690.45,1,HIGH,,False,False
TXN00010182,1252.47,1,LOW,212.495,True,False
TXN00010193,-1194.2,1,MEDIUM,,False,False
TXN00010196,852.0,1,P2,,False,False
TXN00010199,3450.0,1,HIGH,535.8366666666667,True,False
TXN00010202,1328.22,1,P4,,False,False
TXN00010208,687.82,1,LOW,,False,False
TXN00010215,6899.7,1,P3,,False,False
TXN00010218,2014.18,2,"M,MEDIUM",,False,False
TXN00010219,9344.29,1,H,1852.285,True,False
TXN00010220,4146.24,1,P4,,False,False
TXN00010227,258.0,1,HIGH,,False,False
TXN00010231,0.0,1,MEDIUM,,False,False
TXN00010238,581.0,1,P3,480.0,True,False
TXN00010243,1043.0,1,L,1259.157222222222,True,False
TXN00010250,0.0,1,LOW,,False,False
TXN00010278,-1779.15,1,HIGH,1332.013333333333,True,False
TXN00010287,852.14,1,P1,204.4225,True,False
TXN00010292,982.39,1,M,,False,False
TXN00010298,534.44,1,P1,4957.383888888889,True,False
TXN00010316,1419.0,1,P2,97.225,False,False
TXN00010337,2203.0,1,L,,False,False
TXN00010340,8382.0,1,M,5907.984166666667,True,False
TXN00010355,-1284.43,1,P2,305.57194444444445,True,False
TXN00010356,2359.0,1,H,,False,False
TXN00010362,721.17,1,P3,343.81194444444446,True,False
TXN00010372,307.0,1,CRITICAL,349.9586111111111,True,False
TXN00010376,3789.0,1,MEDIUM,1194.641388888889,True,False
TXN00010383,4163.19,1,LOW,856.4544444444444,True,False
TXN00010384,2047.46,1,M,,False,False
TXN00010389,-6649.93,1,LOW,,False,False
TXN00010395,4273.42,1,HIGH,1751.5080555555555,True,False
TXN00010422,2144.03,1,MEDIUM,,False,False
TXN00010423,1285.39,1,LOW,663.4077777777778,True,False
TXN00010428,2580.03,1,HIGH,,False,False
TXN00010429,4066.0,1,LOW,1818.8105555555555,True,False
TXN00010436,509.15,1,P3,691.0527777777778,True,False
TXN00010448,-387.13,1,HIGH,2005.8208333333337,True,False
TXN00010449,1852.3,1,L,421.11694444444447,True,False
TXN00010450,1024.0,1,P3,,False,False
TXN00010454,3025.25,2,"L,LOW",378.72833333333335,True,False
TXN00010457,2161.39,1,P1,2372.4408333333336,True,False
TXN00010461,300.44,1,LOW,,False,False
TXN00010462,4246.38,1,LOW,161.6238888888889,False,False
TXN00010463,0.0,1,MEDIUM,,False,False
TXN00010478,3506.74,2,"MEDIUM,P4",409.43888888888887,True,False
TXN00010479,3691.3,1,P3,,False,False
TXN00010497,1549.8,1,MEDIUM,494.23805555555555,True,False
TXN00010499,4579.0,1,P4,359.0336111111111,True,False
TXN00010509,3420.75,2,"HIGH,M",,False,False
TXN00010511,12071.05,1,P4,890.3172222222222,True,False
TXN00010512,3320.47,2,"LOW,M",,False,False
TXN00010523,907.87,1,P2,,False,False
TXN00010530,7652.76,1,P2,1229.3366666666666,True,False
TXN00010549,6630.73,1,P2,593.3802777777778,True,False
TXN00010561,865.55,1,P4,1970.695,True,False
TXN00010566,3265.07,1,M,824.8147222222223,True,False
TXN00010572,1964.0,1,P2,5.001666666666667,False,False
TXN00010601,1363.12,1,P3,810.5575,True,False
TXN00010606,13028.67,1,P2,,False,False
TXN00010607,397.65,1,HIGH,,False,False
TXN00010611,1248.48,1,HIGH,,False,False
TXN00010627,0.0,1,L,1140.1686111111112,True,False
TXN00010641,9500.5,1,CRITICAL,339.7344444444444,True,False
TXN00010646,7206.85,2,"CRIT,LOW",,False,False
TXN00010651,0.0,1,HIGH,1416.0,True,False
TXN00010659,0.0,1,L,1314.9444444444443,True,False
TXN00010666,1349.33,1,P4,1230.9722222222222,True,False
TXN00010667,276.61,1,LOW,,False,False
TXN00010668,1305.45,1,P3,1225.6683333333333,True,False
TXN00010672,2072.0,1,M,,False,False
TXN00010675,268.44,1,MEDIUM,,False,False
TXN00010686,1379.0,1,P1,354.80583333333334,True,False
TXN00010691,518.38,1,M,,False,False
TXN00010699,428.88,1,CRITICAL,1423.315,True,False
TXN00010700,393.01,1,M,1095.575833333333,True,False
TXN00010702,3717.71,1,LOW,1123.3452777777777,True,False
TXN00010704,2880.65,1,L,,False,False
TXN00010709,372.66,1,MEDIUM,372.545,True,False
TXN00010731,1916.0,1,LOW,983.5975,True,False
TXN00010744,748.64,1,MEDIUM,563.5063888888889,True,False
TXN00010745,-2212.96,1,CRITICAL,,False,False
TXN00010749,0.0,1,LOW,,False,False
TXN00010750,2928.89,1,P3,,False,False
TXN00010760,1471.98,1,M,,False,False
TXN00010766,2510.0,1,LOW,,False,False
TXN00010784,782.96,1,H,,False,False
TXN00010786,0.0,1,MEDIUM,,False,False
TXN00010792,923.46,1,LOW,689.1044444444444,True,False
TXN00010795,-933.13,1,LOW,1405.076111111111,True,False
TXN00010803,7913.77,1,MEDIUM,1113.161388888889,True,False
TXN00010810,1377.31,2,"M,P3",1233.3141666666668,True,False
TXN00010811,1744.0,1,HIGH,163.71416666666667,False,False
TXN00010812,2753.09,2,"L,LOW",556.0488888888889,True,False
TXN00010816,1622.49,1,CRIT,,False,False
TXN00010823,-2588.02,1,MEDIUM,,False,False
TXN00010832,1882.0,1,LOW,,False,False
TXN00010834,1750.36,1,M,1402.6363888888889,True,False
TXN00010837,3555.94,1,P4,285.10777777777776,True,False
TXN00010858,624.0,1,MEDIUM,,False,False
TXN00010864,2891.42,1,P1,1420.1336111111111,True,False
TXN00010883,2301.28,1,CRIT,1079.3833333333334,True,False
TXN00010888,925.14,1,LOW,,False,False
TXN00010897,5022.43,1,P2,778.4194444444445,True,False
TXN00010902,3801.16,1,MEDIUM,1061.844722222222,True,False
TXN00010908,608.69,1,LOW,464.6619444444444,True,False
TXN00010916,2538.37,1,P4,124.90777777777778,False,False
TXN00010920,5841.83,2,"LOW,P3",540.2744444444445,True,False
TXN00010928,1538.0,1,HIGH,149.22194444444443,False,False
TXN00010938,4425.22,1,L,487.11805555555554,True,False
TXN00010946,562.29,1,HIGH,1060.1694444444445,True,False
TXN00010949,2673.31,1,M,4089.035833333334,True,False
TXN00010961,1126.18,1,LOW,1681.0697222222225,True,False
TXN00010969,1918.05,1,LOW,,False,False
TXN00010998,2641.73,2,"LOW,P1",1126.141388888889,True,False
TXN00011027,5066.5,2,MEDIUM,,False,False
TXN00011048,946.11,1,LOW,108.38694444444444,False,False
TXN00011061,-211.84,1,P4,,False,False
TXN00011080,5154.57,2,MEDIUM,,False,False
TXN00011096,825.0,1,P3,,False,False
TXN00011102,1825.45,1,P4,,False,False
TXN00011103,5968.43,1,P4,,False,False
TXN00011115,3037.16,1,LOW,,False,False
TXN00011129,4888.42,1,P3,4551.405277777778,True,False
TXN00011136,0.0,1,P3,6240.6258333333335,True,False
TXN00011140,1790.94,1,M,,False,False
TXN00011141,1466.29,1,P3,,False,False
TXN00011148,745.95,1,P4,,False,False
TXN00011150,3344.0,1,M,730.4966666666667,True,False
TXN00011157,-2138.06,1,M,,False,False
TXN00011160,1773.89,1,P4,360.58416666666665,True,False
TXN00011168,5239.53,1,MEDIUM,,False,False
TXN00011174,2412.7,1,P3,,False,False
TXN00011204,0.0,1,HIGH,,False,False
TXN00011206,0.0,1,L,,False,False
TXN00011208,729.47,1,P2,,False,False
TXN00011210,1853.91,1,P3,,False,False
TXN00011212,0.0,1,M,,False,False
TXN00011213,1071.93,1,LOW,,False,False
TXN00011216,-857.98,1,P1,,False,False
TXN00011228,9827.0,1,LOW,,False,False
TXN00011230,-2395.8,1,LOW,,False,False
TXN00011231,4533.6,1,M,940.6122222222224,True,False
TXN00011236,0.0,1,P4,,False,False
TXN00011255,5747.65,3,"HIGH,MEDIUM,P4",,False,False
TXN00011260,292.66,1,M,,False,False
TXN00011270,2977.0,2,"MEDIUM,P4",,False,False
TXN00011273,1062.27,1,CRITICAL,1124.9286111111112,True,False
TXN00011275,10469.69,1,P2,876.7675,True,False
TXN00011289,1340.0,2,"CRITICAL,HIGH",,False,False
TXN00011307,4006.77,1,P4,184.92333333333335,True,False
TXN00011308,16936.0,1,L,,False,False
TXN00011332,529.68,1,MEDIUM,711.2261111111111,True,False
TXN00011350,188.6,1,P3,,False,False
TXN00011351,4601.18,1,MEDIUM,,False,False
TXN00011359,6170.83,1,M,1435.5480555555555,True,False
TXN00011368,3661.74,1,MEDIUM,,False,False
TXN00011383,1933.11,1,P3,1056.7619444444445,True,False
TXN00011390,681.66,1,H,,False,False
TXN00011396,205.54,1,HIGH,,False,False
TXN00011403,3089.23,2,"HIGH,LOW",,False,False
TXN00011412,1142.95,1,L,,False,False
TXN00011416,648.02,1,P2,,False,False
TXN00011425,-3369.42,1,MEDIUM,,False,False
TXN00011430,-1138.68,1,MEDIUM,,False,False
TXN00011455,-2844.19,2,"LOW,MEDIUM",867.3838888888889,True,False
TXN00011466,860.0,1,H,,False,False
TXN00011475,-2769.32,1,MEDIUM,1390.61,True,False
TXN00011489,1419.0,1,P4,248.1313888888889,True,False
TXN00011491,1506.11,1,P4,,False,False
TXN00011494,-1084.65,1,LOW,,False,False
TXN00011498,1209.77,1,LOW,492.4313888888889,True,False
TXN00011503,3250.67,2,"HIGH,LOW",923.6338888888888,True,False
TXN00011510,7271.24,1,P4,,False,False
TXN00011522,1768.79,1,P2,,False,False
TXN00011524,3021.0,1,LOW,7.155,False,False
TXN00011525,3875.84,1,P3,1739.0241666666666,True,False
TXN00011527,1443.54,1,M,,False,False
TXN00011539,1528.98,1,HIGH,,False,False
TXN00011546,3305.27,1,L,,False,False
TXN00011553,1996.81,1,LOW,,False,False
TXN00011560,2932.55,1,H,,False,False
TXN00011566,248.1,1,CRITICAL,706.2547222222222,True,False
TXN00011567,-7727.83,1,M,,False,False
TXN00011579,4186.0,1,CRITICAL,1718.8663888888889,True,False
TXN00011614,459.43,1,MEDIUM,,False,False
TXN00011615,0.0,1,MEDIUM,338.7188888888889,True,False
TXN00011619,-893.52,1,LOW,512.9038888888889,True,False
TXN00011621,0.0,1,M,,False,False
TXN00011623,3487.78,1,P2,,False,False
TXN00011628,6328.27,1,CRITICAL,,False,False
TXN00011647,8725.14,1,HIGH,,False,False
TXN00011648,2218.94,1,MEDIUM,6162.532222222222,True,False
TXN00011669,19475.24,1,M,1555.2794444444444,True,False
TXN00011689,473.27,1,LOW,,False,False
TXN00011692,3309.0,1,MEDIUM,1220.2047222222222,True,False
TXN00011700,14999.55,1,LOW,1656.1047222222223,True,False
TXN00011788,4428.67,1,P4,3212.9772222222223,True,False
TXN00011825,3123.85,1,L,,False,False
TXN00011829,0.0,1,HIGH,,False,False
TXN00011858,9993.63,2,"LOW,P3",3648.7083333333335,True,False
TXN00011866,628.55,1,L,818.2244444444444,True,False
TXN00011868,1080.46,1,LOW,321.2011111111111,True,False
TXN00011869,8004.21,1,P1,1103.8083333333334,True,False
TXN00011877,728.14,1,MEDIUM,,False,False
TXN00011889,1592.55,1,LOW,,False,False
TXN00011891,146.7,1,HIGH,,False,False
TXN00011898,2771.91,1,LOW,,False,False
TXN00011910,3498.93,1,LOW,,False,False
TXN00011912,2559.27,1,LOW,,False,False
TXN00011934,0.0,1,P3,,False,False
TXN00011955,-918.61,1,L,514.3705555555556,True,False
TXN00011957,3972.42,2,"L,M",168.5738888888889,True,False
TXN00011962,6403.5,1,L,,False,False
TXN00011968,-4809.04,1,MEDIUM,,False,False
TXN00011970,164.3,1,MEDIUM,400.7011111111111,True,False
TXN00011973,50.0,1,P2,,False,False
TXN00011978,466.0,1,L,456.0,True,False
TXN00011981,17594.04,1,L,,False,False
TXN00011998,-1184.71,1,L,507.85583333333335,True,False
TXN00012003,1641.33,1,P3,1050.8822222222225,True,False
TXN00012026,4655.0,1,P4,,False,False
TXN00012027,-1274.02,1,LOW,,False,False
TXN00012030,0.0,1,P4,,False,False
TXN00012035,1897.14,1,M,,False,False
TXN00012038,0.0,1,LOW,,False,False
TXN00012039,966.0,1,P2,,False,False
TXN00012046,2431.27,1,MEDIUM,2761.458888888889,True,False
TXN00012053,1200.13,1,P1,,False,False
TXN00012054,666.76,1,H,,False,False
TXN00012064,786.31,1,MEDIUM,1626.006388888889,True,False
TXN00012089,1931.29,1,LOW,662.375,True,False
TXN00012093,3867.32,1,CRITICAL,,False,False
TXN00012094,878.0,1,LOW,7566.637222222223,True,False
TXN00012098,708.0,1,LOW,,False,False
TXN00012105,1866.96,1,L,626.9783333333334,True,False
TXN00012123,4232.74,1,MEDIUM,363.2788888888889,True,False
TXN00012133,8852.529999999999,2,"L,MEDIUM",1484.5472222222222,True,False
TXN00012142,355.28,1,P2,1377.4972222222225,True,False
TXN00012155,348.42,1,P3,1448.0241666666666,True,False
TXN00012156,-1477.28,1,M,5322.93,True,False
TXN00012165,0.0,1,P4,,False,False
TXN00012172,0.0,1,LOW,,False,False
TXN00012176,4272.46,1,LOW,,False,False
TXN00012186,4466.44,1,L,,False,False
TXN00012192,-5520.5,1,M,6628.5969444444445,True,False
TXN00012193,1913.11,1,HIGH,216.98472222222225,True,False
TXN00012199,879.0,1,LOW,1550.0291666666667,True,False
TXN00012205,2093.79,1,M,,False,False
TXN00012208,5802.45,1,MEDIUM,,False,False
TXN00012210,1467.32,1,P2,,False,False
TXN00012212,2586.86,1,L,,False,False
TXN00012216,972.52,1,LOW,,False,False
TXN00012234,1786.57,1,P1,540.0122222222222,True,False
TXN00012235,-10021.84,1,M,286.8333333333333,True,False
TXN00012239,6796.0,1,MEDIUM,544.8494444444444,True,False
TXN00012253,1245.84,1,CRIT,3363.1847222222223,True,False
TXN00012289,5071.86,1,LOW,,False,False
TXN00012306,-1076.54,1,LOW,,False,False
TXN00012331,1246.25,1,M,,False,False
TXN00012334,1521.74,1,P2,546.0916666666667,True,False
TXN00012346,1010.1,1,P2,66.91,False,False
TXN00012360,-5341.0,1,L,,False,False
TXN00012362,5148.1900000000005,2,"P1,P4",484.3208333333333,True,False
TXN00012370,-9690.23,1,M,456.84027777777777,True,False
TXN00012384,461.01,1,P3,,False,False
TXN00012387,-2462.0,1,MEDIUM,,False,False
TXN00012389,1247.52,1,L,,False,False
TXN00012392,687.06,1,MEDIUM,882.0441666666667,True,False
TXN00012401,13235.72,1,LOW,37.24916666666667,False,False
TXN00012403,0.0,1,P1,207.14138888888888,True,False
TXN00012405,1837.0,1,MEDIUM,,False,False
TXN00012406,-2900.07,1,LOW,,False,False
TXN00012423,591.32,1,H,,False,False
TXN00012434,2898.89,1,M,660.5830555555556,True,False
TXN00012439,1778.59,1,P3,283.9972222222222,True,False
TXN00012446,1105.07,1,M,1365.5666666666666,True,False
TXN00012462,7714.0,1,P4,1425.581111111111,True,False
TXN00012467,1654.78,1,LOW,,False,False
TXN00012475,11540.0,1,LOW,,False,False
TXN00012480,2178.0,1,H,981.9191666666668,True,False
TXN00012491,-3187.1,1,P2,,False,False
TXN00012512,3164.0,1,M,1810.3755555555556,True,False
TXN00012527,2311.0,1,LOW,,False,False
TXN00012539,7039.0,1,P4,2198.758888888889,True,False
TXN00012543,-5621.9,1,LOW,2055.6669444444447,True,False
TXN00012545,886.93,1,H,,False,False
TXN00012553,901.62,1,LOW,,False,False
TXN00012555,2740.59,1,LOW,,False,False
TXN00012568,15086.0,1,LOW,374.2038888888889,True,False
TXN00012584,397.91,1,P4,56.55138888888889,False,False
TXN00012588,1181.22,1,CRITICAL,1355.6930555555557,True,False
TXN00012590,8645.0,1,P1,203.2397222222222,True,False
TXN00012596,1692.85,1,L,1488.7766666666666,True,False
TXN00012615,2049.68,1,P3,,False,False
TXN00012629,3056.74,1,M,432.88305555555553,True,False
TXN00012639,3681.26,1,HIGH,183.50833333333333,True,False
TXN00012640,3800.84,1,P2,407.05861111111113,True,False
TXN00012645,-1273.59,1,LOW,582.6736111111111,True,False
TXN00012649,2202.7,1,HIGH,648.8863888888889,True,False
TXN00012654,326.32,1,P4,,False,False
TXN00012655,5677.69,1,MEDIUM,275.16055555555556,True,False
TXN00012661,4457.64,1,M,960.0,True,False
TXN00012665,3223.69,1,P1,,False,False
TXN00012671,739.17,1,M,,False,False
TXN00012679,1851.93,1,MEDIUM,,False,False
TXN00012698,2283.53,1,HIGH,316.5027777777778,True,False
TXN00012704,2025.76,1,H,,False,False
TXN00012709,-1866.43,1,MEDIUM,533.7527777777777,True,False
TXN00012710,1691.84,1,P4,1395.9663888888888,True,False
TXN00012715,339.58,1,P2,2798.4225,True,False
TXN00012720,1297.0,1,LOW,,False,False
TXN00012726,360.49,1,LOW,6311.4825,True,False
TXN00012727,847.6,1,CRIT,827.2744444444445,True,False
TXN00012729,1232.87,1,LOW,995.2438888888888,True,False
TXN00012741,863.52,1,M,310.0438888888889,True,False
TXN00012764,10959.34,2,"M,P3",1771.3991666666666,True,False
TXN00012795,4081.84,1,MEDIUM,,False,False
TXN00012801,2374.29,1,MEDIUM,192.0,True,False
TXN00012807,122.0,1,LOW,173.505,True,False
TXN00012810,0.0,2,"LOW,P3",648.0,True,False
TXN00012829,4506.23,1,HIGH,1731.5505555555555,True,False
TXN00012832,0.0,1,L,1232.7705555555556,True,False
TXN00012860,4626.0,1,P4,,False,False
TXN00012872,4857.19,1,H,,False,False
TXN00012882,1791.89,1,M,,False,False
TXN00012893,-1558.33,1,LOW,,False,False
TXN00012902,586.88,1,LOW,744.0,True,False
TXN00012907,0.0,1,LOW,887.5188888888889,True,False
TXN00012918,2316.9,1,MEDIUM,,False,False
TXN00012927,10469.4,1,M,244.88694444444445,True,False
TXN00012935,7997.0,1,P4,409.4316666666667,True,False
TXN00012937,2574.17,1,P3,634.2458333333333,True,False
TXN00012938,3749.0,1,LOW,1120.3991666666666,True,False
TXN00012946,3627.95,2,"H,P4",,False,False
TXN00012951,2826.0,1,P4,1117.6377777777775,True,False
TXN00012952,874.25,2,"L,LOW",,False,False
TXN00012958,1142.21,1,L,,False,False
TXN00012972,1647.57,1,P1,709.6102777777778,True,False
TXN00012979,21185.86,1,L,,False,False
TXN00012981,1168.0,1,H,,False,False
TXN00012989,2439.31,1,LOW,,False,False
TXN00012990,3464.25,1,HIGH,,False,False
TXN00012992,1617.78,1,LOW,,False,False
TXN00012998,1570.15,1,H,,False,False
TXN00013005,3734.7,1,P4,441.4719444444444,True,False
TXN00013006,-1637.49,1,M,646.9727777777778,True,False
TXN00013020,2027.64,1,M,,False,False
TXN00013029,1491.88,1,MEDIUM,,False,False
TXN00013039,7884.27,1,P3,,False,False
TXN00013042,5855.28,1,M,1456.7944444444445,True,False
TXN00013045,1889.29,2,"L,LOW",,False,False
TXN00013051,7272.0,1,LOW,396.50055555555554,True,False
TXN00013060,255.73,1,M,,False,False
TXN00013063,395.16,1,MEDIUM,,False,False
TXN00013078,30866.46,2,"CRITICAL,P2",,False,False
TXN00013090,1588.36,1,M,129.47444444444446,False,False
TXN00013096,8307.14,1,CRITICAL,194.125,True,False
TXN00013098,0.0,1,P3,461.32666666666665,True,False
TXN00013105,0.0,1,P4,,False,False
TXN00013107,5623.62,3,"HIGH,LOW",,False,False
TXN00013111,0.0,1,HIGH,391.19666666666666,True,False
TXN00013116,1464.53,1,MEDIUM,1090.5633333333333,True,False
TXN00013117,355.32,1,CRITICAL,1643.7591666666667,True,False
TXN00013127,1935.98,1,HIGH,89.61777777777777,False,False
TXN00013129,1549.0,1,P4,,False,False
TXN00013141,7638.7,1,CRITICAL,,False,False
TXN00013144,688.92,1,H,1523.9955555555557,True,False
TXN00013147,4819.26,1,LOW,1426.191388888889,True,False
TXN00013162,3403.35,2,"HIGH,M",,False,False
TXN00013171,1091.17,1,P2,2390.2025,True,False
TXN00013175,917.0,1,H,665.3697222222222,True,False
TXN00013194,0.0,1,MEDIUM,115.2225,False,False
TXN00013196,4814.0,1,MEDIUM,,False,False
TXN00013202,1331.0,1,CRITICAL,2115.788611111111,True,False
TXN00013206,26477.69,1,HIGH,9.3075,False,False
TXN00013230,1323.41,1,LOW,,False,False
TXN00013236,6523.57,1,LOW,87.79166666666667,False,False
TXN00013237,405.0,1,P3,,False,False
TXN00013246,5800.55,1,LOW,365.1177777777778,True,False
TXN00013258,6771.0,1,P3,1164.4580555555556,True,False
TXN00013266,6391.92,1,P2,516.9911111111111,True,False
TXN00013273,465.76,1,H,,False,False
TXN00013275,666.32,1,MEDIUM,674.4533333333334,True,False
TXN00013293,1939.67,2,"MEDIUM,P2",,False,False
TXN00013301,0.0,1,P2,,False,False
TXN00013323,1986.27,1,M,889.7530555555555,True,False
TXN00013326,2161.57,1,P3,,False,False
TXN00013350,1837.87,1,P3,,False,False
TXN00013355,6746.58,1,LOW,765.1861111111111,True,False
TXN00013358,2097.39,1,L,991.8727777777776,True,False
TXN00013363,740.0,1,LOW,,False,False
TXN00013367,18514.67,1,LOW,7009.4430555555555,True,False
TXN00013381,2423.25,2,"LOW,MEDIUM",,False,False
TXN00013395,6485.64,1,MEDIUM,,False,False
TXN00013396,203.0,1,P4,,False,False
TXN00013406,6052.19,1,HIGH,1960.1455555555556,True,False
TXN00013412,90.88,1,P4,,False,False
TXN00013418,6925.85,1,MEDIUM,,False,False
TXN00013423,498.7,1,MEDIUM,,False,False
TXN00013424,3989.1,1,LOW,,False,False
TXN00013432,616.19,1,L,,False,False
TXN00013438,532.41,1,MEDIUM,,False,False
TXN00013452,-2480.91,1,MEDIUM,500.4811111111111,True,False
TXN00013472,4341.0,1,LOW,1370.9227777777778,True,False
TXN00013473,2485.28,1,MEDIUM,193.3425,True,False
TXN00013474,3303.95,1,L,3570.150833333333,True,False
TXN00013496,3536.59,1,LOW,824.1327777777777,True,False
TXN00013498,469.12,1,L,,False,False
TXN00013500,-3214.54,1,P4,4313.7175,True,False
TXN00013503,2276.34,1,P3,866.4869444444445,True,False
TXN00013507,384.66,1,P3,,False,False
TXN00013519,4980.8,1,HIGH,5927.519722222222,True,False
TXN00013524,2142.84,1,LOW,,False,False
TXN00013526,1210.19,1,P1,846.1563888888888,True,False
TXN00013530,13780.14,2,"CRITICAL,L",,False,False
TXN00013531,2390.0,1,P4,,False,False
TXN00013539,1619.34,1,MEDIUM,,False,False
TXN00013545,2483.0,1,P4,724.3772222222223,True,False
TXN00013557,5693.78,1,P4,1066.5644444444445,True,False
TXN00013564,-4295.67,1,M,79.35222222222222,False,False
TXN00013581,162.44,1,L,,False,False
TXN00013592,1528.43,1,LOW,856.0213888888889,True,False
TXN00013593,792.99,1,M,,False,False
TXN00013602,2090.68,1,CRITICAL,1196.5830555555556,True,False
TXN00013623,9041.04,2,"H,P4",1850.5894444444448,True,False
TXN00013632,1178.89,1,M,,False,False
TXN00013636,8898.0,1,MEDIUM,57.40555555555556,False,False
TXN00013646,5986.31,1,L,,False,False
TXN00013653,-555.33,1,M,926.7830555555556,True,False
TXN00013665,-616.17,1,HIGH,665.4016666666666,True,False
TXN00013670,4375.63,1,MEDIUM,258.80444444444447,True,False
TXN00013687,506.18,1,P2,,False,False
TXN00013693,1899.73,1,H,,False,False
TXN00013720,4933.23,1,LOW,,False,False
TXN00013726,6019.31,1,HIGH,1005.0272222222222,True,False
TXN00013740,-6636.64,2,"LOW,MEDIUM",,False,False
TXN00013741,1756.23,1,HIGH,,False,False
TXN00013742,3062.43,1,H,,False,False
TXN00013744,1223.91,1,HIGH,183.07888888888888,True,False
TXN00013752,1283.33,1,P2,1211.0275,True,False
TXN00013763,306.11,1,P3,330.5588888888889,True,False
TXN00013806,6623.0,1,LOW,1032.95,True,False
TXN00013810,4552.67,1,P4,299.22083333333336,True,False
TXN00013811,2059.37,1,MEDIUM,,False,False
TXN00013813,0.0,1,P3,882.9086111111111,True,False
TXN00013816,-734.96,1,P4,406.11805555555554,True,False
TXN00013826,-1245.39,1,P4,246.5425,True,False
TXN00013866,-3952.26,1,L,319.4633333333333,True,False
TXN00013883,3588.0,1,M,,False,False
TXN00013884,3072.71,1,H,642.9494444444445,True,False
TXN00013900,1310.19,1,P3,0.0483333333333333,False,False
TXN00013909,1285.1999999999998,2,"H,P1",397.76666666666665,True,False
TXN00013910,877.44,1,H,,False,False
TXN00013912,-1478.88,1,P2,,False,False
TXN00013916,804.06,1,MEDIUM,,False,False
TXN00013922,0.0,1,P3,302.8441666666667,True,False
TXN00013925,3151.89,1,M,103.80777777777776,False,False
TXN00013934,8215.3,2,"HIGH,L",1193.3525,True,False
TXN00013935,1513.85,1,L,,False,False
TXN00013948,7171.27,1,LOW,,False,False
TXN00013962,1826.0,1,P3,,False,False
TXN00013993,2111.63,1,LOW,,False,False
TXN00013994,522.4,1,M,6581.288888888889,True,False
TXN00014010,1883.55,1,HIGH,,False,False
TXN00014011,1125.73,1,LOW,,False,False
TXN00014015,1855.84,1,MEDIUM,7416.0,True,False
TXN00014016,2538.7,1,P4,,False,False
TXN00014019,3936.95,2,"L,MEDIUM",83.67027777777778,False,False
TXN00014032,358.19,1,LOW,,False,False
TXN00014046,4405.58,1,LOW,,False,False
TXN00014054,4010.97,2,"LOW,P4",,False,False
TXN00014058,1591.3200000000002,2,"CRITICAL,P1",,False,False
TXN00014060,613.53,1,CRITICAL,,False,False
TXN00014062,1078.9,1,LOW,244.1511111111111,True,False
TXN00014076,1915.56,1,LOW,,False,False
TXN00014077,411.2,1,HIGH,672.1825,True,False
TXN00014086,4678.84,2,M,,False,False
TXN00014087,4901.36,1,LOW,1647.895,True,False
TXN00014090,848.3,1,M,1728.9191666666666,True,False
TXN00014094,-2999.91,1,M,,False,False
TXN00014106,1547.17,1,P4,31.3825,False,False
TXN00014118,3230.0,1,MEDIUM,,False,False
TXN00014122,440.57,1,MEDIUM,,False,False
TXN00014130,6351.69,1,M,,False,False
TXN00014145,3888.0,1,L,,False,False
TXN00014147,2551.0,1,LOW,337.75194444444446,True,False
TXN00014155,2193.93,1,MEDIUM,2320.9338888888888,True,False
TXN00014162,4363.63,1,LOW,,False,False
TXN00014165,0.0,1,MEDIUM,1170.0780555555557,True,False
TXN00014178,431.5,1,L,,False,False
TXN00014187,972.0,1,LOW,663.7336111111111,True,False
TXN00014222,2187.0,1,P4,605.1486111111111,True,False
TXN00014225,0.0,1,MEDIUM,82.55416666666666,False,False
TXN00014252,-5943.18,1,CRIT,4458.8175,True,False
TXN00014261,-750.7,1,P3,,False,False
TXN00014266,0.0,1,MEDIUM,928.8572222222224,True,False
TXN00014268,1797.0,1,P3,1669.5527777777777,True,False
TXN00014274,3293.82,1,MEDIUM,303.66583333333335,True,False
TXN00014276,637.61,1,M,576.2322222222223,True,False
TXN00014288,4255.52,1,M,1066.0552777777775,True,False
TXN00014295,3265.64,1,LOW,2196.8744444444446,True,False
TXN00014298,665.91,1,MEDIUM,,False,False
TXN00014312,4063.03,1,L,,False,False
TXN00014316,1017.0,1,LOW,732.0619444444444,True,False
TXN00014323,8749.79,1,L,465.74305555555554,True,False
TXN00014324,1724.56,1,MEDIUM,1344.0,True,False
TXN00014331,-678.63,1,P2,,False,False
TXN00014343,2893.0,1,P3,449.9772222222222,True,False
TXN00014346,-1908.15,1,L,,False,False
TXN00014355,348.87999999999994,2,"LOW,M",,False,False
TXN00014359,3642.0,1,LOW,,False,False
TXN00014364,2489.04,1,LOW,,False,False
TXN00014367,996.14,1,L,2693.7830555555556,True,False
TXN00014374,1445.01,1,P4,471.47527777777776,True,False
TXN00014381,1523.0,1,H,602.3275,True,False
TXN00014390,793.04,1,P4,,False,False
TXN00014392,4520.19,1,LOW,841.93,True,False
TXN00014396,1107.61,1,H,992.8313888888888,True,False
TXN00014399,1136.92,2,"HIGH,MEDIUM",,False,False
TXN00014405,6441.32,1,LOW,,False,False
TXN00014410,2302.66,1,MEDIUM,395.7744444444445,True,False
TXN00014412,0.0,1,M,438.6030555555555,True,False
TXN00014413,2399.47,2,"LOW,P3",381.51416666666665,True,False
TXN00014418,1393.43,1,M,639.0147222222222,True,False
TXN00014426,4193.52,1,M,2250.3586111111113,True,False
TXN00014436,5439.35,1,HIGH,,False,False
TXN00014440,12244.08,1,HIGH,,False,False
TXN00014450,2438.0,1,LOW,394.31916666666666,True,False
TXN00014452,-798.72,1,L,779.8477777777778,True,False
TXN00014454,752.03,1,P4,,False,False
TXN00014456,18916.34,2,"LOW,P4",,False,False
TXN00014460,651.01,1,HIGH,411.00111111111113,True,False
TXN00014470,0.0,1,P4,1085.1961111111111,True,False
TXN00014471,2509.27,1,H,872.215,True,False
TXN00014488,7101.31,1,P3,,False,False
TXN00014491,3840.0,1,P4,,False,False
TXN00014492,0.0,2,"H,P2",,False,False
TXN00014496,554.76,1,LOW,857.6561111111112,True,False
TXN00014515,181.44,1,L,,False,False
TXN00014522,1098.78,1,P4,,False,False
TXN00014532,4825.86,1,H,1034.9463888888888,True,False
TXN00014536,-12058.7,1,MEDIUM,,False,False
TXN00014545,1623.27,1,CRIT,2673.527777777778,True,False
TXN00014556,13308.54,1,P3,792.1955555555555,True,False
TXN00014566,2311.12,1,HIGH,252.48083333333332,True,False
TXN00014582,0.0,1,P2,435.08972222222224,True,False
TXN00014583,6768.55,1,LOW,1912.7905555555556,True,False
TXN00014584,25463.16,1,MEDIUM,,False,False
TXN00014601,689.0,1,LOW,1542.1680555555556,True,False
TXN00014618,1047.67,1,MEDIUM,893.7280555555556,True,False
TXN00014620,501.3,1,M,1819.4216666666664,True,False
TXN00014621,264.51,1,MEDIUM,1562.185277777778,True,False
TXN00014627,4363.55,1,MEDIUM,1011.7758333333334,True,False
TXN00014638,11829.79,2,"P2,P4",272.68638888888887,True,False
TXN00014640,5247.0,1,P4,1628.8755555555556,True,False
TXN00014655,290.31,1,HIGH,,False,False
TXN00014659,1093.6,1,CRIT,746.4027777777778,True,False
TXN00014669,1596.0,1,P4,100.85694444444444,False,False
TXN00014670,1969.23,1,M,1801.8369444444445,True,False
TXN00014672,1817.11,1,HIGH,359.2286111111111,True,False
TXN00014673,749.06,1,MEDIUM,,False,False
TXN00014680,6017.37,1,LOW,5.1225,False,False
TXN00014697,4816.24,1,M,1335.5083333333334,True,False
TXN00014701,4452.29,1,HIGH,722.6327777777777,True,False
TXN00014710,3089.13,1,M,,False,False
TXN00014711,1709.84,1,P4,,False,False
TXN00014722,336.91,1,M,,False,False
TXN00014731,4988.8,1,MEDIUM,774.9266666666666,True,False
TXN00014733,1558.23,1,P2,411.4155555555555,True,False
TXN00014743,-1382.96,1,MEDIUM,,False,False
TXN00014751,-1337.67,1,MEDIUM,,False,False
TXN00014774,2478.18,1,P4,1864.6091666666664,True,False
TXN00014785,1176.91,1,P4,,False,False
TXN00014790,350.19,1,MEDIUM,,False,False
TXN00014793,641.02,1,P2,,False,False
TXN00014794,975.44,1,MEDIUM,2032.175,True,False
TXN00014807,0.0,1,CRITICAL,869.5511111111111,True,False
TXN00014809,1458.95,1,P2,,False,False
TXN00014814,7081.78,1,LOW,,False,False
TXN00014824,898.64,1,L,,False,False
TXN00014835,2565.94,1,M,682.6408333333334,True,False
TXN00014836,0.0,1,L,2265.0397222222223,True,False
TXN00014849,2302.0,1,P2,48.0,False,False
TXN00014853,415.04,1,P3,548.9552777777777,True,False
TXN00014868,367.0,1,M,169.4572222222222,True,False
TXN00014870,10657.19,1,P4,,False,False
TXN00014880,3936.04,1,MEDIUM,,False,False
TXN00014884,0.0,1,P3,,False,False
TXN00014885,573.0,1,H,,False,False
TXN00014905,797.17,1,P3,,False,False
TXN00014926,2332.94,1,L,,False,False
TXN00014927,0.0,1,M,,False,False
TXN00014945,1720.02,1,MEDIUM,17.254444444444445,False,False
TXN00014966,10848.72,1,HIGH,548.8655555555556,True,False
TXN00014970,3336.7,1,MEDIUM,,False,False
TXN00014973,1483.85,2,"HIGH,L",228.6375,True,False
TXN00014977,683.69,1,HIGH,,False,False
TXN00015001,0.0,1,P1,,False,False
TXN00015006,3732.8,1,MEDIUM,,False,False
TXN00015011,1339.61,1,P4,145.1825,False,False
TXN00015015,1247.41,1,MEDIUM,,False,False
TXN00015023,946.63,1,P2,694.0272222222222,True,False
TXN00015034,8134.61,1,P2,1549.108611111111,True,False
TXN00015040,1568.41,1,LOW,,False,False
TXN00015049,1148.57,1,MEDIUM,90.23805555555556,False,False
TXN00015053,-3746.75,1,MEDIUM,,False,False
TXN00015054,-6049.12,1,M,2191.1980555555556,True,False
TXN00015064,981.9,1,MEDIUM,,False,False
TXN00015080,17242.91,1,MEDIUM,,False,False
TXN00015085,2613.46,2,"LOW,P3",,False,False
TXN00015086,1949.6,1,M,5776.226111111111,True,False
TXN00015088,590.13,1,LOW,,False,False
TXN00015091,20286.73,1,HIGH,,False,False
TXN00015094,12640.85,1,LOW,,False,False
TXN00015098,862.23,1,LOW,,False,False
TXN00015102,1038.0,1,M,1443.638888888889,True,False
TXN00015104,2517.56,1,LOW,306.42305555555555,True,False
TXN00015105,608.31,1,P4,1409.9758333333334,True,False
TXN00015106,4581.94,1,MEDIUM,,False,False
TXN00015109,287.95,1,M,1310.905277777778,True,False
TXN00015119,2069.0,1,LOW,,False,False
TXN00015121,1504.76,1,P3,,False,False
TXN00015125,967.0,1,M,2663.797777777778,True,False
TXN00015126,2119.11,1,L,2249.061111111111,True,False
TXN00015136,661.74,1,P4,,False,False
TXN00015156,743.67,1,LOW,1224.0,True,False
TXN00015166,732.38,1,P2,,False,False
TXN00015175,381.32,1,CRITICAL,7733.924722222222,True,False
TXN00015176,519.74,1,P1,,False,False
TXN00015183,4195.81,1,P3,447.83222222222224,True,False
TXN00015189,638.59,1,HIGH,,False,False
TXN00015200,0.0,1,L,,False,False
TXN00015216,2997.0,1,P1,1125.7480555555555,True,False
TXN00015223,1336.12,1,MEDIUM,5044.385555555556,True,False
TXN00015230,2419.56,1,P2,398.6325,True,False
TXN00015234,10354.45,1,HIGH,6121.4025,True,False
TXN00015239,10770.37,1,P4,,False,False
TXN00015243,448.21,1,P3,,False,False
TXN00015253,1700.27,1,LOW,1418.5644444444445,True,False
TXN00015262,2260.38,1,L,,False,False
TXN00015265,9117.57,1,M,,False,False
TXN00015268,4086.0,1,P3,474.50555555555553,True,False
TXN00015275,320.53,1,MEDIUM,139.86833333333334,False,False
TXN00015278,1070.58,1,MEDIUM,2011.665,True,False
TXN00015289,2649.1,1,LOW,1837.425277777778,True,False
TXN00015300,753.9,1,MEDIUM,,False,False
TXN00015310,3904.6,1,P4,1418.9394444444445,True,False
TXN00015316,930.83,1,P2,,False,False
TXN00015318,3397.0,1,MEDIUM,,False,False
TXN00015325,5464.95,1,P3,309.6405555555556,True,False
TXN00015341,12383.14,2,"CRITICAL,M",,False,False
TXN00015345,891.13,1,P4,575.2741666666667,True,False
TXN00015350,676.77,1,L,1846.8125,True,False
TXN00015367,3023.77,1,CRIT,,False,False
TXN00015372,1341.86,1,P1,,False,False
TXN00015384,452.46,1,L,286.3233333333333,True,False
TXN00015397,7960.18,2,"CRITICAL,P4",,False,False
TXN00015404,1356.41,1,LOW,2099.5944444444444,True,False
TXN00015416,4100.6,1,LOW,,False,False
TXN00015418,-2520.29,1,M,309.69055555555553,True,False
TXN00015427,1089.6,1,P3,963.3930555555556,True,False
TXN00015434,8317.58,1,MEDIUM,1796.1355555555556,True,False
TXN00015440,0.0,1,MEDIUM,,False,False
TXN00015469,0.0,1,P3,57.58222222222222,False,False
TXN00015474,879.08,1,MEDIUM,,False,False
TXN00015481,2917.55,1,LOW,,False,False
TXN00015492,2618.19,1,P2,,False,False
TXN00015494,1459.8,1,CRITICAL,,False,False
TXN00015495,448.1,1,MEDIUM,1863.15,True,False
TXN00015499,1792.1,1,LOW,1100.253333333333,True,False
TXN00015520,578.15,1,P1,1211.6258333333333,True,False
TXN00015532,90.26,1,P1,24.54138888888889,False,False
TXN00015571,722.56,1,P3,256.3986111111111,True,False
TXN00015576,2630.4500000000003,2,"P2,P3",1066.1297222222222,True,False
TXN00015587,11364.57,1,LOW,,False,False
TXN00015594,6385.46,2,"L,P1",398.73527777777775,True,False
TXN00015597,5141.83,1,L,,False,False
TXN00015627,4853.7,1,MEDIUM,,False,False
TXN00015632,386.01,1,LOW,,False,False
TXN00015644,4307.19,1,MEDIUM,,False,False
TXN00015649,2175.05,1,H,195.08638888888888,True,False
TXN00015653,3491.1,1,MEDIUM,819.415,True,False
TXN00015657,1966.13,1,LOW,293.9194444444444,True,False
TXN00015661,1840.53,1,HIGH,,False,False
TXN00015663,5021.55,1,MEDIUM,,False,False
TXN00015673,0.0,1,MEDIUM,,False,False
TXN00015679,221.0,1,LOW,1251.9483333333333,True,False
TXN00015686,4354.56,1,MEDIUM,1226.8775,True,False
TXN00015688,3314.0,1,M,,False,False
TXN00015694,2581.01,1,L,,False,False
TXN00015715,9730.68,1,LOW,6861.011944444444,True,False
TXN00015728,791.9,1,P4,,False,False
TXN00015729,5873.9,1,H,,False,False
TXN00015731,0.0,1,H,,False,False
TXN00015733,2313.86,1,P3,,False,False
TXN00015761,7479.95,2,LOW,,False,False
TXN00015766,2783.51,2,"HIGH,P4",905.0230555555556,True,False
TXN00015767,1904.98,1,P3,1285.622777777778,True,False
TXN00015777,-4982.63,1,LOW,1271.7777777777778,True,False
TXN00015779,5814.0,2,"H,L",1074.5327777777777,True,False
TXN00015780,1404.29,1,P3,,False,False
TXN00015781,9559.32,2,"MEDIUM,P2",24.0,False,False
TXN00015783,2852.68,1,P2,,False,False
TXN00015786,14485.22,1,MEDIUM,,False,False
TXN00015787,8787.96,1,P2,,False,False
TXN00015798,5976.69,1,P4,,False,False
TXN00015815,458.03,1,LOW,1330.461388888889,True,False
TXN00015825,272.77,1,CRIT,1896.5025,True,False
TXN00015831,3377.0,1,P2,1030.3516666666667,True,False
TXN00015855,9916.58,2,"LOW,P3",,False,False
TXN00015883,2183.47,1,P3,,False,False
TXN00015884,247.02,1,HIGH,3014.3719444444446,True,False
TXN00015908,540.0,1,MEDIUM,,False,False
TXN00015911,1701.23,1,P2,1943.8416666666667,True,False
TXN00015922,-759.33,1,P2,973.4433333333334,True,False
TXN00015926,851.0,1,MEDIUM,759.2983333333333,True,False
TXN00015930,8611.05,1,LOW,643.3080555555556,True,False
TXN00015934,1508.23,1,P2,1502.7969444444443,True,False
TXN00015944,1459.42,1,LOW,,False,False
TXN00015951,607.62,1,P3,,False,False
TXN00015953,0.0,1,P4,1752.0,True,False
TXN00015963,3356.0,1,MEDIUM,,False,False
TXN00015972,8836.22,1,CRITICAL,,False,False
TXN00015982,3445.69,1,L,1308.1847222222225,True,False
TXN00015990,-1640.31,1,P1,499.4997222222222,True,False
TXN00015992,6937.41,1,H,346.28694444444443,True,False
TXN00015997,1370.91,1,LOW,529.5558333333333,True,False
TXN00016001,1805.71,2,"HIGH,P3",,False,False
TXN00016017,-849.31,1,P2,,False,False
TXN00016035,2162.74,1,M,429.6013888888889,True,False
TXN00016038,447.63,1,HIGH,253.81055555555557,True,False
TXN00016040,3127.0,1,LOW,,False,False
TXN00016050,1426.42,1,P3,,False,False
TXN00016055,509.0,1,HIGH,,False,False
TXN00016057,3429.16,1,P2,,False,False
TXN00016061,-3106.54,1,MEDIUM,,False,False
TXN00016070,2123.39,1,M,504.0,True,False
TXN00016086,756.07,1,H,1836.8230555555556,True,False
TXN00016107,800.72,1,LOW,2002.3416666666667,True,False
TXN00016135,830.69,1,MEDIUM,,False,False
TXN00016138,2973.45,1,LOW,1143.9558333333334,True,False
TXN00016151,1236.73,1,LOW,,False,False
TXN00016160,604.17,1,MEDIUM,,False,False
TXN00016165,4335.54,1,H,,False,False
TXN00016173,8263.92,1,L,,False,False
TXN00016182,237.88,1,P4,44.27555555555555,False,False
TXN00016188,1305.41,1,P2,,False,False
TXN00016195,471.0,1,LOW,318.12666666666667,True,False
TXN00016196,-2141.56,1,P3,,False,False
TXN00016199,4366.91,1,HIGH,,False,False
TXN00016200,3220.1400000000003,2,"H,M",,False,False
TXN00016205,3052.0,1,P4,,False,False
TXN00016207,2011.32,2,"HIGH,P3",,False,False
TXN00016211,-6191.97,1,H,108.62527777777778,False,False
TXN00016267,1756.0,1,HIGH,,False,False
TXN00016286,2687.42,2,"MEDIUM,P3",1501.0016666666668,True,False
TXN00016295,10226.59,1,MEDIUM,180.68944444444443,True,False
TXN00016308,3857.22,1,L,,False,False
TXN00016316,5742.0,1,LOW,,False,False
TXN00016322,1512.0,1,LOW,1343.1988888888889,True,False
TXN00016325,1085.5,1,M,,False,False
TXN00016326,905.23,1,P4,482.8919444444445,True,False
TXN00016348,2797.85,1,LOW,,False,False
TXN00016351,2366.0,1,H,90.84527777777778,False,False
TXN00016352,6616.61,1,P3,,False,False
TXN00016365,287.37,1,P4,,False,False
TXN00016367,6490.82,1,P3,815.9894444444444,True,False
TXN00016378,403.8,1,HIGH,225.84305555555557,True,False
TXN00016394,1503.32,2,"HIGH,LOW",1431.2655555555557,True,False
TXN00016400,1616.81,1,P3,1949.5711111111111,True,False
TXN00016401,5981.0,1,P2,,False,False
TXN00016408,5179.58,1,LOW,,False,False
TXN00016424,1444.48,1,HIGH,,False,False
TXN00016429,276.59,1,MEDIUM,2170.4266666666667,True,False
TXN00016456,3977.66,1,LOW,772.2244444444444,True,False
TXN00016461,-734.05,1,HIGH,783.7944444444445,True,False
TXN00016465,1819.68,1,P2,5654.683333333333,True,False
TXN00016469,13428.48,2,"H,P1",,False,False
TXN00016470,-47.50999999999999,2,"HIGH,P2",,False,False
TXN00016493,1664.55,1,L,,False,False
TXN00016496,5996.21,1,CRITICAL,,False,False
TXN00016497,3794.91,1,M,7743.626111111111,True,False
TXN00016498,3489.66,1,P2,,False,False
TXN00016521,2697.0,1,LOW,714.3569444444445,True,False
TXN00016536,406.58,1,P1,684.9194444444445,True,False
TXN00016541,1089.44,1,MEDIUM,1386.925,True,False
TXN00016545,268.66,1,M,589.4966666666667,True,False
TXN00016557,3670.72,1,P3,,False,False
TXN00016562,709.53,1,LOW,,False,False
TXN00016574,2828.9,1,MEDIUM,339.5288888888889,True,False
TXN00016579,1345.55,1,P3,,False,False
TXN00016585,0.0,1,MEDIUM,,False,False
TXN00016593,6511.97,1,MEDIUM,,False,False
TXN00016623,818.66,1,HIGH,,False,False
TXN00016633,3329.74,1,P2,1307.4077777777777,True,False
TXN00016636,6720.23,1,MEDIUM,,False,False
TXN00016639,2539.68,1,HIGH,,False,False
TXN00016644,898.0,1,HIGH,220.74083333333337,True,False
TXN00016648,1142.0,1,MEDIUM,,False,False
TXN00016662,4341.13,1,LOW,,False,False
TXN00016671,1587.1,1,LOW,1078.8030555555556,True,False
TXN00016673,1675.84,1,L,76.24333333333334,False,False
TXN00016683,8248.74,1,M,,False,False
TXN00016687,15660.34,1,P3,,False,False
TXN00016689,2052.97,1,LOW,883.9727777777778,True,False
TXN00016708,2567.69,1,MEDIUM,,False,False
TXN00016714,0.0,1,P3,,False,False
TXN00016715,1128.27,1,MEDIUM,,False,False
TXN00016717,3272.08,1,MEDIUM,,False,False
TXN00016719,2956.42,1,LOW,,False,False
TXN00016726,2235.82,1,H,,False,False
TXN00016736,15548.64,1,P3,,False,False
TXN00016739,10606.78,1,L,2872.7580555555555,True,False
TXN00016742,1163.64,1,LOW,,False,False
TXN00016749,0.0,1,M,616.7897222222222,True,False
TXN00016753,390.5,1,L,1649.6947222222225,True,False
TXN00016754,2563.38,1,P4,,False,False
TXN00016756,455.72,1,MEDIUM,1372.8791666666666,True,False
TXN00016767,1273.0,1,H,306.46555555555557,True,False
TXN00016774,9878.08,1,CRIT,1628.6986111111112,True,False
TXN00016780,1017.31,1,LOW,,False,False
TXN00016806,754.9,1,P3,,False,False
TXN00016813,9012.82,1,P2,,False,False
TXN00016822,3058.22,1,LOW,,False,False
TXN00016836,0.0,1,MEDIUM,485.5355555555555,True,False
TXN00016837,0.0,1,HIGH,,False,False
TXN00016840,276.74,1,P2,187.5402777777778,True,False
TXN00016875,-570.66,1,LOW,,False,False
TXN00016877,3046.01,1,MEDIUM,1615.2725,True,False
TXN00016878,2996.76,1,LOW,,False,False
TXN00016890,2406.47,1,LOW,1998.7958333333331,True,False
TXN00016892,1942.12,1,P2,310.39694444444444,True,False
TXN00016902,1595.05,1,LOW,,False,False
TXN00016908,2938.45,1,LOW,912.8758333333334,True,False
TXN00016911,1895.66,1,MEDIUM,7523.186111111111,True,False
TXN00016915,886.36,1,M,,False,False
TXN00016920,2798.0,1,MEDIUM,45.64416666666666,False,False
TXN00016937,-6269.03,1,M,19.444166666666668,False,False
TXN00016939,27330.78,1,CRITICAL,,False,False
TXN00016940,7609.26,2,"LOW,MEDIUM",19.805,False,False
TXN00016957,1444.28,1,P4,2145.5672222222224,True,False
TXN00016961,942.21,2,"CRITICAL,P3",,False,False
TXN00016966,1081.02,1,LOW,288.85805555555555,True,False
TXN00016968,1768.72,1,MEDIUM,,False,False
TXN00016978,3895.0,1,MEDIUM,1689.6691666666666,True,False
TXN00016982,662.25,1,P3,4821.066111111111,True,False
TXN00016988,0.0,1,MEDIUM,1209.295,True,False
TXN00017004,645.98,1,CRITICAL,,False,False
TXN00017005,10880.54,1,MEDIUM,160.06472222222223,False,False
TXN00017012,990.42,1,MEDIUM,850.9816666666667,True,False
TXN00017025,0.0,1,LOW,1502.505,True,False
TXN00017037,1937.0,1,P2,103.73222222222222,False,False
TXN00017039,1306.0,1,LOW,,False,False
TXN00017040,2935.06,1,MEDIUM,,False,False
TXN00017041,-768.89,1,P2,170.47305555555556,True,False
TXN00017042,1707.0,1,P4,,False,False
TXN00017045,1409.0,1,MEDIUM,,False,False
TXN00017047,1731.53,1,LOW,,False,False
TXN00017055,226.51,1,HIGH,1199.8055555555557,True,False
TXN00017060,575.09,1,P4,1386.5641666666668,True,False
TXN00017072,15432.0,1,H,,False,False
TXN00017080,687.73,1,L,,False,False
TXN00017091,2254.1,1,HIGH,1150.4191666666666,True,False
TXN00017098,1358.37,1,P3,,False,False
TXN00017102,193.64,1,M,,False,False
TXN00017113,580.57,1,M,1008.0197222222222,True,False
TXN00017134,-2108.75,1,P4,1317.4730555555554,True,False
TXN00017140,589.03,1,M,,False,False
TXN00017149,1317.13,1,HIGH,542.3122222222222,True,False
TXN00017156,1029.81,2,"MEDIUM,P3",728.5727777777778,True,False
TXN00017157,738.08,1,M,245.97805555555556,True,False
TXN00017169,696.63,1,LOW,7061.981666666667,True,False
TXN00017175,-2616.12,1,P2,,False,False
TXN00017184,3231.22,1,M,806.9916666666667,True,False
TXN00017185,384.18,1,P3,79.37444444444445,False,False
TXN00017191,-11544.45,2,"MEDIUM,P4",,False,False
TXN00017193,2406.17,1,MEDIUM,1669.8022222222223,True,False
TXN00017196,9937.63,1,MEDIUM,,False,False
TXN00017204,0.0,1,M,,False,False
TXN00017209,1552.09,1,MEDIUM,,False,False
TXN00017214,-1267.1,1,P3,,False,False
TXN00017223,-711.68,1,LOW,1828.5702777777776,True,False
TXN00017225,4972.38,1,LOW,7.228888888888889,False,False
TXN00017227,2799.72,1,HIGH,3004.276388888889,True,False
TXN00017229,796.1,1,MEDIUM,59.62388888888889,False,False
TXN00017235,18567.74,1,M,,False,False
TXN00017240,7674.03,1,LOW,717.295,True,False
TXN00017251,6191.71,1,M,,False,False
TXN00017265,2120.67,1,LOW,,False,False
TXN00017266,260.19,1,HIGH,,False,False
TXN00017286,497.0,1,M,,False,False
TXN00017298,3871.95,1,P3,965.5455555555556,True,False
TXN00017300,2554.87,1,HIGH,,False,False
TXN00017315,704.73,1,HIGH,,False,False
TXN00017317,8056.19,1,MEDIUM,,False,False
TXN00017327,1722.43,1,P4,,False,False
TXN00017336,3087.13,1,CRITICAL,2291.1077777777778,True,False
TXN00017340,1945.77,1,LOW,1709.0080555555555,True,False
TXN00017349,1441.68,1,MEDIUM,1444.8369444444445,True,False
TXN00017357,3043.82,1,P1,965.8494444444444,True,False
TXN00017361,1755.45,1,LOW,702.0458333333333,True,False
TXN00017368,0.0,1,MEDIUM,,False,False
TXN00017372,1275.74,1,H,,False,False
TXN00017373,4758.01,1,MEDIUM,1350.151111111111,True,False
TXN00017377,9493.15,1,MEDIUM,,False,False
TXN00017387,303.26,1,P3,322.18194444444447,True,False
TXN00017396,642.07,1,HIGH,784.3772222222223,True,False
TXN00017399,685.65,1,CRITICAL,,False,False
TXN00017402,2837.81,1,P4,,False,False
TXN00017408,836.19,1,P4,1478.6169444444445,True,False
TXN00017412,1505.0,1,LOW,,False,False
TXN00017414,12249.71,1,HIGH,,False,False
TXN00017418,1350.91,1,P4,,False,False
TXN00017424,9374.52,1,M,492.15722222222223,True,False
TXN00017437,1311.0,2,"M,P3",,False,False
TXN00017441,766.94,1,H,,False,False
TXN00017444,252.18,1,M,461.185,True,False
TXN00017451,1007.69,1,P4,1531.3525,True,False
TXN00017457,0.0,1,LOW,1133.8741666666667,True,False
TXN00017462,0.0,1,LOW,833.775,True,False
TXN00017469,1016.01,1,LOW,345.5961111111111,True,False
TXN00017471,918.63,1,H,1677.2736111111112,True,False
TXN00017472,14012.62,1,CRIT,1405.8108333333332,True,False
TXN00017504,12647.35,1,P4,306.66555555555556,True,False
TXN00017510,788.58,1,H,896.9355555555555,True,False
TXN00017513,24586.31,1,L,606.4386111111111,True,False
TXN00017532,2971.18,1,LOW,,False,False
TXN00017548,6612.88,1,MEDIUM,407.3772222222222,True,False
TXN00017555,2069.43,1,P4,,False,False
TXN00017565,3265.92,1,M,,False,False
TXN00017581,1299.7,2,"CRITICAL,L",,False,False
TXN00017590,740.63,1,P3,660.4858333333333,True,False
TXN00017591,6180.12,1,MEDIUM,4252.281666666667,True,False
TXN00017598,819.3,1,MEDIUM,,False,False
TXN00017607,291.0,1,LOW,,False,False
TXN00017642,1505.96,1,H,291.2127777777778,True,False
TXN00017647,3677.06,1,MEDIUM,,False,False
TXN00017653,4402.84,1,MEDIUM,,False,False
TXN00017656,-447.83,1,P3,,False,False
TXN00017658,845.38,1,MEDIUM,,False,False
TXN00017663,8257.96,1,H,,False,False
TXN00017675,0.0,1,MEDIUM,1015.3802777777778,True,False
TXN00017688,433.23,1,P3,,False,False
TXN00017706,1159.44,1,LOW,114.03666666666666,False,False
TXN00017717,24414.54,1,LOW,888.0,True,False
TXN00017718,1451.78,1,P4,,False,False
TXN00017737,1419.1,1,CRIT,,False,False
TXN00017740,2328.0,1,P3,354.8258333333333,True,False
TXN00017748,10015.0,2,"L,LOW",230.33083333333337,True,False
TXN00017755,3261.84,1,MEDIUM,2168.7833333333333,True,False
TXN00017791,2658.78,1,MEDIUM,,False,False
TXN00017797,1590.47,1,HIGH,315.31305555555554,True,False
TXN00017802,1303.05,1,H,,False,False
TXN00017826,5617.04,1,LOW,,False,False
TXN00017838,-1201.31,1,P2,977.2025,True,False
TXN00017847,714.0,1,P2,273.2266666666667,True,False
TXN00017864,-2911.37,1,P2,2673.112222222222,True,False
TXN00017871,5375.87,2,HIGH,,False,False
TXN00017876,638.04,1,P2,,False,False
TXN00017882,732.66,1,P2,,False,False
TXN00017891,3343.99,1,CRIT,4334.146111111111,True,False
TXN00017893,4556.84,1,P4,,False,False
TXN00017897,1234.0,1,MEDIUM,,False,False
TXN00017905,2185.09,1,L,,False,False
TXN00017915,1532.42,1,MEDIUM,,False,False
TXN00017923,1055.53,1,MEDIUM,,False,False
TXN00017925,1402.12,1,MEDIUM,,False,False
TXN00017926,5338.83,1,L,5418.866944444444,True,False
TXN00017932,4452.54,1,P1,,False,False
TXN00017953,6427.42,1,MEDIUM,,False,False
TXN00017962,2741.61,1,LOW,724.2977777777778,True,False
TXN00017969,2501.0,1,P3,1552.112777777778,True,False
TXN00017992,2831.77,2,"L,LOW",620.5544444444445,True,False
TXN00017995,1918.51,1,M,1334.6447222222223,True,False
TXN00018011,926.62,2,"HIGH,L",,False,False
TXN00018012,722.5,1,LOW,2052.1388888888887,True,False
TXN00018017,1017.08,1,M,1135.1047222222223,True,False
TXN00018020,1238.72,1,P4,1503.0922222222223,True,False
TXN00018024,0.0,1,MEDIUM,,False,False
TXN00018031,-700.6,1,MEDIUM,309.3541666666667,True,False
TXN00018041,479.19,1,P4,1290.3822222222225,True,False
TXN00018048,2467.08,1,H,1339.93,True,False
TXN00018053,1619.1,1,LOW,,False,False
TXN00018059,0.0,1,MEDIUM,288.7988888888889,True,False
TXN00018064,590.0,1,P3,4255.4111111111115,True,False
TXN00018065,4568.57,1,LOW,,False,False
TXN00018071,3289.2,1,M,,False,False
TXN00018073,171.37,1,L,,False,False
TXN00018079,8988.28,1,P3,1377.3077777777778,True,False
TXN00018087,2152.04,1,LOW,,False,False
TXN00018097,2522.66,1,HIGH,638.0502777777778,True,False
TXN00018105,2703.6,1,P4,908.2397222222222,True,False
TXN00018113,987.42,1,LOW,,False,False
TXN00018114,2570.74,1,MEDIUM,,False,False
TXN00018116,1239.17,1,L,,False,False
TXN00018122,5694.69,1,P3,2362.594722222222,True,False
TXN00018123,3146.39,1,L,495.75083333333333,True,False
TXN00018137,7022.75,1,M,858.5483333333333,True,False
TXN00018141,4311.27,1,MEDIUM,769.5797222222222,True,False
TXN00018148,2197.15,1,L,17.364166666666666,False,False
TXN00018150,1285.26,1,MEDIUM,,False,False
TXN00018160,482.0,1,MEDIUM,98.42138888888888,False,False
TXN00018185,660.0,1,P1,,False,False
TXN00018187,0.0,1,M,1679.3472222222222,True,False
TXN00018188,609.57,1,P1,,False,False
TXN00018190,3985.84,1,MEDIUM,571.5719444444444,True,False
TXN00018193,-1923.55,1,LOW,,False,False
TXN00018203,1403.54,1,LOW,,False,False
TXN00018217,1300.73,1,HIGH,,False,False
TXN00018221,119.0,1,LOW,672.8519444444445,True,False
TXN00018222,1611.0,1,P4,6210.533333333334,True,False
TXN00018235,5681.16,1,HIGH,1105.9166666666667,True,False
TXN00018250,4835.58,1,L,,False,False
TXN00018275,894.24,1,LOW,4506.8452777777775,True,False
TXN00018296,849.13,1,M,,False,False
TXN00018300,3125.63,1,L,3002.748888888889,True,False
TXN00018308,5058.0,1,HIGH,858.9088888888889,True,False
TXN00018314,1635.13,1,MEDIUM,1762.6619444444443,True,False
TXN00018324,1624.65,1,LOW,,False,False
TXN00018342,2231.66,1,CRITICAL,580.2863888888888,True,False
TXN00018344,9060.0,1,HIGH,1139.6969444444444,True,False
TXN00018348,1207.49,1,P4,,False,False
TXN00018357,13142.13,1,MEDIUM,5770.129444444445,True,False
TXN00018358,-1889.21,1,H,513.4488888888889,True,False
TXN00018359,333.0,1,LOW,,False,False
TXN00018367,1495.59,1,P3,1050.1680555555556,True,False
TXN00018381,528.22,1,P4,,False,False
TXN00018387,741.15,1,M,794.5555555555555,True,False
TXN00018402,1848.85,1,P4,1198.173611111111,True,False
TXN00018414,3972.17,1,HIGH,495.6038888888889,True,False
TXN00018418,671.84,1,H,290.7602777777778,True,False
TXN00018420,2274.67,1,H,6787.251944444444,True,False
TXN00018423,1074.0,1,H,4540.394166666667,True,False
TXN00018467,688.0,1,MEDIUM,,False,False
TXN00018481,776.76,1,MEDIUM,635.5183333333333,True,False
TXN00018489,267.92,1,H,893.2619444444445,True,False
TXN00018498,1779.0,1,LOW,,False,False
TXN00018501,1061.55,1,P4,2908.6511111111113,True,False
TXN00018504,2887.1,1,L,,False,False
TXN00018518,2159.7,1,LOW,,False,False
TXN00018525,263.29,1,LOW,,False,False
TXN00018528,3336.11,1,M,1596.0002777777777,True,False
TXN00018536,1257.97,1,HIGH,683.0419444444444,True,False
TXN00018546,7492.62,1,HIGH,,False,False
TXN00018559,9404.0,1,L,985.2169444444444,True,False
TXN00018578,4970.0,1,MEDIUM,,False,False
TXN00018597,2898.66,1,M,,False,False
TXN00018599,576.0,1,MEDIUM,1468.575833333333,True,False
TXN00018603,3615.07,1,CRIT,213.35055555555556,True,False
TXN00018611,1143.89,1,MEDIUM,,False,False
TXN00018643,0.0,1,L,978.6127777777778,True,False
TXN00018653,2423.45,1,L,,False,False
TXN00018659,4959.68,1,CRIT,,False,False
TXN00018666,1677.0,1,P3,514.0908333333333,True,False
TXN00018670,3883.93,1,MEDIUM,972.0338888888888,True,False
TXN00018681,5525.44,1,MEDIUM,3.721111111111111,False,False
TXN00018686,530.01,1,M,,False,False
TXN00018703,1513.0,1,CRITICAL,,False,False
TXN00018705,325.69,1,L,,False,False
TXN00018717,4563.14,1,P4,0.26,False,False
TXN00018727,10161.06,1,HIGH,1672.4605555555556,True,False
TXN00018732,2042.84,1,H,,False,False
TXN00018738,1179.22,1,LOW,,False,False
TXN00018753,12010.0,1,LOW,1422.0422222222223,True,False
TXN00018761,1500.59,1,L,,False,False
TXN00018781,428.55,1,L,1040.953611111111,True,False
TXN00018783,11640.86,1,L,,False,False
TXN00018812,15054.0,1,HIGH,,False,False
TXN00018820,7255.27,1,LOW,770.2666666666667,True,False
TXN00018827,2231.59,1,P3,,False,False
TXN00018833,-451.83,1,CRIT,,False,False
TXN00018837,1260.53,1,HIGH,104.93111111111112,False,False
TXN00018840,1901.24,1,H,689.9213888888889,True,False
TXN00018842,1397.32,1,MEDIUM,512.7666666666667,True,False
TXN00018844,6620.7,1,MEDIUM,,False,False
TXN00018851,2087.83,1,H,1639.4461111111111,True,False
TXN00018868,180.66,1,HIGH,164.27944444444444,False,False
TXN00018872,4001.57,1,P3,,False,False
TXN00018877,2653.61,1,CRIT,606.9372222222222,True,False
TXN00018880,2224.0,1,L,,False,False
TXN00018881,2108.9,1,P2,508.11333333333334,True,False
TXN00018888,0.0,1,M,2407.4875,True,False
TXN00018891,2154.46,1,HIGH,2979.835,True,False
TXN00018893,3450.22,1,M,,False,False
TXN00018901,2585.0,1,L,,False,False
TXN00018905,547.94,1,HIGH,,False,False
TXN00018916,1889.0,1,MEDIUM,,False,False
TXN00018932,1825.0,1,HIGH,1542.7422222222222,True,False
TXN00018937,1097.4,1,CRIT,,False,False
TXN00018943,2326.89,1,L,,False,False
TXN00018948,959.89,1,MEDIUM,,False,False
TXN00018954,3630.2,1,HIGH,1102.6275,True,False
TXN00018961,409.0,1,LOW,,False,False
TXN00018975,701.39,1,HIGH,,False,False
TXN00018979,2995.87,1,MEDIUM,,False,False
TXN00018989,2703.0,1,HIGH,2124.498611111111,True,False
TXN00018991,5661.32,1,MEDIUM,,False,False
TXN00018996,1863.8,1,L,,False,False
TXN00019000,595.88,1,P4,,False,False
TXN00019004,-3381.39,1,M,548.3338888888889,True,False
TXN00019006,0.0,1,MEDIUM,,False,False
TXN00019009,1552.99,1,HIGH,,False,False
TXN00019010,983.91,1,LOW,,False,False
TXN00019027,800.24,1,M,845.485,True,False
TXN00019042,1241.09,1,MEDIUM,59.37833333333333,False,False
TXN00019043,215.0,1,H,,False,False
TXN00019045,4841.06,1,MEDIUM,,False,False
TXN00019048,1913.71,1,HIGH,,False,False
TXN00019091,11124.0,1,P3,,False,False
TXN00019098,536.94,1,MEDIUM,636.6897222222223,True,False
TXN00019111,1094.0,1,P2,,False,False
TXN00019135,-690.96,1,MEDIUM,1083.5375,True,False
TXN00019136,264.95,1,P2,,False,False
TXN00019145,10111.0,1,M,,False,False
TXN00019162,2538.07,1,P4,1368.888888888889,True,False
TXN00019163,1202.2,1,HIGH,1316.1441666666667,True,False
TXN00019164,1364.5,1,P4,,False,False
TXN00019169,8504.48,1,HIGH,1135.2530555555556,True,False
TXN00019171,3429.44,1,LOW,1303.9980555555555,True,False
TXN00019180,163.0,1,P2,,False,False
TXN00019193,1004.32,1,P2,,False,False
TXN00019200,1186.0,1,MEDIUM,,False,False
TXN00019208,1146.96,1,M,1092.0583333333334,True,False
TXN00019209,13306.35,1,LOW,1371.1277777777775,True,False
TXN00019212,4181.36,2,"LOW,M",347.44083333333333,True,False
TXN00019221,596.6,1,P3,1135.3027777777777,True,False
TXN00019231,1213.34,1,P4,,False,False
TXN00019233,1007.91,1,LOW,1108.6361111111112,True,False
TXN00019236,3160.25,1,P2,1751.5327777777777,True,False
TXN00019245,5811.0,2,"L,MEDIUM",,False,False
TXN00019262,385.0,1,P4,,False,False
TXN00019269,2732.12,1,P3,,False,False
TXN00019297,1314.28,1,LOW,,False,False
TXN00019309,6862.58,1,HIGH,37.592777777777776,False,False
TXN00019340,1486.0,1,P2,,False,False
TXN00019343,4178.65,1,P1,,False,False
TXN00019345,-393.4,1,MEDIUM,1821.3861111111112,True,False
TXN00019356,6782.66,1,HIGH,5079.631388888889,True,False
TXN00019376,439.77,1,HIGH,5543.419444444445,True,False
TXN00019385,1082.82,1,H,1396.9033333333334,True,False
TXN00019392,16244.17,1,H,18.050555555555555,False,False
TXN00019402,0.0,1,P3,,False,False
TXN00019409,-756.59,1,MEDIUM,756.4197222222223,True,False
TXN00019414,996.0,1,CRITICAL,,False,False
TXN00019434,7211.97,1,MEDIUM,,False,False
TXN00019470,3505.15,1,LOW,,False,False
TXN00019488,6544.91,1,MEDIUM,6675.758888888889,True,False
TXN00019490,1314.21,1,CRITICAL,,False,False
TXN00019503,1537.27,1,L,,False,False
TXN00019525,5874.15,1,LOW,,False,False
TXN00019528,2653.08,1,MEDIUM,524.1163888888889,True,False
TXN00019537,613.06,1,P3,,False,False
TXN00019539,671.14,1,L,758.3572222222223,True,False
TXN00019555,15606.92,1,LOW,515.9394444444445,True,False
TXN00019558,1769.97,1,L,496.43888888888887,True,False
TXN00019560,4923.1,1,CRITICAL,193.10944444444445,True,False
TXN00019564,17075.88,1,P4,742.1013888888889,True,False
TXN00019571,475.0,1,M,40.369166666666665,False,False
TXN00019581,1017.95,1,P4,1231.53,True,False
TXN00019588,0.0,1,MEDIUM,,False,False
TXN00019589,2150.0,1,P2,,False,False
TXN00019596,2991.63,1,HIGH,,False,False
TXN00019601,9956.85,1,P2,4162.728888888889,True,False
TXN00019626,781.0,1,MEDIUM,559.7525,True,False
TXN00019644,1335.62,1,L,,False,False
TXN00019651,7485.82,1,H,114.74027777777778,False,False
TXN00019652,1289.49,1,P1,,False,False
TXN00019657,18735.0,1,P3,832.1338888888889,True,False
TXN00019659,2545.52,1,MEDIUM,285.4433333333333,True,False
TXN00019661,0.0,1,P2,308.0466666666667,True,False
TXN00019667,0.0,1,MEDIUM,510.99111111111114,True,False
TXN00019669,3545.43,2,"MEDIUM,P4",,False,False
TXN00019681,9661.7,1,HIGH,,False,False
TXN00019683,-363.03,1,MEDIUM,224.76333333333332,True,False
TXN00019695,1782.96,1,M,,False,False
TXN00019708,1943.24,1,LOW,,False,False
TXN00019710,739.61,1,HIGH,,False,False
TXN00019717,1122.85,1,LOW,,False,False
TXN00019719,4373.83,1,HIGH,352.56305555555554,True,False
TXN00019722,11641.0,1,H,,False,False
TXN00019737,174.11,1,MEDIUM,283.23027777777776,True,False
TXN00019738,584.74,1,P4,1028.035,True,False
TXN00019762,978.26,1,HIGH,,False,False
TXN00019768,537.48,1,H,1205.3175,True,False
TXN00019782,2150.18,1,P2,,False,False
TXN00019784,2591.32,1,LOW,318.2266666666667,True,False
TXN00019786,1377.81,1,CRIT,1413.318611111111,True,False
TXN00019791,376.0,1,L,435.56944444444446,True,False
TXN00019810,2801.1,1,HIGH,,False,False
TXN00019824,755.08,1,CRITICAL,,False,False
TXN00019834,41457.94,1,P4,,False,False
TXN00019838,2926.76,1,P1,,False,False
TXN00019856,0.0,1,HIGH,,False,False
TXN00019872,2597.87,1,P3,1019.3111111111112,True,False
TXN00019876,2134.32,1,LOW,,False,False
TXN00019885,2738.74,1,MEDIUM,,False,False
TXN00019898,861.86,1,MEDIUM,1766.2766666666666,True,False
TXN00019900,4072.76,1,MEDIUM,83.79472222222222,False,False
TXN00019908,14932.0,1,L,44.08861111111111,False,False
TXN00019912,2124.72,1,L,1403.4288888888889,True,False
TXN00019914,3065.07,1,P3,382.3905555555556,True,False
TXN00019934,-2640.42,1,LOW,118.38638888888887,False,False
TXN00019939,1954.14,1,P3,461.4019444444445,True,False
TXN00019943,728.13,1,P4,,False,False
TXN00019947,3167.22,1,M,,False,False
TXN00019956,503.49,1,L,465.99944444444446,True,False
TXN00019971,8720.88,1,L,2402.7213888888887,True,False
TXN00019983,8084.93,1,HIGH,1728.0,True,False
TXN00030234,1915.5,1,M,,False,False
TXN00031469,2300.99,1,CRIT,,False,False
TXN00032094,1381.95,1,M,,False,False
TXN00032415,23005.71,1,MEDIUM,,False,False
TXN00032619,2826.04,1,M,,False,False
TXN00032709,4152.0,1,M,,False,False
TXN00033788,-664.74,1,LOW,,False,False
TXN00033964,4254.9,1,H,,False,False
TXN00034155,736.99,1,M,,False,False
TXN00034179,3258.82,1,CRIT,,False,False
TXN00034198,2387.46,1,P2,,False,False
TXN00034566,2696.0,1,L,,False,False
TXN00035157,4673.28,1,CRITICAL,,False,False
TXN00035789,1813.99,1,LOW,,False,False
TXN00036574,676.79,1,P3,,False,False
TXN00036584,-3309.31,1,H,,False,False
TXN00037348,2069.0,1,MEDIUM,,False,False
TXN00037497,419.0,1,CRITICAL,,False,False
TXN00038189,754.07,1,P3,,False,False
TXN00038794,1144.0,1,P2,,False,False
TXN00039623,935.0,1,CRITICAL,,False,False
TXN00040959,823.15,1,H,,False,False
TXN00041176,8162.73,1,HIGH,,False,False
TXN00041888,3064.59,1,P2,,False,False
TXN00041980,565.73,1,HIGH,,False,False
TXN00042233,0.0,1,P2,,False,False
TXN00042287,1318.76,1,M,,False,False
TXN00043861,422.31,1,P2,,False,False
TXN00044508,0.0,1,P2,,False,False
TXN00044609,771.44,1,P3,,False,False
TXN00045816,2928.28,1,HIGH,,False,False
TXN00046623,6432.0,1,P2,,False,False
TXN00047225,0.0,1,P4,,False,False
TXN00048192,1863.22,1,L,,False,False
TXN00049297,1707.55,1,P3,,False,False
TXN00049383,614.57,1,LOW,,False,False
TXN00049458,12414.63,1,CRIT,,False,False
TXN00050079,2659.07,1,P4,,False,False
TXN00050572,0.0,1,P1,,False,False
TXN00051122,348.47,1,LOW,,False,False
TXN00051555,2417.43,1,P2,,False,False
TXN00051763,830.25,1,LOW,,False,False
TXN00053543,299.18,1,LOW,,False,False
TXN00054083,664.5,1,M,,False,False
TXN00054263,824.86,1,H,,False,False
TXN00055417,9306.13,1,P4,,False,False
TXN00056546,0.0,1,M,,False,False
TXN00056695,-3475.46,1,P1,,False,False
TXN00058280,834.87,1,MEDIUM,,False,False
TXN00058495,543.72,1,P2,,False,False
TXN00058515,216.17,1,HIGH,,False,False
TXN00059214,2012.0,1,MEDIUM,,False,False
TXN00059223,902.0,1,H,,False,False
TXN00059284,1857.0,1,P3,,False,False
TXN00059408,8028.0,1,HIGH,,False,False
TXN00059954,1289.25,1,MEDIUM,,False,False
TXN00060420,1505.75,1,M,,False,False
TXN00061071,0.0,1,P1,,False,False
TXN00063034,3681.27,1,P2,,False,False
TXN00064529,472.0,1,MEDIUM,,False,False
TXN00065627,-3428.7,1,H,,False,False
TXN00065742,470.0,1,MEDIUM,,False,False
TXN00066039,1372.0,1,P4,,False,False
TXN00066186,5546.22,1,HIGH,,False,False
TXN00066991,1890.93,1,L,,False,False
TXN00068399,562.25,1,HIGH,,False,False
TXN00071282,4105.21,1,P1,,False,False
TXN00072059,1209.0,1,MEDIUM,,False,False
TXN00073646,7863.78,1,HIGH,,False,False
TXN00074121,1678.99,1,M,,False,False
TXN00074133,546.0,1,P3,,False,False
TXN00074548,-4626.55,1,P2,,False,False
TXN00074714,2166.47,1,HIGH,,False,False
TXN00074852,1652.05,1,MEDIUM,,False,False
TXN00076059,1726.97,1,H,,False,False
TXN00076688,355.19,1,LOW,,False,False
TXN00078658,2283.69,1,CRITICAL,,False,False
TXN00078938,2889.21,1,P3,,False,False
TXN00079001,5620.82,1,P4,,False,False
TXN00080108,1189.65,1,P2,,False,False
TXN00081593,5676.76,1,MEDIUM,,False,False
TXN00081933,5283.13,1,H,,False,False
TXN00081951,3816.43,1,P3,,False,False
TXN00082330,2452.3,1,P1,,False,False
TXN00082870,543.0,1,P4,,False,False
TXN00083297,0.0,1,P1,,False,False
TXN00083913,732.0,1,P2,,False,False
TXN00084117,3956.74,1,HIGH,,False,False
TXN00084424,1535.24,1,L,,False,False
TXN00084758,0.0,1,H,,False,False
TXN00084777,-1091.87,1,M,,False,False
TXN00084920,0.0,1,M,,False,False
TXN00085698,551.1,1,HIGH,,False,False
TXN00085757,585.8,1,CRITICAL,,False,False
TXN00086247,1425.14,1,HIGH,,False,False
TXN00086757,1161.24,1,P1,,False,False
TXN00087166,2084.49,1,MEDIUM,,False,False
TXN00088490,4274.13,1,HIGH,,False,False
TXN00088540,221.01,1,HIGH,,False,False
TXN00091289,954.04,1,CRIT,,False,False
TXN00091755,3762.83,1,CRIT,,False,False
TXN00094213,-1411.26,1,HIGH,,False,False
TXN00094322,2530.5,1,MEDIUM,,False,False
TXN00094657,2556.0,1,HIGH,,False,False
TXN00094670,33780.71,1,L,,False,False
TXN00095066,731.0,1,M,,False,False
TXN00095161,4157.35,1,P4,,False,False
TXN00095203,3668.05,1,HIGH,,False,False
TXN00095920,45384.61,1,H,,False,False
TXN00096416,5544.6,1,MEDIUM,,False,False
TXN00096928,2456.94,1,L,,False,False
TXN00097124,1596.33,1,HIGH,,False,False
TXN00098339,194.24,1,L,,False,False
TXN00098409,645.47,1,HIGH,,False,False
TXN00099329,2454.92,1,P4,,False,False
TXN00099966,-841.29,1,M,,False,False
