merchant_id_normalized,transaction_count,total_transaction_amount,successful_transaction_count,failed_transaction_count,chargeback_count,total_disputed_amount,avg_transaction_amount,chargeback_rate,disputed_amount_ratio,success_rate,failure_rate,merchant_status_clean,merchant_category_clean,mcc_clean,merchant_duplicate_entity_flag
MCH1000,1,1946.18,1,0,0.0,0.0,1946.18,0.0,0.0,1.0,0.0,,,,
MCH1001,4,49974.0,3,1,0.0,0.0,12493.5,0.0,0.0,0.75,0.25,ACTIVE,KIRANA,misc,False
MCH1003,2,18029.879999999997,2,0,0.0,0.0,9014.939999999999,0.0,0.0,1.0,0.0,ENABLED,FASHION,5699,False
MCH1004,2,9870.740000000002,2,0,0.0,0.0,4935.370000000001,0.0,0.0,1.0,0.0,ACTIVE,TRAVEL,4131,False
MCH1005,2,14599.21,1,1,0.0,0.0,7299.605,0.0,0.0,0.5,0.5,ACTIVE,MEDICAL_STORE,5912.0,False
MCH1006,2,13964.060000000001,2,0,0.0,0.0,6982.030000000001,0.0,0.0,1.0,0.0,,,,
MCH1007,3,8735.779999999999,3,0,1.0,3545.44,2911.9266666666663,0.3333333333333333,0.40585271149227664,1.0,0.0,DISABLED,HOTEL_LODGING,7011,True
MCH1008,3,31298.129999999997,3,0,1.0,2483.0,10432.71,0.3333333333333333,0.07933381323420921,1.0,0.0,,,,
MCH1009,2,32937.47,1,0,0.0,0.0,16468.735,0.0,0.0,0.5,0.0,LIVE,BUS/TAXI,,False
MCH1011,4,41529.21,4,0,1.0,1769.97,10382.3025,0.25,0.04261988128355921,1.0,0.0,ACTIVE,GROCERIES,5411.0,True
MCH1012,2,15718.07,1,1,1.0,13142.13,7859.035,0.5,0.8361160116986373,0.5,0.5,,,,
MCH1013,1,4742.13,1,0,0.0,0.0,4742.13,0.0,0.0,1.0,0.0,,,,
MCH1014,1,17338.71,0,0,0.0,0.0,17338.71,0.0,0.0,0.0,0.0,LIVE,DEPARTMENT STORE,5311,True
MCH1015,6,45381.28,6,0,1.0,2727.04,7563.546666666666,0.16666666666666666,0.06009173826740894,1.0,0.0,ACTIVE,HOTELS,7011,False
MCH1016,2,30550.47,2,0,0.0,0.0,15275.235,0.0,0.0,1.0,0.0,SUSPENDED,BOOKS_STATIONERY,5942,True
MCH1017,1,18198.36,1,0,1.0,1918.51,18198.36,1.0,0.10542213693981216,1.0,0.0,,,,
MCH1019,3,32130.27,2,1,0.0,0.0,10710.09,0.0,0.0,0.6666666666666666,0.3333333333333333,LIVE,CLOTHING,5699,False
MCH1020,2,22912.47,2,0,0.0,0.0,11456.235,0.0,0.0,1.0,0.0,ENABLED,TRANSPRT,4131,False
MCH1021,3,61852.69,3,0,0.0,0.0,20617.563333333335,0.0,0.0,1.0,0.0,ENABLED,GROCERY,5411,True
MCH1022,2,35774.61,1,1,0.0,0.0,17887.305,0.0,0.0,0.5,0.5,ACTIVE,OTHER,,False
MCH1023,3,36175.56,3,0,1.0,4001.57,12058.519999999999,0.3333333333333333,0.11061528833278601,1.0,0.0,,,,
MCH1024,2,22788.01,2,0,0.0,0.0,11394.005,0.0,0.0,1.0,0.0,,,,
MCH1025,4,57906.43,3,1,0.0,0.0,14476.6075,0.0,0.0,0.75,0.25,,,,
MCH1026,4,45325.67,3,1,0.0,0.0,11331.4175,0.0,0.0,0.75,0.25,,,,
MCH1027,1,21815.44,0,0,0.0,0.0,21815.44,0.0,0.0,0.0,0.0,,,,
MCH1028,1,5284.29,1,0,0.0,0.0,5284.29,0.0,0.0,1.0,0.0,,,,
MCH1029,1,1513.0,1,0,0.0,0.0,1513.0,0.0,0.0,1.0,0.0,,,,
MCH1030,3,4072.67,2,1,0.0,0.0,1357.5566666666666,0.0,0.0,0.6666666666666666,0.3333333333333333,,,,
MCH1031,1,21790.08,1,0,0.0,0.0,21790.08,0.0,0.0,1.0,0.0,,,,
MCH1032,3,44604.15,2,1,0.0,0.0,14868.050000000001,0.0,0.0,0.6666666666666666,0.3333333333333333,ENABLED,HOTELS,7011,True
MCH1033,3,42284.92,3,0,0.0,0.0,14094.973333333333,0.0,0.0,1.0,0.0,ACTIVE,PHONE SERVICE,4814,True
MCH1034,2,9679.1,1,1,0.0,0.0,4839.55,0.0,0.0,0.5,0.5,ENABLED,HOSPITALITY,7011,False
MCH1035,3,39992.83,3,0,0.0,0.0,13330.943333333335,0.0,0.0,1.0,0.0,ACTIVE,RESTAURANTS,5812.0,False
MCH1036,3,33640.770000000004,2,0,1.0,1859.77,11213.590000000002,0.3333333333333333,0.055283217357985553,0.6666666666666666,0.0,,,,
MCH1037,3,47725.25,3,0,0.0,0.0,15908.416666666666,0.0,0.0,1.0,0.0,,,,
MCH1038,3,52771.18,3,0,0.0,0.0,17590.393333333333,0.0,0.0,1.0,0.0,,,,
MCH1039,3,29255.440000000002,2,1,0.0,0.0,9751.813333333334,0.0,0.0,0.6666666666666666,0.3333333333333333,ACTIVE,TELECOM,4814,True
MCH1040,1,4889.06,1,0,0.0,0.0,4889.06,0.0,0.0,1.0,0.0,LIVE,KIRANA,5411,True
MCH1041,6,35096.200000000004,6,0,2.0,3431.71,5849.366666666668,0.3333333333333333,0.09778010154945549,1.0,0.0,ACTIVE,FASHION,,False
MCH1042,3,26085.81,2,0,0.0,0.0,8695.27,0.0,0.0,0.6666666666666666,0.0,,,,
MCH1043,5,79534.9,5,0,1.0,17242.91,15906.98,0.2,0.21679677726381752,1.0,0.0,,,,
MCH1044,3,34051.96,0,2,0.0,0.0,11350.653333333334,0.0,0.0,0.0,0.6666666666666666,ACTIVE,RETAIL,5311,False
MCH1045,2,24683.96,2,0,1.0,1858.78,12341.98,0.5,0.07530315233050126,1.0,0.0,,,,
MCH1046,1,6901.43,1,0,0.0,0.0,6901.43,0.0,0.0,1.0,0.0,,,,
MCH1047,2,16082.83,1,1,0.0,0.0,8041.415,0.0,0.0,0.5,0.5,ENABLED,TELECOM,4814,True
MCH1048,1,22101.1,1,0,0.0,0.0,22101.1,0.0,0.0,1.0,0.0,,,,
MCH1049,3,48368.15,3,0,0.0,0.0,16122.716666666667,0.0,0.0,1.0,0.0,,,,
MCH1050,1,556.07,1,0,0.0,0.0,556.07,0.0,0.0,1.0,0.0,ACTIVE,APPAREL,5699,False
MCH1051,1,19086.9,0,1,0.0,0.0,19086.9,0.0,0.0,0.0,1.0,,,,
MCH1052,5,62222.29,5,0,0.0,0.0,12444.458,0.0,0.0,1.0,0.0,,,,
MCH1053,4,60112.0,3,1,0.0,0.0,15028.0,0.0,0.0,0.75,0.25,ENABLED,MOBILE RECHARGE,4814,False
MCH1054,4,65716.24,4,0,0.0,0.0,16429.06,0.0,0.0,1.0,0.0,ACTIVE,DEPARTMENT STORE,5311,False
MCH1055,2,27225.28,2,0,0.0,0.0,13612.64,0.0,0.0,1.0,0.0,ENABLED,RETAIL,5311,False
MCH1056,2,25903.170000000002,2,0,0.0,0.0,12951.585000000001,0.0,0.0,1.0,0.0,ACTIVE,DEPARTMENT STORES,5311,False
MCH1057,3,-3004.0,2,1,0.0,0.0,-1001.3333333333334,0.0,0.0,0.6666666666666666,0.3333333333333333,,,,
MCH1058,4,53848.59,3,1,1.0,2891.42,13462.1475,0.25,0.05369537066801564,0.75,0.25,ACTIVE,DEPT_STORE,5311,False
MCH1059,3,45995.04,3,0,0.0,0.0,15331.68,0.0,0.0,1.0,0.0,ACTIVE,PHONE SERVICE,4814,False
MCH1060,1,14301.09,1,0,0.0,0.0,14301.09,0.0,0.0,1.0,0.0,ENABLED,TRANSPORT,4131,True
MCH1061,3,40782.06,3,0,1.0,5146.97,13594.019999999999,0.3333333333333333,0.12620671932707667,1.0,0.0,,,,
MCH1062,2,16069.170000000002,1,0,0.0,0.0,8034.585000000001,0.0,0.0,0.5,0.0,,,,
MCH1063,2,37797.42,1,1,0.0,0.0,18898.71,0.0,0.0,0.5,0.5,ENABLED,RETAIL OTHER,5999,False
MCH1064,4,69917.23,1,1,1.0,1294.7,17479.3075,0.25,0.018517610036896486,0.25,0.25,ACTIVE,EATING PLACE,5812,True
MCH1065,1,22612.8,1,0,1.0,307.0,22612.8,1.0,0.013576381518432039,1.0,0.0,,,,
MCH1066,3,32487.62,2,1,0.0,0.0,10829.206666666667,0.0,0.0,0.6666666666666666,0.3333333333333333,,,,
MCH1067,1,7864.73,1,0,0.0,0.0,7864.73,0.0,0.0,1.0,0.0,,,,
MCH1068,3,26408.800000000003,2,0,0.0,0.0,8802.933333333334,0.0,0.0,0.6666666666666666,0.0,LIVE,OTHER,,False
MCH1069,5,100072.17,4,0,0.0,0.0,20014.434,0.0,0.0,0.8,0.0,,,,
MCH1070,4,38695.4,4,0,1.0,687.82,9673.85,0.25,0.017775239434144628,1.0,0.0,ACTIVE,MISC RETAIL,5999,False
MCH1071,5,40513.8,5,0,1.0,-3746.75,8102.76,0.2,-0.09248083369123607,1.0,0.0,ACTIVE,HOTEL,7011,True
MCH1072,3,54541.55,3,0,1.0,0.0,18180.516666666666,0.3333333333333333,0.0,1.0,0.0,DISABLED,RESTAURANTS,5812,False
MCH1073,6,14997.510000000002,4,1,0.0,0.0,2499.5850000000005,0.0,0.0,0.6666666666666666,0.16666666666666666,SUSPENDED,MEDICAL_STORE,misc,False
MCH1074,1,6577.73,1,0,0.0,0.0,6577.73,0.0,0.0,1.0,0.0,,,,
MCH1075,1,11231.45,1,0,0.0,0.0,11231.45,0.0,0.0,1.0,0.0,ACTIVE,MEDICAL,5912,True
MCH1076,1,17918.0,1,0,0.0,0.0,17918.0,0.0,0.0,1.0,0.0,,,,
MCH1077,2,34499.2,2,0,1.0,-2395.8,17249.6,0.5,-0.06944508858176422,1.0,0.0,ACTIVE,KIRANA,5411,True
MCH1078,4,44634.65,4,0,1.0,1246.38,11158.6625,0.25,0.027924045556535115,1.0,0.0,,,,
MCH1079,4,52637.75,4,0,3.0,7383.24,13159.4375,0.75,0.14026511391539342,1.0,0.0,ACTIVE,MOBILE RECHARGE,,False
MCH1080,6,88850.1,5,0,2.0,1814.0,14808.35,0.3333333333333333,0.02041640921056926,0.8333333333333334,0.0,,,,
MCH1081,3,33718.899999999994,2,1,0.0,0.0,11239.633333333331,0.0,0.0,0.6666666666666666,0.3333333333333333,ACTIVE,FOOD_SERVICES,5812,False
MCH1082,1,7026.5,1,0,0.0,0.0,7026.5,0.0,0.0,1.0,0.0,ACTIVE,HOTEL,7011.0,False
MCH1083,3,46991.28,3,0,1.0,0.0,15663.76,0.3333333333333333,0.0,1.0,0.0,DISABLED,FOOD,5812,True
MCH1084,1,22882.8,1,0,0.0,0.0,22882.8,0.0,0.0,1.0,0.0,ACTIVE,OTHER,5999.0,False
MCH1085,1,24345.27,0,0,0.0,0.0,24345.27,0.0,0.0,0.0,0.0,,,,
MCH1087,1,16140.0,1,0,0.0,0.0,16140.0,0.0,0.0,1.0,0.0,SUSPENDED,HOTELS,7011,False
MCH1089,2,26353.47,2,0,2.0,11112.91,13176.735,1.0,0.4216867835620888,1.0,0.0,ACTIVE,BOOKS_STATIONERY,5942,True
MCH1090,1,13660.74,1,0,0.0,0.0,13660.74,0.0,0.0,1.0,0.0,,,,
MCH1091,3,48599.71000000001,2,1,0.0,0.0,16199.903333333335,0.0,0.0,0.6666666666666666,0.3333333333333333,,,,
MCH1092,1,7957.06,0,0,0.0,0.0,7957.06,0.0,0.0,0.0,0.0,,,,
MCH1093,5,97943.56,2,2,0.0,0.0,19588.712,0.0,0.0,0.4,0.4,CLOSED,FOOD_SERVICES,5812,False
MCH1094,3,13282.93,3,0,0.0,0.0,4427.643333333333,0.0,0.0,1.0,0.0,,,,
MCH1095,2,39338.92,2,0,1.0,1247.41,19669.46,0.5,0.03170930976244391,1.0,0.0,ACTIVE,PHONE SERVICE,4814,False
MCH1096,4,50655.06,2,2,0.0,0.0,12663.765,0.0,0.0,0.5,0.5,ACTIVE,FASHION,5699,False
MCH1097,1,3111.18,1,0,0.0,0.0,3111.18,0.0,0.0,1.0,0.0,ENABLED,OTHER,5999,False
MCH1098,1,6363.08,0,1,0.0,0.0,6363.08,0.0,0.0,0.0,1.0,ACTIVE,HOTEL,7011,False
MCH1099,2,22656.600000000002,2,0,1.0,1863.8,11328.300000000001,0.5,0.08226300504047385,1.0,0.0,,,,
MCH1100,2,24870.09,1,1,0.0,0.0,12435.045,0.0,0.0,0.5,0.5,INACTIVE,RETAIL,5311,True
MCH1101,1,13714.54,1,0,0.0,0.0,13714.54,0.0,0.0,1.0,0.0,ACTIVE,MEDICAL,5912,True
MCH1102,1,1393.44,1,0,0.0,0.0,1393.44,0.0,0.0,1.0,0.0,,,,
MCH1103,2,13854.54,2,0,0.0,0.0,6927.27,0.0,0.0,1.0,0.0,,,,
MCH1104,3,31265.120000000003,3,0,1.0,3834.0,10421.706666666667,0.3333333333333333,0.1226286673455915,1.0,0.0,ACTIVE,TELECOM,4814,False
MCH1105,1,22150.58,0,1,0.0,0.0,22150.58,0.0,0.0,0.0,1.0,,,,
MCH1106,3,25384.01,3,0,0.0,0.0,8461.336666666666,0.0,0.0,1.0,0.0,ENABLED,GROCERY STORES,5411,True
MCH1107,3,35489.62,3,0,1.0,389.54,11829.873333333335,0.3333333333333333,0.010976167115906002,1.0,0.0,LIVE,MOBILE RECHARGE,,False
MCH1108,5,55267.72,4,1,1.0,0.0,11053.544,0.2,0.0,0.8,0.2,,,,
MCH1109,3,-10060.71,3,0,1.0,-857.98,-3353.5699999999997,0.3333333333333333,0.0,1.0,0.0,LIVE,DEPARTMENT STORES,5311.0,True
MCH1110,3,33667.409999999996,3,0,0.0,0.0,11222.47,0.0,0.0,1.0,0.0,,,,
MCH1111,1,21892.58,1,0,1.0,1817.11,21892.58,1.0,0.08300118122213096,1.0,0.0,,,,
MCH1112,3,50590.35,2,1,1.0,1425.61,16863.45,0.3333333333333333,0.0281794848226984,0.6666666666666666,0.3333333333333333,,,,
MCH1113,7,91459.25,6,1,2.0,8710.65,13065.607142857143,0.2857142857142857,0.09524077663002922,0.8571428571428571,0.14285714285714285,,,,
MCH1114,3,32360.510000000002,2,0,0.0,0.0,10786.836666666668,0.0,0.0,0.6666666666666666,0.0,,,,
MCH1115,4,54465.7,4,0,1.0,1300.37,13616.425,0.25,0.023875025933752802,1.0,0.0,ACTIVE,TRANSPRT,4131,False
MCH1116,5,57306.590000000004,3,2,0.0,0.0,11461.318000000001,0.0,0.0,0.6,0.4,,,,
MCH1117,2,39623.86,1,1,1.0,2283.53,19811.93,0.5,0.057630175353940785,0.5,0.5,,,,
MCH1118,3,45832.64,1,1,0.0,0.0,15277.546666666667,0.0,0.0,0.3333333333333333,0.3333333333333333,ACTIVE,TRANSPORT,4131,True
MCH1119,4,62995.82,3,1,0.0,0.0,15748.955,0.0,0.0,0.75,0.25,,,,
MCH1120,1,9117.03,1,0,0.0,0.0,9117.03,0.0,0.0,1.0,0.0,,,,
MCH1121,2,21227.04,2,0,1.0,2254.1,10613.52,0.5,0.10619002932109234,1.0,0.0,,,,
MCH1122,1,3433.0,1,0,1.0,980.58,3433.0,1.0,0.28563355665598605,1.0,0.0,ACTIVE,MEDICAL,5912,True
MCH1123,1,8786.91,1,0,0.0,0.0,8786.91,0.0,0.0,1.0,0.0,,,,
MCH1126,2,23002.649999999998,2,0,1.0,418.0,11501.324999999999,0.5,0.018171819333859363,1.0,0.0,ACTIVE,GROCERY STORES,5411,False
MCH1127,7,79906.43,4,1,0.0,0.0,11415.204285714284,0.0,0.0,0.5714285714285714,0.14285714285714285,,,,
MCH1128,2,4003.8500000000004,1,1,0.0,0.0,2001.9250000000002,0.0,0.0,0.5,0.5,ACTIVE,RETAIL OTHER,5999,True
MCH1129,4,32213.09,3,1,1.0,448.0,8053.2725,0.25,0.01390738982196368,0.75,0.25,,,,
MCH1130,2,28180.04,2,0,0.0,0.0,14090.02,0.0,0.0,1.0,0.0,LIVE,DEPARTMENT STORE,5311,True
MCH1132,2,18170.32,2,0,0.0,0.0,9085.16,0.0,0.0,1.0,0.0,ACTIVE,RETAIL OTHER,5999,False
MCH1133,3,32707.54,3,0,1.0,325.69,10902.513333333334,0.3333333333333333,0.009957642794291469,1.0,0.0,LIVE,PHARMACIES,5912,False
MCH1134,2,23434.6,1,1,0.0,0.0,11717.3,0.0,0.0,0.5,0.5,LIVE,GROCERY,5411,True
MCH1135,3,58398.490000000005,3,0,0.0,0.0,19466.163333333334,0.0,0.0,1.0,0.0,,,,
MCH1136,2,30824.799999999996,2,0,0.0,0.0,15412.399999999998,0.0,0.0,1.0,0.0,LIVE,BOOK STORE,5942.0,False
MCH1137,5,77063.76,4,1,1.0,5464.95,15412.751999999999,0.2,0.07091465560465776,0.8,0.2,,,,
MCH1138,1,16881.5,1,0,0.0,0.0,16881.5,0.0,0.0,1.0,0.0,ACTIVE,BOOKS_STATIONERY,5942,False
MCH1139,1,14301.02,0,0,1.0,9500.5,14301.02,1.0,0.6643232440762966,0.0,0.0,,,,
MCH1140,2,42052.41,2,0,1.0,3969.0,21026.205,0.5,0.09438222446704005,1.0,0.0,,,,
MCH1141,2,29162.38,2,0,1.0,1341.86,14581.19,0.5,0.04601339122527036,1.0,0.0,,,,
MCH1142,3,44299.45,3,0,1.0,-2477.45,14766.483333333332,0.3333333333333333,-0.055925073561861376,1.0,0.0,LIVE,PHONE SERVICE,4814,True
MCH1145,3,55858.62,3,0,0.0,0.0,18619.54,0.0,0.0,1.0,0.0,,,,
MCH1146,1,18542.66,1,0,0.0,0.0,18542.66,0.0,0.0,1.0,0.0,,,,
MCH1147,3,-6760.389999999998,2,1,0.0,0.0,-2253.4633333333327,0.0,0.0,0.6666666666666666,0.3333333333333333,DISABLED,PHONE SERVICE,4814,False
MCH1148,2,24264.29,1,1,0.0,0.0,12132.145,0.0,0.0,0.5,0.5,ACTIVE,BUS/TAXI,4131,False
MCH1149,3,29603.0,3,0,0.0,0.0,9867.666666666666,0.0,0.0,1.0,0.0,,,,
MCH1151,5,109837.48,1,3,1.0,0.0,21967.496,0.2,0.0,0.2,0.6,,,,
MCH1152,2,19194.47,2,0,1.0,4146.46,9597.235,0.5,0.21602367765299066,1.0,0.0,ACTIVE,GROCERY,,False
MCH1153,1,11806.95,1,0,0.0,0.0,11806.95,0.0,0.0,1.0,0.0,ENABLED,DEPARTMENT STORE,5311,True
MCH1155,2,-3913.1399999999994,2,0,0.0,0.0,-1956.5699999999997,0.0,0.0,1.0,0.0,DISABLED,TRANSPORTATION,4131,False
MCH1156,2,16735.89,2,0,0.0,0.0,8367.945,0.0,0.0,1.0,0.0,,,,
MCH1157,4,36882.14,4,0,1.0,3230.0,9220.535,0.25,0.08757626319947812,1.0,0.0,,,,
MCH1158,2,7604.06,2,0,0.0,0.0,3802.03,0.0,0.0,1.0,0.0,,,,
MCH1159,2,22642.06,2,0,0.0,0.0,11321.03,0.0,0.0,1.0,0.0,ENABLED,BOOKS_STATIONERY,5942,True
MCH1160,4,13932.859999999999,3,1,1.0,-2616.12,3483.2149999999997,0.25,-0.1877661872723906,0.75,0.25,,,,
MCH1161,2,30372.559999999998,2,0,0.0,0.0,15186.279999999999,0.0,0.0,1.0,0.0,ENABLED,GROCERY_STORE,5411,False
MCH1162,1,16735.01,1,0,0.0,0.0,16735.01,0.0,0.0,1.0,0.0,LIVE,MISCELLANEOUS,5999,False
MCH1163,1,14263.98,1,0,0.0,0.0,14263.98,0.0,0.0,1.0,0.0,CLOSED,TELECOM,4814,True
MCH1164,4,45858.05,4,0,0.0,0.0,11464.5125,0.0,0.0,1.0,0.0,ENABLED,TRANSPORT,4131,False
MCH1165,2,30812.93,2,0,0.0,0.0,15406.465,0.0,0.0,1.0,0.0,,,,
MCH1166,4,52551.159999999996,3,1,1.0,9012.82,13137.789999999999,0.25,0.17150563374814182,0.75,0.25,,,,
MCH1167,2,23441.03,2,0,0.0,0.0,11720.515,0.0,0.0,1.0,0.0,,,,
MCH1169,1,11683.41,1,0,0.0,0.0,11683.41,0.0,0.0,1.0,0.0,ACTIVE,EATING PLACE,5812,False
MCH1170,3,42426.92,3,0,1.0,985.98,14142.306666666665,0.3333333333333333,0.023239490399020245,1.0,0.0,INACTIVE,DEPARTMENT STORE,5311,False
MCH1171,2,35733.43,2,0,1.0,-1898.31,17866.715,0.5,-0.05312420330206196,1.0,0.0,LIVE,MEDICAL_STORE,5912,False
MCH1172,2,13542.62,2,0,0.0,0.0,6771.31,0.0,0.0,1.0,0.0,,,,
MCH1173,5,62937.020000000004,5,0,2.0,2773.41,12587.404,0.4,0.044066433396433444,1.0,0.0,,,,
MCH1174,2,-14466.0,1,1,0.0,0.0,-7233.0,0.0,0.0,0.5,0.5,ACTIVE,GROCERIES,5411,False
MCH1175,2,21689.45,1,1,1.0,2207.71,10844.725,0.5,0.1017872744583196,0.5,0.5,,,,
MCH1176,4,75950.83,3,1,1.0,2655.0,18987.7075,0.25,0.03495682667325689,0.75,0.25,,,,
MCH1177,1,17851.81,1,0,0.0,0.0,17851.81,0.0,0.0,1.0,0.0,ACTIVE,TRANSPORTATION,4131,False
MCH1178,1,2507.3,1,0,0.0,0.0,2507.3,0.0,0.0,1.0,0.0,,,,
MCH1180,1,15511.54,1,0,0.0,0.0,15511.54,0.0,0.0,1.0,0.0,ENABLED,GROCERY,5411,False
MCH1181,1,8025.13,0,1,0.0,0.0,8025.13,0.0,0.0,0.0,1.0,,,,
MCH1182,4,56432.15,4,0,1.0,380.69,14108.0375,0.25,0.0067459772487846025,1.0,0.0,,,,
MCH1183,2,19648.64,2,0,1.0,848.3,9824.32,0.5,0.04317347154815804,1.0,0.0,ACTIVE,FOOD_SERVICES,5812,False
MCH1184,1,8152.63,0,1,0.0,0.0,8152.63,0.0,0.0,0.0,1.0,,,,
MCH1185,2,32752.04,2,0,0.0,0.0,16376.02,0.0,0.0,1.0,0.0,ACTIVE,OTHER,5999,False
MCH1186,2,19490.03,2,0,2.0,6349.5599999999995,9745.015,1.0,0.32578502957666045,1.0,0.0,,,,
MCH1187,4,39033.75,3,1,0.0,0.0,9758.4375,0.0,0.0,0.75,0.25,,,,
MCH1188,2,19562.15,1,1,0.0,0.0,9781.075,0.0,0.0,0.5,0.5,LIVE,PHARMACIES,5912,False
MCH1189,4,25385.980000000003,4,0,0.0,0.0,6346.495000000001,0.0,0.0,1.0,0.0,LIVE,APPAREL,5699,False
MCH1190,2,8321.18,1,0,0.0,0.0,4160.59,0.0,0.0,0.5,0.0,,,,
MCH1191,3,59095.5,3,0,1.0,438.11,19698.5,0.3333333333333333,0.007413593251601222,1.0,0.0,INACTIVE,PHONE SERVICE,4814,False
MCH1193,2,40509.47,1,1,1.0,1072.99,20254.735,0.5,0.026487386776474733,0.5,0.5,ACTIVE,RESTAURANTS,5812,False
MCH1194,3,27039.4,2,1,0.0,0.0,9013.133333333333,0.0,0.0,0.6666666666666666,0.3333333333333333,,,,
MCH1195,7,77885.89,5,2,3.0,7414.65,11126.555714285714,0.42857142857142855,0.09519888647353197,0.7142857142857143,0.2857142857142857,ACTIVE,TRANSPORT,4131,True
MCH1196,4,25515.57,3,0,0.0,0.0,6378.8925,0.0,0.0,0.75,0.0,,,,
MCH1197,5,85333.81,5,0,2.0,18876.03,17066.762,0.4,0.22120224094060723,1.0,0.0,LIVE,GROCERY STORES,5411,False
MCH1198,2,27661.93,2,0,0.0,0.0,13830.965,0.0,0.0,1.0,0.0,,,,
MCH1200,2,14390.16,2,0,0.0,0.0,7195.08,0.0,0.0,1.0,0.0,ACTIVE,CLOTHS,,False
MCH1201,3,24292.5,3,0,1.0,2797.85,8097.5,0.3333333333333333,0.11517340743027683,1.0,0.0,,,,
MCH1202,3,47490.07,3,0,0.0,0.0,15830.023333333333,0.0,0.0,1.0,0.0,LIVE,RETAIL,5311,False
MCH1204,2,13642.46,2,0,1.0,3794.91,6821.23,0.5,0.2781690398945645,1.0,0.0,ACTIVE,DEPARTMENT STORE,5311,False
MCH1205,1,14581.81,0,0,0.0,0.0,14581.81,0.0,0.0,0.0,0.0,,,,
MCH1206,4,36844.630000000005,4,0,0.0,0.0,9211.157500000001,0.0,0.0,1.0,0.0,,,,
MCH1207,2,23297.96,1,0,1.0,1358.0,11648.98,0.5,0.05828836516158496,0.5,0.0,ACTIVE,FOOD,5812,False
MCH1208,3,50492.34,3,0,0.0,0.0,16830.78,0.0,0.0,1.0,0.0,,,,
MCH1209,3,38115.85,1,1,1.0,2231.72,12705.283333333333,0.3333333333333333,0.05855097026565064,0.3333333333333333,0.3333333333333333,,,,
MCH1210,3,34337.72,2,0,0.0,0.0,11445.906666666668,0.0,0.0,0.6666666666666666,0.0,SUSPENDED,BOOK STORE,,False
MCH1211,1,11403.34,0,1,0.0,0.0,11403.34,0.0,0.0,0.0,1.0,ACTIVE,RETAIL,5311,False
MCH1212,3,47921.399999999994,3,0,1.0,-4245.22,15973.799999999997,0.3333333333333333,-0.08858714478291538,1.0,0.0,,,,
MCH1213,2,27778.83,1,1,0.0,0.0,13889.415,0.0,0.0,0.5,0.5,ACTIVE,PHARMACIES,5912,True
MCH1215,2,29019.82,1,0,0.0,0.0,14509.91,0.0,0.0,0.5,0.0,,,,
MCH1216,2,10757.02,2,0,0.0,0.0,5378.51,0.0,0.0,1.0,0.0,ACTIVE,MISC RETAIL,5999,True
MCH1217,3,27184.14,1,2,0.0,0.0,9061.38,0.0,0.0,0.3333333333333333,0.6666666666666666,,,,
MCH1218,3,49378.69,2,1,0.0,0.0,16459.563333333335,0.0,0.0,0.6666666666666666,0.3333333333333333,,,,
MCH1219,2,36141.869999999995,2,0,0.0,0.0,18070.934999999998,0.0,0.0,1.0,0.0,LIVE,GARMENTS,5699,True
MCH1220,1,10483.44,1,0,0.0,0.0,10483.44,0.0,0.0,1.0,0.0,,,,
MCH1221,1,17495.37,1,0,0.0,0.0,17495.37,0.0,0.0,1.0,0.0,ACTIVE,BOOKS,5942,True
MCH1222,2,28402.3,2,0,0.0,0.0,14201.15,0.0,0.0,1.0,0.0,ACTIVE,GROCERY_STORE,5411,False
MCH1223,3,40788.14,3,0,1.0,875.3,13596.046666666667,0.3333333333333333,0.02145966940390025,1.0,0.0,,,,
MCH1224,1,24596.31,1,0,0.0,0.0,24596.31,0.0,0.0,1.0,0.0,ENABLED,BOOKS,5942,False
MCH1225,6,83127.23,5,1,0.0,0.0,13854.538333333332,0.0,0.0,0.8333333333333334,0.16666666666666666,,,,
MCH1226,2,33503.03,2,0,1.0,738.08,16751.515,0.5,0.022030246219521044,1.0,0.0,ACTIVE,HOTEL,,True
MCH1227,4,39489.1,4,0,0.0,0.0,9872.275,0.0,0.0,1.0,0.0,LIVE,OTHER,5999,True
MCH1228,1,10748.0,1,0,0.0,0.0,10748.0,0.0,0.0,1.0,0.0,,,,
MCH1229,5,73956.76,5,0,0.0,0.0,14791.351999999999,0.0,0.0,1.0,0.0,ACTIVE,STATIONERY,5942,True
MCH1230,1,6953.54,1,0,0.0,0.0,6953.54,0.0,0.0,1.0,0.0,,,,
MCH1231,2,24485.5,2,0,0.0,0.0,12242.75,0.0,0.0,1.0,0.0,,,,
MCH1232,2,27975.33,2,0,0.0,0.0,13987.665,0.0,0.0,1.0,0.0,,,,
MCH1233,4,51647.57,4,0,0.0,0.0,12911.8925,0.0,0.0,1.0,0.0,ACTIVE,BOOKS,5942,False
MCH1234,3,46349.79,2,1,0.0,0.0,15449.93,0.0,0.0,0.6666666666666666,0.3333333333333333,ACTIVE,HOSPITALITY,UNKNOWN,True
MCH1235,4,49994.18,4,0,0.0,0.0,12498.545,0.0,0.0,1.0,0.0,,,,
MCH1236,1,10768.93,1,0,0.0,0.0,10768.93,0.0,0.0,1.0,0.0,,,,
MCH1237,3,30567.69,2,0,0.0,0.0,10189.23,0.0,0.0,0.6666666666666666,0.0,ACTIVE,HOSPITALITY,7011,False
MCH1238,3,7341.890000000001,1,1,0.0,0.0,2447.296666666667,0.0,0.0,0.3333333333333333,0.3333333333333333,,,,
MCH1239,1,16936.77,1,0,0.0,0.0,16936.77,0.0,0.0,1.0,0.0,,,,
MCH1241,2,22933.58,2,0,0.0,0.0,11466.79,0.0,0.0,1.0,0.0,,,,
MCH1242,2,20070.11,1,1,0.0,0.0,10035.055,0.0,0.0,0.5,0.5,,,,
MCH1243,1,21792.0,0,1,0.0,0.0,21792.0,0.0,0.0,0.0,1.0,LIVE,MEDICAL_STORE,5912.0,False
MCH1244,3,23558.91,3,0,0.0,0.0,7852.97,0.0,0.0,1.0,0.0,,,,
MCH1245,1,17590.09,0,0,0.0,0.0,17590.09,0.0,0.0,0.0,0.0,ACTIVE,CHEMIST,,False
MCH1247,5,36170.770000000004,5,0,1.0,548.0,7234.154,0.2,0.015150354830709988,1.0,0.0,INACTIVE,GROCERIES,5411,False
MCH1248,2,31736.98,1,1,1.0,918.63,15868.49,0.5,0.028945098115825765,0.5,0.5,,,,
MCH1249,2,15432.859999999999,2,0,1.0,1826.0,7716.429999999999,0.5,0.11831896356216541,1.0,0.0,ACTIVE,OTHER,5999,True
MCH1250,2,19895.079999999998,2,0,0.0,0.0,9947.539999999999,0.0,0.0,1.0,0.0,ENABLED,BUS/TAXI,4131,True
MCH1251,1,-20617.54,1,0,0.0,0.0,-20617.54,0.0,0.0,1.0,0.0,,,,
MCH1252,3,36250.28,2,0,0.0,0.0,12083.426666666666,0.0,0.0,0.6666666666666666,0.0,,,,
MCH1253,4,58472.130000000005,4,0,0.0,0.0,14618.032500000001,0.0,0.0,1.0,0.0,,,,
MCH1254,3,55967.84,3,0,1.0,1314.28,18655.946666666667,0.3333333333333333,0.023482771534509818,1.0,0.0,ACTIVE,TRAVEL,4131,False
MCH1255,4,40019.770000000004,3,0,0.0,0.0,10004.942500000001,0.0,0.0,0.75,0.0,INACTIVE,TELECOM,4814,True
MCH1256,2,24542.42,2,0,1.0,4479.85,12271.21,0.5,0.18253497413865466,1.0,0.0,SUSPENDED,MEDICAL_STORE,5912,False
MCH1257,4,46247.99,4,0,0.0,0.0,11561.9975,0.0,0.0,1.0,0.0,ACTIVE,BOOKS,5942,False
MCH1258,1,7930.0,1,0,0.0,0.0,7930.0,0.0,0.0,1.0,0.0,,,,
MCH1259,4,37223.08,2,2,0.0,0.0,9305.77,0.0,0.0,0.5,0.5,LIVE,MEDICAL,,False
MCH1260,4,50457.42,3,1,0.0,0.0,12614.355,0.0,0.0,0.75,0.25,ACTIVE,CLOTHING,5699.0,True
MCH1261,1,16992.0,1,0,0.0,0.0,16992.0,0.0,0.0,1.0,0.0,CLOSED,RETAIL,5311,True
MCH1263,3,45022.25,3,0,0.0,0.0,15007.416666666666,0.0,0.0,1.0,0.0,ENABLED,CHEMIST,5912,True
MCH1264,5,42455.71,4,1,0.0,0.0,8491.142,0.0,0.0,0.8,0.2,,,,
MCH1266,2,23593.190000000002,1,0,0.0,0.0,11796.595000000001,0.0,0.0,0.5,0.0,,,,
MCH1268,2,32739.13,1,0,0.0,0.0,16369.565,0.0,0.0,0.5,0.0,ACTIVE,RETAIL,5311,False
MCH1269,3,34628.46,3,0,0.0,0.0,11542.82,0.0,0.0,1.0,0.0,ACTIVE,CLOTHING,5699,False
MCH1270,1,19423.02,1,0,0.0,0.0,19423.02,0.0,0.0,1.0,0.0,ACTIVE,DEPARTMENT STORE,5311,False
MCH1271,2,23677.14,1,1,0.0,0.0,11838.57,0.0,0.0,0.5,0.5,,,,
MCH1272,2,18327.59,2,0,0.0,0.0,9163.795,0.0,0.0,1.0,0.0,ACTIVE,TRANSPORTATION,4131,False
MCH1273,4,33158.53,4,0,0.0,0.0,8289.6325,0.0,0.0,1.0,0.0,,,,
MCH1274,1,7170.12,1,0,1.0,717.53,7170.12,1.0,0.10007224425811562,1.0,0.0,,,,
MCH1276,1,16595.74,1,0,2.0,926.6199999999999,16595.74,2.0,0.055834810620074775,1.0,0.0,,,,
MCH1277,3,50846.16,1,1,0.0,0.0,16948.72,0.0,0.0,0.3333333333333333,0.3333333333333333,ACTIVE,RESTAURANT,5812,True
MCH1278,5,49089.29,4,1,0.0,0.0,9817.858,0.0,0.0,0.8,0.2,,,,
MCH1279,1,15532.12,1,0,0.0,0.0,15532.12,0.0,0.0,1.0,0.0,,,,
MCH1280,1,7677.0,1,0,0.0,0.0,7677.0,0.0,0.0,1.0,0.0,ACTIVE,BOOKS,5942.0,False
MCH1282,2,35095.229999999996,2,0,0.0,0.0,17547.614999999998,0.0,0.0,1.0,0.0,,,,
MCH1283,1,11254.49,1,0,0.0,0.0,11254.49,0.0,0.0,1.0,0.0,,,,
MCH1284,3,44366.25,2,1,0.0,0.0,14788.75,0.0,0.0,0.6666666666666666,0.3333333333333333,,,,
MCH1285,2,37871.020000000004,2,0,0.0,0.0,18935.510000000002,0.0,0.0,1.0,0.0,ACTIVE,MEDICAL,5912,False
MCH1288,1,14785.0,1,0,0.0,0.0,14785.0,0.0,0.0,1.0,0.0,ACTIVE,TRANSPRT,4131,False
MCH1289,2,30871.96,2,0,1.0,6771.0,15435.98,0.5,0.21932523882513452,1.0,0.0,,,,
MCH1290,5,76165.48000000001,4,1,0.0,0.0,15233.096000000001,0.0,0.0,0.8,0.2,,,,
MCH1291,3,35437.09,2,1,1.0,2574.17,11812.363333333333,0.3333333333333333,0.07264055823996836,0.6666666666666666,0.3333333333333333,,,,
MCH1292,3,-2264.9699999999993,2,1,0.0,0.0,-754.9899999999998,0.0,0.0,0.6666666666666666,0.3333333333333333,ACTIVE,HOTEL_LODGING,7011,False
MCH1293,2,17012.71,2,0,0.0,0.0,8506.355,0.0,0.0,1.0,0.0,ENABLED,GARMENTS,5699,False
MCH1294,2,34821.93,2,0,0.0,0.0,17410.965,0.0,0.0,1.0,0.0,ACTIVE,MEDICAL,5912,False
MCH1295,2,34256.18,1,1,0.0,0.0,17128.09,0.0,0.0,0.5,0.5,,,,
MCH1296,1,-11885.93,0,0,0.0,0.0,-11885.93,0.0,0.0,0.0,0.0,ENABLED,MEDICAL_STORE,5912,False
MCH1297,4,65429.5,4,0,1.0,-230.58,16357.375,0.25,-0.003524098457117967,1.0,0.0,LIVE,GROCERY STORES,5411.0,False
MCH1298,2,27197.29,1,0,0.0,0.0,13598.645,0.0,0.0,0.5,0.0,ENABLED,STATIONERY,5942,False
MCH1299,4,66696.20999999999,2,2,0.0,0.0,16674.052499999998,0.0,0.0,0.5,0.5,ACTIVE,CLOTHING,5699,False
MCH1300,3,52602.45,3,0,0.0,0.0,17534.149999999998,0.0,0.0,1.0,0.0,,,,
MCH1301,4,34921.340000000004,3,0,1.0,756.07,8730.335000000001,0.25,0.021650658308071797,0.75,0.0,,,,
MCH1302,4,65533.11,4,0,1.0,2501.0,16383.2775,0.25,0.03816391439380795,1.0,0.0,,,,
MCH1303,4,84975.01,2,2,0.0,0.0,21243.7525,0.0,0.0,0.5,0.5,,,,
MCH1304,3,20999.340000000004,3,0,0.0,0.0,6999.780000000002,0.0,0.0,1.0,0.0,ACTIVE,MEDICAL_STORE,5912,False
MCH1305,1,15333.13,0,1,0.0,0.0,15333.13,0.0,0.0,0.0,1.0,CLOSED,TRANSPORT,4131,False
MCH1306,2,20656.54,2,0,0.0,0.0,10328.27,0.0,0.0,1.0,0.0,,,,
MCH1307,4,21985.800000000003,3,0,1.0,1404.87,5496.450000000001,0.25,0.06389897115410854,0.75,0.0,,,,
MCH1308,1,8357.03,1,0,2.0,1029.81,8357.03,2.0,0.12322679229343438,1.0,0.0,INACTIVE,PHARMACY,5912,False
MCH1309,1,11213.49,0,0,0.0,0.0,11213.49,0.0,0.0,0.0,0.0,ENABLED,GARMENTS,5699,False
MCH1310,4,68337.89,3,1,1.0,3356.0,17084.4725,0.25,0.049108920395405826,0.75,0.25,,,,
MCH1311,2,8245.529999999999,2,0,0.0,0.0,4122.764999999999,0.0,0.0,1.0,0.0,ACTIVE,TELECOM,4814,False
MCH1313,2,39674.240000000005,1,1,0.0,0.0,19837.120000000003,0.0,0.0,0.5,0.5,,,,
MCH1314,1,11310.45,1,0,0.0,0.0,11310.45,0.0,0.0,1.0,0.0,LIVE,CLOTHING,5699,False
MCH1315,2,32749.0,2,0,0.0,0.0,16374.5,0.0,0.0,1.0,0.0,,,,
MCH1316,1,17396.76,1,0,0.0,0.0,17396.76,0.0,0.0,1.0,0.0,,,,
MCH1317,2,33698.71,2,0,0.0,0.0,16849.355,0.0,0.0,1.0,0.0,,,,
MCH1318,3,33123.479999999996,3,0,1.0,15548.64,11041.159999999998,0.3333333333333333,0.4694144455836163,1.0,0.0,ACTIVE,TELECOM,4814,False
MCH1319,2,40970.31,2,0,0.0,0.0,20485.155,0.0,0.0,1.0,0.0,,,,
MCH1320,1,16705.45,1,0,0.0,0.0,16705.45,0.0,0.0,1.0,0.0,SUSPENDED,FASHION,5699,True
MCH1321,3,27835.230000000003,3,0,0.0,0.0,9278.410000000002,0.0,0.0,1.0,0.0,ACTIVE,HOSPITALITY,7011,False
MCH1322,2,32346.15,1,1,0.0,0.0,16173.075,0.0,0.0,0.5,0.5,,,,
MCH1323,3,46171.55,3,0,0.0,0.0,15390.516666666668,0.0,0.0,1.0,0.0,ACTIVE,BOOKS,5942,False
MCH1324,2,18877.75,1,0,0.0,0.0,9438.875,0.0,0.0,0.5,0.0,ACTIVE,HOTEL,7011,False
MCH1325,4,35778.369999999995,4,0,1.0,2150.04,8944.592499999999,0.25,0.06009329100235702,1.0,0.0,,,,
MCH1326,2,15542.54,2,0,0.0,0.0,7771.27,0.0,0.0,1.0,0.0,LIVE,BOOKS,5942,False
MCH1327,4,54132.119999999995,3,1,1.0,1797.0,13533.029999999999,0.25,0.03319655686863918,0.75,0.25,ENABLED,GARMENTS,5699,False
MCH1328,1,13945.48,1,0,0.0,0.0,13945.48,0.0,0.0,1.0,0.0,ENABLED,HOTELS,7011,False
MCH1329,3,28438.35,3,0,1.0,5873.9,9479.449999999999,0.3333333333333333,0.20654855151582283,1.0,0.0,,,,
MCH1330,3,14338.109999999997,3,0,0.0,0.0,4779.369999999999,0.0,0.0,1.0,0.0,,,,
MCH1332,1,21478.0,1,0,0.0,0.0,21478.0,0.0,0.0,1.0,0.0,,,,
MCH1333,2,13872.91,2,0,0.0,0.0,6936.455,0.0,0.0,1.0,0.0,CLOSED,PHONE SERVICE,4814,False
MCH1334,3,19531.12,3,0,0.0,0.0,6510.373333333333,0.0,0.0,1.0,0.0,LIVE,RETAIL OTHER,5999,False
MCH1335,2,10978.64,2,0,0.0,0.0,5489.32,0.0,0.0,1.0,0.0,SUSPENDED,HOSPITALITY,7011,False
MCH1336,1,17819.4,1,0,0.0,0.0,17819.4,0.0,0.0,1.0,0.0,ENABLED,DEPARTMENT STORE,5311,True
MCH1337,2,30376.93,2,0,0.0,0.0,15188.465,0.0,0.0,1.0,0.0,,,,
MCH1338,2,22507.38,2,0,0.0,0.0,11253.69,0.0,0.0,1.0,0.0,,,,
MCH1339,3,43896.85,3,0,0.0,0.0,14632.283333333333,0.0,0.0,1.0,0.0,,,,
MCH1340,1,12434.21,1,0,0.0,0.0,12434.21,0.0,0.0,1.0,0.0,INACTIVE,TRANSPORT,4131,True
MCH1341,3,59772.83,3,0,1.0,4938.0,19924.27666666667,0.3333333333333333,0.0826127857757446,1.0,0.0,,,,
MCH1342,3,10222.67,3,0,1.0,250.0,3407.556666666667,0.3333333333333333,0.024455450484071186,1.0,0.0,,,,
MCH1343,1,14834.61,1,0,0.0,0.0,14834.61,0.0,0.0,1.0,0.0,ACTIVE,MISCELLANEOUS,5999.0,True
MCH1344,2,27578.97,2,0,0.0,0.0,13789.485,0.0,0.0,1.0,0.0,,,,
MCH1345,3,32438.12,3,0,0.0,0.0,10812.706666666667,0.0,0.0,1.0,0.0,LIVE,DEPARTMENT STORES,5311,False
MCH1346,4,39578.06,4,0,1.0,1364.35,9894.515,0.25,0.0344723819206904,1.0,0.0,,,,
MCH1347,2,26924.300000000003,2,0,1.0,8008.29,13462.150000000001,0.5,0.2974372592787927,1.0,0.0,ENABLED,HOSPITALITY,7011.0,False
MCH1348,4,51475.65,3,0,0.0,0.0,12868.9125,0.0,0.0,0.75,0.0,,,,
MCH1349,5,42133.44,5,0,0.0,0.0,8426.688,0.0,0.0,1.0,0.0,ACTIVE,PHARMACIES,5912,True
MCH1350,2,34830.409999999996,2,0,0.0,0.0,17415.204999999998,0.0,0.0,1.0,0.0,ACTIVE,PHONE SERVICE,4814,False
MCH1351,4,38229.09,3,0,0.0,0.0,9557.2725,0.0,0.0,0.75,0.0,,,,
MCH1352,2,19299.79,2,0,0.0,0.0,9649.895,0.0,0.0,1.0,0.0,LIVE,FOOD,5812,True
MCH1353,1,13191.14,1,0,0.0,0.0,13191.14,0.0,0.0,1.0,0.0,ENABLED,BUS/TAXI,4131,True
MCH1354,3,11448.11,3,0,0.0,0.0,3816.036666666667,0.0,0.0,1.0,0.0,,,,
MCH1355,4,58854.81,4,0,0.0,0.0,14713.7025,0.0,0.0,1.0,0.0,,,,
MCH1356,3,48358.78,3,0,1.0,883.5,16119.593333333332,0.3333333333333333,0.018269691667159513,1.0,0.0,,,,
MCH1357,1,4805.0,1,0,0.0,0.0,4805.0,0.0,0.0,1.0,0.0,,,,
MCH1360,2,3300.22,1,1,0.0,0.0,1650.11,0.0,0.0,0.5,0.5,,,,
MCH1361,3,28312.78,2,1,0.0,0.0,9437.593333333332,0.0,0.0,0.6666666666666666,0.3333333333333333,,,,
MCH1362,3,31011.37,3,0,1.0,6620.7,10337.123333333333,0.3333333333333333,0.21349266414221624,1.0,0.0,,,,
MCH1363,1,12716.89,1,0,0.0,0.0,12716.89,0.0,0.0,1.0,0.0,ACTIVE,HOTEL_LODGING,7011,False
MCH1365,1,16121.55,1,0,0.0,0.0,16121.55,0.0,0.0,1.0,0.0,ACTIVE,RETAIL,5311.0,True
MCH1366,3,4163.139999999999,3,0,1.0,-545.34,1387.7133333333331,0.3333333333333333,-0.1309924720283248,1.0,0.0,LIVE,GROCERY,misc,False
MCH1367,2,13490.61,2,0,1.0,9736.35,6745.305,0.5,0.7217131026691899,1.0,0.0,,,,
MCH1368,5,90463.34,5,0,0.0,0.0,18092.667999999998,0.0,0.0,1.0,0.0,,,,
MCH1369,1,3429.1,1,0,0.0,0.0,3429.1,0.0,0.0,1.0,0.0,,,,
MCH1371,3,4069.2999999999993,3,0,2.0,4678.84,1356.4333333333332,0.6666666666666666,1.1497898901530978,1.0,0.0,,,,
MCH1372,1,653.98,1,0,0.0,0.0,653.98,0.0,0.0,1.0,0.0,,,,
MCH1374,3,47097.67,3,0,1.0,0.0,15699.223333333333,0.3333333333333333,0.0,1.0,0.0,,,,
MCH1375,3,60738.020000000004,3,0,1.0,0.0,20246.006666666668,0.3333333333333333,0.0,1.0,0.0,SUSPENDED,GROCERIES,5411,True
MCH1376,3,7774.16,2,1,1.0,544.0,2591.3866666666668,0.3333333333333333,0.06997540570299557,0.6666666666666666,0.3333333333333333,,,,
MCH1377,1,19380.57,1,0,0.0,0.0,19380.57,0.0,0.0,1.0,0.0,INACTIVE,KIRANA,5411,True
MCH1378,3,34076.79,3,0,0.0,0.0,11358.93,0.0,0.0,1.0,0.0,ACTIVE,DEPT_STORE,5311,False
MCH1379,1,1067.94,1,0,0.0,0.0,1067.94,0.0,0.0,1.0,0.0,ACTIVE,MEDICAL_STORE,5912,False
MCH1380,3,40889.91,3,0,0.0,0.0,13629.970000000001,0.0,0.0,1.0,0.0,ACTIVE,MISCELLANEOUS,5999,True
MCH1381,3,30273.36,2,0,0.0,0.0,10091.12,0.0,0.0,0.6666666666666666,0.0,,,,
MCH1382,2,38404.53,2,0,3.0,7854.99,19202.265,1.5,0.20453290275912764,1.0,0.0,,,,
MCH1383,2,4038.5699999999997,2,0,0.0,0.0,2019.2849999999999,0.0,0.0,1.0,0.0,ACTIVE,GROCERY,misc,False
MCH1384,4,46943.490000000005,4,0,1.0,2991.63,11735.872500000001,0.25,0.0637283252693824,1.0,0.0,ACTIVE,RESTAURANTS,5812.0,True
MCH1385,2,33196.94,1,0,0.0,0.0,16598.47,0.0,0.0,0.5,0.0,,,,
MCH1386,2,19278.02,2,0,0.0,0.0,9639.01,0.0,0.0,1.0,0.0,,,,
MCH1387,2,28445.72,2,0,0.0,0.0,14222.86,0.0,0.0,1.0,0.0,LIVE,TRAVEL,4131,False
MCH1388,3,38355.649999999994,3,0,2.0,420.8499999999999,12785.216666666665,0.6666666666666666,0.01097230786077149,1.0,0.0,LIVE,MEDICAL,5912,False
MCH1389,2,14711.07,1,1,1.0,1870.77,7355.535,0.5,0.12716750039256153,0.5,0.5,ACTIVE,GROCERY,5411,False
MCH1390,2,26695.22,2,0,0.0,0.0,13347.61,0.0,0.0,1.0,0.0,,,,
MCH1391,2,36336.490000000005,2,0,0.0,0.0,18168.245000000003,0.0,0.0,1.0,0.0,SUSPENDED,HOTELS,7011,False
MCH1392,4,61920.130000000005,4,0,0.0,0.0,15480.032500000001,0.0,0.0,1.0,0.0,INACTIVE,MEDICAL,5912,False
MCH1393,5,81133.25,3,0,1.0,4219.82,16226.65,0.2,0.0520109819340406,0.6,0.0,ACTIVE,MEDICAL_STORE,5912,False
MCH1394,2,8917.51,2,0,0.0,0.0,4458.755,0.0,0.0,1.0,0.0,,,,
MCH1395,1,105.72,1,0,0.0,0.0,105.72,0.0,0.0,1.0,0.0,ACTIVE,RESTAURANT,5812,False
MCH1396,4,49428.729999999996,4,0,0.0,0.0,12357.182499999999,0.0,0.0,1.0,0.0,,,,
MCH1397,1,20749.65,1,0,0.0,0.0,20749.65,0.0,0.0,1.0,0.0,ACTIVE,GROCERY_STORE,5411,True
MCH1398,3,4207.33,2,0,0.0,0.0,1402.4433333333334,0.0,0.0,0.6666666666666666,0.0,,,,
MCH1399,2,27958.61,2,0,0.0,0.0,13979.305,0.0,0.0,1.0,0.0,,,,
MCH1400,4,49625.24,3,0,0.0,0.0,12406.31,0.0,0.0,0.75,0.0,ENABLED,APPAREL,5699,False
MCH1401,6,80512.11,5,0,0.0,0.0,13418.685,0.0,0.0,0.8333333333333334,0.0,ACTIVE,GROCERY,5411,False
MCH1402,2,21154.829999999998,2,0,0.0,0.0,10577.414999999999,0.0,0.0,1.0,0.0,,,,
MCH1405,2,40855.869999999995,2,0,0.0,0.0,20427.934999999998,0.0,0.0,1.0,0.0,INACTIVE,DEPARTMENT STORE,5311,True
MCH1406,2,22684.83,2,0,0.0,0.0,11342.415,0.0,0.0,1.0,0.0,LIVE,HOTELS,7011,False
MCH1407,2,29623.0,2,0,1.0,36675.43,14811.5,0.5,1.2380727812848125,1.0,0.0,,,,
MCH1408,2,29570.84,2,0,0.0,0.0,14785.42,0.0,0.0,1.0,0.0,,,,
MCH1409,1,16906.78,1,0,0.0,0.0,16906.78,0.0,0.0,1.0,0.0,ACTIVE,MEDICAL,5912,False
MCH1410,1,8558.62,1,0,1.0,509.24,8558.62,1.0,0.059500246535072236,1.0,0.0,,,,
MCH1411,2,23184.92,2,0,0.0,0.0,11592.46,0.0,0.0,1.0,0.0,,,,
MCH1412,4,42537.19,4,0,0.0,0.0,10634.2975,0.0,0.0,1.0,0.0,,,,
MCH1413,2,20951.7,2,0,0.0,0.0,10475.85,0.0,0.0,1.0,0.0,,,,
MCH1415,2,21461.27,0,1,0.0,0.0,10730.635,0.0,0.0,0.0,0.5,,,,
MCH1416,5,70533.87,5,0,2.0,6357.16,14106.774,0.4,0.0901291819093437,1.0,0.0,,,,
MCH1418,5,33605.72,5,0,0.0,0.0,6721.144,0.0,0.0,1.0,0.0,,,,
MCH1419,2,30698.16,2,0,0.0,0.0,15349.08,0.0,0.0,1.0,0.0,,,,
MCH1420,1,18756.37,1,0,0.0,0.0,18756.37,0.0,0.0,1.0,0.0,ACTIVE,BUS/TAXI,4131,True
MCH1421,5,49037.119999999995,4,1,1.0,1360.01,9807.423999999999,0.2,0.02773429597823037,0.8,0.2,,,,
MCH1422,3,15710.7,2,1,0.0,0.0,5236.900000000001,0.0,0.0,0.6666666666666666,0.3333333333333333,LIVE,PHARMACY,5912,False
MCH1423,2,15958.02,2,0,0.0,0.0,7979.01,0.0,0.0,1.0,0.0,,,,
MCH1424,5,62153.240000000005,4,1,0.0,0.0,12430.648000000001,0.0,0.0,0.8,0.2,ENABLED,HOTEL_LODGING,7011,False
MCH1425,1,17683.89,1,0,0.0,0.0,17683.89,0.0,0.0,1.0,0.0,,,,
MCH1426,1,24357.06,1,0,0.0,0.0,24357.06,0.0,0.0,1.0,0.0,,,,
MCH1427,2,20139.96,1,1,0.0,0.0,10069.98,0.0,0.0,0.5,0.5,,,,
MCH1428,3,28680.79,3,0,0.0,0.0,9560.263333333334,0.0,0.0,1.0,0.0,ACTIVE,TRANSPORTATION,4131,False
MCH1429,1,20065.14,1,0,0.0,0.0,20065.14,0.0,0.0,1.0,0.0,LIVE,GROCERY,5411,False
MCH1430,4,38048.79,3,0,2.0,8011.2,9512.1975,0.5,0.21055071659309008,0.75,0.0,ENABLED,RESTAURANT,5812,False
MCH1431,3,52480.56,3,0,0.0,0.0,17493.52,0.0,0.0,1.0,0.0,,,,
MCH1432,5,64187.92,4,1,0.0,0.0,12837.583999999999,0.0,0.0,0.8,0.2,,,,
MCH1433,1,18433.32,1,0,0.0,0.0,18433.32,0.0,0.0,1.0,0.0,,,,
MCH1434,2,37745.490000000005,2,0,1.0,-2640.42,18872.745000000003,0.5,-0.06995325799188194,1.0,0.0,ENABLED,RESTAURANTS,5812,False
MCH1435,1,8242.12,1,0,0.0,0.0,8242.12,0.0,0.0,1.0,0.0,,,,
MCH1437,1,3213.0,1,0,0.0,0.0,3213.0,0.0,0.0,1.0,0.0,,,,
MCH1438,6,96797.19,5,0,0.0,0.0,16132.865,0.0,0.0,0.8333333333333334,0.0,ACTIVE,OTHER,5999,True
MCH1439,5,8590.34,4,1,1.0,2354.56,1718.068,0.2,0.2740939241054487,0.8,0.2,LIVE,BUS/TAXI,,True
MCH1440,2,29177.48,2,0,0.0,0.0,14588.74,0.0,0.0,1.0,0.0,,,,
MCH1441,2,45685.09,2,0,1.0,0.0,22842.545,0.5,0.0,1.0,0.0,LIVE,MISCELLANEOUS,5999,False
MCH1442,2,40105.0,2,0,0.0,0.0,20052.5,0.0,0.0,1.0,0.0,ACTIVE,HOTEL,7011,False
MCH1443,1,24818.19,0,0,1.0,1336.12,24818.19,1.0,0.05383631924809988,0.0,0.0,CLOSED,MISC RETAIL,5999.0,False
MCH1445,2,19229.71,2,0,0.0,0.0,9614.855,0.0,0.0,1.0,0.0,LIVE,GROCERIES,5411,False
MCH1446,4,46939.54,3,1,0.0,0.0,11734.885,0.0,0.0,0.75,0.25,ACTIVE,DEPARTMENT STORES,5311,False
MCH1447,3,29835.84,1,2,0.0,0.0,9945.28,0.0,0.0,0.3333333333333333,0.6666666666666666,DISABLED,GARMENTS,5699,True
MCH1449,3,29194.29,2,1,0.0,0.0,9731.43,0.0,0.0,0.6666666666666666,0.3333333333333333,SUSPENDED,HOTEL_LODGING,7011,False
MCH1450,6,93347.29000000001,6,0,0.0,0.0,15557.881666666668,0.0,0.0,1.0,0.0,DISABLED,DEPARTMENT STORE,5311,False
MCH1451,2,27319.68,2,0,0.0,0.0,13659.84,0.0,0.0,1.0,0.0,,,,
MCH1452,1,18671.12,1,0,0.0,0.0,18671.12,0.0,0.0,1.0,0.0,,,,
MCH1453,5,73711.48999999999,3,1,0.0,0.0,14742.297999999999,0.0,0.0,0.6,0.2,,,,
MCH1454,3,37883.93,3,0,1.0,1596.0,12627.976666666667,0.3333333333333333,0.04212868094730404,1.0,0.0,LIVE,MISC RETAIL,5999,True
MCH1455,3,49501.91,2,1,0.0,0.0,16500.63666666667,0.0,0.0,0.6666666666666666,0.3333333333333333,,,,
MCH1456,1,811.27,1,0,0.0,0.0,811.27,0.0,0.0,1.0,0.0,LIVE,APPAREL,5699,False
MCH1457,3,55745.72,3,0,1.0,1174.17,18581.906666666666,0.3333333333333333,0.021062962322488617,1.0,0.0,ACTIVE,OTHER,5999,False
MCH1458,1,9221.83,1,0,0.0,0.0,9221.83,0.0,0.0,1.0,0.0,INACTIVE,DEPARTMENT STORES,UNKNOWN,False
MCH1459,1,5163.01,1,0,0.0,0.0,5163.01,0.0,0.0,1.0,0.0,SUSPENDED,HOTEL,7011,False
MCH1460,3,18915.2,3,0,0.0,0.0,6305.066666666667,0.0,0.0,1.0,0.0,,,,
MCH1461,2,16080.5,2,0,0.0,0.0,8040.25,0.0,0.0,1.0,0.0,,,,
MCH1462,1,6232.73,1,0,0.0,0.0,6232.73,0.0,0.0,1.0,0.0,INACTIVE,CHEMIST,5912,False
MCH1463,1,9284.28,1,0,0.0,0.0,9284.28,0.0,0.0,1.0,0.0,,,,
MCH1464,2,26584.04,1,1,0.0,0.0,13292.02,0.0,0.0,0.5,0.5,,,,
MCH1466,3,28878.31,1,1,0.0,0.0,9626.103333333334,0.0,0.0,0.3333333333333333,0.3333333333333333,,,,
MCH1469,3,29827.839999999997,3,0,1.0,5763.03,9942.613333333333,0.3333333333333333,0.1932097664463803,1.0,0.0,ENABLED,BOOKS,5942,False
MCH1470,2,12572.82,2,0,0.0,0.0,6286.41,0.0,0.0,1.0,0.0,,,,
MCH1471,2,18705.12,2,0,0.0,0.0,9352.56,0.0,0.0,1.0,0.0,,,,
MCH1472,1,14409.97,1,0,0.0,0.0,14409.97,0.0,0.0,1.0,0.0,,,,
MCH1473,1,10122.34,1,0,0.0,0.0,10122.34,0.0,0.0,1.0,0.0,INACTIVE,MEDICAL_STORE,,False
MCH1474,3,53948.340000000004,3,0,0.0,0.0,17982.780000000002,0.0,0.0,1.0,0.0,ENABLED,TRANSPORTATION,4131,False
MCH1475,2,9564.6,2,0,0.0,0.0,4782.3,0.0,0.0,1.0,0.0,ENABLED,DEPARTMENT STORES,,False
MCH1476,4,60365.39,2,1,2.0,3025.25,15091.3475,0.5,0.05011563745384565,0.5,0.25,,,,
MCH1477,2,26984.47,2,0,0.0,0.0,13492.235,0.0,0.0,1.0,0.0,ACTIVE,MEDICAL_STORE,5912,False
MCH1478,5,58563.22,4,1,1.0,482.0,11712.644,0.2,0.008230421756180757,0.8,0.2,INACTIVE,PHARMACIES,5912,False
MCH1479,3,31991.5,3,0,1.0,2332.94,10663.833333333334,0.3333333333333333,0.07292374536986387,1.0,0.0,ENABLED,BOOKS,5942,False
MCH1480,4,54645.43,3,0,0.0,0.0,13661.3575,0.0,0.0,0.75,0.0,ACTIVE,MISC RETAIL,5999,False
MCH1481,4,56949.86,4,0,0.0,0.0,14237.465,0.0,0.0,1.0,0.0,,,,
MCH1482,1,11035.62,1,0,0.0,0.0,11035.62,0.0,0.0,1.0,0.0,HOLD,MISCELLANEOUS,5999,False
MCH1483,2,36582.4,2,0,0.0,0.0,18291.2,0.0,0.0,1.0,0.0,ACTIVE,BOOKS,5942.0,False
MCH1484,4,35624.97,3,0,0.0,0.0,8906.2425,0.0,0.0,0.75,0.0,ENABLED,HOSPITALITY,7011,False
MCH1485,3,21793.31,3,0,0.0,0.0,7264.436666666667,0.0,0.0,1.0,0.0,,,,
MCH1486,1,14544.74,1,0,0.0,0.0,14544.74,0.0,0.0,1.0,0.0,,,,
MCH1488,3,52743.5,2,1,0.0,0.0,17581.166666666668,0.0,0.0,0.6666666666666666,0.3333333333333333,ENABLED,MOBILE RECHARGE,4814,False
MCH1489,5,52796.76,4,1,0.0,0.0,10559.352,0.0,0.0,0.8,0.2,,,,
MCH1490,4,51043.369999999995,4,0,1.0,5247.0,12760.842499999999,0.25,0.10279493693304342,1.0,0.0,,,,
MCH1491,5,55775.03,5,0,0.0,0.0,11155.006,0.0,0.0,1.0,0.0,ACTIVE,APPAREL,5699,True
MCH1493,4,77540.66,3,1,1.0,671.84,19385.165,0.25,0.008664357512561796,0.75,0.25,ACTIVE,BOOKS_STATIONERY,5942,False
MCH1494,6,76191.44,4,2,0.0,0.0,12698.573333333334,0.0,0.0,0.6666666666666666,0.3333333333333333,ACTIVE,RETAIL,5311.0,True
MCH1495,2,13192.43,2,0,1.0,905.66,6596.215,0.5,0.06864997578156563,1.0,0.0,,,,
MCH1496,3,42755.81,3,0,0.0,0.0,14251.936666666666,0.0,0.0,1.0,0.0,,,,
MCH1497,1,-22032.43,1,0,0.0,0.0,-22032.43,0.0,0.0,1.0,0.0,ACTIVE,MEDICAL,5912.0,False
MCH1498,4,57442.9,3,1,1.0,161.0,14360.725,0.25,0.002802783285662806,0.75,0.25,ACTIVE,RETAIL OTHER,5999,False
MCH1500,5,51209.59,5,0,0.0,0.0,10241.918,0.0,0.0,1.0,0.0,,,,
MCH1501,4,65401.56,4,0,1.0,4940.0,16350.39,0.25,0.07553336648238972,1.0,0.0,ACTIVE,TELECOM,4814,False
MCH1502,3,20751.6,3,0,0.0,0.0,6917.2,0.0,0.0,1.0,0.0,,,,
MCH1504,2,44961.59,1,1,0.0,0.0,22480.795,0.0,0.0,0.5,0.5,,,,
MCH1505,3,41273.16,3,0,0.0,0.0,13757.720000000001,0.0,0.0,1.0,0.0,,,,
MCH1506,1,23316.0,1,0,0.0,0.0,23316.0,0.0,0.0,1.0,0.0,ENABLED,PHARMACIES,5912,False
MCH1507,6,58857.350000000006,5,1,0.0,0.0,9809.558333333334,0.0,0.0,0.8333333333333334,0.16666666666666666,,,,
MCH1508,4,50291.64,3,1,3.0,5140.04,12572.91,0.75,0.1022046606553296,0.75,0.25,,,,
MCH1509,4,72005.99,4,0,1.0,358.42,18001.4975,0.25,0.004977641443441025,1.0,0.0,INACTIVE,TRANSPORTATION,,False
MCH1510,2,25714.6,1,1,0.0,0.0,12857.3,0.0,0.0,0.5,0.5,,,,
MCH1511,1,22529.94,1,0,0.0,0.0,22529.94,0.0,0.0,1.0,0.0,,,,
MCH1512,1,8020.0,1,0,0.0,0.0,8020.0,0.0,0.0,1.0,0.0,,,,
MCH1513,4,70612.72,4,0,0.0,0.0,17653.18,0.0,0.0,1.0,0.0,,,,
MCH1514,4,48446.43,3,1,0.0,0.0,12111.6075,0.0,0.0,0.75,0.25,ENABLED,RETAIL,5311,False
MCH1515,1,15231.92,1,0,1.0,578.15,15231.92,1.0,0.037956475611741654,1.0,0.0,LIVE,CLOTHS,5699,False
MCH1517,2,27121.52,2,0,1.0,1895.66,13560.76,0.5,0.06989505012993372,1.0,0.0,,,,
MCH1518,1,15387.54,1,0,2.0,5359.6900000000005,15387.54,2.0,0.34831363557787665,1.0,0.0,SUSPENDED,TRANSPORTATION,4131,True
MCH1519,3,13070.95,3,0,0.0,0.0,4356.983333333334,0.0,0.0,1.0,0.0,,,,
MCH1520,2,12302.25,1,1,0.0,0.0,6151.125,0.0,0.0,0.5,0.5,,,,
MCH1521,1,6890.87,1,0,0.0,0.0,6890.87,0.0,0.0,1.0,0.0,,,,
MCH1522,1,9496.87,1,0,1.0,2703.6,9496.87,1.0,0.28468326932978966,1.0,0.0,ACTIVE,PHARMACY,5912,False
MCH1524,3,25895.55,2,1,0.0,0.0,8631.85,0.0,0.0,0.6666666666666666,0.3333333333333333,,,,
MCH1525,3,44198.880000000005,2,0,1.0,6170.83,14732.960000000001,0.3333333333333333,0.1396150762191259,0.6666666666666666,0.0,ACTIVE,BOOKS,5942,False
MCH1526,1,9455.43,1,0,0.0,0.0,9455.43,0.0,0.0,1.0,0.0,ACTIVE,MOBILE RECHARGE,4814,False
MCH1527,2,28718.08,2,0,2.0,-452.13,14359.04,1.0,-0.015743740528614724,1.0,0.0,,,,
MCH1528,4,63927.71000000001,3,0,0.0,0.0,15981.927500000002,0.0,0.0,0.75,0.0,,,,
MCH1529,1,15331.56,0,1,0.0,0.0,15331.56,0.0,0.0,0.0,1.0,INACTIVE,HOSPITALITY,7011,False
MCH1530,2,18648.79,2,0,1.0,1805.23,9324.395,0.5,0.09680145467882903,1.0,0.0,LIVE,CLOTHING,5699,True
MCH1531,5,35414.06,5,0,2.0,5126.030000000001,7082.812,0.4,0.14474561798336597,1.0,0.0,CLOSED,HOTEL,7011,False
MCH1532,2,13019.75,1,1,0.0,0.0,6509.875,0.0,0.0,0.5,0.5,ACTIVE,MISCELLANEOUS,5999,False
MCH1533,4,46865.5,4,0,0.0,0.0,11716.375,0.0,0.0,1.0,0.0,INACTIVE,EATING PLACE,5812,False
MCH1534,2,12633.26,1,1,0.0,0.0,6316.63,0.0,0.0,0.5,0.5,CLOSED,CHEMIST,5912,False
MCH1535,2,32493.440000000002,1,0,0.0,0.0,16246.720000000001,0.0,0.0,0.5,0.0,,,,
MCH1536,2,35447.14,0,2,0.0,0.0,17723.57,0.0,0.0,0.0,1.0,,,,
MCH1537,3,49389.36,3,0,2.0,4720.79,16463.12,0.6666666666666666,0.09558313774464783,1.0,0.0,ENABLED,FOOD_SERVICES,5812,False
MCH1539,3,48035.259999999995,2,0,0.0,0.0,16011.753333333332,0.0,0.0,0.6666666666666666,0.0,,,,
MCH1540,5,52758.77,5,0,1.0,1305.0,10551.753999999999,0.2,0.024735224115346132,1.0,0.0,ACTIVE,BOOKS_STATIONERY,5942.0,True
MCH1541,2,20028.31,2,0,0.0,0.0,10014.155,0.0,0.0,1.0,0.0,ENABLED,HOTELS,7011,True
MCH1543,6,65620.03,6,0,2.0,526.17,10936.671666666667,0.3333333333333333,0.008018435834302421,1.0,0.0,ACTIVE,TRAVEL,4131,False
MCH1544,1,13765.26,1,0,0.0,0.0,13765.26,0.0,0.0,1.0,0.0,,,,
MCH1545,4,28585.5,4,0,1.0,2267.96,7146.375,0.25,0.07933952528379773,1.0,0.0,,,,
MCH1546,7,63855.920000000006,6,0,0.0,0.0,9122.274285714286,0.0,0.0,0.8571428571428571,0.0,,,,
MCH1547,3,38237.15,3,0,0.0,0.0,12745.716666666667,0.0,0.0,1.0,0.0,,,,
MCH1548,2,37740.69,2,0,0.0,0.0,18870.345,0.0,0.0,1.0,0.0,,,,
MCH1549,2,24354.35,2,0,0.0,0.0,12177.175,0.0,0.0,1.0,0.0,,,,
MCH1550,4,44598.8,3,1,0.0,0.0,11149.7,0.0,0.0,0.75,0.25,,,,
MCH1551,2,28629.1,2,0,0.0,0.0,14314.55,0.0,0.0,1.0,0.0,LIVE,EATING PLACE,5812,False
MCH1552,1,19322.38,1,0,0.0,0.0,19322.38,0.0,0.0,1.0,0.0,LIVE,TRANSPRT,4131,False
MCH1553,1,4392.53,1,0,0.0,0.0,4392.53,0.0,0.0,1.0,0.0,ENABLED,BOOK STORE,5942,False
MCH1554,2,25650.98,2,0,1.0,13235.72,12825.49,0.5,0.5159927612902119,1.0,0.0,,,,
MCH1555,3,39066.17,2,1,0.0,0.0,13022.056666666665,0.0,0.0,0.6666666666666666,0.3333333333333333,ACTIVE,STATIONERY,5942,False
MCH1556,3,24045.129999999997,3,0,1.0,9937.63,8015.043333333332,0.3333333333333333,0.41329075783744984,1.0,0.0,,,,
MCH1557,3,34615.08,2,0,0.0,0.0,11538.36,0.0,0.0,0.6666666666666666,0.0,,,,
MCH1559,1,4524.0,1,0,1.0,6191.71,4524.0,1.0,1.368636162687887,1.0,0.0,,,,
MCH1560,2,27432.33,2,0,1.0,2117.2,13716.165,0.5,0.0771790073974759,1.0,0.0,,,,
MCH1561,2,37091.94,2,0,0.0,0.0,18545.97,0.0,0.0,1.0,0.0,INACTIVE,BOOKS,5942,False
MCH1562,1,6673.74,1,0,0.0,0.0,6673.74,0.0,0.0,1.0,0.0,,,,
MCH1563,1,5538.76,0,0,0.0,0.0,5538.76,0.0,0.0,0.0,0.0,SUSPENDED,TELECOM,4814,False
MCH1564,3,37475.409999999996,3,0,0.0,0.0,12491.803333333331,0.0,0.0,1.0,0.0,,,,
MCH1565,1,7548.54,1,0,0.0,0.0,7548.54,0.0,0.0,1.0,0.0,,,,
MCH1566,5,74977.27,4,1,0.0,0.0,14995.454000000002,0.0,0.0,0.8,0.2,,,,
MCH1567,2,3099.73,2,0,0.0,0.0,1549.865,0.0,0.0,1.0,0.0,ACTIVE,FOOD,5812,True
MCH1568,2,42361.42,2,0,0.0,0.0,21180.71,0.0,0.0,1.0,0.0,ACTIVE,HOTEL_LODGING,7011,False
MCH1569,2,18507.47,1,1,0.0,0.0,9253.735,0.0,0.0,0.5,0.5,ACTIVE,MOBILE RECHARGE,4814,False
MCH1570,1,8235.13,1,0,0.0,0.0,8235.13,0.0,0.0,1.0,0.0,,,,
MCH1571,2,34583.45,2,0,0.0,0.0,17291.725,0.0,0.0,1.0,0.0,ACTIVE,TRANSPRT,4131,False
MCH1572,3,33522.29,2,1,0.0,0.0,11174.096666666666,0.0,0.0,0.6666666666666666,0.3333333333333333,,,,
MCH1573,3,31582.230000000003,3,0,0.0,0.0,10527.410000000002,0.0,0.0,1.0,0.0,ACTIVE,PHONE SERVICE,4814,False
MCH1575,2,10674.11,2,0,0.0,0.0,5337.055,0.0,0.0,1.0,0.0,,,,
MCH1576,1,-12981.3,1,0,0.0,0.0,-12981.3,0.0,0.0,1.0,0.0,,,,
MCH1577,6,64368.41,6,0,1.0,3134.07,10728.068333333335,0.16666666666666666,0.048689566823228975,1.0,0.0,,,,
MCH1578,3,15372.47,2,1,0.0,0.0,5124.156666666667,0.0,0.0,0.6666666666666666,0.3333333333333333,ACTIVE,MISCELLANEOUS,5999,False
MCH1579,3,38880.37,3,0,1.0,450.33,12960.123333333335,0.3333333333333333,0.01158245150444813,1.0,0.0,,,,
MCH1580,2,36620.44,1,1,0.0,0.0,18310.22,0.0,0.0,0.5,0.5,LIVE,MISCELLANEOUS,5999,False
MCH1581,1,17083.38,1,0,0.0,0.0,17083.38,0.0,0.0,1.0,0.0,ENABLED,DEPARTMENT STORES,5311,False
MCH1582,1,4381.91,1,0,0.0,0.0,4381.91,0.0,0.0,1.0,0.0,,,,
MCH1583,1,650.8,1,0,0.0,0.0,650.8,0.0,0.0,1.0,0.0,LIVE,RESTAURANTS,5812,False
MCH1584,3,31854.489999999998,3,0,1.0,3167.22,10618.163333333332,0.3333333333333333,0.09942774158368255,1.0,0.0,,,,
MCH1585,4,72047.51,4,0,0.0,0.0,18011.8775,0.0,0.0,1.0,0.0,ENABLED,DEPT_STORE,5311,False
MCH1586,3,23509.07,2,0,1.0,-2213.96,7836.356666666667,0.3333333333333333,-0.09417471639669285,0.6666666666666666,0.0,,,,
MCH1587,1,16086.67,1,0,0.0,0.0,16086.67,0.0,0.0,1.0,0.0,ENABLED,PHARMACIES,5912,False
MCH1589,1,8879.57,1,0,0.0,0.0,8879.57,0.0,0.0,1.0,0.0,,,,
MCH1590,3,51254.99,2,1,0.0,0.0,17084.996666666666,0.0,0.0,0.6666666666666666,0.3333333333333333,,,,
MCH1591,5,45258.09,3,2,1.0,2182.0,9051.617999999999,0.2,0.04821237484834204,0.6,0.4,ENABLED,DEPT_STORE,5311,False
MCH1592,3,35835.01,2,0,1.0,628.55,11945.003333333334,0.3333333333333333,0.017540109518596476,0.6666666666666666,0.0,SUSPENDED,RETAIL,5311,True
MCH1593,3,51143.68,3,0,0.0,0.0,17047.893333333333,0.0,0.0,1.0,0.0,LIVE,MISCELLANEOUS,5999,False
MCH1594,3,44927.31999999999,3,0,1.0,90.26,14975.77333333333,0.3333333333333333,0.0020090225724570267,1.0,0.0,LIVE,RETAIL OTHER,5999,False
MCH1595,3,49251.05,3,0,0.0,0.0,16417.016666666666,0.0,0.0,1.0,0.0,,,,
MCH1596,2,25347.11,2,0,0.0,0.0,12673.555,0.0,0.0,1.0,0.0,,,,
MCH1597,2,14060.4,2,0,0.0,0.0,7030.2,0.0,0.0,1.0,0.0,,,,
MCH1598,2,27080.34,1,1,0.0,0.0,13540.17,0.0,0.0,0.5,0.5,,,,
MCH1599,2,36556.01,2,0,0.0,0.0,18278.005,0.0,0.0,1.0,0.0,ACTIVE,DEPARTMENT STORE,5311,False
MCH1600,1,13376.62,1,0,0.0,0.0,13376.62,0.0,0.0,1.0,0.0,ACTIVE,DEPARTMENT STORE,5311,False
MCH1601,3,27066.07,1,2,0.0,0.0,9022.023333333333,0.0,0.0,0.3333333333333333,0.6666666666666666,,,,
MCH1602,2,42859.43,1,1,0.0,0.0,21429.715,0.0,0.0,0.5,0.5,,,,
MCH1603,3,46299.99,3,0,0.0,0.0,15433.33,0.0,0.0,1.0,0.0,,,,
MCH1604,3,28589.769999999997,3,0,0.0,0.0,9529.923333333332,0.0,0.0,1.0,0.0,,,,
MCH1605,6,69396.09,6,0,0.0,0.0,11566.015,0.0,0.0,1.0,0.0,ACTIVE,TRANSPORT,4131.0,True
MCH1606,2,21344.45,2,0,1.0,454.0,10672.225,0.5,0.021270166249306024,1.0,0.0,,,,
MCH1607,2,23864.08,2,0,0.0,0.0,11932.04,0.0,0.0,1.0,0.0,,,,
MCH1608,5,57910.08,3,1,1.0,1968.12,11582.016,0.2,0.03398579314689256,0.6,0.2,,,,
MCH1609,3,39287.79,3,0,0.0,0.0,13095.93,0.0,0.0,1.0,0.0,LIVE,MOBILE RECHARGE,4814,False
MCH1611,2,28691.14,0,1,0.0,0.0,14345.57,0.0,0.0,0.0,0.5,ACTIVE,GROCERIES,UNKNOWN,False
MCH1612,3,27444.89,3,0,0.0,0.0,9148.296666666667,0.0,0.0,1.0,0.0,INACTIVE,EATING PLACE,5812,True
MCH1613,3,50200.130000000005,3,0,1.0,637.05,16733.376666666667,0.3333333333333333,0.012690206180740965,1.0,0.0,,,,
MCH1614,3,51610.520000000004,3,0,1.0,9374.52,17203.506666666668,0.3333333333333333,0.18163971221371147,1.0,0.0,,,,
MCH1615,2,4779.67,1,1,1.0,1208.16,2389.835,0.5,0.2527705887644963,0.5,0.5,,,,
MCH1616,1,240.0,1,0,0.0,0.0,240.0,0.0,0.0,1.0,0.0,ACTIVE,TELECOM,4814,False
MCH1617,1,14371.98,1,0,0.0,0.0,14371.98,0.0,0.0,1.0,0.0,ACTIVE,DEPT_STORE,5311,False
MCH1618,4,68177.61,3,0,1.0,215.32,17044.4025,0.25,0.0031582215921033313,0.75,0.0,ACTIVE,RESTAURANT,5812,False
MCH1619,1,15113.47,1,0,0.0,0.0,15113.47,0.0,0.0,1.0,0.0,ACTIVE,PHARMACY,5912,False
MCH1620,3,33144.21,3,0,1.0,1323.41,11048.07,0.3333333333333333,0.039928844283813075,1.0,0.0,,,,
MCH1621,3,35038.19,2,1,0.0,0.0,11679.396666666667,0.0,0.0,0.6666666666666666,0.3333333333333333,CLOSED,RESTAURANT,5812,False
MCH1622,2,23300.05,1,1,0.0,0.0,11650.025,0.0,0.0,0.5,0.5,,,,
MCH1623,3,34256.0,2,1,0.0,0.0,11418.666666666666,0.0,0.0,0.6666666666666666,0.3333333333333333,,,,
MCH1624,2,3569.38,2,0,1.0,216.3,1784.69,0.5,0.060598759448419616,1.0,0.0,,,,
MCH1625,4,24980.01,3,0,1.0,1000.95,6245.0025,0.25,0.040070040003987194,0.75,0.0,ENABLED,MOBILE RECHARGE,4814,True
MCH1626,2,31413.8,2,0,0.0,0.0,15706.9,0.0,0.0,1.0,0.0,ACTIVE,MISC RETAIL,5999,False
MCH1627,2,22298.17,2,0,0.0,0.0,11149.085,0.0,0.0,1.0,0.0,ACTIVE,MISCELLANEOUS,5999,False
MCH1628,2,44396.59,2,0,0.0,0.0,22198.295,0.0,0.0,1.0,0.0,LIVE,PHARMACY,5912,False
MCH1630,1,8632.82,1,0,0.0,0.0,8632.82,0.0,0.0,1.0,0.0,ACTIVE,BOOK STORE,5942,False
MCH1631,2,26682.1,2,0,0.0,0.0,13341.05,0.0,0.0,1.0,0.0,,,,
MCH1632,1,18451.39,1,0,0.0,0.0,18451.39,0.0,0.0,1.0,0.0,,,,
MCH1633,3,40258.54,3,0,0.0,0.0,13419.513333333334,0.0,0.0,1.0,0.0,,,,
MCH1634,2,37268.04,2,0,0.0,0.0,18634.02,0.0,0.0,1.0,0.0,,,,
MCH1635,1,22561.3,1,0,0.0,0.0,22561.3,0.0,0.0,1.0,0.0,,,,
MCH1636,1,5622.31,0,0,0.0,0.0,5622.31,0.0,0.0,0.0,0.0,ACTIVE,HOTEL_LODGING,7011,True
MCH1637,2,9536.279999999999,2,0,0.0,0.0,4768.139999999999,0.0,0.0,1.0,0.0,,,,
MCH1638,5,34010.35,4,1,0.0,0.0,6802.07,0.0,0.0,0.8,0.2,,,,
MCH1639,2,17528.65,1,1,0.0,0.0,8764.325,0.0,0.0,0.5,0.5,ACTIVE,MISC RETAIL,5999,True
MCH1640,1,20596.7,1,0,0.0,0.0,20596.7,0.0,0.0,1.0,0.0,LIVE,KIRANA,5411,True
MCH1641,1,15904.65,0,0,0.0,0.0,15904.65,0.0,0.0,0.0,0.0,LIVE,OTHER,5999,False
MCH1642,1,2433.17,0,1,0.0,0.0,2433.17,0.0,0.0,0.0,1.0,ENABLED,GROCERY_STORE,5411,False
MCH1643,1,5411.23,1,0,0.0,0.0,5411.23,0.0,0.0,1.0,0.0,,,,
MCH1644,6,68490.07,6,0,0.0,0.0,11415.011666666667,0.0,0.0,1.0,0.0,,,,
MCH1645,2,8031.45,2,0,0.0,0.0,4015.725,0.0,0.0,1.0,0.0,ACTIVE,BOOKS,5942,False
MCH1646,3,21852.71,3,0,0.0,0.0,7284.236666666667,0.0,0.0,1.0,0.0,ENABLED,MEDICAL,5912,True
MCH1647,4,22366.83,4,0,0.0,0.0,5591.7075,0.0,0.0,1.0,0.0,SUSPENDED,FASHION,5699,False
MCH1648,2,28081.06,2,0,0.0,0.0,14040.53,0.0,0.0,1.0,0.0,,,,
MCH1650,2,38421.26,1,0,1.0,673.49,19210.63,0.5,0.017529097171722113,0.5,0.0,,,,
MCH1651,3,20965.1,2,1,0.0,0.0,6988.366666666666,0.0,0.0,0.6666666666666666,0.3333333333333333,ENABLED,BOOKS_STATIONERY,5942,False
MCH1652,1,13716.6,1,0,0.0,0.0,13716.6,0.0,0.0,1.0,0.0,INACTIVE,DEPT_STORE,5311,False
MCH1653,2,23881.15,1,1,0.0,0.0,11940.575,0.0,0.0,0.5,0.5,ACTIVE,HOTEL_LODGING,7011.0,False
MCH1656,2,25709.67,2,0,0.0,0.0,12854.835,0.0,0.0,1.0,0.0,ACTIVE,DEPARTMENT STORE,5311,False
MCH1657,4,48310.52,4,0,1.0,10770.37,12077.63,0.25,0.22294046928081093,1.0,0.0,ACTIVE,CLOTHS,5699,False
MCH1658,1,15988.38,1,0,0.0,0.0,15988.38,0.0,0.0,1.0,0.0,DISABLED,RESTAURANTS,5812,False
MCH1660,2,35831.38,2,0,0.0,0.0,17915.69,0.0,0.0,1.0,0.0,,,,
MCH1661,6,72932.53,6,0,2.0,4775.92,12155.421666666667,0.3333333333333333,0.06548408508521507,1.0,0.0,LIVE,EATING PLACE,5812,True
MCH1662,1,18939.15,1,0,0.0,0.0,18939.15,0.0,0.0,1.0,0.0,,,,
MCH1663,2,42118.62,2,0,0.0,0.0,21059.31,0.0,0.0,1.0,0.0,ACTIVE,BUS/TAXI,4131,False
MCH1664,2,34642.7,2,0,0.0,0.0,17321.35,0.0,0.0,1.0,0.0,ENABLED,TRAVEL,4131,False
MCH1665,4,64390.04,3,1,0.0,0.0,16097.51,0.0,0.0,0.75,0.25,ENABLED,CLOTHING,5699,False
MCH1667,1,1893.12,1,0,0.0,0.0,1893.12,0.0,0.0,1.0,0.0,ENABLED,RESTAURANT,5812,True
MCH1668,2,17613.670000000002,2,0,0.0,0.0,8806.835000000001,0.0,0.0,1.0,0.0,,,,
MCH1669,2,28696.129999999997,2,0,0.0,0.0,14348.064999999999,0.0,0.0,1.0,0.0,,,,
MCH1670,4,47380.9,4,0,0.0,0.0,11845.225,0.0,0.0,1.0,0.0,,,,
MCH1671,1,9280.63,1,0,0.0,0.0,9280.63,0.0,0.0,1.0,0.0,,,,
MCH1672,4,41351.0,4,0,0.0,0.0,10337.75,0.0,0.0,1.0,0.0,,,,
MCH1675,2,25225.8,2,0,0.0,0.0,12612.9,0.0,0.0,1.0,0.0,ACTIVE,TRANSPORT,4131,True
MCH1676,1,4224.02,0,1,0.0,0.0,4224.02,0.0,0.0,0.0,1.0,LIVE,TELECOM,4814,False
MCH1677,3,41285.850000000006,3,0,0.0,0.0,13761.950000000003,0.0,0.0,1.0,0.0,,,,
MCH1678,3,26855.93,3,0,0.0,0.0,8951.976666666667,0.0,0.0,1.0,0.0,,,,
MCH1679,3,47612.61,3,0,0.0,0.0,15870.87,0.0,0.0,1.0,0.0,SUSPENDED,BUS/TAXI,4131.0,False
MCH1680,2,37415.79,1,1,0.0,0.0,18707.895,0.0,0.0,0.5,0.5,ACTIVE,CLOTHS,5699,False
MCH1681,2,31369.89,2,0,1.0,1852.3,15684.945,0.5,0.05904706710798157,1.0,0.0,,,,
MCH1682,4,24206.3,2,2,0.0,0.0,6051.575,0.0,0.0,0.5,0.5,,,,
MCH1683,4,57129.6,3,1,0.0,0.0,14282.4,0.0,0.0,0.75,0.25,LIVE,FOOD_SERVICES,5812,False
MCH1684,5,38547.05,4,1,1.0,3933.58,7709.410000000001,0.2,0.10204620068202365,0.8,0.2,,,,
MCH1685,1,15649.91,1,0,0.0,0.0,15649.91,0.0,0.0,1.0,0.0,,,,
MCH1686,2,35664.11,2,0,0.0,0.0,17832.055,0.0,0.0,1.0,0.0,ACTIVE,STATIONERY,5942.0,False
MCH1687,1,19291.03,1,0,0.0,0.0,19291.03,0.0,0.0,1.0,0.0,,,,
MCH1688,4,81786.16,4,0,0.0,0.0,20446.54,0.0,0.0,1.0,0.0,,,,
MCH1689,2,18345.39,1,1,0.0,0.0,9172.695,0.0,0.0,0.5,0.5,,,,
MCH1690,3,60728.15,3,0,1.0,15054.0,20242.716666666667,0.3333333333333333,0.24789162851165397,1.0,0.0,,,,
MCH1693,3,27469.769999999997,2,0,0.0,0.0,9156.589999999998,0.0,0.0,0.6666666666666666,0.0,,,,
MCH1694,2,13310.36,2,0,0.0,0.0,6655.18,0.0,0.0,1.0,0.0,,,,
MCH1696,2,17344.84,1,0,0.0,0.0,8672.42,0.0,0.0,0.5,0.0,ACTIVE,KIRANA,5411,True
MCH1697,2,28537.73,1,1,0.0,0.0,14268.865,0.0,0.0,0.5,0.5,SUSPENDED,TELECOM,4814.0,False
MCH1698,1,23235.79,1,0,0.0,0.0,23235.79,0.0,0.0,1.0,0.0,,,,
MCH1699,2,26615.5,1,1,0.0,0.0,13307.75,0.0,0.0,0.5,0.5,,,,
MCH1700,2,32524.17,2,0,1.0,8056.19,16262.085,0.5,0.2476985577187673,1.0,0.0,,,,
MCH1701,2,12054.800000000001,2,0,1.0,448.21,6027.400000000001,0.5,0.03718103991770912,1.0,0.0,,,,
MCH1702,3,17837.33,2,1,1.0,575.09,5945.776666666668,0.3333333333333333,0.03224081182553667,0.6666666666666666,0.3333333333333333,,,,
MCH1703,4,57137.12,4,0,0.0,0.0,14284.28,0.0,0.0,1.0,0.0,,,,
MCH1704,4,42681.6,4,0,2.0,1314.24,10670.4,0.5,0.030791722896986055,1.0,0.0,CLOSED,TRANSPRT,4131,False
MCH1705,1,2308.19,0,1,0.0,0.0,2308.19,0.0,0.0,0.0,1.0,,,,
MCH1706,3,44608.07,3,0,1.0,5800.55,14869.356666666667,0.3333333333333333,0.1300336463783347,1.0,0.0,DISABLED,DEPT_STORE,5311.0,True
MCH1707,3,42002.92,3,0,1.0,9117.57,14000.973333333333,0.3333333333333333,0.21706990847302998,1.0,0.0,,,,
MCH1708,4,30903.25,4,0,2.0,12031.46,7725.8125,0.5,0.38932668894048356,1.0,0.0,,,,
MCH1710,4,58852.42,3,1,1.0,1347.43,14713.105,0.25,0.022895065317619905,0.75,0.25,ENABLED,PHARMACIES,5912.0,True
MCH1711,3,10852.91,3,0,2.0,13258.15,3617.6366666666668,0.6666666666666666,1.2216216664470634,1.0,0.0,ACTIVE,KIRANA,5411,False
MCH1712,3,23601.65,3,0,0.0,0.0,7867.216666666667,0.0,0.0,1.0,0.0,,,,
MCH1713,4,52531.58,3,1,0.0,0.0,13132.895,0.0,0.0,0.75,0.25,ACTIVE,RESTAURANTS,5812,False
MCH1714,2,29229.01,2,0,1.0,0.0,14614.505,0.5,0.0,1.0,0.0,ENABLED,FASHION,5699,True
MCH1715,1,15966.74,1,0,0.0,0.0,15966.74,0.0,0.0,1.0,0.0,,,,
MCH1716,4,51327.07,4,0,1.0,1513.0,12831.7675,0.25,0.029477622626812715,1.0,0.0,,,,
MCH1717,2,18981.09,1,1,0.0,0.0,9490.545,0.0,0.0,0.5,0.5,,,,
MCH1718,1,17809.1,1,0,0.0,0.0,17809.1,0.0,0.0,1.0,0.0,ACTIVE,RETAIL,5311,True
MCH1719,1,9369.76,1,0,0.0,0.0,9369.76,0.0,0.0,1.0,0.0,,,,
MCH1720,3,45148.86,1,0,0.0,0.0,15049.62,0.0,0.0,0.3333333333333333,0.0,,,,
MCH1721,1,14494.92,1,0,0.0,0.0,14494.92,0.0,0.0,1.0,0.0,ACTIVE,HOTEL,7011,False
MCH1722,3,45198.6,3,0,0.0,0.0,15066.199999999999,0.0,0.0,1.0,0.0,ACTIVE,HOTEL_LODGING,7011,False
MCH1723,1,4208.68,1,0,0.0,0.0,4208.68,0.0,0.0,1.0,0.0,,,,
MCH1725,6,79765.68000000001,5,1,0.0,0.0,13294.28,0.0,0.0,0.8333333333333334,0.16666666666666666,ACTIVE,RETAIL OTHER,5999,False
MCH1726,2,28851.440000000002,2,0,0.0,0.0,14425.720000000001,0.0,0.0,1.0,0.0,ENABLED,TRANSPORTATION,4131,False
MCH1727,1,9432.58,1,0,0.0,0.0,9432.58,0.0,0.0,1.0,0.0,LIVE,RETAIL OTHER,5999,False
MCH1728,3,42951.75,2,1,1.0,3429.44,14317.25,0.3333333333333333,0.07984401101235689,0.6666666666666666,0.3333333333333333,,,,
MCH1729,3,7000.769999999997,3,0,0.0,0.0,2333.589999999999,0.0,0.0,1.0,0.0,ACTIVE,FOOD,misc,True
MCH1730,1,21546.02,0,1,0.0,0.0,21546.02,0.0,0.0,0.0,1.0,LIVE,FASHION,5699,False
MCH1732,2,22456.59,1,1,0.0,0.0,11228.295,0.0,0.0,0.5,0.5,LIVE,GROCERY_STORE,5411,True
MCH1733,1,6708.5,1,0,0.0,0.0,6708.5,0.0,0.0,1.0,0.0,,,,
MCH1734,3,53554.57,2,1,0.0,0.0,17851.523333333334,0.0,0.0,0.6666666666666666,0.3333333333333333,,,,
MCH1735,5,78881.94,4,0,0.0,0.0,15776.388,0.0,0.0,0.8,0.0,,,,
MCH1736,2,26710.54,1,1,0.0,0.0,13355.27,0.0,0.0,0.5,0.5,ACTIVE,TRANSPORTATION,4131,False
MCH1737,4,78954.76,4,0,0.0,0.0,19738.69,0.0,0.0,1.0,0.0,,,,
MCH1738,5,49143.74,5,0,2.0,-153.45000000000005,9828.748,0.4,-0.0031224729741773836,1.0,0.0,,,,
MCH1739,3,36888.39,3,0,1.0,-3369.42,12296.13,0.3333333333333333,-0.09134093409877743,1.0,0.0,ACTIVE,MISC RETAIL,5999,True
MCH1740,1,10851.1,1,0,0.0,0.0,10851.1,0.0,0.0,1.0,0.0,ENABLED,HOSPITALITY,7011,False
MCH1741,3,1328.0599999999995,2,1,1.0,638.96,442.6866666666665,0.3333333333333333,0.4811228408355046,0.6666666666666666,0.3333333333333333,,,,
MCH1742,1,22881.0,1,0,0.0,0.0,22881.0,0.0,0.0,1.0,0.0,,,,
MCH1743,1,15015.82,1,0,0.0,0.0,15015.82,0.0,0.0,1.0,0.0,,,,
MCH1744,3,29529.190000000002,3,0,3.0,3298.93,9843.063333333334,1.0,0.11171759198271268,1.0,0.0,CLOSED,TRAVEL,4131,False
MCH1745,5,72799.98,3,2,0.0,0.0,14559.996,0.0,0.0,0.6,0.4,,,,
MCH1746,3,37674.14,2,1,0.0,0.0,12558.046666666667,0.0,0.0,0.6666666666666666,0.3333333333333333,,,,
MCH1747,1,12656.79,1,0,0.0,0.0,12656.79,0.0,0.0,1.0,0.0,ACTIVE,EATING PLACE,5812,True
MCH1748,1,24969.84,1,0,0.0,0.0,24969.84,0.0,0.0,1.0,0.0,,,,
MCH1749,2,31125.31,2,0,0.0,0.0,15562.655,0.0,0.0,1.0,0.0,,,,
MCH1750,1,21916.0,1,0,0.0,0.0,21916.0,0.0,0.0,1.0,0.0,ENABLED,TELECOM,4814,True
MCH1751,3,30570.35,3,0,1.0,4655.0,10190.116666666667,0.3333333333333333,0.15227172734365163,1.0,0.0,LIVE,GROCERY_STORE,5411,True
MCH1752,2,15674.630000000001,1,1,0.0,0.0,7837.3150000000005,0.0,0.0,0.5,0.5,,,,
MCH1753,4,51562.06,3,1,0.0,0.0,12890.515,0.0,0.0,0.75,0.25,,,,
MCH1754,2,38094.619999999995,2,0,0.0,0.0,19047.309999999998,0.0,0.0,1.0,0.0,,,,
MCH1756,4,43249.82000000001,4,0,0.0,0.0,10812.455000000002,0.0,0.0,1.0,0.0,LIVE,RETAIL,5311,True
MCH1757,4,63927.45,4,0,0.0,0.0,15981.8625,0.0,0.0,1.0,0.0,,,,
MCH1758,1,24606.4,1,0,0.0,0.0,24606.4,0.0,0.0,1.0,0.0,,,,
MCH1759,3,27102.05,3,0,0.0,0.0,9034.016666666666,0.0,0.0,1.0,0.0,,,,
MCH1760,2,16465.87,2,0,2.0,3467.0,8232.935,1.0,0.21055674555914752,1.0,0.0,,,,
MCH1761,3,18858.27,2,0,0.0,0.0,6286.09,0.0,0.0,0.6666666666666666,0.0,,,,
MCH1763,2,8197.470000000001,1,1,0.0,0.0,4098.735000000001,0.0,0.0,0.5,0.5,ACTIVE,DEPT_STORE,misc,False
MCH1764,3,61823.5,2,1,1.0,350.19,20607.833333333332,0.3333333333333333,0.005664350934515192,0.6666666666666666,0.3333333333333333,SUSPENDED,MISC RETAIL,5999,True
MCH1765,3,29991.96,3,0,0.0,0.0,9997.32,0.0,0.0,1.0,0.0,,,,
MCH1766,1,21358.15,1,0,1.0,3344.0,21358.15,1.0,0.15656786753534363,1.0,0.0,,,,
MCH1767,1,6758.76,1,0,0.0,0.0,6758.76,0.0,0.0,1.0,0.0,ACTIVE,TELECOM,,False
MCH1768,2,4982.6900000000005,2,0,0.0,0.0,2491.3450000000003,0.0,0.0,1.0,0.0,ACTIVE,TRANSPORT,4131,False
MCH1769,4,32230.46,2,1,1.0,2570.74,8057.615,0.25,0.07976119484487655,0.5,0.25,ACTIVE,TELECOM,4814,True
MCH1770,2,27788.690000000002,2,0,0.0,0.0,13894.345000000001,0.0,0.0,1.0,0.0,ACTIVE,GROCERY STORES,5411,False
MCH1771,2,24088.16,2,0,0.0,0.0,12044.08,0.0,0.0,1.0,0.0,,,,
MCH1772,1,23851.74,1,0,1.0,1346.0,23851.74,1.0,0.056431941652894085,1.0,0.0,ACTIVE,PHARMACIES,5912,True
MCH1773,2,19528.29,2,0,0.0,0.0,9764.145,0.0,0.0,1.0,0.0,ACTIVE,GROCERY STORES,5411,False
MCH1774,2,31924.21,2,0,0.0,0.0,15962.105,0.0,0.0,1.0,0.0,ENABLED,STATIONERY,5942,True
MCH1775,1,8427.82,1,0,0.0,0.0,8427.82,0.0,0.0,1.0,0.0,ACTIVE,GROCERY_STORE,5411,False
MCH1776,3,24746.23,3,0,0.0,0.0,8248.743333333334,0.0,0.0,1.0,0.0,ACTIVE,RETAIL OTHER,5999,False
MCH1777,2,11359.98,2,0,0.0,0.0,5679.99,0.0,0.0,1.0,0.0,,,,
MCH1778,1,5298.78,0,0,1.0,-7308.16,5298.78,1.0,-1.3792155930232997,0.0,0.0,,,,
MCH1779,1,9806.82,1,0,0.0,0.0,9806.82,0.0,0.0,1.0,0.0,ACTIVE,HOTEL,7011,True
MCH1780,2,11349.85,2,0,0.0,0.0,5674.925,0.0,0.0,1.0,0.0,,,,
MCH1782,5,77606.15000000001,5,0,2.0,-4636.91,15521.230000000001,0.4,-0.05974925956254755,1.0,0.0,ACTIVE,GROCERY,5411.0,False
MCH1783,1,13149.46,1,0,1.0,1017.08,13149.46,1.0,0.07734766294585482,1.0,0.0,,,,
MCH1784,2,28789.32,2,0,1.0,0.0,14394.66,0.5,0.0,1.0,0.0,,,,
MCH1785,1,10901.63,1,0,0.0,0.0,10901.63,0.0,0.0,1.0,0.0,ACTIVE,DEPARTMENT STORE,5311,False
MCH1786,1,1930.78,1,0,0.0,0.0,1930.78,0.0,0.0,1.0,0.0,ACTIVE,GROCERIES,5411,True
MCH1787,4,56102.2,4,0,0.0,0.0,14025.55,0.0,0.0,1.0,0.0,ACTIVE,BOOKS_STATIONERY,5942,False
MCH1789,4,16735.61,4,0,0.0,0.0,4183.9025,0.0,0.0,1.0,0.0,ACTIVE,BOOKS_STATIONERY,5942,False
MCH1790,4,41174.11,4,0,0.0,0.0,10293.5275,0.0,0.0,1.0,0.0,,,,
MCH1791,1,748.25,1,0,0.0,0.0,748.25,0.0,0.0,1.0,0.0,,,,
MCH1792,1,2875.88,1,0,0.0,0.0,2875.88,0.0,0.0,1.0,0.0,ACTIVE,CLOTHS,5699,True
MCH1793,2,22780.0,2,0,0.0,0.0,11390.0,0.0,0.0,1.0,0.0,ENABLED,HOTEL,7011,False
MCH1794,2,9234.99,1,1,0.0,0.0,4617.495,0.0,0.0,0.5,0.5,,,,
MCH1795,4,20649.67,4,0,1.0,1675.84,5162.4175,0.25,0.0811557763392829,1.0,0.0,,,,
MCH1796,2,35008.7,2,0,1.0,2158.72,17504.35,0.5,0.061662386778143716,1.0,0.0,ENABLED,BOOKS,5942.0,False
MCH1797,3,43501.880000000005,3,0,0.0,0.0,14500.626666666669,0.0,0.0,1.0,0.0,,,,
MCH1798,3,38565.97,3,0,0.0,0.0,12855.323333333334,0.0,0.0,1.0,0.0,,,,
MCH1799,4,59374.9,4,0,0.0,0.0,14843.725,0.0,0.0,1.0,0.0,,,,
MCH1802,4,65739.32,2,0,0.0,0.0,16434.83,0.0,0.0,0.5,0.0,,,,
MCH1803,2,22339.72,1,0,1.0,1704.94,11169.86,0.5,0.07631877212427013,0.5,0.0,,,,
MCH1804,2,6819.9,2,0,0.0,0.0,3409.95,0.0,0.0,1.0,0.0,,,,
MCH1806,2,12729.6,2,0,0.0,0.0,6364.8,0.0,0.0,1.0,0.0,ACTIVE,FASHION,,True
MCH1807,4,52627.03,4,0,0.0,0.0,13156.7575,0.0,0.0,1.0,0.0,,,,
MCH1808,2,21344.58,1,1,1.0,1017.95,10672.29,0.5,0.0476912640117538,0.5,0.5,,,,
MCH1809,2,14698.16,2,0,0.0,0.0,7349.08,0.0,0.0,1.0,0.0,ACTIVE,DEPARTMENT STORES,5311,False
MCH1811,1,21159.49,1,0,0.0,0.0,21159.49,0.0,0.0,1.0,0.0,DISABLED,HOTEL_LODGING,misc,True
MCH1812,2,22850.57,2,0,0.0,0.0,11425.285,0.0,0.0,1.0,0.0,LIVE,RESTAURANTS,5812,False
MCH1813,3,31279.210000000003,3,0,0.0,0.0,10426.403333333334,0.0,0.0,1.0,0.0,ACTIVE,DEPARTMENT STORES,5311,False
MCH1814,4,74876.81,4,0,0.0,0.0,18719.2025,0.0,0.0,1.0,0.0,,,,
MCH1815,1,11933.0,1,0,0.0,0.0,11933.0,0.0,0.0,1.0,0.0,ACTIVE,BUS/TAXI,4131,True
MCH1816,2,34066.020000000004,2,0,0.0,0.0,17033.010000000002,0.0,0.0,1.0,0.0,ACTIVE,RETAIL,5311,True
MCH1817,2,24676.769999999997,1,0,0.0,0.0,12338.384999999998,0.0,0.0,0.5,0.0,INACTIVE,TRANSPORT,4131,True
MCH1818,3,44536.149999999994,3,0,2.0,3220.1400000000003,14845.383333333331,0.6666666666666666,0.07230395981691279,1.0,0.0,LIVE,CLOTHING,5699,False
MCH1820,2,3649.47,2,0,1.0,12071.05,1824.735,0.5,3.30761727045297,1.0,0.0,,,,
MCH1821,2,25380.719999999998,2,0,0.0,0.0,12690.359999999999,0.0,0.0,1.0,0.0,,,,
MCH1822,3,55411.06,3,0,0.0,0.0,18470.353333333333,0.0,0.0,1.0,0.0,,,,
MCH1823,1,9364.66,1,0,0.0,0.0,9364.66,0.0,0.0,1.0,0.0,ACTIVE,HOTEL,,False
MCH1824,2,28946.86,1,0,0.0,0.0,14473.43,0.0,0.0,0.5,0.0,,,,
MCH1825,2,3192.5300000000007,2,0,0.0,0.0,1596.2650000000003,0.0,0.0,1.0,0.0,,,,
MCH1826,2,23829.28,2,0,1.0,2586.86,11914.64,0.5,0.10855804287834128,1.0,0.0,,,,
MCH1827,2,35763.130000000005,1,1,0.0,0.0,17881.565000000002,0.0,0.0,0.5,0.5,LIVE,OTHER,5999,False
MCH1828,4,36841.61,3,1,0.0,0.0,9210.4025,0.0,0.0,0.75,0.25,ACTIVE,CLOTHING,5699,True
MCH1829,2,27279.45,2,0,0.0,0.0,13639.725,0.0,0.0,1.0,0.0,LIVE,TRANSPORT,4131,False
MCH1830,1,10347.5,1,0,0.0,0.0,10347.5,0.0,0.0,1.0,0.0,ACTIVE,HOTEL_LODGING,7011,False
MCH1831,3,34962.19,3,0,1.0,1688.18,11654.063333333334,0.3333333333333333,0.04828587682865404,1.0,0.0,,,,
MCH1832,3,35780.0,3,0,0.0,0.0,11926.666666666666,0.0,0.0,1.0,0.0,INACTIVE,OTHER,5999,False
MCH1833,3,32300.18,3,0,0.0,0.0,10766.726666666667,0.0,0.0,1.0,0.0,LIVE,TRANSPRT,4131.0,True
MCH1834,6,85381.2,5,1,1.0,852.0,14230.199999999999,0.16666666666666666,0.009978777529479559,0.8333333333333334,0.16666666666666666,,,,
MCH1835,2,20269.739999999998,2,0,0.0,0.0,10134.869999999999,0.0,0.0,1.0,0.0,,,,
MCH1836,2,14955.13,2,0,0.0,0.0,7477.565,0.0,0.0,1.0,0.0,ACTIVE,GROCERY_STORE,5411,False
MCH1837,1,2361.76,1,0,0.0,0.0,2361.76,0.0,0.0,1.0,0.0,,,,
MCH1838,3,20564.489999999998,3,0,1.0,2072.0,6854.829999999999,0.3333333333333333,0.10075620645102311,1.0,0.0,ACTIVE,STATIONERY,5942,True
MCH1839,4,54330.909999999996,4,0,0.0,0.0,13582.727499999999,0.0,0.0,1.0,0.0,ACTIVE,GROCERY STORES,5411,False
MCH1840,3,21718.52,3,0,1.0,701.39,7239.506666666667,0.3333333333333333,0.03229455782438214,1.0,0.0,LIVE,STATIONERY,5942,False
MCH1841,2,-505.0,1,1,1.0,3825.17,-252.5,0.5,0.0,0.5,0.5,ACTIVE,HOSPITALITY,,False
MCH1843,4,57103.7,4,0,0.0,0.0,14275.925,0.0,0.0,1.0,0.0,ACTIVE,MISCELLANEOUS,5999,False
MCH1844,2,32082.57,2,0,1.0,4428.67,16041.285,0.5,0.13803975180292602,1.0,0.0,,,,
MCH1845,2,30092.39,1,1,1.0,4841.06,15046.195,0.5,0.1608732307403965,0.5,0.5,ACTIVE,BUS/TAXI,4131,False
MCH1846,3,36149.42,3,0,0.0,0.0,12049.806666666665,0.0,0.0,1.0,0.0,ACTIVE,HOTEL_LODGING,7011,False
MCH1847,4,68076.14,4,0,1.0,2296.42,17019.035,0.25,0.03373311118991177,1.0,0.0,,,,
MCH1848,5,87798.98999999999,3,1,2.0,9477.96,17559.798,0.4,0.10795067232550169,0.6,0.2,ACTIVE,RETAIL,5311,True
MCH1849,1,15803.23,1,0,1.0,1904.98,15803.23,1.0,0.12054371163363439,1.0,0.0,,,,
MCH1850,1,19987.4,1,0,0.0,0.0,19987.4,0.0,0.0,1.0,0.0,,,,
MCH1851,2,40741.229999999996,2,0,0.0,0.0,20370.614999999998,0.0,0.0,1.0,0.0,,,,
MCH1852,2,36404.45,2,0,0.0,0.0,18202.225,0.0,0.0,1.0,0.0,ACTIVE,GROCERY STORES,5411,False
MCH1853,2,26683.71,2,0,1.0,2130.67,13341.855,0.5,0.0798490914494274,1.0,0.0,LIVE,TRANSPORT,4131.0,True
MCH1854,3,50437.64,3,0,1.0,800.32,16812.546666666665,0.3333333333333333,0.015867514816315754,1.0,0.0,ENABLED,HOTELS,,False
MCH1855,1,20529.94,1,0,1.0,1107.77,20529.94,1.0,0.05395875487215258,1.0,0.0,HOLD,RESTAURANT,,False
MCH1856,1,172.17,1,0,0.0,0.0,172.17,0.0,0.0,1.0,0.0,ENABLED,DEPT_STORE,5311,True
MCH1857,2,16468.77,1,1,0.0,0.0,8234.385,0.0,0.0,0.5,0.5,,,,
MCH1858,1,8994.98,1,0,1.0,2758.76,8994.98,1.0,0.30669995931063776,1.0,0.0,,,,
MCH1859,3,37424.54,3,0,0.0,0.0,12474.846666666666,0.0,0.0,1.0,0.0,,,,
MCH1860,1,4184.38,1,0,0.0,0.0,4184.38,0.0,0.0,1.0,0.0,,,,
MCH1861,3,36035.95,3,0,0.0,0.0,12011.983333333332,0.0,0.0,1.0,0.0,DISABLED,GROCERIES,5411,False
MCH1863,2,26678.510000000002,2,0,0.0,0.0,13339.255000000001,0.0,0.0,1.0,0.0,ENABLED,BOOK STORE,5942,False
MCH1864,2,21366.94,2,0,1.0,813.25,10683.47,0.5,0.03806113556737652,1.0,0.0,,,,
MCH1866,3,24494.92,3,0,0.0,0.0,8164.973333333332,0.0,0.0,1.0,0.0,,,,
MCH1867,3,-3296.0200000000013,3,0,0.0,0.0,-1098.6733333333339,0.0,0.0,1.0,0.0,,,,
MCH1868,4,63206.56,3,1,0.0,0.0,15801.64,0.0,0.0,0.75,0.25,,,,
MCH1869,4,71550.66,4,0,1.0,7329.0,17887.665,0.25,0.10243092097263673,1.0,0.0,,,,
MCH1871,2,28338.89,2,0,0.0,0.0,14169.445,0.0,0.0,1.0,0.0,,,,
MCH1872,3,27473.82,3,0,0.0,0.0,9157.94,0.0,0.0,1.0,0.0,ENABLED,OTHER,5999,True
MCH1873,3,64695.600000000006,3,0,0.0,0.0,21565.2,0.0,0.0,1.0,0.0,ACTIVE,TRANSPORT,4131,True
MCH1874,1,9577.01,1,0,0.0,0.0,9577.01,0.0,0.0,1.0,0.0,ENABLED,GROCERY STORES,5411,True
MCH1875,2,5572.97,2,0,1.0,247.02,2786.485,0.5,0.044324659921011596,1.0,0.0,,,,
MCH1876,3,46328.32,3,0,0.0,0.0,15442.773333333333,0.0,0.0,1.0,0.0,ACTIVE,MISCELLANEOUS,5999,False
MCH1877,3,24514.32,3,0,1.0,1778.23,8171.44,0.3333333333333333,0.07253841836118645,1.0,0.0,,,,
MCH1878,4,43591.45,4,0,0.0,0.0,10897.8625,0.0,0.0,1.0,0.0,ACTIVE,HOTEL_LODGING,7011,False
MCH1879,6,58207.869999999995,4,1,0.0,0.0,9701.311666666666,0.0,0.0,0.6666666666666666,0.16666666666666666,ACTIVE,MISCELLANEOUS,5999,True
MCH1880,3,36522.439999999995,3,0,0.0,0.0,12174.146666666666,0.0,0.0,1.0,0.0,,,,
MCH1881,3,13435.25,3,0,1.0,2597.87,4478.416666666667,0.3333333333333333,0.19336223739788988,1.0,0.0,HOLD,MEDICAL,5912,False
MCH1882,2,30979.010000000002,2,0,2.0,2991.3599999999997,15489.505000000001,1.0,0.09656086492111915,1.0,0.0,INACTIVE,FOOD,5812,False
MCH1883,2,38737.85,1,1,0.0,0.0,19368.925,0.0,0.0,0.5,0.5,ENABLED,RESTAURANT,5812,False
MCH1884,1,18586.39,1,0,0.0,0.0,18586.39,0.0,0.0,1.0,0.0,ACTIVE,TRANSPRT,4131,False
MCH1886,4,33865.13,4,0,0.0,0.0,8466.2825,0.0,0.0,1.0,0.0,,,,
MCH1887,6,57951.93,4,2,1.0,7275.81,9658.655,0.16666666666666666,0.12554905419025736,0.6666666666666666,0.3333333333333333,ENABLED,DEPARTMENT STORES,5311,False
MCH1888,2,24075.379999999997,2,0,0.0,0.0,12037.689999999999,0.0,0.0,1.0,0.0,,,,
MCH1890,4,42062.19,4,0,3.0,-657.71,10515.5475,0.75,-0.015636608555094255,1.0,0.0,,,,
MCH1891,2,23202.9,2,0,0.0,0.0,11601.45,0.0,0.0,1.0,0.0,,,,
MCH1893,5,88215.20999999999,5,0,0.0,0.0,17643.041999999998,0.0,0.0,1.0,0.0,,,,
MCH1894,4,48097.26,3,0,0.0,0.0,12024.315,0.0,0.0,0.75,0.0,ACTIVE,RESTAURANT,5812,True
MCH1895,4,53635.09,3,1,2.0,3627.95,13408.7725,0.5,0.06764135195820498,0.75,0.25,,,,
MCH1896,2,38168.07,2,0,0.0,0.0,19084.035,0.0,0.0,1.0,0.0,,,,
MCH1897,4,21566.170000000002,4,0,0.0,0.0,5391.5425000000005,0.0,0.0,1.0,0.0,,,,
MCH1898,8,85421.93,7,1,2.0,3935.3599999999997,10677.74125,0.25,0.04606966852657157,0.875,0.125,,,,
MCH1900,1,9852.67,1,0,1.0,740.03,9852.67,1.0,0.07510958958333122,1.0,0.0,,,,
MCH1902,1,15152.69,1,0,0.0,0.0,15152.69,0.0,0.0,1.0,0.0,,,,
MCH1903,3,69618.16,3,0,0.0,0.0,23206.053333333333,0.0,0.0,1.0,0.0,,,,
MCH1905,1,17337.94,1,0,1.0,2202.7,17337.94,1.0,0.12704508148026813,1.0,0.0,,,,
MCH1906,2,28451.8,2,0,0.0,0.0,14225.9,0.0,0.0,1.0,0.0,DISABLED,RETAIL,5311,False
MCH1907,6,69574.06,5,1,2.0,348.87999999999994,11595.676666666666,0.3333333333333333,0.005014512592768051,0.8333333333333334,0.16666666666666666,,,,
MCH1908,4,44839.58,3,1,1.0,2016.51,11209.895,0.25,0.04497165227685005,0.75,0.25,ACTIVE,STATIONERY,5942,True
MCH1909,2,23668.23,2,0,0.0,0.0,11834.115,0.0,0.0,1.0,0.0,ACTIVE,BOOKS,5942,False
MCH1910,3,45123.08,2,0,1.0,6630.73,15041.026666666667,0.3333333333333333,0.14694763743964284,0.6666666666666666,0.0,,,,
MCH1911,3,38876.47,3,0,0.0,0.0,12958.823333333334,0.0,0.0,1.0,0.0,,,,
MCH1912,2,4825.9,2,0,1.0,3163.91,2412.95,0.5,0.6556103524731138,1.0,0.0,ACTIVE,TRANSPRT,4131,False
MCH1913,2,10989.02,2,0,0.0,0.0,5494.51,0.0,0.0,1.0,0.0,ACTIVE,PHARMACY,5912,False
MCH1914,4,72917.84,4,0,0.0,0.0,18229.46,0.0,0.0,1.0,0.0,,,,
MCH1915,2,23514.33,2,0,0.0,0.0,11757.165,0.0,0.0,1.0,0.0,,,,
MCH1916,5,80987.42,5,0,2.0,4515.09,16197.484,0.4,0.05575051038790963,1.0,0.0,,,,
MCH1917,4,48256.100000000006,3,1,1.0,1897.14,12064.025000000001,0.25,0.03931399346403874,0.75,0.25,LIVE,BOOKS,5942,True
MCH1918,2,28882.0,2,0,0.0,0.0,14441.0,0.0,0.0,1.0,0.0,,,,
MCH1919,1,2069.0,1,0,0.0,0.0,2069.0,0.0,0.0,1.0,0.0,,,,
MCH1920,2,12652.34,2,0,0.0,0.0,6326.17,0.0,0.0,1.0,0.0,,,,
MCH1921,1,6923.98,1,0,0.0,0.0,6923.98,0.0,0.0,1.0,0.0,ACTIVE,MISCELLANEOUS,5999,False
MCH1922,1,-19022.02,1,0,0.0,0.0,-19022.02,0.0,0.0,1.0,0.0,ACTIVE,STATIONERY,,False
MCH1923,2,27332.88,1,0,0.0,0.0,13666.44,0.0,0.0,0.5,0.0,ENABLED,GARMENTS,5699,False
MCH1924,1,22691.7,1,0,0.0,0.0,22691.7,0.0,0.0,1.0,0.0,ACTIVE,CHEMIST,5912,False
MCH1925,4,64806.69,1,2,0.0,0.0,16201.6725,0.0,0.0,0.25,0.5,,,,
MCH1926,3,54216.35,2,1,0.0,0.0,18072.116666666665,0.0,0.0,0.6666666666666666,0.3333333333333333,ACTIVE,DEPT_STORE,5311,True
MCH1927,2,23191.739999999998,2,0,0.0,0.0,11595.869999999999,0.0,0.0,1.0,0.0,,,,
MCH1928,3,28097.25,3,0,0.0,0.0,9365.75,0.0,0.0,1.0,0.0,,,,
MCH1929,1,22392.91,1,0,0.0,0.0,22392.91,0.0,0.0,1.0,0.0,ENABLED,BOOK STORE,5942,False
MCH1930,3,19092.16,3,0,2.0,96.43999999999994,6364.053333333333,0.6666666666666666,0.005051288067981829,1.0,0.0,,,,
MCH1931,2,17813.239999999998,2,0,0.0,0.0,8906.619999999999,0.0,0.0,1.0,0.0,,,,
MCH1932,2,38513.59,2,0,0.0,0.0,19256.795,0.0,0.0,1.0,0.0,,,,
MCH1933,2,34334.54,2,0,0.0,0.0,17167.27,0.0,0.0,1.0,0.0,,,,
MCH1934,3,39155.53,3,0,1.0,5968.43,13051.843333333332,0.3333333333333333,0.15242878847508898,1.0,0.0,LIVE,STATIONERY,5942,False
MCH1935,2,7959.91,2,0,0.0,0.0,3979.955,0.0,0.0,1.0,0.0,,,,
MCH1936,1,1008.3,1,0,0.0,0.0,1008.3,0.0,0.0,1.0,0.0,ACTIVE,PHARMACIES,5912,True
MCH1937,4,59119.6,3,1,1.0,1664.55,14779.9,0.25,0.02815563704761196,0.75,0.25,,,,
MCH1938,3,58676.78,3,0,0.0,0.0,19558.926666666666,0.0,0.0,1.0,0.0,,,,
MCH1939,2,27147.32,2,0,0.0,0.0,13573.66,0.0,0.0,1.0,0.0,ACTIVE,HOTELS,7011,False
MCH1940,3,39340.33,3,0,0.0,0.0,13113.443333333335,0.0,0.0,1.0,0.0,ACTIVE,TRANSPORT,4131,True
MCH1941,1,13869.97,1,0,0.0,0.0,13869.97,0.0,0.0,1.0,0.0,SUSPENDED,TELECOM,4814,False
MCH1942,1,5436.71,1,0,1.0,1093.6,5436.71,1.0,0.20115106378673867,1.0,0.0,,,,
MCH1943,1,3564.81,1,0,0.0,0.0,3564.81,0.0,0.0,1.0,0.0,,,,
MCH1945,3,31398.44,2,1,0.0,0.0,10466.146666666666,0.0,0.0,0.6666666666666666,0.3333333333333333,,,,
MCH1946,3,67577.01,3,0,0.0,0.0,22525.67,0.0,0.0,1.0,0.0,ACTIVE,HOSPITALITY,7011,True
MCH1947,1,24917.45,0,1,0.0,0.0,24917.45,0.0,0.0,0.0,1.0,LIVE,GARMENTS,5699,True
MCH1948,3,35108.45,3,0,1.0,2554.87,11702.816666666666,0.3333333333333333,0.07277080019197658,1.0,0.0,ACTIVE,MOBILE RECHARGE,4814,True
MCH1949,6,67619.38,3,1,1.0,4072.76,11269.896666666667,0.16666666666666666,0.06023066168308553,0.5,0.16666666666666666,,,,
MCH1950,2,33720.29,2,0,0.0,0.0,16860.145,0.0,0.0,1.0,0.0,,,,
MCH1951,1,9600.51,1,0,1.0,1853.91,9600.51,1.0,0.1931053662774165,1.0,0.0,,,,
MCH1952,3,53266.84,2,1,0.0,0.0,17755.61333333333,0.0,0.0,0.6666666666666666,0.3333333333333333,INACTIVE,BOOKS,5942,False
MCH1953,3,33730.2,3,0,0.0,0.0,11243.4,0.0,0.0,1.0,0.0,ENABLED,HOTEL,7011,False
MCH1954,2,24795.64,2,0,0.0,0.0,12397.82,0.0,0.0,1.0,0.0,ACTIVE,TELECOM,,False
MCH1955,3,36876.950000000004,3,0,0.0,0.0,12292.316666666668,0.0,0.0,1.0,0.0,LIVE,RETAIL OTHER,5999,False
MCH1957,1,7537.63,1,0,0.0,0.0,7537.63,0.0,0.0,1.0,0.0,,,,
MCH1959,1,16490.66,1,0,0.0,0.0,16490.66,0.0,0.0,1.0,0.0,ACTIVE,PHARMACY,5912,True
MCH1960,4,44402.53,3,0,1.0,1273.0,11100.6325,0.25,0.028669537524100543,0.75,0.0,ACTIVE,KIRANA,5411,False
MCH1961,2,27969.56,2,0,0.0,0.0,13984.78,0.0,0.0,1.0,0.0,,,,
MCH1962,2,25302.84,2,0,1.0,2197.57,12651.42,0.5,0.08685072505695013,1.0,0.0,,,,
MCH1963,2,39088.69,2,0,1.0,3349.24,19544.345,0.5,0.08568309656834239,1.0,0.0,,,,
MCH1964,3,47725.380000000005,1,1,1.0,1419.0,15908.460000000001,0.3333333333333333,0.029732607681698917,0.3333333333333333,0.3333333333333333,,,,
MCH1965,1,15676.12,1,0,0.0,0.0,15676.12,0.0,0.0,1.0,0.0,ACTIVE,PHONE SERVICE,4814,True
MCH1966,1,17962.97,1,0,1.0,1782.96,17962.97,1.0,0.09925752812591682,1.0,0.0,SUSPENDED,TRAVEL,4131,False
MCH1967,1,359.4,1,0,1.0,268.44,359.4,1.0,0.7469115191986645,1.0,0.0,,,,
MCH1968,3,48701.12,3,0,2.0,2630.4500000000003,16233.706666666667,0.6666666666666666,0.05401210485508342,1.0,0.0,ENABLED,KIRANA,,False
MCH1969,3,41015.25,3,0,1.0,2301.83,13671.75,0.3333333333333333,0.05612132072826571,1.0,0.0,ENABLED,RETAIL,5311,True
MCH1970,2,16570.72,1,1,1.0,1310.19,8285.36,0.5,0.07906657043266678,0.5,0.5,,,,
MCH1971,7,66443.38,7,0,2.0,6259.0,9491.91142857143,0.2857142857142857,0.09420050575392161,1.0,0.0,ACTIVE,TELECOM,4814,True
MCH1972,2,24065.3,2,0,0.0,0.0,12032.65,0.0,0.0,1.0,0.0,,,,
MCH1973,2,7689.219999999999,2,0,1.0,0.0,3844.6099999999997,0.5,0.0,1.0,0.0,LIVE,CLOTHS,5699.0,True
MCH1974,2,22661.97,2,0,0.0,0.0,11330.985,0.0,0.0,1.0,0.0,ENABLED,TRANSPORT,4131,False
MCH1975,5,65697.86,5,0,1.0,18552.59,13139.572,0.2,0.28239260761309426,1.0,0.0,,,,
MCH1976,1,-10302.47,1,0,0.0,0.0,-10302.47,0.0,0.0,1.0,0.0,ENABLED,STATIONERY,5942,False
MCH1977,2,12914.08,1,1,0.0,0.0,6457.04,0.0,0.0,0.5,0.5,ENABLED,STATIONERY,5942,True
MCH1978,1,2752.0,1,0,0.0,0.0,2752.0,0.0,0.0,1.0,0.0,,,,
MCH1980,2,35488.53,2,0,0.0,0.0,17744.265,0.0,0.0,1.0,0.0,,,,
MCH1981,3,39439.51,2,1,1.0,21185.86,13146.503333333334,0.3333333333333333,0.5371735095086121,0.6666666666666666,0.3333333333333333,,,,
MCH1982,3,52420.51,3,0,0.0,0.0,17473.503333333334,0.0,0.0,1.0,0.0,ACTIVE,APPAREL,5699,False
MCH1983,2,18249.39,2,0,0.0,0.0,9124.695,0.0,0.0,1.0,0.0,ACTIVE,PHARMACY,5912,False
MCH1984,2,33246.090000000004,2,0,0.0,0.0,16623.045000000002,0.0,0.0,1.0,0.0,ACTIVE,FASHION,5699,False
MCH1985,2,32908.85,2,0,0.0,0.0,16454.425,0.0,0.0,1.0,0.0,,,,
MCH1986,2,5990.11,2,0,0.0,0.0,2995.055,0.0,0.0,1.0,0.0,ACTIVE,CLOTHING,5699,True
MCH1987,1,13948.54,1,0,0.0,0.0,13948.54,0.0,0.0,1.0,0.0,ENABLED,MOBILE RECHARGE,4814,False
MCH1988,2,13570.72,2,0,1.0,3737.05,6785.36,0.5,0.2753759564709905,1.0,0.0,,,,
MCH1989,2,11602.52,2,0,1.0,1792.1,5801.26,0.5,0.15445782467946617,1.0,0.0,,,,
MCH1990,4,25495.94,3,0,1.0,186.51,6373.985,0.25,0.007315282354759228,0.75,0.0,ACTIVE,HOSPITALITY,7011,True
MCH1991,3,31305.190000000002,2,1,1.0,2510.0,10435.063333333334,0.3333333333333333,0.08017839853391721,0.6666666666666666,0.3333333333333333,,,,
MCH1992,1,1788.71,0,0,0.0,0.0,1788.71,0.0,0.0,0.0,0.0,,,,
MCH1993,4,20903.91,4,0,1.0,5136.75,5225.9775,0.25,0.24573154017597665,1.0,0.0,ACTIVE,TELECOM,4814,False
MCH1995,2,36560.84,2,0,0.0,0.0,18280.42,0.0,0.0,1.0,0.0,DISABLED,BOOKS,5942,True
MCH1996,1,14036.28,1,0,0.0,0.0,14036.28,0.0,0.0,1.0,0.0,,,,
MCH1997,6,73325.52,3,3,0.0,0.0,12220.92,0.0,0.0,0.5,0.5,,,,
MCH1998,1,2431.74,1,0,0.0,0.0,2431.74,0.0,0.0,1.0,0.0,,,,
MCH1999,2,25838.03,1,0,0.0,0.0,12919.015,0.0,0.0,0.5,0.0,,,,
MCH2000,1,7883.25,0,1,1.0,1126.18,7883.25,1.0,0.14285732407319318,0.0,1.0,,,,
MCH2001,3,21633.46,2,1,1.0,7597.0,7211.153333333333,0.3333333333333333,0.35116897620630266,0.6666666666666666,0.3333333333333333,,,,
MCH2002,4,76617.24,3,1,1.0,722.5,19154.31,0.25,0.00942999251865507,0.75,0.25,,,,
MCH2003,3,43209.66,3,0,0.0,0.0,14403.220000000001,0.0,0.0,1.0,0.0,ACTIVE,DEPT_STORE,5311,False
MCH2004,3,43872.22,2,1,2.0,5552.969999999999,14624.073333333334,0.6666666666666666,0.12657143860055403,0.6666666666666666,0.3333333333333333,,,,
MCH2005,2,14798.779999999999,1,1,1.0,5160.27,7399.389999999999,0.5,0.348695635721323,0.5,0.5,,,,
MCH2006,3,49850.29,2,0,0.0,0.0,16616.763333333332,0.0,0.0,0.6666666666666666,0.0,,,,
MCH2007,2,27468.38,2,0,1.0,2742.66,13734.19,0.5,0.09984789783744072,1.0,0.0,ACTIVE,OTHER,5999,False
MCH2008,2,38167.67,2,0,1.0,1055.53,19083.835,0.5,0.027655080857699722,1.0,0.0,,,,
MCH2009,2,9248.8,2,0,0.0,0.0,4624.4,0.0,0.0,1.0,0.0,LIVE,GARMENTS,5699,False
MCH2010,4,56969.020000000004,3,1,1.0,478.93,14242.255000000001,0.25,0.008406849898418473,0.75,0.25,,,,
MCH2011,5,67524.08,5,0,0.0,0.0,13504.816,0.0,0.0,1.0,0.0,,,,
MCH2012,1,14939.0,1,0,1.0,1074.0,14939.0,1.0,0.07189236227324453,1.0,0.0,,,,
MCH2013,1,8361.48,1,0,0.0,0.0,8361.48,0.0,0.0,1.0,0.0,ENABLED,GROCERIES,5411,False
MCH2015,3,35337.12,3,0,0.0,0.0,11779.04,0.0,0.0,1.0,0.0,LIVE,PHONE SERVICE,4814,False
MCH2016,3,25181.46,1,2,0.0,0.0,8393.82,0.0,0.0,0.3333333333333333,0.6666666666666666,HOLD,RETAIL OTHER,5999,False
MCH2017,4,72500.19,2,2,0.0,0.0,18125.0475,0.0,0.0,0.5,0.5,,,,
MCH2018,1,20002.0,1,0,0.0,0.0,20002.0,0.0,0.0,1.0,0.0,,,,
MCH2019,1,2048.97,1,0,0.0,0.0,2048.97,0.0,0.0,1.0,0.0,LIVE,MISC RETAIL,5999,False
MCH2020,3,35428.14,3,0,0.0,0.0,11809.38,0.0,0.0,1.0,0.0,SUSPENDED,CLOTHS,5699.0,True
MCH2022,1,21581.05,1,0,0.0,0.0,21581.05,0.0,0.0,1.0,0.0,ACTIVE,MISC RETAIL,5999,False
MCH2023,2,34579.67,1,1,1.0,0.0,17289.835,0.5,0.0,0.5,0.5,,,,
MCH2024,4,67458.88,3,1,0.0,0.0,16864.72,0.0,0.0,0.75,0.25,ENABLED,TRANSPORTATION,4131,False
MCH2026,2,3173.6699999999983,1,1,1.0,3242.15,1586.8349999999991,0.5,1.0215775427186828,0.5,0.5,,,,
MCH2027,1,9710.64,1,0,0.0,0.0,9710.64,0.0,0.0,1.0,0.0,ACTIVE,DEPT_STORE,5311,False
MCH2028,3,35817.13,3,0,1.0,898.64,11939.043333333333,0.3333333333333333,0.025089670780433834,1.0,0.0,ACTIVE,PHONE SERVICE,4814,True
MCH2029,1,21929.0,1,0,0.0,0.0,21929.0,0.0,0.0,1.0,0.0,ACTIVE,MISC RETAIL,5999,False
MCH2030,3,51032.130000000005,3,0,0.0,0.0,17010.710000000003,0.0,0.0,1.0,0.0,ACTIVE,TRANSPORT,4131,False
MCH2031,1,20254.73,1,0,1.0,9250.0,20254.73,1.0,0.456683451223492,1.0,0.0,,,,
MCH2032,1,9877.08,0,1,0.0,0.0,9877.08,0.0,0.0,0.0,1.0,ACTIVE,FOOD_SERVICES,,False
MCH2033,2,-7823.630000000001,1,1,0.0,0.0,-3911.8150000000005,0.0,0.0,0.5,0.5,ACTIVE,GARMENTS,5699,False
MCH2034,4,36417.51,4,0,0.0,0.0,9104.3775,0.0,0.0,1.0,0.0,,,,
MCH2035,2,16251.42,2,0,0.0,0.0,8125.71,0.0,0.0,1.0,0.0,ENABLED,TRANSPORTATION,4131,False
MCH2037,3,51255.67,3,0,0.0,0.0,17085.22333333333,0.0,0.0,1.0,0.0,ACTIVE,GROCERY STORES,misc,True
MCH2038,2,-2090.4799999999996,2,0,0.0,0.0,-1045.2399999999998,0.0,0.0,1.0,0.0,ENABLED,HOTEL,7011,True
MCH2039,2,19129.36,1,1,0.0,0.0,9564.68,0.0,0.0,0.5,0.5,,,,
MCH2040,3,33300.07,3,0,1.0,372.08,11100.023333333333,0.3333333333333333,0.01117355008563045,1.0,0.0,ACTIVE,DEPT_STORE,5311,True
MCH2041,3,11505.87,1,2,0.0,0.0,3835.2900000000004,0.0,0.0,0.3333333333333333,0.6666666666666666,INACTIVE,TRAVEL,4131,False
MCH2042,2,31144.09,2,0,1.0,1528.43,15572.045,0.5,0.0490760847403151,1.0,0.0,ACTIVE,RETAIL,5311,False
MCH2044,1,4675.0,1,0,0.0,0.0,4675.0,0.0,0.0,1.0,0.0,ACTIVE,HOSPITALITY,7011,False
MCH2045,2,32799.54,2,0,1.0,792.99,16399.77,0.5,0.024176863456011884,1.0,0.0,ACTIVE,CLOTHS,5699,False
MCH2046,2,34553.11,2,0,0.0,0.0,17276.555,0.0,0.0,1.0,0.0,ACTIVE,KIRANA,5411,False
MCH2047,1,10744.0,1,0,0.0,0.0,10744.0,0.0,0.0,1.0,0.0,CLOSED,MISC RETAIL,5999,True
MCH2048,2,20606.44,2,0,2.0,2670.94,10303.22,1.0,0.1296167605855257,1.0,0.0,,,,
MCH2049,4,55502.009999999995,3,1,1.0,982.39,13875.502499999999,0.25,0.017700079690807596,0.75,0.25,,,,
MCH2050,3,20358.6,2,0,0.0,0.0,6786.2,0.0,0.0,0.6666666666666666,0.0,,,,
MCH2052,4,25675.82,3,1,0.0,0.0,6418.955,0.0,0.0,0.75,0.25,ENABLED,MISC RETAIL,5999,False
MCH2053,3,40454.18,2,1,0.0,0.0,13484.726666666667,0.0,0.0,0.6666666666666666,0.3333333333333333,,,,
MCH2054,3,50172.869999999995,2,1,1.0,1521.74,16724.289999999997,0.3333333333333333,0.03032993727486588,0.6666666666666666,0.3333333333333333,,,,
MCH2055,3,44399.72,3,0,0.0,0.0,14799.906666666668,0.0,0.0,1.0,0.0,,,,
MCH2056,2,39758.51,2,0,0.0,0.0,19879.255,0.0,0.0,1.0,0.0,ACTIVE,CLOTHS,5699,False
MCH2057,2,12100.21,1,0,0.0,0.0,6050.105,0.0,0.0,0.5,0.0,,,,
MCH2058,3,49717.41,2,1,0.0,0.0,16572.47,0.0,0.0,0.6666666666666666,0.3333333333333333,,,,
MCH2059,4,46073.33,4,0,2.0,-7727.83,11518.3325,0.5,-0.16772892256756783,1.0,0.0,,,,
MCH2060,2,6968.4400000000005,2,0,0.0,0.0,3484.2200000000003,0.0,0.0,1.0,0.0,ACTIVE,HOTEL,,False
MCH2061,4,64986.69,4,0,1.0,2625.77,16246.6725,0.25,0.04040473518500481,1.0,0.0,,,,
MCH2062,3,46967.24,3,0,0.0,0.0,15655.746666666666,0.0,0.0,1.0,0.0,,,,
MCH2063,3,18283.89,3,0,0.0,0.0,6094.63,0.0,0.0,1.0,0.0,ACTIVE,TRANSPRT,4131,False
MCH2064,1,15150.27,1,0,0.0,0.0,15150.27,0.0,0.0,1.0,0.0,ACTIVE,RESTAURANT,5812,False
MCH2065,3,47378.38,3,0,1.0,584.74,15792.793333333333,0.3333333333333333,0.012341916291776967,1.0,0.0,,,,
MCH2066,1,13771.0,1,0,0.0,0.0,13771.0,0.0,0.0,1.0,0.0,,,,
MCH2067,1,15236.34,1,0,0.0,0.0,15236.34,0.0,0.0,1.0,0.0,ACTIVE,GROCERY STORES,5411,True
MCH2070,3,24199.59,1,2,0.0,0.0,8066.53,0.0,0.0,0.3333333333333333,0.6666666666666666,,,,
MCH2071,1,5538.67,1,0,0.0,0.0,5538.67,0.0,0.0,1.0,0.0,ACTIVE,MOBILE RECHARGE,,False
MCH2073,3,23901.4,3,0,1.0,3655.6,7967.133333333334,0.3333333333333333,0.1529450157731346,1.0,0.0,,,,
MCH2074,2,25761.399999999998,2,0,2.0,-11544.45,12880.699999999999,1.0,-0.44812976002856997,1.0,0.0,ENABLED,FASHION,5699,True
MCH2075,3,41099.8,3,0,0.0,0.0,13699.933333333334,0.0,0.0,1.0,0.0,ACTIVE,CHEMIST,5912,False
MCH2076,4,65670.48999999999,2,2,1.0,2828.9,16417.622499999998,0.25,0.04307718733330603,0.5,0.5,ACTIVE,BOOK STORE,5942,False
MCH2077,1,10643.08,1,0,0.0,0.0,10643.08,0.0,0.0,1.0,0.0,ACTIVE,EATING PLACE,5812,True
MCH2078,3,37778.36,3,0,0.0,0.0,12592.786666666667,0.0,0.0,1.0,0.0,ACTIVE,DEPARTMENT STORES,5311,False
MCH2080,2,25163.910000000003,1,0,0.0,0.0,12581.955000000002,0.0,0.0,0.5,0.0,,,,
MCH2081,2,32464.26,2,0,0.0,0.0,16232.13,0.0,0.0,1.0,0.0,LIVE,DEPARTMENT STORES,5311,True
MCH2083,5,55230.95,5,0,2.0,2011.5900000000001,11046.189999999999,0.4,0.03642142675438319,1.0,0.0,SUSPENDED,MEDICAL_STORE,5912,False
MCH2084,1,-7565.31,1,0,0.0,0.0,-7565.31,0.0,0.0,1.0,0.0,LIVE,TRAVEL,4131,False
MCH2085,2,14625.49,2,0,0.0,0.0,7312.745,0.0,0.0,1.0,0.0,ACTIVE,TRANSPRT,4131,True
MCH2086,1,12823.62,1,0,0.0,0.0,12823.62,0.0,0.0,1.0,0.0,,,,
MCH2088,1,6558.25,1,0,1.0,-2328.13,6558.25,1.0,-0.35499256661456946,1.0,0.0,,,,
MCH2090,2,34952.17,2,0,1.0,9404.0,17476.085,0.5,0.26905339496803776,1.0,0.0,ENABLED,EATING PLACE,5812.0,False
MCH2091,1,19339.3,0,1,0.0,0.0,19339.3,0.0,0.0,0.0,1.0,,,,
MCH2092,3,41910.05,2,1,1.0,2142.84,13970.016666666668,0.3333333333333333,0.051129502350868106,0.6666666666666666,0.3333333333333333,LIVE,TRANSPORTATION,4131,False
MCH2093,1,17706.6,1,0,0.0,0.0,17706.6,0.0,0.0,1.0,0.0,ACTIVE,MISC RETAIL,,False
MCH2094,2,13454.29,2,0,0.0,0.0,6727.145,0.0,0.0,1.0,0.0,ACTIVE,GROCERY,5411,False
MCH2095,2,40118.64,2,0,0.0,0.0,20059.32,0.0,0.0,1.0,0.0,,,,
MCH2096,2,31054.03,2,0,0.0,0.0,15527.015,0.0,0.0,1.0,0.0,ENABLED,TELECOM,4814,True
MCH2097,1,15505.62,1,0,0.0,0.0,15505.62,0.0,0.0,1.0,0.0,,,,
MCH2098,5,8462.619999999999,5,0,2.0,-801.83,1692.524,0.4,-0.09474961654901203,1.0,0.0,ENABLED,TRANSPRT,4131.0,False
MCH2099,4,54436.18,2,2,1.0,1211.72,13609.045,0.25,0.022259460527906255,0.5,0.5,ACTIVE,APPAREL,UNKNOWN,True
MCH2100,2,32783.649999999994,1,1,1.0,1181.22,16391.824999999997,0.5,0.036030765335769516,0.5,0.5,ENABLED,HOSPITALITY,7011,False
MCH2101,2,9546.630000000001,2,0,1.0,1002.59,4773.3150000000005,0.5,0.10502030559474913,1.0,0.0,,,,
MCH2102,2,30206.34,2,0,1.0,-5943.18,15103.17,0.5,-0.1967527346907967,1.0,0.0,ACTIVE,RESTAURANT,5812,False
MCH2103,6,58524.52,5,1,0.0,0.0,9754.086666666666,0.0,0.0,0.8333333333333334,0.16666666666666666,,,,
MCH2104,4,52405.5,4,0,2.0,2766.33,13101.375,0.5,0.05278701662993388,1.0,0.0,SUSPENDED,FASHION,,False
MCH2105,3,22808.61,2,1,1.0,1336.86,7602.87,0.3333333333333333,0.058612076755225326,0.6666666666666666,0.3333333333333333,ACTIVE,CHEMIST,5912,True
MCH2106,2,14559.54,2,0,0.0,0.0,7279.77,0.0,0.0,1.0,0.0,INACTIVE,RETAIL OTHER,5999,False
MCH2107,3,23666.32,3,0,1.0,4311.27,7888.7733333333335,0.3333333333333333,0.182169006419249,1.0,0.0,ACTIVE,PHARMACIES,5912,False
MCH2108,4,55985.57000000001,3,0,0.0,0.0,13996.392500000002,0.0,0.0,0.75,0.0,SUSPENDED,CHEMIST,5912,False
MCH2109,6,39254.26,5,0,0.0,0.0,6542.376666666667,0.0,0.0,0.8333333333333334,0.0,,,,
MCH2110,3,48041.729999999996,3,0,0.0,0.0,16013.909999999998,0.0,0.0,1.0,0.0,,,,
MCH2111,1,23856.92,1,0,1.0,4006.77,23856.92,1.0,0.16795001198813594,1.0,0.0,LIVE,HOTELS,7011,False
MCH2113,1,3358.03,1,0,0.0,0.0,3358.03,0.0,0.0,1.0,0.0,,,,
MCH2114,3,39893.46,3,0,0.0,0.0,13297.82,0.0,0.0,1.0,0.0,,,,
MCH2116,3,13320.55,2,1,0.0,0.0,4440.183333333333,0.0,0.0,0.6666666666666666,0.3333333333333333,ACTIVE,GARMENTS,5699,False
MCH2117,1,13621.76,1,0,1.0,2052.97,13621.76,1.0,0.15071253641232848,1.0,0.0,ACTIVE,HOSPITALITY,,False
MCH2118,5,89912.89,4,0,0.0,0.0,17982.578,0.0,0.0,0.8,0.0,ENABLED,STATIONERY,5942,True
MCH2119,2,32250.01,2,0,0.0,0.0,16125.005,0.0,0.0,1.0,0.0,INACTIVE,APPAREL,5699,False
MCH2120,2,26189.6,2,0,0.0,0.0,13094.8,0.0,0.0,1.0,0.0,LIVE,HOTEL_LODGING,7011,True
MCH2121,1,7358.75,1,0,1.0,2090.0,7358.75,1.0,0.2840156276541532,1.0,0.0,,,,
MCH2122,3,43546.98,2,1,0.0,0.0,14515.660000000002,0.0,0.0,0.6666666666666666,0.3333333333333333,LIVE,MEDICAL_STORE,UNKNOWN,False
MCH2123,3,63316.33,3,0,0.0,0.0,21105.443333333333,0.0,0.0,1.0,0.0,ACTIVE,CHEMIST,5912,True
MCH2124,1,7416.0,1,0,0.0,0.0,7416.0,0.0,0.0,1.0,0.0,ACTIVE,TRANSPORT,4131,False
MCH2125,1,7303.76,1,0,0.0,0.0,7303.76,0.0,0.0,1.0,0.0,,,,
MCH2127,2,45525.74,2,0,0.0,0.0,22762.87,0.0,0.0,1.0,0.0,,,,
MCH2128,1,-11087.0,1,0,0.0,0.0,-11087.0,0.0,0.0,1.0,0.0,LIVE,FOOD_SERVICES,5812,False
MCH2129,1,5254.52,1,0,0.0,0.0,5254.52,0.0,0.0,1.0,0.0,ACTIVE,PHARMACY,5912,False
MCH2130,1,4410.47,1,0,0.0,0.0,4410.47,0.0,0.0,1.0,0.0,,,,
MCH2131,2,15310.7,2,0,1.0,1855.84,7655.35,0.5,0.12121196287563599,1.0,0.0,LIVE,CLOTHING,5699,False
MCH2132,6,48956.75,4,2,0.0,0.0,8159.458333333333,0.0,0.0,0.6666666666666666,0.3333333333333333,,,,
MCH2133,5,75908.25,5,0,0.0,0.0,15181.65,0.0,0.0,1.0,0.0,ACTIVE,MISC RETAIL,5999,True
MCH2134,3,40410.35,3,0,0.0,0.0,13470.116666666667,0.0,0.0,1.0,0.0,,,,
MCH2136,2,9832.19,1,0,0.0,0.0,4916.095,0.0,0.0,0.5,0.0,,,,
MCH2137,2,20267.42,2,0,1.0,6720.23,10133.71,0.5,0.3315779709504219,1.0,0.0,ACTIVE,CLOTHS,5699.0,True
MCH2138,3,49383.56,3,0,1.0,3985.84,16461.186666666665,0.3333333333333333,0.08071188063395997,1.0,0.0,,,,
MCH2139,1,5081.12,1,0,0.0,0.0,5081.12,0.0,0.0,1.0,0.0,ACTIVE,STATIONERY,5942,False
MCH2140,2,33279.83,2,0,1.0,4272.46,16639.915,0.5,0.12837986251732655,1.0,0.0,,,,
MCH2142,4,43854.89,4,0,0.0,0.0,10963.7225,0.0,0.0,1.0,0.0,ACTIVE,BOOKS_STATIONERY,5942,False
MCH2143,1,22755.8,1,0,1.0,740.85,22755.8,1.0,0.03255653503722128,1.0,0.0,,,,
MCH2144,3,27110.68,3,0,1.0,1720.02,9036.893333333333,0.3333333333333333,0.06344436952522031,1.0,0.0,ACTIVE,BOOKS,5942,False
MCH2145,1,16674.52,1,0,0.0,0.0,16674.52,0.0,0.0,1.0,0.0,,,,
MCH2146,1,10732.53,1,0,0.0,0.0,10732.53,0.0,0.0,1.0,0.0,,,,
MCH2147,2,24150.93,2,0,0.0,0.0,12075.465,0.0,0.0,1.0,0.0,,,,
MCH2148,4,55881.91,4,0,0.0,0.0,13970.4775,0.0,0.0,1.0,0.0,LIVE,PHARMACY,5912.0,False
MCH2149,4,15376.669999999998,3,1,2.0,813.4,3844.1674999999996,0.5,0.05289831933702161,0.75,0.25,ACTIVE,STATIONERY,5942,True
MCH2150,5,67123.52,5,0,1.0,378.3,13424.704000000002,0.2,0.005635878452143153,1.0,0.0,,,,
MCH2151,1,9770.15,0,1,1.0,3127.0,9770.15,1.0,0.3200564986207991,0.0,1.0,,,,
MCH2152,4,66955.2,2,1,0.0,0.0,16738.8,0.0,0.0,0.5,0.25,ACTIVE,STATIONERY,5942,False
MCH2153,1,6514.57,1,0,0.0,0.0,6514.57,0.0,0.0,1.0,0.0,LIVE,CLOTHS,5699,False
MCH2155,3,47809.380000000005,2,1,1.0,2042.84,15936.460000000001,0.3333333333333333,0.04272885362663142,0.6666666666666666,0.3333333333333333,ACTIVE,MOBILE RECHARGE,4814,False
MCH2156,3,47194.729999999996,3,0,0.0,0.0,15731.576666666666,0.0,0.0,1.0,0.0,,,,
MCH2157,2,41201.81,2,0,0.0,0.0,20600.905,0.0,0.0,1.0,0.0,ACTIVE,PHARMACIES,5912,True
MCH2158,1,9070.95,1,0,0.0,0.0,9070.95,0.0,0.0,1.0,0.0,,,,
MCH2159,1,15567.51,1,0,0.0,0.0,15567.51,0.0,0.0,1.0,0.0,ACTIVE,FOOD,5812,False
MCH2160,2,34005.6,1,1,0.0,0.0,17002.8,0.0,0.0,0.5,0.5,,,,
MCH2161,1,5930.96,1,0,0.0,0.0,5930.96,0.0,0.0,1.0,0.0,,,,
MCH2162,1,9497.55,1,0,0.0,0.0,9497.55,0.0,0.0,1.0,0.0,,,,
MCH2163,5,55416.53,4,1,0.0,0.0,11083.306,0.0,0.0,0.8,0.2,,,,
MCH2164,1,9505.2,1,0,1.0,896.23,9505.2,1.0,0.09428838951310861,1.0,0.0,,,,
MCH2165,2,-4359.470000000001,2,0,0.0,0.0,-2179.7350000000006,0.0,0.0,1.0,0.0,ACTIVE,MEDICAL_STORE,5912,False
MCH2166,5,45674.83,5,0,0.0,0.0,9134.966,0.0,0.0,1.0,0.0,ACTIVE,PHARMACY,5912,False
MCH2167,2,28156.120000000003,2,0,0.0,0.0,14078.060000000001,0.0,0.0,1.0,0.0,,,,
MCH2169,2,32547.79,2,0,1.0,9661.7,16273.895,0.5,0.29684657545105214,1.0,0.0,ACTIVE,FOOD,5812,True
MCH2170,2,8471.92,2,0,0.0,0.0,4235.96,0.0,0.0,1.0,0.0,,,,
MCH2171,1,2488.87,1,0,0.0,0.0,2488.87,0.0,0.0,1.0,0.0,,,,
MCH2172,1,2857.91,1,0,0.0,0.0,2857.91,0.0,0.0,1.0,0.0,ACTIVE,HOTEL,7011,True
MCH2173,2,42995.19,2,0,1.0,1619.1,21497.595,0.5,0.03765770078001748,1.0,0.0,,,,
MCH2174,1,24449.17,1,0,0.0,0.0,24449.17,0.0,0.0,1.0,0.0,DISABLED,HOTEL,7011,False
MCH2175,3,41272.25,2,1,0.0,0.0,13757.416666666666,0.0,0.0,0.6666666666666666,0.3333333333333333,,,,
MCH2176,3,745.8199999999997,2,1,0.0,0.0,248.60666666666657,0.0,0.0,0.6666666666666666,0.3333333333333333,,,,
MCH2177,1,22657.29,1,0,0.0,0.0,22657.29,0.0,0.0,1.0,0.0,ACTIVE,GROCERIES,5411,True
MCH2178,2,30739.93,2,0,0.0,0.0,15369.965,0.0,0.0,1.0,0.0,,,,
MCH2179,5,41623.73,3,1,3.0,6273.360000000001,8324.746000000001,0.6,0.15071594977192096,0.6,0.2,ACTIVE,FASHION,5699,True
MCH2180,1,1564.0,1,0,1.0,1345.79,1564.0,1.0,0.8604795396419437,1.0,0.0,LIVE,APPAREL,,False
MCH2182,3,34814.96,3,0,0.0,0.0,11604.986666666666,0.0,0.0,1.0,0.0,,,,
MCH2183,3,40942.72,3,0,0.0,0.0,13647.573333333334,0.0,0.0,1.0,0.0,ACTIVE,TRAVEL,4131,False
MCH2184,1,10074.81,1,0,0.0,0.0,10074.81,0.0,0.0,1.0,0.0,,,,
MCH2185,2,20256.780000000002,2,0,0.0,0.0,10128.390000000001,0.0,0.0,1.0,0.0,SUSPENDED,MEDICAL,,False
MCH2186,2,25772.760000000002,2,0,0.0,0.0,12886.380000000001,0.0,0.0,1.0,0.0,ENABLED,MEDICAL,5912,False
MCH2187,2,12208.18,2,0,1.0,-443.81,6104.09,0.5,-0.03635349413262255,1.0,0.0,LIVE,RETAIL OTHER,5999,False
MCH2188,2,28878.5,1,0,0.0,0.0,14439.25,0.0,0.0,0.5,0.0,ACTIVE,FASHION,5699,False
MCH2189,3,51970.380000000005,3,0,0.0,0.0,17323.460000000003,0.0,0.0,1.0,0.0,ENABLED,RETAIL,5311,False
MCH2190,5,63843.240000000005,4,1,0.0,0.0,12768.648000000001,0.0,0.0,0.8,0.2,,,,
MCH2191,2,35643.37,2,0,0.0,0.0,17821.685,0.0,0.0,1.0,0.0,ACTIVE,RETAIL OTHER,5999,True
MCH2193,1,20108.0,0,1,0.0,0.0,20108.0,0.0,0.0,0.0,1.0,,,,
MCH2194,1,1671.6,1,0,0.0,0.0,1671.6,0.0,0.0,1.0,0.0,,,,
MCH2195,6,107960.54,5,0,1.0,3750.2,17993.423333333332,0.16666666666666666,0.034736765859081475,0.8333333333333334,0.0,,,,
MCH2196,3,19949.059999999998,3,0,0.0,0.0,6649.686666666666,0.0,0.0,1.0,0.0,ACTIVE,TRANSPRT,4131.0,False
MCH2198,2,2112.73,2,0,0.0,0.0,1056.365,0.0,0.0,1.0,0.0,ACTIVE,RESTAURANT,5812.0,False
MCH2199,2,33822.37,1,1,0.0,0.0,16911.185,0.0,0.0,0.5,0.5,SUSPENDED,DEPARTMENT STORES,5311,False
MCH2200,3,6660.8,3,0,0.0,0.0,2220.266666666667,0.0,0.0,1.0,0.0,LIVE,TELECOM,4814,False
MCH2201,2,17207.39,2,0,0.0,0.0,8603.695,0.0,0.0,1.0,0.0,LIVE,EATING PLACE,5812,True
MCH2202,2,29518.59,2,0,0.0,0.0,14759.295,0.0,0.0,1.0,0.0,HOLD,PHARMACY,5912.0,False
MCH2203,2,31522.02,1,1,0.0,0.0,15761.01,0.0,0.0,0.5,0.5,ACTIVE,RESTAURANT,5812,False
MCH2204,2,19604.760000000002,0,2,2.0,12187.4,9802.380000000001,1.0,0.6216551490556375,0.0,1.0,,,,
MCH2205,2,38957.09,1,1,0.0,0.0,19478.545,0.0,0.0,0.5,0.5,DISABLED,MISCELLANEOUS,5999,True
MCH2206,5,51189.130000000005,3,1,0.0,0.0,10237.826000000001,0.0,0.0,0.6,0.2,,,,
MCH2207,4,47919.89,2,0,0.0,0.0,11979.9725,0.0,0.0,0.5,0.0,,,,
MCH2209,3,50120.979999999996,1,2,0.0,0.0,16706.993333333332,0.0,0.0,0.3333333333333333,0.6666666666666666,,,,
MCH2210,2,31026.28,1,1,0.0,0.0,15513.14,0.0,0.0,0.5,0.5,,,,
MCH2211,1,19337.72,0,1,0.0,0.0,19337.72,0.0,0.0,0.0,1.0,ACTIVE,BOOKS_STATIONERY,5942,False
MCH2213,1,6476.91,1,0,1.0,1101.8,6476.91,1.0,0.1701119824113659,1.0,0.0,ACTIVE,HOTEL,7011,False
MCH2214,1,18001.79,1,0,0.0,0.0,18001.79,0.0,0.0,1.0,0.0,LIVE,TRANSPORT,4131,False
MCH2215,1,16087.81,1,0,0.0,0.0,16087.81,0.0,0.0,1.0,0.0,ACTIVE,HOSPITALITY,7011,False
MCH2216,6,76672.53,5,1,0.0,0.0,12778.755,0.0,0.0,0.8333333333333334,0.16666666666666666,,,,
MCH2217,3,22639.0,2,1,0.0,0.0,7546.333333333333,0.0,0.0,0.6666666666666666,0.3333333333333333,ACTIVE,GROCERY STORES,5411,False
MCH2218,5,73983.59,5,0,0.0,0.0,14796.717999999999,0.0,0.0,1.0,0.0,LIVE,HOTEL_LODGING,7011,False
MCH2219,5,38882.89,5,0,0.0,0.0,7776.5779999999995,0.0,0.0,1.0,0.0,,,,
MCH2220,4,38332.21,4,0,0.0,0.0,9583.0525,0.0,0.0,1.0,0.0,ENABLED,DEPT_STORE,5311,False
MCH2221,5,71939.28,5,0,2.0,4549.21,14387.856,0.4,0.06323680192517912,1.0,0.0,,,,
MCH2222,5,52578.99,4,1,2.0,13544.7,10515.797999999999,0.4,0.25760669803661124,0.8,0.2,ACTIVE,CLOTHS,UNKNOWN,False
MCH2223,1,1864.0,0,1,1.0,1023.96,1864.0,1.0,0.5493347639484979,0.0,1.0,LIVE,MOBILE RECHARGE,4814,True
MCH2224,1,14135.01,1,0,0.0,0.0,14135.01,0.0,0.0,1.0,0.0,ACTIVE,FOOD_SERVICES,5812,True
MCH2225,1,461.0,1,0,0.0,0.0,461.0,0.0,0.0,1.0,0.0,,,,
MCH2226,2,25783.09,1,1,0.0,0.0,12891.545,0.0,0.0,0.5,0.5,,,,
MCH2227,1,22449.4,1,0,0.0,0.0,22449.4,0.0,0.0,1.0,0.0,,,,
MCH2228,1,869.08,1,0,0.0,0.0,869.08,0.0,0.0,1.0,0.0,,,,
MCH2229,4,40179.16,4,0,0.0,0.0,10044.79,0.0,0.0,1.0,0.0,ENABLED,DEPT_STORE,5311,True
MCH2230,5,20247.04,4,1,1.0,2090.68,4049.4080000000004,0.2,0.10325855038563661,0.8,0.2,,,,
MCH2231,4,36854.57,4,0,2.0,2961.6800000000003,9213.6425,0.5,0.08036126862964349,1.0,0.0,INACTIVE,HOTEL_LODGING,7011,False
MCH2232,5,69073.65,4,1,0.0,0.0,13814.73,0.0,0.0,0.8,0.2,ACTIVE,DEPARTMENT STORE,5311,True
MCH2233,3,36980.75,2,0,0.0,0.0,12326.916666666666,0.0,0.0,0.6666666666666666,0.0,,,,
MCH2234,3,23290.989999999998,3,0,0.0,0.0,7763.663333333333,0.0,0.0,1.0,0.0,,,,
MCH2235,2,27380.3,2,0,1.0,1443.57,13690.15,0.5,0.05272294313794955,1.0,0.0,,,,
MCH2236,2,15440.4,2,0,0.0,0.0,7720.2,0.0,0.0,1.0,0.0,INACTIVE,DEPT_STORE,5311.0,True
MCH2237,2,18167.0,2,0,0.0,0.0,9083.5,0.0,0.0,1.0,0.0,LIVE,TELECOM,4814,False
MCH2239,2,15263.88,2,0,2.0,3403.35,7631.94,1.0,0.22296755477637403,1.0,0.0,,,,
MCH2240,2,5027.91,2,0,0.0,0.0,2513.955,0.0,0.0,1.0,0.0,LIVE,MEDICAL,5912,False
MCH2241,1,585.95,1,0,0.0,0.0,585.95,0.0,0.0,1.0,0.0,LIVE,BOOKS_STATIONERY,5942,False
MCH2243,2,24611.25,1,0,0.0,0.0,12305.625,0.0,0.0,0.5,0.0,,,,
MCH2244,1,7504.14,1,0,0.0,0.0,7504.14,0.0,0.0,1.0,0.0,CLOSED,CHEMIST,5912,False
MCH2245,4,32597.91,4,0,0.0,0.0,8149.4775,0.0,0.0,1.0,0.0,,,,
MCH2246,2,35789.11,2,0,0.0,0.0,17894.555,0.0,0.0,1.0,0.0,,,,
MCH2247,3,21859.239999999998,3,0,2.0,5066.5,7286.413333333333,0.6666666666666666,0.2317784149860654,1.0,0.0,,,,
MCH2248,2,26698.489999999998,1,1,0.0,0.0,13349.244999999999,0.0,0.0,0.5,0.5,INACTIVE,RESTAURANT,5812,False
MCH2249,3,33508.229999999996,3,0,0.0,0.0,11169.409999999998,0.0,0.0,1.0,0.0,LIVE,HOTEL_LODGING,7011,True
MCH2250,1,22869.59,1,0,0.0,0.0,22869.59,0.0,0.0,1.0,0.0,CLOSED,TRANSPORTATION,4131,True
MCH2251,2,23281.969999999998,2,0,0.0,0.0,11640.984999999999,0.0,0.0,1.0,0.0,,,,
MCH2252,1,19676.53,1,0,1.0,2490.54,19676.53,1.0,0.12657414696595387,1.0,0.0,,,,
MCH2253,3,19514.75,3,0,0.0,0.0,6504.916666666667,0.0,0.0,1.0,0.0,,,,
MCH2254,1,23288.98,1,0,0.0,0.0,23288.98,0.0,0.0,1.0,0.0,,,,
MCH2255,1,15749.22,1,0,1.0,2760.0,15749.22,1.0,0.1752467741259567,1.0,0.0,LIVE,DEPARTMENT STORES,5311,False
MCH2256,3,19553.67,3,0,1.0,540.0,6517.889999999999,0.3333333333333333,0.027616299139752283,1.0,0.0,,,,
MCH2257,3,56657.09,3,0,1.0,13713.48,18885.696666666667,0.3333333333333333,0.24204349358571012,1.0,0.0,LIVE,DEPARTMENT STORES,5311,False
MCH2258,5,83676.79,4,1,0.0,0.0,16735.358,0.0,0.0,0.8,0.2,ACTIVE,DEPT_STORE,5311,False
MCH2259,3,60246.369999999995,3,0,0.0,0.0,20082.123333333333,0.0,0.0,1.0,0.0,,,,
MCH2260,2,12406.83,1,0,0.0,0.0,6203.415,0.0,0.0,0.5,0.0,,,,
MCH2261,2,20879.83,1,0,0.0,0.0,10439.915,0.0,0.0,0.5,0.0,ACTIVE,RESTAURANT,5812,False
MCH2262,1,13017.81,0,1,1.0,1339.16,13017.81,1.0,0.10287137391005094,0.0,1.0,,,,
MCH2263,1,19668.45,1,0,0.0,0.0,19668.45,0.0,0.0,1.0,0.0,ACTIVE,DEPARTMENT STORE,5311,False
MCH2264,3,47089.01,2,0,1.0,8836.22,15696.336666666668,0.3333333333333333,0.18764930500768648,0.6666666666666666,0.0,SUSPENDED,RETAIL,5311,True
MCH2265,2,41674.94,1,0,1.0,6925.85,20837.47,0.5,0.16618740182949274,0.5,0.0,DISABLED,PHARMACIES,UNKNOWN,True
MCH2266,1,6862.64,1,0,0.0,0.0,6862.64,0.0,0.0,1.0,0.0,ACTIVE,CHEMIST,5912,False
MCH2267,3,20843.0,3,0,0.0,0.0,6947.666666666667,0.0,0.0,1.0,0.0,ENABLED,HOTEL_LODGING,7011,False
MCH2268,2,29980.65,2,0,0.0,0.0,14990.325,0.0,0.0,1.0,0.0,ACTIVE,MISCELLANEOUS,5999,False
MCH2269,4,24810.1,3,1,2.0,2993.44,6202.525,0.5,0.12065408845591111,0.75,0.25,ACTIVE,HOTEL,7011,False
MCH2270,4,48727.52,4,0,1.0,10111.0,12181.88,0.25,0.2075008126824431,1.0,0.0,,,,
MCH2271,1,8187.26,0,0,0.0,0.0,8187.26,0.0,0.0,0.0,0.0,,,,
MCH2272,2,30204.35,2,0,1.0,0.0,15102.175,0.5,0.0,1.0,0.0,,,,
MCH2273,1,16094.6,1,0,0.0,0.0,16094.6,0.0,0.0,1.0,0.0,,,,
MCH2274,4,33557.17,3,1,0.0,0.0,8389.2925,0.0,0.0,0.75,0.25,ACTIVE,OTHER,5999,True
MCH2275,3,35602.96,2,1,2.0,7960.18,11867.653333333334,0.6666666666666666,0.2235819718360496,0.6666666666666666,0.3333333333333333,,,,
MCH2278,2,15173.699999999999,1,1,1.0,1538.0,7586.849999999999,0.5,0.10135958928936252,0.5,0.5,ACTIVE,HOTEL_LODGING,7011,False
MCH2279,1,19991.01,1,0,0.0,0.0,19991.01,0.0,0.0,1.0,0.0,LIVE,PHARMACIES,5912,False
MCH2280,1,4164.72,1,0,0.0,0.0,4164.72,0.0,0.0,1.0,0.0,,,,
MCH2281,2,40163.55,2,0,0.0,0.0,20081.775,0.0,0.0,1.0,0.0,,,,
MCH2282,2,29874.92,1,1,0.0,0.0,14937.46,0.0,0.0,0.5,0.5,LIVE,RETAIL,,False
MCH2284,3,42912.04,3,0,0.0,0.0,14304.013333333334,0.0,0.0,1.0,0.0,SUSPENDED,APPAREL,5699,True
MCH2285,1,729.75,1,0,0.0,0.0,729.75,0.0,0.0,1.0,0.0,,,,
MCH2286,3,41596.0,3,0,0.0,0.0,13865.333333333334,0.0,0.0,1.0,0.0,,,,
MCH2287,4,60592.509999999995,2,2,0.0,0.0,15148.127499999999,0.0,0.0,0.5,0.5,ENABLED,MEDICAL,5912,False
MCH2288,1,18424.47,1,0,0.0,0.0,18424.47,0.0,0.0,1.0,0.0,,,,
MCH2289,3,11645.79,2,0,0.0,0.0,3881.9300000000003,0.0,0.0,0.6666666666666666,0.0,LIVE,FOOD,5812,True
MCH2291,3,45076.649999999994,3,0,0.0,0.0,15025.549999999997,0.0,0.0,1.0,0.0,,,,
MCH2292,1,10550.14,1,0,0.0,0.0,10550.14,0.0,0.0,1.0,0.0,,,,
MCH2293,1,13310.55,0,0,0.0,0.0,13310.55,0.0,0.0,0.0,0.0,ACTIVE,TELECOM,4814,False
MCH2294,3,31284.67,3,0,0.0,0.0,10428.223333333333,0.0,0.0,1.0,0.0,,,,
MCH2295,2,25961.04,1,1,0.0,0.0,12980.52,0.0,0.0,0.5,0.5,,,,
MCH2296,2,31498.239999999998,1,0,0.0,0.0,15749.119999999999,0.0,0.0,0.5,0.0,ACTIVE,BUS/TAXI,4131,False
MCH2297,2,11382.68,1,1,0.0,0.0,5691.34,0.0,0.0,0.5,0.5,ACTIVE,BOOKS_STATIONERY,5942,False
MCH2298,5,82955.69,3,2,0.0,0.0,16591.138,0.0,0.0,0.6,0.4,,,,
MCH2299,6,100456.55,4,0,1.0,1289.49,16742.758333333335,0.16666666666666666,0.01283629589110914,0.6666666666666666,0.0,ACTIVE,TRAVEL,4131,True
MCH2300,4,48291.32,3,1,0.0,0.0,12072.83,0.0,0.0,0.75,0.25,,,,
MCH2301,6,94488.45,6,0,2.0,5267.09,15748.074999999999,0.3333333333333333,0.05574321517603475,1.0,0.0,,,,
MCH2302,4,80759.76999999999,3,1,0.0,0.0,20189.942499999997,0.0,0.0,0.75,0.25,LIVE,BOOK STORE,5942,False
MCH2303,3,56415.71000000001,2,0,1.0,-447.83,18805.236666666668,0.3333333333333333,-0.0079380371176752,0.6666666666666666,0.0,,,,
MCH2304,2,22132.739999999998,2,0,1.0,330.73,11066.369999999999,0.5,0.014943021062914038,1.0,0.0,,,,
MCH2305,1,13724.0,1,0,0.0,0.0,13724.0,0.0,0.0,1.0,0.0,,,,
MCH2306,2,37347.03,2,0,1.0,802.62,18673.515,0.5,0.021490865538705488,1.0,0.0,ACTIVE,HOTEL_LODGING,7011,False
MCH2307,2,25527.92,1,0,0.0,0.0,12763.96,0.0,0.0,0.5,0.0,,,,
MCH2308,1,21112.21,1,0,0.0,0.0,21112.21,0.0,0.0,1.0,0.0,INACTIVE,DEPT_STORE,5311,False
MCH2309,2,39843.73,1,1,0.0,0.0,19921.865,0.0,0.0,0.5,0.5,ACTIVE,DEPT_STORE,5311,True
MCH2310,1,8163.09,1,0,0.0,0.0,8163.09,0.0,0.0,1.0,0.0,DISABLED,GROCERY STORES,5411,True
MCH2311,3,45286.47,2,0,0.0,0.0,15095.49,0.0,0.0,0.6666666666666666,0.0,,,,
MCH2313,1,2239.66,1,0,0.0,0.0,2239.66,0.0,0.0,1.0,0.0,CLOSED,RETAIL OTHER,5999,False
MCH2314,3,26486.449999999997,3,0,0.0,0.0,8828.816666666666,0.0,0.0,1.0,0.0,ACTIVE,FOOD,misc,False
MCH2315,4,33341.3,4,0,0.0,0.0,8335.325,0.0,0.0,1.0,0.0,,,,
MCH2316,3,22306.46,3,0,0.0,0.0,7435.486666666667,0.0,0.0,1.0,0.0,,,,
MCH2318,1,8849.92,1,0,0.0,0.0,8849.92,0.0,0.0,1.0,0.0,,,,
MCH2320,3,22240.37,3,0,1.0,1038.0,7413.456666666666,0.3333333333333333,0.04667188540478419,1.0,0.0,,,,
MCH2321,4,29139.92,4,0,1.0,4196.87,7284.98,0.25,0.14402476053468918,1.0,0.0,,,,
MCH2322,4,62050.69,3,1,1.0,7022.75,15512.6725,0.25,0.11317762945101818,0.75,0.25,,,,
MCH2323,3,26913.17,3,0,0.0,0.0,8971.056666666665,0.0,0.0,1.0,0.0,,,,
MCH2324,1,12011.12,0,0,0.0,0.0,12011.12,0.0,0.0,0.0,0.0,,,,
MCH2325,3,45856.48,2,1,1.0,320.6,15285.493333333334,0.3333333333333333,0.0069913783177426615,0.6666666666666666,0.3333333333333333,,,,
MCH2326,3,30384.660000000003,3,0,0.0,0.0,10128.220000000001,0.0,0.0,1.0,0.0,,,,
MCH2327,1,24722.0,0,1,0.0,0.0,24722.0,0.0,0.0,0.0,1.0,ACTIVE,FOOD,5812,True
MCH2328,1,21493.0,0,1,0.0,0.0,21493.0,0.0,0.0,0.0,1.0,,,,
MCH2329,4,36252.13,4,0,1.0,2025.66,9063.0325,0.25,0.055876992607055094,1.0,0.0,,,,
MCH2330,2,27973.7,1,1,0.0,0.0,13986.85,0.0,0.0,0.5,0.5,,,,
MCH2331,1,5393.39,1,0,0.0,0.0,5393.39,0.0,0.0,1.0,0.0,,,,
MCH2332,1,8884.78,1,0,0.0,0.0,8884.78,0.0,0.0,1.0,0.0,ENABLED,HOSPITALITY,7011,False
MCH2333,2,25604.6,2,0,0.0,0.0,12802.3,0.0,0.0,1.0,0.0,,,,
MCH2334,1,8344.14,0,1,2.0,6401.09,8344.14,2.0,0.7671359780636471,0.0,1.0,,,,
MCH2335,5,42108.65,4,1,1.0,1719.0,8421.73,0.2,0.04082296630264803,0.8,0.2,ACTIVE,MISCELLANEOUS,5999.0,False
MCH2337,4,57744.740000000005,4,0,1.0,1017.0,14436.185000000001,0.25,0.017611993750426443,1.0,0.0,,,,
MCH2338,4,42207.630000000005,4,0,1.0,1195.71,10551.907500000001,0.25,0.028329238102210427,1.0,0.0,,,,
MCH2340,1,6575.0,1,0,1.0,1173.01,6575.0,1.0,0.17840456273764257,1.0,0.0,,,,
MCH2341,5,81884.74,3,2,0.0,0.0,16376.948,0.0,0.0,0.6,0.4,,,,
MCH2342,1,23886.65,1,0,0.0,0.0,23886.65,0.0,0.0,1.0,0.0,,,,
MCH2343,1,15977.69,1,0,0.0,0.0,15977.69,0.0,0.0,1.0,0.0,,,,
MCH2344,1,18596.75,1,0,0.0,0.0,18596.75,0.0,0.0,1.0,0.0,LIVE,CLOTHS,,False
MCH2345,2,4644.570000000001,1,0,0.0,0.0,2322.2850000000003,0.0,0.0,0.5,0.0,ACTIVE,PHONE SERVICE,4814,False
MCH2346,4,73847.56,4,0,0.0,0.0,18461.89,0.0,0.0,1.0,0.0,ACTIVE,GARMENTS,5699,False
MCH2347,2,34380.56,2,0,1.0,606.33,17190.28,0.5,0.017635838392393844,1.0,0.0,ACTIVE,PHARMACIES,5912,False
MCH2348,1,18473.0,1,0,0.0,0.0,18473.0,0.0,0.0,1.0,0.0,,,,
MCH2349,2,19256.199999999997,2,0,0.0,0.0,9628.099999999999,0.0,0.0,1.0,0.0,,,,
MCH2350,3,23957.08,2,1,0.0,0.0,7985.693333333334,0.0,0.0,0.6666666666666666,0.3333333333333333,LIVE,RESTAURANT,5812,True
MCH2351,2,27961.75,2,0,1.0,2320.0,13980.875,0.5,0.08297048646812163,1.0,0.0,,,,
MCH2352,2,27304.31,1,0,1.0,7882.54,13652.155,0.5,0.28869215153212074,0.5,0.0,,,,
MCH2353,2,17403.68,2,0,0.0,0.0,8701.84,0.0,0.0,1.0,0.0,ENABLED,GROCERY_STORE,5411,False
MCH2354,3,22564.43,3,0,0.0,0.0,7521.4766666666665,0.0,0.0,1.0,0.0,ENABLED,MEDICAL,5912,False
MCH2355,5,40469.32,5,0,0.0,0.0,8093.864,0.0,0.0,1.0,0.0,,,,
MCH2356,3,72012.16,3,0,0.0,0.0,24004.053333333333,0.0,0.0,1.0,0.0,ENABLED,HOTEL_LODGING,,True
MCH2358,3,36115.15,2,0,1.0,336.91,12038.383333333333,0.3333333333333333,0.009328771997347374,0.6666666666666666,0.0,,,,
MCH2359,1,21204.25,1,0,0.0,0.0,21204.25,0.0,0.0,1.0,0.0,,,,
MCH2360,1,21477.37,1,0,0.0,0.0,21477.37,0.0,0.0,1.0,0.0,INACTIVE,STATIONERY,5942,False
MCH2361,1,23486.45,1,0,0.0,0.0,23486.45,0.0,0.0,1.0,0.0,,,,
MCH2362,3,50790.19,3,0,0.0,0.0,16930.063333333335,0.0,0.0,1.0,0.0,,,,
MCH2363,5,48580.869999999995,3,0,2.0,3039.8500000000004,9716.173999999999,0.4,0.06257298397496794,0.6,0.0,,,,
MCH2364,1,5756.57,1,0,0.0,0.0,5756.57,0.0,0.0,1.0,0.0,,,,
MCH2365,2,24960.68,2,0,0.0,0.0,12480.34,0.0,0.0,1.0,0.0,,,,
MCH2366,5,71407.75,5,0,1.0,377.11,14281.55,0.2,0.005281079434655203,1.0,0.0,,,,
MCH2367,3,50012.75,3,0,0.0,0.0,16670.916666666668,0.0,0.0,1.0,0.0,,,,
MCH2368,3,32168.85,3,0,0.0,0.0,10722.949999999999,0.0,0.0,1.0,0.0,SUSPENDED,PHARMACY,5912,False
MCH2369,4,71908.55,4,0,0.0,0.0,17977.1375,0.0,0.0,1.0,0.0,,,,
MCH2370,1,12235.0,1,0,0.0,0.0,12235.0,0.0,0.0,1.0,0.0,ACTIVE,FASHION,5699,False
MCH2371,2,9276.76,1,1,0.0,0.0,4638.38,0.0,0.0,0.5,0.5,,,,
MCH2373,1,9356.24,1,0,0.0,0.0,9356.24,0.0,0.0,1.0,0.0,,,,
MCH2374,1,18694.32,1,0,0.0,0.0,18694.32,0.0,0.0,1.0,0.0,,,,
MCH2375,2,34259.09,2,0,1.0,1736.0,17129.545,0.5,0.050672682782876025,1.0,0.0,,,,
MCH2376,4,7442.34,4,0,1.0,2702.06,1860.585,0.25,0.36306591743994493,1.0,0.0,ENABLED,RETAIL,5311,False
MCH2377,3,6464.18,2,0,0.0,0.0,2154.726666666667,0.0,0.0,0.6666666666666666,0.0,,,,
MCH2379,1,-2471.38,1,0,0.0,0.0,-2471.38,0.0,0.0,1.0,0.0,,,,
MCH2380,1,9970.0,1,0,0.0,0.0,9970.0,0.0,0.0,1.0,0.0,,,,
MCH2382,1,24348.78,1,0,0.0,0.0,24348.78,0.0,0.0,1.0,0.0,SUSPENDED,TELECOM,4814,False
MCH2383,3,32449.54,2,1,0.0,0.0,10816.513333333334,0.0,0.0,0.6666666666666666,0.3333333333333333,ENABLED,MOBILE RECHARGE,4814,False
MCH2384,3,25974.41,2,0,0.0,0.0,8658.136666666667,0.0,0.0,0.6666666666666666,0.0,ACTIVE,CHEMIST,5912,True
MCH2385,1,14572.03,1,0,0.0,0.0,14572.03,0.0,0.0,1.0,0.0,,,,
MCH2386,5,95093.49,5,0,0.0,0.0,19018.698,0.0,0.0,1.0,0.0,,,,
MCH2387,1,9214.23,1,0,0.0,0.0,9214.23,0.0,0.0,1.0,0.0,ACTIVE,CHEMIST,5912.0,False
MCH2388,3,5887.38,3,0,1.0,775.96,1962.46,0.3333333333333333,0.13180056323865624,1.0,0.0,,,,
MCH2389,1,24311.81,1,0,0.0,0.0,24311.81,0.0,0.0,1.0,0.0,,,,
MCH2390,1,22337.15,1,0,0.0,0.0,22337.15,0.0,0.0,1.0,0.0,LIVE,RETAIL,5311,False
MCH2391,2,33869.22,2,0,1.0,164.3,16934.61,0.5,0.004851012216992302,1.0,0.0,,,,
MCH2392,2,21784.1,2,0,0.0,0.0,10892.05,0.0,0.0,1.0,0.0,ENABLED,GROCERY STORES,,False
MCH2393,5,74203.63,5,0,1.0,378.0,14840.726,0.2,0.005094090410401755,1.0,0.0,,,,
MCH2394,2,26785.01,2,0,0.0,0.0,13392.505,0.0,0.0,1.0,0.0,ENABLED,EATING PLACE,5812,False
MCH2395,3,45175.07,2,0,0.0,0.0,15058.356666666667,0.0,0.0,0.6666666666666666,0.0,LIVE,BUS/TAXI,4131,True
MCH2396,1,4231.91,1,0,0.0,0.0,4231.91,0.0,0.0,1.0,0.0,,,,
MCH2397,4,19548.34,4,0,0.0,0.0,4887.085,0.0,0.0,1.0,0.0,,,,
MCH2398,5,63254.19,4,1,1.0,4581.54,12650.838,0.2,0.07243061684925536,0.8,0.2,ACTIVE,DEPT_STORE,5311,True
MCH2399,3,61186.66,2,0,0.0,0.0,20395.553333333333,0.0,0.0,0.6666666666666666,0.0,,,,
MCH2400,3,5483.09,2,1,2.0,3145.7,1827.6966666666667,0.6666666666666666,0.5737093500197881,0.6666666666666666,0.3333333333333333,,,,
MCH2401,2,30406.97,2,0,1.0,3642.0,15203.485,0.5,0.11977516996925376,1.0,0.0,,,,
MCH2402,4,42858.61,4,0,0.0,0.0,10714.6525,0.0,0.0,1.0,0.0,ACTIVE,PHARMACY,5912,False
MCH2403,3,62194.73,3,0,0.0,0.0,20731.576666666668,0.0,0.0,1.0,0.0,ACTIVE,GROCERIES,5411,False
MCH2404,1,8382.88,1,0,0.0,0.0,8382.88,0.0,0.0,1.0,0.0,ACTIVE,GROCERY_STORE,5411,False
MCH2405,2,16340.829999999998,1,0,0.0,0.0,8170.414999999999,0.0,0.0,0.5,0.0,,,,
MCH2406,2,25158.32,2,0,0.0,0.0,12579.16,0.0,0.0,1.0,0.0,,,,
MCH2407,3,43472.82,2,1,0.0,0.0,14490.94,0.0,0.0,0.6666666666666666,0.3333333333333333,ACTIVE,PHARMACY,,False
MCH2408,1,21351.48,1,0,0.0,0.0,21351.48,0.0,0.0,1.0,0.0,ENABLED,MISC RETAIL,5999,False
MCH2409,2,27848.12,2,0,1.0,5944.75,13924.06,0.5,0.21347042457444165,1.0,0.0,,,,
MCH2411,1,12817.44,1,0,0.0,0.0,12817.44,0.0,0.0,1.0,0.0,LIVE,TRANSPORT,4131,False
MCH2412,1,12511.96,1,0,0.0,0.0,12511.96,0.0,0.0,1.0,0.0,ENABLED,BOOKS_STATIONERY,5942,False
MCH2413,1,10687.77,1,0,0.0,0.0,10687.77,0.0,0.0,1.0,0.0,,,,
MCH2414,4,34871.02,4,0,0.0,0.0,8717.755,0.0,0.0,1.0,0.0,,,,
MCH2415,1,17616.82,1,0,0.0,0.0,17616.82,0.0,0.0,1.0,0.0,,,,
MCH2416,1,17082.56,1,0,0.0,0.0,17082.56,0.0,0.0,1.0,0.0,LIVE,KIRANA,5411,False
MCH2417,2,16795.15,2,0,0.0,0.0,8397.575,0.0,0.0,1.0,0.0,ACTIVE,PHARMACY,5912,False
MCH2418,3,47491.95,3,0,0.0,0.0,15830.65,0.0,0.0,1.0,0.0,ACTIVE,TRANSPORT,4131,True
MCH2420,1,7882.06,0,1,1.0,14177.27,7882.06,1.0,1.7986757269038804,0.0,1.0,,,,
MCH2421,3,50207.86,2,1,0.0,0.0,16735.953333333335,0.0,0.0,0.6666666666666666,0.3333333333333333,ACTIVE,TRANSPORT,4131.0,False
MCH2422,1,22934.55,1,0,1.0,2251.54,22934.55,1.0,0.09817240800451721,1.0,0.0,ACTIVE,PHONE SERVICE,,True
MCH2423,1,671.1,1,0,0.0,0.0,671.1,0.0,0.0,1.0,0.0,ENABLED,TRAVEL,4131,True
MCH2424,5,87112.33,4,1,1.0,815.57,17422.466,0.2,0.009362279714019818,0.8,0.2,ACTIVE,CHEMIST,5912,True
MCH2425,5,65359.6,5,0,1.0,913.38,13071.92,0.2,0.013974687727587072,1.0,0.0,LIVE,GROCERY,5411,False
MCH2426,2,34081.09,1,1,0.0,0.0,17040.545,0.0,0.0,0.5,0.5,,,,
MCH2427,1,8352.45,0,1,0.0,0.0,8352.45,0.0,0.0,0.0,1.0,,,,
MCH2428,3,28931.989999999998,3,0,1.0,861.41,9643.996666666666,0.3333333333333333,0.029773617369562206,1.0,0.0,ACTIVE,TELECOM,4814,False
MCH2429,1,6997.24,1,0,1.0,3333.48,6997.24,1.0,0.4763992659963071,1.0,0.0,,,,
MCH2431,3,17467.74,3,0,0.0,0.0,5822.580000000001,0.0,0.0,1.0,0.0,,,,
MCH2432,1,1564.95,1,0,0.0,0.0,1564.95,0.0,0.0,1.0,0.0,ENABLED,TRANSPORTATION,4131,False
MCH2434,2,29272.44,2,0,0.0,0.0,14636.22,0.0,0.0,1.0,0.0,,,,
MCH2435,3,16777.899999999998,2,1,0.0,0.0,5592.633333333332,0.0,0.0,0.6666666666666666,0.3333333333333333,ACTIVE,FASHION,5699,True
MCH2436,2,29569.88,1,1,0.0,0.0,14784.94,0.0,0.0,0.5,0.5,ACTIVE,TRANSPORTATION,4131,True
MCH2437,3,62448.42999999999,2,0,1.0,316.81,20816.14333333333,0.3333333333333333,0.005073145954189721,0.6666666666666666,0.0,,,,
MCH2438,3,11703.55,3,0,0.0,0.0,3901.183333333333,0.0,0.0,1.0,0.0,ACTIVE,MISC RETAIL,5999,False
MCH2439,3,65490.880000000005,2,0,0.0,0.0,21830.293333333335,0.0,0.0,0.6666666666666666,0.0,,,,
MCH2440,2,38233.94,2,0,0.0,0.0,19116.97,0.0,0.0,1.0,0.0,LIVE,HOTEL_LODGING,7011,False
MCH2441,1,19571.0,0,1,1.0,26207.56,19571.0,1.0,1.3391017321547187,0.0,1.0,LIVE,PHONE SERVICE,4814,False
MCH2442,2,21587.68,2,0,0.0,0.0,10793.84,0.0,0.0,1.0,0.0,ACTIVE,EATING PLACE,5812,False
MCH2443,1,-12552.44,0,0,1.0,497.0,-12552.44,1.0,0.0,0.0,0.0,,,,
MCH2444,4,65778.41,3,0,0.0,0.0,16444.6025,0.0,0.0,0.75,0.0,ENABLED,BUS/TAXI,4131,True
MCH2445,1,19921.35,1,0,0.0,0.0,19921.35,0.0,0.0,1.0,0.0,DISABLED,DEPT_STORE,5311,True
MCH2446,5,24587.44,4,1,1.0,1032.66,4917.487999999999,0.2,0.0419994924237741,0.8,0.2,,,,
MCH2447,3,30381.230000000003,1,1,0.0,0.0,10127.076666666668,0.0,0.0,0.3333333333333333,0.3333333333333333,CLOSED,TRANSPORT,4131,False
MCH2448,4,34721.270000000004,4,0,1.0,3611.11,8680.317500000001,0.25,0.10400282017334042,1.0,0.0,ACTIVE,APPAREL,5699,False
MCH2449,2,34568.82,2,0,0.0,0.0,17284.41,0.0,0.0,1.0,0.0,,,,
MCH2450,2,13952.1,2,0,0.0,0.0,6976.05,0.0,0.0,1.0,0.0,ACTIVE,EATING PLACE,5812,False
MCH2451,3,42635.41,2,0,0.0,0.0,14211.803333333335,0.0,0.0,0.6666666666666666,0.0,DISABLED,HOTEL,7011,False
MCH2452,2,15284.43,2,0,0.0,0.0,7642.215,0.0,0.0,1.0,0.0,,,,
MCH2453,1,1466.85,1,0,0.0,0.0,1466.85,0.0,0.0,1.0,0.0,,,,
MCH2454,2,19332.69,1,1,0.0,0.0,9666.345,0.0,0.0,0.5,0.5,,,,
MCH2455,2,47692.08,2,0,0.0,0.0,23846.04,0.0,0.0,1.0,0.0,,,,
MCH2457,2,28534.120000000003,2,0,0.0,0.0,14267.060000000001,0.0,0.0,1.0,0.0,,,,
MCH2458,4,49595.54,4,0,0.0,0.0,12398.885,0.0,0.0,1.0,0.0,,,,
MCH2459,1,20979.1,1,0,1.0,1369.23,20979.1,1.0,0.06526638416328633,1.0,0.0,ACTIVE,TRANSPORT,4131,False
MCH2460,2,15060.08,2,0,0.0,0.0,7530.04,0.0,0.0,1.0,0.0,,,,
MCH2461,2,14407.96,2,0,0.0,0.0,7203.98,0.0,0.0,1.0,0.0,,,,
MCH2462,1,17703.51,1,0,0.0,0.0,17703.51,0.0,0.0,1.0,0.0,,,,
MCH2463,5,51433.15,5,0,2.0,4129.74,10286.630000000001,0.4,0.08029335166133125,1.0,0.0,LIVE,HOSPITALITY,7011,True
MCH2464,2,46149.990000000005,2,0,0.0,0.0,23074.995000000003,0.0,0.0,1.0,0.0,,,,
MCH2465,2,32127.37,2,0,0.0,0.0,16063.685,0.0,0.0,1.0,0.0,,,,
MCH2466,1,11638.77,1,0,0.0,0.0,11638.77,0.0,0.0,1.0,0.0,,,,
MCH2467,4,68731.12,4,0,0.0,0.0,17182.78,0.0,0.0,1.0,0.0,,,,
MCH2468,1,12115.79,1,0,0.0,0.0,12115.79,0.0,0.0,1.0,0.0,,,,
MCH2469,1,24887.96,1,0,0.0,0.0,24887.96,0.0,0.0,1.0,0.0,,,,
MCH2470,3,48388.86,3,0,0.0,0.0,16129.62,0.0,0.0,1.0,0.0,SUSPENDED,CHEMIST,,True
MCH2471,1,1111.0,0,1,0.0,0.0,1111.0,0.0,0.0,0.0,1.0,ACTIVE,BOOKS_STATIONERY,5942,True
MCH2472,1,11659.88,1,0,0.0,0.0,11659.88,0.0,0.0,1.0,0.0,,,,
MCH2474,1,16216.87,1,0,0.0,0.0,16216.87,0.0,0.0,1.0,0.0,LIVE,MEDICAL_STORE,misc,False
MCH2475,1,3652.07,1,0,0.0,0.0,3652.07,0.0,0.0,1.0,0.0,ACTIVE,KIRANA,5411.0,False
MCH2476,1,7894.08,0,1,0.0,0.0,7894.08,0.0,0.0,0.0,1.0,ACTIVE,HOSPITALITY,7011,False
MCH2478,1,4118.49,0,1,0.0,0.0,4118.49,0.0,0.0,0.0,1.0,ENABLED,CLOTHS,5699,False
MCH2479,4,39743.94,4,0,1.0,3555.94,9935.985,0.25,0.08947125020820784,1.0,0.0,,,,
MCH2480,3,43337.27,2,0,0.0,0.0,14445.756666666666,0.0,0.0,0.6666666666666666,0.0,LIVE,EATING PLACE,5812,False
MCH2481,2,21289.66,2,0,0.0,0.0,10644.83,0.0,0.0,1.0,0.0,,,,
MCH2482,5,53891.729999999996,5,0,1.0,4146.24,10778.346,0.2,0.07693647986435025,1.0,0.0,,,,
MCH2483,3,31144.159999999996,2,1,0.0,0.0,10381.386666666665,0.0,0.0,0.6666666666666666,0.3333333333333333,,,,
MCH2484,6,61796.29,5,1,2.0,6052.19,10299.381666666666,0.3333333333333333,0.09793775645754785,0.8333333333333334,0.16666666666666666,,,,
MCH2485,1,4176.66,1,0,0.0,0.0,4176.66,0.0,0.0,1.0,0.0,,,,
MCH2487,2,27509.71,2,0,0.0,0.0,13754.855,0.0,0.0,1.0,0.0,INACTIVE,FOOD,5812,True
MCH2489,1,22553.64,1,0,0.0,0.0,22553.64,0.0,0.0,1.0,0.0,,,,
MCH2490,1,23526.09,0,1,0.0,0.0,23526.09,0.0,0.0,0.0,1.0,,,,
MCH2491,2,8421.42,1,0,1.0,-3662.83,4210.71,0.5,-0.4349420881514044,0.5,0.0,,,,
MCH2492,2,11387.76,2,0,0.0,0.0,5693.88,0.0,0.0,1.0,0.0,INACTIVE,FOOD,5812,True
MCH2493,2,36084.8,1,1,0.0,0.0,18042.4,0.0,0.0,0.5,0.5,ENABLED,TELECOM,4814.0,False
MCH2496,3,23928.74,3,0,0.0,0.0,7976.246666666667,0.0,0.0,1.0,0.0,,,,
MCH2497,5,71786.75,4,1,3.0,2038.33,14357.35,0.6,0.028394237098071717,0.8,0.2,,,,
MCH2498,1,19451.87,1,0,0.0,0.0,19451.87,0.0,0.0,1.0,0.0,ENABLED,HOSPITALITY,7011.0,False
MCH2499,1,12628.97,0,0,0.0,0.0,12628.97,0.0,0.0,0.0,0.0,,,,
MCH2500,3,14705.74,2,1,1.0,3291.51,4901.913333333333,0.3333333333333333,0.22382484662451535,0.6666666666666666,0.3333333333333333,,,,
MCH2501,4,5280.799999999999,4,0,0.0,0.0,1320.1999999999998,0.0,0.0,1.0,0.0,LIVE,PHARMACIES,,False
MCH2503,2,29794.909999999996,1,0,0.0,0.0,14897.454999999998,0.0,0.0,0.5,0.0,ACTIVE,MOBILE RECHARGE,4814,True
MCH2504,1,21694.4,1,0,0.0,0.0,21694.4,0.0,0.0,1.0,0.0,INACTIVE,RETAIL OTHER,5999,True
MCH2505,3,13480.17,3,0,0.0,0.0,4493.39,0.0,0.0,1.0,0.0,,,,
MCH2506,1,300.55,1,0,0.0,0.0,300.55,0.0,0.0,1.0,0.0,ENABLED,TRANSPORTATION,4131,False
MCH2507,1,17712.24,1,0,0.0,0.0,17712.24,0.0,0.0,1.0,0.0,,,,
MCH2509,1,2653.0,1,0,0.0,0.0,2653.0,0.0,0.0,1.0,0.0,,,,
MCH2510,1,15600.32,1,0,0.0,0.0,15600.32,0.0,0.0,1.0,0.0,ACTIVE,KIRANA,5411,True
MCH2511,5,52552.62,5,0,0.0,0.0,10510.524000000001,0.0,0.0,1.0,0.0,,,,
MCH2512,3,51695.55,3,0,0.0,0.0,17231.850000000002,0.0,0.0,1.0,0.0,,,,
MCH2513,2,15875.31,2,0,0.0,0.0,7937.655,0.0,0.0,1.0,0.0,LIVE,GARMENTS,,False
MCH2514,1,22229.73,1,0,0.0,0.0,22229.73,0.0,0.0,1.0,0.0,ACTIVE,MOBILE RECHARGE,UNKNOWN,False
MCH2515,4,30032.6,4,0,0.0,0.0,7508.15,0.0,0.0,1.0,0.0,,,,
MCH2516,5,60539.130000000005,5,0,2.0,2670.89,12107.826000000001,0.4,0.044118407383786314,1.0,0.0,SUSPENDED,GROCERY_STORE,,False
MCH2517,2,46842.5,1,1,0.0,0.0,23421.25,0.0,0.0,0.5,0.5,,,,
MCH2518,3,28404.1,3,0,0.0,0.0,9468.033333333333,0.0,0.0,1.0,0.0,,,,
MCH2519,4,70582.42,4,0,1.0,1173.86,17645.605,0.25,0.016631053454953797,1.0,0.0,,,,
MCH2520,2,34759.11,1,1,1.0,0.0,17379.555,0.5,0.0,0.5,0.5,,,,
MCH2521,2,13049.740000000002,1,1,0.0,0.0,6524.870000000001,0.0,0.0,0.5,0.5,,,,
MCH2522,4,37242.5,4,0,0.0,0.0,9310.625,0.0,0.0,1.0,0.0,ACTIVE,RETAIL,5311,True
MCH2523,2,33195.84,2,0,2.0,1340.0,16597.92,1.0,0.04036650375468734,1.0,0.0,ENABLED,RETAIL OTHER,5999,False
MCH2524,1,5848.0,1,0,1.0,893.6,5848.0,1.0,0.15280437756497947,1.0,0.0,,,,
MCH2525,2,38551.7,2,0,0.0,0.0,19275.85,0.0,0.0,1.0,0.0,ACTIVE,MEDICAL_STORE,5912,True
MCH2526,1,6991.11,1,0,0.0,0.0,6991.11,0.0,0.0,1.0,0.0,,,,
MCH2527,6,90003.9,5,1,1.0,2512.35,15000.65,0.16666666666666666,0.027913790402415897,0.8333333333333334,0.16666666666666666,,,,
MCH2528,3,43513.229999999996,2,1,0.0,0.0,14504.409999999998,0.0,0.0,0.6666666666666666,0.3333333333333333,ACTIVE,MISCELLANEOUS,5999,True
MCH2529,2,39310.36,2,0,2.0,5214.27,19655.18,1.0,0.13264365933051747,1.0,0.0,ENABLED,BOOKS_STATIONERY,5942.0,False
MCH2530,1,24140.59,1,0,1.0,848.15,24140.59,1.0,0.03513377262113312,1.0,0.0,ENABLED,RETAIL OTHER,5999,True
MCH2531,1,13179.92,1,0,0.0,0.0,13179.92,0.0,0.0,1.0,0.0,,,,
MCH2533,5,35479.83,3,1,0.0,0.0,7095.966,0.0,0.0,0.6,0.2,ENABLED,MEDICAL,5912,True
MCH2534,3,31664.79,3,0,1.0,8084.93,10554.93,0.3333333333333333,0.2553287105330558,1.0,0.0,ACTIVE,GROCERIES,5411,False
MCH2536,3,29740.92,3,0,0.0,0.0,9913.64,0.0,0.0,1.0,0.0,LIVE,TRANSPRT,4131,False
MCH2537,1,21211.96,1,0,0.0,0.0,21211.96,0.0,0.0,1.0,0.0,,,,
MCH2538,2,27759.07,0,2,0.0,0.0,13879.535,0.0,0.0,0.0,1.0,,,,
MCH2539,1,13222.0,0,1,0.0,0.0,13222.0,0.0,0.0,0.0,1.0,,,,
MCH2540,2,13193.95,2,0,1.0,2439.31,6596.975,0.5,0.1848809492229393,1.0,0.0,,,,
MCH2541,4,57184.729999999996,3,0,0.0,0.0,14296.182499999999,0.0,0.0,0.75,0.0,,,,
MCH2542,1,22554.83,1,0,0.0,0.0,22554.83,0.0,0.0,1.0,0.0,INACTIVE,GROCERY_STORE,5411.0,False
MCH2544,2,27145.31,2,0,0.0,0.0,13572.655,0.0,0.0,1.0,0.0,,,,
MCH2545,1,3706.3,1,0,0.0,0.0,3706.3,0.0,0.0,1.0,0.0,,,,
MCH2546,1,3383.11,0,1,0.0,0.0,3383.11,0.0,0.0,0.0,1.0,ACTIVE,MEDICAL_STORE,UNKNOWN,False
MCH2547,1,15768.91,1,0,0.0,0.0,15768.91,0.0,0.0,1.0,0.0,,,,
MCH2548,4,58275.44,4,0,0.0,0.0,14568.86,0.0,0.0,1.0,0.0,ACTIVE,RESTAURANT,5812,False
MCH2549,2,28427.2,1,0,0.0,0.0,14213.6,0.0,0.0,0.5,0.0,,,,
MCH2550,3,31738.25,2,0,1.0,1186.0,10579.416666666666,0.3333333333333333,0.037368159870188176,0.6666666666666666,0.0,ACTIVE,MISCELLANEOUS,5999,True
MCH2551,1,23452.22,1,0,0.0,0.0,23452.22,0.0,0.0,1.0,0.0,ACTIVE,FASHION,5699,True
MCH2552,5,79379.24,5,0,1.0,333.0,15875.848000000002,0.2,0.004195051502130783,1.0,0.0,LIVE,STATIONERY,5942,True
MCH2553,3,41815.38,3,0,0.0,0.0,13938.46,0.0,0.0,1.0,0.0,,,,
MCH2554,3,21742.92,3,0,0.0,0.0,7247.639999999999,0.0,0.0,1.0,0.0,,,,
MCH2555,1,9616.87,1,0,0.0,0.0,9616.87,0.0,0.0,1.0,0.0,,,,
MCH2556,4,41313.15,3,1,0.0,0.0,10328.2875,0.0,0.0,0.75,0.25,ACTIVE,BOOKS_STATIONERY,5942,False
MCH2558,1,1308.63,0,0,0.0,0.0,1308.63,0.0,0.0,0.0,0.0,,,,
MCH2560,1,23765.67,1,0,0.0,0.0,23765.67,0.0,0.0,1.0,0.0,,,,
MCH2561,2,23544.710000000003,2,0,0.0,0.0,11772.355000000001,0.0,0.0,1.0,0.0,,,,
MCH2563,1,22399.4,0,1,0.0,0.0,22399.4,0.0,0.0,0.0,1.0,,,,
MCH2564,2,12185.35,1,0,0.0,0.0,6092.675,0.0,0.0,0.5,0.0,ACTIVE,HOTELS,7011,False
MCH2565,2,19350.15,2,0,0.0,0.0,9675.075,0.0,0.0,1.0,0.0,,,,
MCH2567,2,24043.190000000002,2,0,0.0,0.0,12021.595000000001,0.0,0.0,1.0,0.0,ACTIVE,TRANSPORTATION,4131,False
MCH2568,4,69784.44,3,0,1.0,6278.49,17446.11,0.25,0.08996976976529437,0.75,0.0,ACTIVE,KIRANA,5411.0,False
MCH2569,2,16696.52,1,1,1.0,7838.0,8348.26,0.5,0.46943914061133696,0.5,0.5,,,,
MCH2570,8,58175.63,6,1,1.0,2652.0,7271.95375,0.125,0.0455860985089461,0.75,0.125,,,,
MCH2571,5,73156.66,5,0,1.0,181.44,14631.332,0.2,0.0024801569672535623,1.0,0.0,SUSPENDED,RESTAURANTS,5812,False
MCH2572,3,42785.66,1,1,0.0,0.0,14261.886666666667,0.0,0.0,0.3333333333333333,0.3333333333333333,,,,
MCH2573,6,59213.07,5,0,0.0,0.0,9868.845,0.0,0.0,0.8333333333333334,0.0,,,,
MCH2574,4,49673.65,1,2,1.0,-616.17,12418.4125,0.25,-0.012404363279122834,0.25,0.5,SUSPENDED,FASHION,5699,False
MCH2575,1,11397.53,1,0,0.0,0.0,11397.53,0.0,0.0,1.0,0.0,ACTIVE,PHARMACY,5912,False
MCH2576,3,28478.69,2,1,0.0,0.0,9492.896666666666,0.0,0.0,0.6666666666666666,0.3333333333333333,ACTIVE,DEPARTMENT STORES,5311,False
MCH2577,2,8274.41,2,0,1.0,1284.94,4137.205,0.5,0.1552908304036179,1.0,0.0,ACTIVE,RESTAURANTS,5812,False
MCH2579,3,49661.13,2,0,0.0,0.0,16553.71,0.0,0.0,0.6666666666666666,0.0,ACTIVE,BOOK STORE,,False
MCH2581,3,24444.940000000002,3,0,0.0,0.0,8148.313333333334,0.0,0.0,1.0,0.0,,,,
MCH2582,1,7850.24,1,0,0.0,0.0,7850.24,0.0,0.0,1.0,0.0,ENABLED,CHEMIST,5912,False
MCH2583,1,22831.61,1,0,0.0,0.0,22831.61,0.0,0.0,1.0,0.0,LIVE,TELECOM,4814,False
MCH2584,2,25817.31,2,0,0.0,0.0,12908.655,0.0,0.0,1.0,0.0,,,,
MCH2587,4,63635.3,3,1,1.0,3329.74,15908.825,0.25,0.052325360295307786,0.75,0.25,,,,
MCH2588,1,23576.09,1,0,1.0,1654.89,23576.09,1.0,0.07019357323457792,1.0,0.0,ACTIVE,APPAREL,5699,True
MCH2589,1,22251.04,1,0,0.0,0.0,22251.04,0.0,0.0,1.0,0.0,INACTIVE,DEPARTMENT STORE,5311,False
MCH2590,1,12341.0,0,1,0.0,0.0,12341.0,0.0,0.0,0.0,1.0,ENABLED,HOSPITALITY,7011,False
MCH2591,1,11807.0,1,0,0.0,0.0,11807.0,0.0,0.0,1.0,0.0,ACTIVE,GROCERY,misc,False
MCH2592,2,28103.519999999997,2,0,1.0,198.46,14051.759999999998,0.5,0.007061748848542817,1.0,0.0,ACTIVE,MISCELLANEOUS,5999,True
MCH2593,2,14222.46,2,0,0.0,0.0,7111.23,0.0,0.0,1.0,0.0,ACTIVE,MISCELLANEOUS,5999,False
MCH2594,1,21132.19,1,0,0.0,0.0,21132.19,0.0,0.0,1.0,0.0,,,,
MCH2595,1,10409.69,1,0,0.0,0.0,10409.69,0.0,0.0,1.0,0.0,,,,
MCH2596,3,41203.68,3,0,0.0,0.0,13734.56,0.0,0.0,1.0,0.0,ACTIVE,TRANSPORT,4131.0,False
MCH2597,1,-659.3,1,0,0.0,0.0,-659.3,0.0,0.0,1.0,0.0,,,,
MCH2598,2,37121.8,2,0,2.0,3972.42,18560.9,1.0,0.1070104359163618,1.0,0.0,ACTIVE,CLOTHING,,True
MCH2599,1,14966.6,0,1,0.0,0.0,14966.6,0.0,0.0,0.0,1.0,,,,
MCH2600,8,103311.19,6,2,2.0,0.0,12913.89875,0.25,0.0,0.75,0.25,ACTIVE,FASHION,5699,False
MCH2601,2,6323.68,2,0,0.0,0.0,3161.84,0.0,0.0,1.0,0.0,ENABLED,TRANSPORTATION,4131,False
MCH2602,2,13555.27,1,1,0.0,0.0,6777.635,0.0,0.0,0.5,0.5,,,,
MCH2603,2,20281.9,2,0,0.0,0.0,10140.95,0.0,0.0,1.0,0.0,,,,
MCH2604,1,13096.57,1,0,0.0,0.0,13096.57,0.0,0.0,1.0,0.0,ENABLED,TRANSPORTATION,4131,False
MCH2605,2,4947.38,2,0,0.0,0.0,2473.69,0.0,0.0,1.0,0.0,LIVE,FASHION,5699,True
MCH2606,1,13624.58,1,0,0.0,0.0,13624.58,0.0,0.0,1.0,0.0,,,,
MCH2607,1,17622.85,0,1,0.0,0.0,17622.85,0.0,0.0,0.0,1.0,LIVE,FOOD,5812,True
MCH2608,2,21155.58,2,0,0.0,0.0,10577.79,0.0,0.0,1.0,0.0,ACTIVE,OTHER,5999,False
MCH2609,3,45269.52,2,1,0.0,0.0,15089.839999999998,0.0,0.0,0.6666666666666666,0.3333333333333333,,,,
MCH2611,2,27693.879999999997,2,0,0.0,0.0,13846.939999999999,0.0,0.0,1.0,0.0,,,,
MCH2612,1,7289.66,0,1,0.0,0.0,7289.66,0.0,0.0,0.0,1.0,ACTIVE,HOTELS,7011,False
MCH2613,1,12137.41,1,0,1.0,-3530.1,12137.41,1.0,-0.29084458710713407,1.0,0.0,HOLD,MOBILE RECHARGE,4814,False
MCH2614,2,29683.879999999997,2,0,0.0,0.0,14841.939999999999,0.0,0.0,1.0,0.0,,,,
MCH2615,1,16675.0,1,0,1.0,3251.08,16675.0,1.0,0.1949673163418291,1.0,0.0,,,,
MCH2616,2,44503.61,2,0,0.0,0.0,22251.805,0.0,0.0,1.0,0.0,,,,
MCH2617,6,75854.89,6,0,0.0,0.0,12642.481666666667,0.0,0.0,1.0,0.0,ACTIVE,MOBILE RECHARGE,4814,False
MCH2619,1,14415.73,1,0,0.0,0.0,14415.73,0.0,0.0,1.0,0.0,,,,
MCH2620,2,26276.11,2,0,1.0,0.0,13138.055,0.5,0.0,1.0,0.0,,,,
MCH2621,2,22217.8,2,0,0.0,0.0,11108.9,0.0,0.0,1.0,0.0,,,,
MCH2622,3,40335.299999999996,3,0,0.0,0.0,13445.099999999999,0.0,0.0,1.0,0.0,,,,
MCH2623,1,19253.06,1,0,1.0,651.01,19253.06,1.0,0.03381332629722236,1.0,0.0,ACTIVE,KIRANA,5411,True
MCH2624,2,39003.240000000005,2,0,0.0,0.0,19501.620000000003,0.0,0.0,1.0,0.0,HOLD,DEPARTMENT STORE,5311,False
MCH2626,3,31109.07,3,0,0.0,0.0,10369.69,0.0,0.0,1.0,0.0,,,,
MCH2627,3,50197.86,2,1,0.0,0.0,16732.62,0.0,0.0,0.6666666666666666,0.3333333333333333,ACTIVE,GARMENTS,5699.0,True
MCH2628,3,38820.67,3,0,0.0,0.0,12940.223333333333,0.0,0.0,1.0,0.0,ACTIVE,DEPT_STORE,,False
MCH2629,1,15802.0,1,0,0.0,0.0,15802.0,0.0,0.0,1.0,0.0,,,,
MCH2630,2,30461.55,2,0,0.0,0.0,15230.775,0.0,0.0,1.0,0.0,,,,
MCH2631,2,35344.6,2,0,1.0,-1084.65,17672.3,0.5,-0.030687856136439515,1.0,0.0,,,,
MCH2632,4,41688.75,3,0,1.0,1364.5,10422.1875,0.25,0.03273065275404036,0.75,0.0,LIVE,DEPT_STORE,5311.0,False
MCH2633,4,14042.92,2,2,0.0,0.0,3510.73,0.0,0.0,0.5,0.5,,,,
MCH2634,2,13375.6,1,0,0.0,0.0,6687.8,0.0,0.0,0.5,0.0,LIVE,RETAIL,5311,True
MCH2635,6,72227.72,6,0,0.0,0.0,12037.953333333333,0.0,0.0,1.0,0.0,,,,
MCH2636,1,19315.0,1,0,0.0,0.0,19315.0,0.0,0.0,1.0,0.0,ACTIVE,DEPARTMENT STORE,5311,False
MCH2637,5,50540.61,4,1,0.0,0.0,10108.122,0.0,0.0,0.8,0.2,ENABLED,MISC RETAIL,5999,False
MCH2639,2,31443.9,1,1,0.0,0.0,15721.95,0.0,0.0,0.5,0.5,ENABLED,GROCERY STORES,5411,False
MCH2640,1,9555.13,1,0,0.0,0.0,9555.13,0.0,0.0,1.0,0.0,,,,
MCH2641,1,9264.3,1,0,0.0,0.0,9264.3,0.0,0.0,1.0,0.0,CLOSED,OTHER,5999.0,False
MCH2642,3,19265.190000000002,1,1,0.0,0.0,6421.7300000000005,0.0,0.0,0.3333333333333333,0.3333333333333333,,,,
MCH2643,3,52726.62,3,0,0.0,0.0,17575.54,0.0,0.0,1.0,0.0,,,,
MCH2645,3,25551.230000000003,3,0,0.0,0.0,8517.076666666668,0.0,0.0,1.0,0.0,,,,
MCH2646,2,45890.869999999995,2,0,0.0,0.0,22945.434999999998,0.0,0.0,1.0,0.0,ACTIVE,MISC RETAIL,5999,False
MCH2647,2,32520.739999999998,1,1,1.0,-6262.28,16260.369999999999,0.5,-0.19256265386334998,0.5,0.5,ENABLED,MISCELLANEOUS,5999,False
MCH2648,2,25697.96,1,1,0.0,0.0,12848.98,0.0,0.0,0.5,0.5,ACTIVE,RETAIL OTHER,5999,True
MCH2649,2,3512.7799999999997,2,0,1.0,3021.0,1756.3899999999999,0.5,0.8600026190083069,1.0,0.0,ACTIVE,KIRANA,,False
MCH2650,3,22199.1,3,0,0.0,0.0,7399.7,0.0,0.0,1.0,0.0,INACTIVE,STATIONERY,5942,False
MCH2651,2,30080.23,1,0,1.0,2018.57,15040.115,0.5,0.06710620231294774,0.5,0.0,,,,
MCH2652,4,7797.190000000001,4,0,0.0,0.0,1949.2975000000004,0.0,0.0,1.0,0.0,,,,
MCH2654,1,2918.0,1,0,0.0,0.0,2918.0,0.0,0.0,1.0,0.0,ENABLED,TELECOM,4814,True
MCH2655,1,13039.21,1,0,1.0,676.55,13039.21,1.0,0.051885812100579715,1.0,0.0,ACTIVE,TELECOM,4814,True
MCH2656,2,25559.98,2,0,0.0,0.0,12779.99,0.0,0.0,1.0,0.0,LIVE,CHEMIST,5912,True
MCH2657,2,19592.76,2,0,0.0,0.0,9796.38,0.0,0.0,1.0,0.0,,,,
MCH2658,2,15661.09,2,0,0.0,0.0,7830.545,0.0,0.0,1.0,0.0,ACTIVE,RESTAURANTS,5812,False
MCH2659,2,19094.03,2,0,0.0,0.0,9547.015,0.0,0.0,1.0,0.0,,,,
MCH2661,1,9676.31,1,0,0.0,0.0,9676.31,0.0,0.0,1.0,0.0,,,,
MCH2662,2,44934.04,1,1,0.0,0.0,22467.02,0.0,0.0,0.5,0.5,,,,
MCH2663,3,37373.1,3,0,0.0,0.0,12457.699999999999,0.0,0.0,1.0,0.0,,,,
MCH2665,3,20461.149999999998,1,1,0.0,0.0,6820.383333333332,0.0,0.0,0.3333333333333333,0.3333333333333333,INACTIVE,RETAIL,5311,True
MCH2666,1,12661.59,0,0,0.0,0.0,12661.59,0.0,0.0,0.0,0.0,,,,
MCH2667,2,43230.58,2,0,0.0,0.0,21615.29,0.0,0.0,1.0,0.0,,,,
MCH2668,3,33132.009999999995,3,0,1.0,1504.76,11044.003333333332,0.3333333333333333,0.04541710569325556,1.0,0.0,,,,
MCH2670,5,37262.63,4,1,0.0,0.0,7452.526,0.0,0.0,0.8,0.2,,,,
MCH2671,1,8951.7,1,0,0.0,0.0,8951.7,0.0,0.0,1.0,0.0,LIVE,RETAIL OTHER,5999,False
MCH2672,2,21817.45,2,0,0.0,0.0,10908.725,0.0,0.0,1.0,0.0,,,,
MCH2673,2,21476.94,2,0,0.0,0.0,10738.47,0.0,0.0,1.0,0.0,,,,
MCH2674,1,8506.71,0,0,1.0,1095.0,8506.71,1.0,0.12872191481783204,0.0,0.0,INACTIVE,BUS/TAXI,4131,True
MCH2675,3,41709.34,3,0,1.0,264.51,13903.113333333333,0.3333333333333333,0.006341745038401471,1.0,0.0,ENABLED,BOOK STORE,5942,False
MCH2676,1,18745.65,0,1,0.0,0.0,18745.65,0.0,0.0,0.0,1.0,ACTIVE,MEDICAL_STORE,5912,True
MCH2677,3,51245.93,2,1,0.0,0.0,17081.976666666666,0.0,0.0,0.6666666666666666,0.3333333333333333,,,,
MCH2678,3,20954.78,3,0,0.0,0.0,6984.926666666666,0.0,0.0,1.0,0.0,,,,
MCH2680,2,24748.730000000003,2,0,0.0,0.0,12374.365000000002,0.0,0.0,1.0,0.0,,,,
MCH2681,5,71746.48,3,2,2.0,19412.120000000003,14349.295999999998,0.4,0.2705654688564513,0.6,0.4,ACTIVE,HOSPITALITY,7011,True
MCH2682,2,4567.06,1,0,1.0,-2900.07,2283.53,0.5,-0.6349971316339177,0.5,0.0,,,,
MCH2683,3,13630.619999999999,3,0,1.0,0.0,4543.54,0.3333333333333333,0.0,1.0,0.0,,,,
MCH2684,1,24194.18,1,0,1.0,-6191.97,24194.18,1.0,-0.2559280785709621,1.0,0.0,ACTIVE,BOOK STORE,5942,False
MCH2686,2,15319.91,2,0,0.0,0.0,7659.955,0.0,0.0,1.0,0.0,,,,
MCH2687,3,41782.26,2,0,0.0,0.0,13927.42,0.0,0.0,0.6666666666666666,0.0,,,,
MCH2688,1,4074.89,1,0,0.0,0.0,4074.89,0.0,0.0,1.0,0.0,,,,
MCH2689,3,25984.01,2,0,2.0,10359.87,8661.336666666666,0.6666666666666666,0.398701740031658,0.6666666666666666,0.0,,,,
MCH2690,4,57886.47,4,0,0.0,0.0,14471.6175,0.0,0.0,1.0,0.0,SUSPENDED,MEDICAL,5912.0,False
MCH2691,5,-11268.73,4,1,0.0,0.0,-2253.746,0.0,0.0,0.8,0.2,ACTIVE,HOTEL,misc,False
MCH2692,4,43496.47,4,0,1.0,17075.88,10874.1175,0.25,0.392580823225425,1.0,0.0,,,,
MCH2693,3,26967.36,2,1,1.0,4361.29,8989.12,0.3333333333333333,0.16172476653257864,0.6666666666666666,0.3333333333333333,ACTIVE,RETAIL,5311,False
MCH2694,6,55851.17,5,1,1.0,-815.95,9308.528333333334,0.16666666666666666,-0.01460936270448766,0.8333333333333334,0.16666666666666666,INACTIVE,CLOTHING,5699,False
MCH2695,2,28857.85,2,0,0.0,0.0,14428.925,0.0,0.0,1.0,0.0,ACTIVE,KIRANA,5411,False
MCH2696,5,32455.75,5,0,0.0,0.0,6491.15,0.0,0.0,1.0,0.0,ENABLED,GROCERIES,5411,True
MCH2697,1,22975.29,1,0,0.0,0.0,22975.29,0.0,0.0,1.0,0.0,INACTIVE,TRANSPORT,4131,False
MCH2698,6,94507.75,6,0,0.0,0.0,15751.291666666666,0.0,0.0,1.0,0.0,INACTIVE,HOTEL_LODGING,7011,True
MCH2700,2,37983.66,1,1,0.0,0.0,18991.83,0.0,0.0,0.5,0.5,,,,
MCH2701,2,21980.129999999997,1,1,1.0,461.01,10990.064999999999,0.5,0.020973943284229895,0.5,0.5,ACTIVE,HOSPITALITY,7011,True
MCH2702,3,32055.149999999998,3,0,0.0,0.0,10685.05,0.0,0.0,1.0,0.0,,,,
MCH2703,1,19063.55,0,1,0.0,0.0,19063.55,0.0,0.0,0.0,1.0,,,,
MCH2704,1,10691.62,1,0,0.0,0.0,10691.62,0.0,0.0,1.0,0.0,ACTIVE,CLOTHS,5699,False
MCH2705,5,44326.81,4,0,0.0,0.0,8865.362,0.0,0.0,0.8,0.0,,,,
MCH2706,2,25863.61,2,0,0.0,0.0,12931.805,0.0,0.0,1.0,0.0,,,,
MCH2707,4,64464.25,3,1,0.0,0.0,16116.0625,0.0,0.0,0.75,0.25,,,,
MCH2708,3,41111.490000000005,3,0,0.0,0.0,13703.830000000002,0.0,0.0,1.0,0.0,ENABLED,TRAVEL,4131,False
MCH2709,6,49433.81,6,0,1.0,1984.03,8238.968333333332,0.16666666666666666,0.04013508163744611,1.0,0.0,ENABLED,HOTEL_LODGING,7011,False
MCH2710,2,39224.46000000001,2,0,0.0,0.0,19612.230000000003,0.0,0.0,1.0,0.0,ACTIVE,APPAREL,5699,True
MCH2711,3,27512.5,3,0,0.0,0.0,9170.833333333334,0.0,0.0,1.0,0.0,,,,
MCH2713,2,12438.85,2,0,0.0,0.0,6219.425,0.0,0.0,1.0,0.0,HOLD,FASHION,5699,False
MCH2714,2,18341.45,2,0,0.0,0.0,9170.725,0.0,0.0,1.0,0.0,,,,
MCH2715,2,26160.32,1,0,0.0,0.0,13080.16,0.0,0.0,0.5,0.0,,,,
MCH2716,6,86671.99,5,1,1.0,3734.7,14445.331666666667,0.16666666666666666,0.04309004558450775,0.8333333333333334,0.16666666666666666,,,,
MCH2717,1,-15468.74,0,1,0.0,0.0,-15468.74,0.0,0.0,0.0,1.0,,,,
MCH2718,3,13695.45,2,1,0.0,0.0,4565.150000000001,0.0,0.0,0.6666666666666666,0.3333333333333333,ACTIVE,HOTELS,7011,False
MCH2719,1,3585.12,0,0,0.0,0.0,3585.12,0.0,0.0,0.0,0.0,ACTIVE,FOOD_SERVICES,5812.0,True
MCH2720,2,18539.1,2,0,0.0,0.0,9269.55,0.0,0.0,1.0,0.0,,,,
MCH2722,5,65226.11,3,1,0.0,0.0,13045.222,0.0,0.0,0.6,0.2,,,,
MCH2723,5,49856.17,3,1,1.0,1528.27,9971.234,0.2,0.030653578082712733,0.6,0.2,LIVE,FOOD,,True
MCH2724,2,27099.59,1,1,0.0,0.0,13549.795,0.0,0.0,0.5,0.5,ENABLED,FOOD,5812,True
MCH2725,2,28467.61,2,0,0.0,0.0,14233.805,0.0,0.0,1.0,0.0,DISABLED,FOOD_SERVICES,5812,True
MCH2726,3,24098.92,2,0,0.0,0.0,8032.973333333332,0.0,0.0,0.6666666666666666,0.0,CLOSED,CLOTHING,5699,True
MCH2727,4,59239.51,4,0,0.0,0.0,14809.8775,0.0,0.0,1.0,0.0,ENABLED,BOOKS_STATIONERY,5942,True
MCH2728,1,14097.79,0,0,0.0,0.0,14097.79,0.0,0.0,0.0,0.0,,,,
MCH2729,1,14112.89,1,0,0.0,0.0,14112.89,0.0,0.0,1.0,0.0,,,,
MCH2730,4,52032.14,4,0,0.0,0.0,13008.035,0.0,0.0,1.0,0.0,ACTIVE,HOTELS,7011,True
MCH2731,2,18501.65,1,1,0.0,0.0,9250.825,0.0,0.0,0.5,0.5,ENABLED,DEPARTMENT STORE,5311,False
MCH2732,1,7838.14,1,0,0.0,0.0,7838.14,0.0,0.0,1.0,0.0,,,,
MCH2733,4,48239.63,4,0,0.0,0.0,12059.9075,0.0,0.0,1.0,0.0,ACTIVE,GROCERY,5411,False
MCH2734,5,81018.4,4,1,0.0,0.0,16203.679999999998,0.0,0.0,0.8,0.2,,,,
MCH2735,3,37043.42,2,1,1.0,983.91,12347.806666666665,0.3333333333333333,0.026560992478556245,0.6666666666666666,0.3333333333333333,,,,
MCH2736,1,21959.61,1,0,0.0,0.0,21959.61,0.0,0.0,1.0,0.0,,,,
MCH2737,3,37684.96,3,0,0.0,0.0,12561.653333333334,0.0,0.0,1.0,0.0,ACTIVE,RETAIL OTHER,5999,False
MCH2738,2,23101.69,2,0,0.0,0.0,11550.845,0.0,0.0,1.0,0.0,ENABLED,OTHER,5999,True
MCH2739,2,31955.0,2,0,0.0,0.0,15977.5,0.0,0.0,1.0,0.0,,,,
MCH2740,2,26539.809999999998,2,0,0.0,0.0,13269.904999999999,0.0,0.0,1.0,0.0,,,,
MCH2741,2,14972.44,2,0,0.0,0.0,7486.22,0.0,0.0,1.0,0.0,ACTIVE,FOOD_SERVICES,5812,True
MCH2742,2,40995.229999999996,1,0,0.0,0.0,20497.614999999998,0.0,0.0,0.5,0.0,ENABLED,STATIONERY,5942,True
MCH2743,2,22211.98,2,0,0.0,0.0,11105.99,0.0,0.0,1.0,0.0,LIVE,CHEMIST,,False
MCH2744,4,61301.22,4,0,0.0,0.0,15325.305,0.0,0.0,1.0,0.0,SUSPENDED,MEDICAL_STORE,5912.0,False
MCH2745,3,24434.72,3,0,0.0,0.0,8144.906666666667,0.0,0.0,1.0,0.0,,,,
MCH2746,2,16652.92,2,0,0.0,0.0,8326.46,0.0,0.0,1.0,0.0,CLOSED,HOTELS,7011,False
MCH2747,3,22157.91,3,0,0.0,0.0,7385.97,0.0,0.0,1.0,0.0,,,,
MCH2748,3,37584.270000000004,3,0,0.0,0.0,12528.090000000002,0.0,0.0,1.0,0.0,ACTIVE,RESTAURANT,5812,False
MCH2749,3,42014.479999999996,2,1,0.0,0.0,14004.826666666666,0.0,0.0,0.6666666666666666,0.3333333333333333,ACTIVE,HOTEL_LODGING,7011,True
MCH2750,2,29658.47,2,0,0.0,0.0,14829.235,0.0,0.0,1.0,0.0,ACTIVE,BOOKS,5942,False
MCH2751,3,37410.09,2,0,0.0,0.0,12470.029999999999,0.0,0.0,0.6666666666666666,0.0,,,,
MCH2752,3,45083.35,3,0,0.0,0.0,15027.783333333333,0.0,0.0,1.0,0.0,LIVE,TRAVEL,4131,False
MCH2753,1,19307.94,1,0,0.0,0.0,19307.94,0.0,0.0,1.0,0.0,ACTIVE,MISC RETAIL,5999,False
MCH2754,2,40277.899999999994,2,0,0.0,0.0,20138.949999999997,0.0,0.0,1.0,0.0,ACTIVE,FOOD,5812,True
MCH2756,2,39403.84,2,0,0.0,0.0,19701.92,0.0,0.0,1.0,0.0,,,,
MCH2757,1,17669.0,1,0,0.0,0.0,17669.0,0.0,0.0,1.0,0.0,ACTIVE,CLOTHING,5699,True
MCH2758,4,31012.53,4,0,0.0,0.0,7753.1325,0.0,0.0,1.0,0.0,,,,
MCH2759,2,39042.42,2,0,1.0,0.0,19521.21,0.5,0.0,1.0,0.0,,,,
MCH2760,3,24443.17,2,1,0.0,0.0,8147.723333333332,0.0,0.0,0.6666666666666666,0.3333333333333333,,,,
MCH2761,2,18910.02,2,0,0.0,0.0,9455.01,0.0,0.0,1.0,0.0,CLOSED,OTHER,5999,False
MCH2763,2,35179.7,2,0,0.0,0.0,17589.85,0.0,0.0,1.0,0.0,ACTIVE,CHEMIST,5912,False
MCH2764,2,12124.63,2,0,0.0,0.0,6062.315,0.0,0.0,1.0,0.0,ENABLED,PHONE SERVICE,4814,False
MCH2765,3,22774.69,2,1,0.0,0.0,7591.563333333333,0.0,0.0,0.6666666666666666,0.3333333333333333,ENABLED,DEPT_STORE,5311,True
MCH2766,2,9254.72,1,1,0.0,0.0,4627.36,0.0,0.0,0.5,0.5,ACTIVE,DEPT_STORE,5311,True
MCH2767,2,28022.04,2,0,0.0,0.0,14011.02,0.0,0.0,1.0,0.0,LIVE,TELECOM,4814,True
MCH2768,3,36954.67,3,0,1.0,9344.29,12318.223333333333,0.3333333333333333,0.2528581637990544,1.0,0.0,,,,
MCH2769,4,52951.55,3,1,1.0,5233.09,13237.8875,0.25,0.09882789077940117,0.75,0.25,LIVE,TELECOM,4814,False
MCH2770,1,6960.81,1,0,0.0,0.0,6960.81,0.0,0.0,1.0,0.0,ACTIVE,CLOTHING,5699,True
MCH2771,3,46628.94,3,0,0.0,0.0,15542.980000000001,0.0,0.0,1.0,0.0,,,,
MCH2772,1,16692.27,1,0,0.0,0.0,16692.27,0.0,0.0,1.0,0.0,SUSPENDED,CLOTHS,5699,True
MCH2773,3,46199.03,3,0,0.0,0.0,15399.676666666666,0.0,0.0,1.0,0.0,,,,
MCH2775,1,3773.77,1,0,0.0,0.0,3773.77,0.0,0.0,1.0,0.0,,,,
MCH2776,4,57392.47,4,0,0.0,0.0,14348.1175,0.0,0.0,1.0,0.0,ENABLED,TELECOM,4814,True
MCH2777,1,22899.0,1,0,0.0,0.0,22899.0,0.0,0.0,1.0,0.0,,,,
MCH2778,1,18640.12,1,0,0.0,0.0,18640.12,0.0,0.0,1.0,0.0,LIVE,MEDICAL,5912,True
MCH2779,1,16838.79,1,0,0.0,0.0,16838.79,0.0,0.0,1.0,0.0,,,,
MCH2780,3,39718.38,2,1,0.0,0.0,13239.46,0.0,0.0,0.6666666666666666,0.3333333333333333,,,,
MCH2781,2,20918.289999999997,1,1,0.0,0.0,10459.144999999999,0.0,0.0,0.5,0.5,,,,
MCH2782,1,21150.52,1,0,0.0,0.0,21150.52,0.0,0.0,1.0,0.0,,,,
MCH2783,5,48521.1,3,1,1.0,1274.95,9704.22,0.2,0.02627619736568215,0.6,0.2,,,,
MCH2784,2,31721.47,2,0,1.0,6907.46,15860.735,0.5,0.21775346476692284,1.0,0.0,,,,
MCH2785,2,9069.94,1,1,0.0,0.0,4534.97,0.0,0.0,0.5,0.5,,,,
MCH2786,2,18841.55,0,1,0.0,0.0,9420.775,0.0,0.0,0.0,0.5,ACTIVE,CLOTHING,5699,True
MCH2787,3,42302.490000000005,3,0,0.0,0.0,14100.830000000002,0.0,0.0,1.0,0.0,,,,
MCH2788,3,17789.100000000002,2,1,0.0,0.0,5929.700000000001,0.0,0.0,0.6666666666666666,0.3333333333333333,ACTIVE,RESTAURANT,5812,False
MCH2789,6,108300.2,6,0,0.0,0.0,18050.033333333333,0.0,0.0,1.0,0.0,ENABLED,DEPT_STORE,5311,False
MCH2790,2,18248.97,1,1,0.0,0.0,9124.485,0.0,0.0,0.5,0.5,,,,
MCH2791,1,1640.73,1,0,0.0,0.0,1640.73,0.0,0.0,1.0,0.0,ACTIVE,CHEMIST,UNKNOWN,False
MCH2792,2,7417.36,2,0,0.0,0.0,3708.68,0.0,0.0,1.0,0.0,ENABLED,HOTEL,7011,True
MCH2793,1,21773.56,1,0,0.0,0.0,21773.56,0.0,0.0,1.0,0.0,,,,
MCH2794,2,32153.64,2,0,0.0,0.0,16076.82,0.0,0.0,1.0,0.0,,,,
MCH2795,1,20380.46,1,0,0.0,0.0,20380.46,0.0,0.0,1.0,0.0,,,,
MCH2796,3,38326.009999999995,3,0,1.0,11352.0,12775.336666666664,0.3333333333333333,0.296195716694746,1.0,0.0,,,,
MCH2797,1,9912.97,1,0,1.0,9521.14,9912.97,1.0,0.9604729964884389,1.0,0.0,ACTIVE,HOTEL_LODGING,7011,False
MCH2798,2,36461.41,2,0,0.0,0.0,18230.705,0.0,0.0,1.0,0.0,,,,
MCH2799,3,37419.34,2,1,0.0,0.0,12473.113333333333,0.0,0.0,0.6666666666666666,0.3333333333333333,ENABLED,EATING PLACE,5812,False
MCH2800,1,1088.91,1,0,0.0,0.0,1088.91,0.0,0.0,1.0,0.0,CLOSED,DEPARTMENT STORE,5311,False
MCH2801,1,18630.87,1,0,0.0,0.0,18630.87,0.0,0.0,1.0,0.0,ACTIVE,MOBILE RECHARGE,4814,False
MCH2802,1,22225.9,1,0,0.0,0.0,22225.9,0.0,0.0,1.0,0.0,,,,
MCH2803,2,35602.41,2,0,0.0,0.0,17801.205,0.0,0.0,1.0,0.0,,,,
MCH2804,3,53334.56,2,0,0.0,0.0,17778.186666666665,0.0,0.0,0.6666666666666666,0.0,,,,
MCH2805,2,28728.45,1,0,0.0,0.0,14364.225,0.0,0.0,0.5,0.0,,,,
MCH2806,2,8928.16,2,0,0.0,0.0,4464.08,0.0,0.0,1.0,0.0,CLOSED,HOSPITALITY,7011,True
MCH2807,3,28918.68,3,0,0.0,0.0,9639.56,0.0,0.0,1.0,0.0,,,,
MCH2808,3,26282.94,1,1,0.0,0.0,8760.98,0.0,0.0,0.3333333333333333,0.3333333333333333,,,,
MCH2809,1,8763.31,0,0,0.0,0.0,8763.31,0.0,0.0,0.0,0.0,,,,
MCH2810,2,19521.739999999998,2,0,0.0,0.0,9760.869999999999,0.0,0.0,1.0,0.0,,,,
MCH2811,1,8211.87,1,0,0.0,0.0,8211.87,0.0,0.0,1.0,0.0,,,,
MCH2812,4,38087.65,4,0,1.0,6899.7,9521.9125,0.25,0.18115320845470906,1.0,0.0,,,,
MCH2813,3,37356.63,3,0,0.0,0.0,12452.21,0.0,0.0,1.0,0.0,ACTIVE,DEPT_STORE,UNKNOWN,True
MCH2814,2,23677.74,1,0,0.0,0.0,11838.87,0.0,0.0,0.5,0.0,ACTIVE,MEDICAL_STORE,5912,False
MCH2815,3,26649.18,2,1,0.0,0.0,8883.06,0.0,0.0,0.6666666666666666,0.3333333333333333,,,,
MCH2816,4,40639.37,4,0,0.0,0.0,10159.8425,0.0,0.0,1.0,0.0,CLOSED,FOOD,5812,True
MCH2817,1,21265.86,1,0,0.0,0.0,21265.86,0.0,0.0,1.0,0.0,INACTIVE,MISC RETAIL,5999,True
MCH2818,1,4666.47,1,0,0.0,0.0,4666.47,0.0,0.0,1.0,0.0,ACTIVE,GROCERY_STORE,5411,False
MCH2819,1,11009.31,1,0,0.0,0.0,11009.31,0.0,0.0,1.0,0.0,,,,
MCH2820,2,11375.33,2,0,2.0,3611.07,5687.665,1.0,0.3174474938309482,1.0,0.0,,,,
MCH2821,1,22956.79,1,0,0.0,0.0,22956.79,0.0,0.0,1.0,0.0,,,,
MCH2822,3,45585.770000000004,3,0,0.0,0.0,15195.256666666668,0.0,0.0,1.0,0.0,,,,
MCH2823,2,16417.96,2,0,0.0,0.0,8208.98,0.0,0.0,1.0,0.0,,,,
MCH2825,2,20387.13,2,0,0.0,0.0,10193.565,0.0,0.0,1.0,0.0,ACTIVE,RESTAURANT,5812,True
MCH2826,2,36908.17,2,0,1.0,1459.51,18454.085,0.5,0.03954436104526451,1.0,0.0,,,,
MCH2827,3,37848.509999999995,3,0,1.0,1426.42,12616.169999999998,0.3333333333333333,0.03768761306587763,1.0,0.0,DISABLED,MISCELLANEOUS,5999,False
MCH2828,2,24720.59,2,0,1.0,804.06,12360.295,0.5,0.03252592272271818,1.0,0.0,,,,
MCH2829,3,1699.699999999999,3,0,0.0,0.0,566.5666666666663,0.0,0.0,1.0,0.0,LIVE,RETAIL OTHER,5999,False
MCH2830,3,46664.23,3,0,1.0,1142.21,15554.743333333334,0.3333333333333333,0.024477206631289106,1.0,0.0,ACTIVE,GROCERY STORES,5411,False
MCH2832,2,22712.97,2,0,0.0,0.0,11356.485,0.0,0.0,1.0,0.0,LIVE,RETAIL,5311.0,False
MCH2833,3,9866.66,2,0,0.0,0.0,3288.8866666666668,0.0,0.0,0.6666666666666666,0.0,LIVE,HOTEL_LODGING,7011,False
MCH2834,2,24560.72,2,0,1.0,-711.68,12280.36,0.5,-0.028976349227547073,1.0,0.0,,,,
MCH2835,4,26714.43,4,0,1.0,8248.74,6678.6075,0.25,0.30877469592276535,1.0,0.0,,,,
MCH2836,4,55687.6,4,0,0.0,0.0,13921.9,0.0,0.0,1.0,0.0,INACTIVE,PHARMACY,5912,False
MCH2837,1,21577.04,1,0,0.0,0.0,21577.04,0.0,0.0,1.0,0.0,,,,
MCH2838,1,5256.2,1,0,0.0,0.0,5256.2,0.0,0.0,1.0,0.0,ACTIVE,RETAIL OTHER,5999,True
MCH2839,2,28528.33,2,0,0.0,0.0,14264.165,0.0,0.0,1.0,0.0,ACTIVE,KIRANA,5411,False
MCH2840,2,40048.39,2,0,0.0,0.0,20024.195,0.0,0.0,1.0,0.0,,,,
MCH2841,1,21555.2,1,0,0.0,0.0,21555.2,0.0,0.0,1.0,0.0,ACTIVE,BOOK STORE,5942,False
MCH2842,3,55927.850000000006,3,0,1.0,0.0,18642.61666666667,0.3333333333333333,0.0,1.0,0.0,ACTIVE,CLOTHS,5699,True
MCH2843,2,30424.420000000002,2,0,1.0,1916.0,15212.210000000001,0.5,0.06297572805003349,1.0,0.0,,,,
MCH2844,3,13869.470000000001,3,0,0.0,0.0,4623.156666666667,0.0,0.0,1.0,0.0,ACTIVE,TRANSPORTATION,4131,False
MCH2847,2,22355.88,2,0,1.0,1149.72,11177.94,0.5,0.05142808066602612,1.0,0.0,,,,
MCH2848,2,31115.72,1,1,0.0,0.0,15557.86,0.0,0.0,0.5,0.5,,,,
MCH2849,1,714.5,1,0,0.0,0.0,714.5,0.0,0.0,1.0,0.0,CLOSED,MISC RETAIL,5999,True
MCH2850,4,42223.32,4,0,1.0,268.66,10555.83,0.25,0.006362834566301277,1.0,0.0,ENABLED,BUS/TAXI,4131,True
MCH2851,2,31648.839999999997,2,0,1.0,2273.34,15824.419999999998,0.5,0.0718301207879973,1.0,0.0,ACTIVE,HOTEL_LODGING,7011,True
MCH2852,2,29212.64,1,1,0.0,0.0,14606.32,0.0,0.0,0.5,0.5,,,,
MCH2853,1,15197.0,1,0,0.0,0.0,15197.0,0.0,0.0,1.0,0.0,,,,
MCH2854,1,3790.09,1,0,0.0,0.0,3790.09,0.0,0.0,1.0,0.0,,,,
MCH2855,3,32953.3,3,0,0.0,0.0,10984.433333333334,0.0,0.0,1.0,0.0,,,,
MCH2856,3,35149.69,3,0,0.0,0.0,11716.563333333334,0.0,0.0,1.0,0.0,,,,
MCH2857,1,21262.82,1,0,0.0,0.0,21262.82,0.0,0.0,1.0,0.0,ACTIVE,TRANSPRT,4131,False
MCH2859,2,42451.25,2,0,0.0,0.0,21225.625,0.0,0.0,1.0,0.0,ACTIVE,GROCERY_STORE,5411,False
MCH2860,4,85979.54000000001,2,2,1.0,1550.0,21494.885000000002,0.25,0.018027544692609428,0.5,0.5,ACTIVE,HOTEL_LODGING,7011,False
MCH2861,2,30905.8,1,0,1.0,2798.0,15452.9,0.5,0.09053316853147306,0.5,0.0,LIVE,DEPARTMENT STORES,5311,False
MCH2862,3,23778.72,2,1,0.0,0.0,7926.240000000001,0.0,0.0,0.6666666666666666,0.3333333333333333,ACTIVE,GARMENTS,5699,False
MCH2863,3,35180.32,1,2,0.0,0.0,11726.773333333333,0.0,0.0,0.3333333333333333,0.6666666666666666,,,,
MCH2864,2,32694.51,2,0,0.0,0.0,16347.255,0.0,0.0,1.0,0.0,,,,
MCH2865,2,17486.7,2,0,0.0,0.0,8743.35,0.0,0.0,1.0,0.0,,,,
MCH2866,1,16971.04,1,0,0.0,0.0,16971.04,0.0,0.0,1.0,0.0,,,,
MCH2868,1,5804.17,1,0,0.0,0.0,5804.17,0.0,0.0,1.0,0.0,,,,
MCH2869,1,8708.91,1,0,0.0,0.0,8708.91,0.0,0.0,1.0,0.0,,,,
MCH2870,1,15284.25,1,0,0.0,0.0,15284.25,0.0,0.0,1.0,0.0,ACTIVE,RESTAURANTS,5812,False
MCH2871,1,5142.15,1,0,1.0,2225.74,5142.15,1.0,0.4328422935931468,1.0,0.0,,,,
MCH2872,1,12292.04,1,0,1.0,2801.1,12292.04,1.0,0.22787918034760704,1.0,0.0,,,,
MCH2873,1,23260.66,1,0,0.0,0.0,23260.66,0.0,0.0,1.0,0.0,,,,
MCH2875,2,17222.66,2,0,0.0,0.0,8611.33,0.0,0.0,1.0,0.0,ACTIVE,DEPARTMENT STORE,5311,False
MCH2876,4,47164.91,4,0,0.0,0.0,11791.2275,0.0,0.0,1.0,0.0,,,,
MCH2877,2,11167.41,2,0,0.0,0.0,5583.705,0.0,0.0,1.0,0.0,,,,
MCH2879,3,34682.02,1,1,2.0,1815.29,11560.673333333332,0.6666666666666666,0.052340953612275185,0.3333333333333333,0.3333333333333333,ACTIVE,BUS/TAXI,4131,True
MCH2880,4,54081.05,4,0,1.0,1107.86,13520.2625,0.25,0.020485179189383338,1.0,0.0,,,,
MCH2881,5,68001.35,3,2,0.0,0.0,13600.27,0.0,0.0,0.6,0.4,ACTIVE,FOOD_SERVICES,,False
MCH2882,1,4365.22,1,0,0.0,0.0,4365.22,0.0,0.0,1.0,0.0,,,,
MCH2883,6,65110.39,5,1,1.0,3275.35,10851.731666666667,0.16666666666666666,0.05030456736628363,0.8333333333333334,0.16666666666666666,,,,
MCH2884,4,65236.26,3,1,2.0,-101.74000000000001,16309.065,0.5,-0.0015595621208205376,0.75,0.25,ACTIVE,BOOKS_STATIONERY,5942,False
MCH2886,4,31875.0,3,1,0.0,0.0,7968.75,0.0,0.0,0.75,0.25,SUSPENDED,HOTEL,7011,True
MCH2887,1,4017.53,1,0,0.0,0.0,4017.53,0.0,0.0,1.0,0.0,ACTIVE,CLOTHING,5699,False
MCH2888,1,3162.13,1,0,1.0,1074.12,3162.13,1.0,0.33968242924863934,1.0,0.0,ACTIVE,PHARMACIES,5912,False
MCH2889,4,35093.44,3,1,0.0,0.0,8773.36,0.0,0.0,0.75,0.25,,,,
MCH2892,1,191.24,0,1,0.0,0.0,191.24,0.0,0.0,0.0,1.0,,,,
MCH2893,3,27518.35,3,0,2.0,2423.25,9172.783333333333,0.6666666666666666,0.08805942216739013,1.0,0.0,,,,
MCH2894,3,47816.99,2,0,0.0,0.0,15938.996666666666,0.0,0.0,0.6666666666666666,0.0,ACTIVE,GARMENTS,5699,True
MCH2895,2,15913.96,2,0,0.0,0.0,7956.98,0.0,0.0,1.0,0.0,,,,
MCH2896,2,45496.95,2,0,1.0,4373.83,22748.475,0.5,0.09613457605399924,1.0,0.0,ENABLED,MEDICAL_STORE,5912,True
MCH2897,5,70381.48,5,0,1.0,2926.63,14076.295999999998,0.2,0.041582387866808145,1.0,0.0,ACTIVE,OTHER,5999,False
MCH2899,3,43544.55,3,0,1.0,3160.25,14514.85,0.3333333333333333,0.07257509837626062,1.0,0.0,ENABLED,EATING PLACE,5812.0,True
MCH2900,5,74511.47,4,1,2.0,4949.31,14902.294,0.4,0.06642346473636879,0.8,0.2,,,,
MCH2902,4,63555.11,4,0,1.0,769.17,15888.7775,0.25,0.012102410018643662,1.0,0.0,ACTIVE,TRANSPRT,4131,True
MCH2904,1,9602.0,0,0,0.0,0.0,9602.0,0.0,0.0,0.0,0.0,ACTIVE,OTHER,5999.0,False
MCH2905,2,26817.28,2,0,0.0,0.0,13408.64,0.0,0.0,1.0,0.0,SUSPENDED,MEDICAL,5912,False
MCH2906,3,39394.82,3,0,0.0,0.0,13131.606666666667,0.0,0.0,1.0,0.0,,,,
MCH2907,5,59964.89,2,3,1.0,2935.06,11992.978,0.2,0.0489463084148074,0.4,0.6,ACTIVE,MEDICAL_STORE,5912.0,False
MCH2908,2,23782.629999999997,1,1,0.0,0.0,11891.314999999999,0.0,0.0,0.5,0.5,,,,
MCH2909,4,39948.86,4,0,0.0,0.0,9987.215,0.0,0.0,1.0,0.0,,,,
MCH2911,1,20109.96,1,0,0.0,0.0,20109.96,0.0,0.0,1.0,0.0,,,,
MCH2912,1,16621.83,1,0,0.0,0.0,16621.83,0.0,0.0,1.0,0.0,INACTIVE,GROCERIES,UNKNOWN,True
MCH2913,1,24039.86,1,0,0.0,0.0,24039.86,0.0,0.0,1.0,0.0,,,,
MCH2914,2,28256.149999999998,1,1,0.0,0.0,14128.074999999999,0.0,0.0,0.5,0.5,CLOSED,FOOD_SERVICES,5812,True
MCH2915,3,45946.56,3,0,0.0,0.0,15315.519999999999,0.0,0.0,1.0,0.0,ACTIVE,TELECOM,4814.0,True
MCH2916,4,64530.729999999996,3,1,0.0,0.0,16132.682499999999,0.0,0.0,0.75,0.25,,,,
MCH2917,3,12412.980000000001,3,0,0.0,0.0,4137.660000000001,0.0,0.0,1.0,0.0,DISABLED,FOOD,5812,True
MCH2918,2,18373.65,2,0,0.0,0.0,9186.825,0.0,0.0,1.0,0.0,,,,
MCH2919,1,18619.57,1,0,0.0,0.0,18619.57,0.0,0.0,1.0,0.0,ENABLED,PHARMACY,,False
MCH2920,5,62498.11,5,0,0.0,0.0,12499.622,0.0,0.0,1.0,0.0,,,,
MCH2921,2,36704.53,2,0,1.0,0.0,18352.265,0.5,0.0,1.0,0.0,ACTIVE,HOSPITALITY,7011,False
MCH2922,5,56875.93,4,1,0.0,0.0,11375.186,0.0,0.0,0.8,0.2,ENABLED,RETAIL OTHER,5999,False
MCH2923,2,40837.7,0,1,1.0,1512.0,20418.85,0.5,0.037024612061893794,0.0,0.5,LIVE,PHARMACIES,5912,True
MCH2924,4,75933.03,3,1,1.0,8630.24,18983.2575,0.25,0.1136559412945855,0.75,0.25,ENABLED,STATIONERY,5942,False
MCH2925,4,61725.22,4,0,0.0,0.0,15431.305,0.0,0.0,1.0,0.0,,,,
MCH2926,1,24666.12,1,0,1.0,3270.0,24666.12,1.0,0.13257050561661096,1.0,0.0,ACTIVE,STATIONERY,5942,False
MCH2927,4,72739.87,4,0,0.0,0.0,18184.9675,0.0,0.0,1.0,0.0,,,,
MCH2928,2,13779.24,2,0,1.0,784.51,6889.62,0.5,0.056934199563981755,1.0,0.0,CLOSED,FOOD_SERVICES,5812,False
MCH2929,2,42520.79,2,0,1.0,-5720.73,21260.395,0.5,-0.13453959815892413,1.0,0.0,,,,
MCH2930,5,72560.11,5,0,0.0,0.0,14512.022,0.0,0.0,1.0,0.0,,,,
MCH2931,4,54812.95,3,1,0.0,0.0,13703.2375,0.0,0.0,0.75,0.25,,,,
MCH2932,1,18785.17,1,0,0.0,0.0,18785.17,0.0,0.0,1.0,0.0,,,,
MCH2933,1,-11137.92,1,0,0.0,0.0,-11137.92,0.0,0.0,1.0,0.0,,,,
MCH2935,2,38319.83,1,1,0.0,0.0,19159.915,0.0,0.0,0.5,0.5,,,,
MCH2936,1,24390.29,1,0,0.0,0.0,24390.29,0.0,0.0,1.0,0.0,,,,
MCH2937,5,25605.4,5,0,0.0,0.0,5121.08,0.0,0.0,1.0,0.0,,,,
MCH2939,1,5346.44,1,0,0.0,0.0,5346.44,0.0,0.0,1.0,0.0,,,,
MCH2940,2,11738.98,2,0,1.0,-1116.32,5869.49,0.5,-0.09509514455259316,1.0,0.0,,,,
MCH2941,1,6058.13,1,0,1.0,4974.0,6058.13,1.0,0.8210454381137413,1.0,0.0,LIVE,DEPARTMENT STORE,5311,False
MCH2942,3,29273.58,1,2,2.0,9993.63,9757.86,0.6666666666666666,0.34138735337461285,0.3333333333333333,0.6666666666666666,,,,
MCH2944,1,10103.14,1,0,0.0,0.0,10103.14,0.0,0.0,1.0,0.0,,,,
MCH2945,1,23053.1,1,0,0.0,0.0,23053.1,0.0,0.0,1.0,0.0,INACTIVE,MOBILE RECHARGE,UNKNOWN,False
MCH2946,2,19999.79,2,0,0.0,0.0,9999.895,0.0,0.0,1.0,0.0,LIVE,TELECOM,4814,True
MCH2947,2,26688.879999999997,2,0,0.0,0.0,13344.439999999999,0.0,0.0,1.0,0.0,,,,
MCH2948,2,39590.240000000005,2,0,0.0,0.0,19795.120000000003,0.0,0.0,1.0,0.0,,,,
MCH2949,1,16466.93,0,1,0.0,0.0,16466.93,0.0,0.0,0.0,1.0,ACTIVE,MISCELLANEOUS,5999,False
MCH2950,2,15134.619999999999,2,0,0.0,0.0,7567.3099999999995,0.0,0.0,1.0,0.0,ACTIVE,STATIONERY,5942,False
MCH2951,1,2348.05,0,1,0.0,0.0,2348.05,0.0,0.0,0.0,1.0,ACTIVE,HOTEL,7011.0,False
MCH2952,2,18343.11,2,0,1.0,5779.34,9171.555,0.5,0.3150687097226152,1.0,0.0,,,,
MCH2953,3,37454.73,2,0,1.0,4814.0,12484.910000000002,0.3333333333333333,0.1285284929299984,0.6666666666666666,0.0,,,,
MCH2954,1,9964.9,1,0,0.0,0.0,9964.9,0.0,0.0,1.0,0.0,LIVE,HOTELS,7011,True
MCH2955,1,6948.0,1,0,0.0,0.0,6948.0,0.0,0.0,1.0,0.0,,,,
MCH2956,3,51313.97,2,1,0.0,0.0,17104.656666666666,0.0,0.0,0.6666666666666666,0.3333333333333333,INACTIVE,MOBILE RECHARGE,4814,True
MCH2958,3,41067.97,3,0,0.0,0.0,13689.323333333334,0.0,0.0,1.0,0.0,,,,
MCH2959,1,1343.85,1,0,0.0,0.0,1343.85,0.0,0.0,1.0,0.0,LIVE,FOOD,5812.0,False
MCH2960,1,14827.93,1,0,1.0,411.2,14827.93,1.0,0.027731450040565337,1.0,0.0,ACTIVE,BUS/TAXI,4131,False
MCH2961,4,25932.42,3,1,1.0,636.43,6483.105,0.25,0.02454186689865427,0.75,0.25,,,,
MCH2962,2,37148.45,2,0,0.0,0.0,18574.225,0.0,0.0,1.0,0.0,ACTIVE,TELECOM,4814,True
MCH2964,1,8554.94,1,0,0.0,0.0,8554.94,0.0,0.0,1.0,0.0,ACTIVE,PHONE SERVICE,4814,True
MCH2965,2,15358.97,2,0,0.0,0.0,7679.485,0.0,0.0,1.0,0.0,ACTIVE,GROCERIES,5411,False
MCH2966,2,13994.08,2,0,0.0,0.0,6997.04,0.0,0.0,1.0,0.0,,,,
MCH2968,4,61220.58,3,1,1.0,14197.19,15305.145,0.25,0.23190224594409267,0.75,0.25,,,,
MCH2969,1,11768.91,1,0,0.0,0.0,11768.91,0.0,0.0,1.0,0.0,LIVE,HOTEL,7011.0,False
MCH2971,2,26477.46,2,0,1.0,1092.58,13238.73,0.5,0.04126453217189262,1.0,0.0,ACTIVE,FASHION,5699,False
MCH2972,2,29441.01,2,0,0.0,0.0,14720.505,0.0,0.0,1.0,0.0,,,,
MCH2973,2,27006.35,2,0,0.0,0.0,13503.175,0.0,0.0,1.0,0.0,ACTIVE,TRANSPRT,4131,False
MCH2974,3,14053.39,3,0,2.0,1311.0,4684.463333333333,0.6666666666666666,0.09328710012317314,1.0,0.0,,,,
MCH2975,1,14341.75,1,0,0.0,0.0,14341.75,0.0,0.0,1.0,0.0,INACTIVE,BOOKS,5942,False
MCH2976,4,14300.34,4,0,0.0,0.0,3575.085,0.0,0.0,1.0,0.0,,,,
MCH2977,2,22827.699999999997,2,0,1.0,1467.82,11413.849999999999,0.5,0.06429995137486476,1.0,0.0,,,,
MCH2978,1,7693.48,1,0,0.0,0.0,7693.48,0.0,0.0,1.0,0.0,ACTIVE,HOSPITALITY,7011,False
MCH2979,4,75775.07,4,0,0.0,0.0,18943.7675,0.0,0.0,1.0,0.0,ENABLED,MISCELLANEOUS,5999,False
MCH2980,1,10142.74,1,0,0.0,0.0,10142.74,0.0,0.0,1.0,0.0,ACTIVE,GROCERIES,5411,False
MCH2981,4,46712.05,4,0,0.0,0.0,11678.0125,0.0,0.0,1.0,0.0,ACTIVE,MISC RETAIL,5999,True
MCH2982,3,33470.77,2,1,0.0,0.0,11156.923333333332,0.0,0.0,0.6666666666666666,0.3333333333333333,,,,
MCH2983,6,99571.78,5,1,0.0,0.0,16595.296666666665,0.0,0.0,0.8333333333333334,0.16666666666666666,,,,
MCH2984,1,4439.13,1,0,0.0,0.0,4439.13,0.0,0.0,1.0,0.0,,,,
MCH2985,1,786.11,1,0,0.0,0.0,786.11,0.0,0.0,1.0,0.0,,,,
MCH2986,3,5885.6799999999985,3,0,2.0,496.81000000000006,1961.8933333333327,0.6666666666666666,0.08440995772790913,1.0,0.0,SUSPENDED,TRAVEL,4131,False
MCH2987,4,39951.840000000004,4,0,1.0,3625.88,9987.960000000001,0.25,0.09075627054974188,1.0,0.0,,,,
MCH2989,2,31337.84,1,1,1.0,2386.57,15668.92,0.5,0.07615617413325233,0.5,0.5,,,,
MCH2990,2,33710.12,2,0,0.0,0.0,16855.06,0.0,0.0,1.0,0.0,ACTIVE,HOTEL,7011,True
MCH2991,3,8325.89,2,1,0.0,0.0,2775.2966666666666,0.0,0.0,0.6666666666666666,0.3333333333333333,,,,
MCH2992,1,12959.44,1,0,0.0,0.0,12959.44,0.0,0.0,1.0,0.0,,,,
MCH2994,3,29949.76,3,0,0.0,0.0,9983.253333333332,0.0,0.0,1.0,0.0,LIVE,TRANSPORT,4131,True
MCH2995,2,17266.69,2,0,0.0,0.0,8633.345,0.0,0.0,1.0,0.0,ENABLED,HOTEL,7011,True
MCH2996,3,47710.520000000004,3,0,0.0,0.0,15903.506666666668,0.0,0.0,1.0,0.0,CLOSED,GROCERY,5411,False
MCH2997,1,20319.2,1,0,1.0,5163.82,20319.2,1.0,0.25413500531516986,1.0,0.0,ENABLED,HOTEL_LODGING,7011,True
MCH2998,2,23568.489999999998,2,0,0.0,0.0,11784.244999999999,0.0,0.0,1.0,0.0,,,,
MCH2999,4,27878.060000000005,3,1,0.0,0.0,6969.515000000001,0.0,0.0,0.75,0.25,,,,
MCH3000,3,40686.59,3,0,0.0,0.0,13562.196666666665,0.0,0.0,1.0,0.0,,,,
MCH3001,5,47384.47,5,0,0.0,0.0,9476.894,0.0,0.0,1.0,0.0,,,,
MCH3002,5,60084.42,4,0,0.0,0.0,12016.884,0.0,0.0,0.8,0.0,LIVE,CLOTHING,5699.0,False
MCH3004,1,5977.04,1,0,0.0,0.0,5977.04,0.0,0.0,1.0,0.0,,,,
MCH3005,1,16988.04,1,0,0.0,0.0,16988.04,0.0,0.0,1.0,0.0,INACTIVE,APPAREL,5699,False
MCH3006,2,22745.05,2,0,0.0,0.0,11372.525,0.0,0.0,1.0,0.0,ENABLED,MISCELLANEOUS,5999,False
MCH3007,1,1955.63,1,0,0.0,0.0,1955.63,0.0,0.0,1.0,0.0,,,,
MCH3008,1,2111.91,1,0,0.0,0.0,2111.91,0.0,0.0,1.0,0.0,ENABLED,DEPARTMENT STORE,5311,False
MCH3009,4,59678.45,3,1,0.0,0.0,14919.6125,0.0,0.0,0.75,0.25,,,,
MCH3010,1,19208.51,1,0,0.0,0.0,19208.51,0.0,0.0,1.0,0.0,,,,
MCH3011,2,38513.42,2,0,0.0,0.0,19256.71,0.0,0.0,1.0,0.0,CLOSED,DEPARTMENT STORES,5311,False
MCH3012,2,16407.57,1,0,0.0,0.0,8203.785,0.0,0.0,0.5,0.0,HOLD,GROCERIES,misc,False
MCH3013,3,26791.870000000003,2,0,0.0,0.0,8930.623333333335,0.0,0.0,0.6666666666666666,0.0,,,,
MCH3014,1,11816.78,1,0,0.0,0.0,11816.78,0.0,0.0,1.0,0.0,ACTIVE,RETAIL,5311,False
MCH3015,5,23926.47,4,0,0.0,0.0,4785.294,0.0,0.0,0.8,0.0,,,,
MCH3016,3,34965.380000000005,2,1,0.0,0.0,11655.126666666669,0.0,0.0,0.6666666666666666,0.3333333333333333,,,,
MCH3018,2,27560.62,1,1,1.0,1181.91,13780.31,0.5,0.042884013494616596,0.5,0.5,,,,
MCH3019,3,49171.16,2,0,0.0,0.0,16390.38666666667,0.0,0.0,0.6666666666666666,0.0,,,,
MCH3020,4,64311.11,4,0,1.0,708.0,16077.7775,0.25,0.01100898429524852,1.0,0.0,,,,
MCH3021,1,9429.84,1,0,0.0,0.0,9429.84,0.0,0.0,1.0,0.0,ACTIVE,BUS/TAXI,4131,True
MCH3022,4,38524.9,4,0,0.0,0.0,9631.225,0.0,0.0,1.0,0.0,,,,
MCH3023,2,30955.85,2,0,0.0,0.0,15477.925,0.0,0.0,1.0,0.0,ACTIVE,TRANSPORT,4131,True
MCH3024,1,16913.2,1,0,0.0,0.0,16913.2,0.0,0.0,1.0,0.0,ACTIVE,EATING PLACE,5812.0,False
MCH3025,2,33280.97,0,1,1.0,1549.0,16640.485,0.5,0.04654311457869167,0.0,0.5,ACTIVE,TRANSPORT,4131,False
MCH3026,2,29104.07,2,0,0.0,0.0,14552.035,0.0,0.0,1.0,0.0,,,,
MCH3027,1,14528.4,1,0,0.0,0.0,14528.4,0.0,0.0,1.0,0.0,,,,
MCH3028,1,6540.71,1,0,0.0,0.0,6540.71,0.0,0.0,1.0,0.0,,,,
MCH3029,4,68400.43,2,2,0.0,0.0,17100.1075,0.0,0.0,0.5,0.5,ACTIVE,TRANSPRT,4131,True
MCH3030,3,46138.65,2,1,1.0,3964.0,15379.550000000001,0.3333333333333333,0.0859149541653256,0.6666666666666666,0.3333333333333333,ENABLED,STATIONERY,5942,False
MCH3031,3,35520.44,2,0,0.0,0.0,11840.146666666667,0.0,0.0,0.6666666666666666,0.0,ENABLED,GROCERIES,5411,False
MCH3033,2,21268.59,2,0,0.0,0.0,10634.295,0.0,0.0,1.0,0.0,,,,
MCH3034,3,37999.03,3,0,1.0,774.67,12666.343333333332,0.3333333333333333,0.020386573025679866,1.0,0.0,,,,
MCH3036,3,27911.52,2,0,0.0,0.0,9303.84,0.0,0.0,0.6666666666666666,0.0,,,,
MCH3037,3,20388.39,3,0,0.0,0.0,6796.13,0.0,0.0,1.0,0.0,ACTIVE,GROCERY STORES,5411,True
MCH3038,1,23679.35,0,1,1.0,354.48,23679.35,1.0,0.014970005511131009,0.0,1.0,,,,
MCH3039,1,14588.0,1,0,0.0,0.0,14588.0,0.0,0.0,1.0,0.0,ENABLED,GROCERY STORES,5411.0,False
MCH3040,1,15510.77,1,0,0.0,0.0,15510.77,0.0,0.0,1.0,0.0,ACTIVE,GROCERY_STORE,5411,False
MCH3041,2,41709.47,2,0,0.0,0.0,20854.735,0.0,0.0,1.0,0.0,,,,
MCH3042,1,23368.9,1,0,0.0,0.0,23368.9,0.0,0.0,1.0,0.0,,,,
MCH3043,1,18708.49,1,0,0.0,0.0,18708.49,0.0,0.0,1.0,0.0,,,,
MCH3044,1,22243.29,1,0,0.0,0.0,22243.29,0.0,0.0,1.0,0.0,INACTIVE,STATIONERY,5942,False
MCH3045,3,28389.49,1,1,0.0,0.0,9463.163333333334,0.0,0.0,0.3333333333333333,0.3333333333333333,,,,
MCH3046,3,13198.450000000003,3,0,0.0,0.0,4399.4833333333345,0.0,0.0,1.0,0.0,HOLD,BOOK STORE,5942,False
MCH3047,3,35437.93,3,0,1.0,2105.51,11812.643333333333,0.3333333333333333,0.059414023336013144,1.0,0.0,,,,
MCH3048,2,22994.0,2,0,0.0,0.0,11497.0,0.0,0.0,1.0,0.0,ENABLED,HOTELS,7011,False
MCH3050,2,13684.16,2,0,2.0,12232.05,6842.08,1.0,0.8938838774173935,1.0,0.0,,,,
MCH3051,3,23467.23,2,1,0.0,0.0,7822.41,0.0,0.0,0.6666666666666666,0.3333333333333333,LIVE,GARMENTS,5699.0,False
MCH3052,3,44926.6,3,0,1.0,802.19,14975.533333333333,0.3333333333333333,0.017855568861209176,1.0,0.0,,,,
MCH3053,2,32539.06,2,0,0.0,0.0,16269.53,0.0,0.0,1.0,0.0,,,,
MCH3054,4,48285.45,4,0,1.0,0.0,12071.3625,0.25,0.0,1.0,0.0,,,,
MCH3055,1,12458.27,1,0,0.0,0.0,12458.27,0.0,0.0,1.0,0.0,ENABLED,HOTEL,7011,False
MCH3056,3,28495.940000000002,3,0,0.0,0.0,9498.646666666667,0.0,0.0,1.0,0.0,,,,
MCH3057,2,38387.35,2,0,0.0,0.0,19193.675,0.0,0.0,1.0,0.0,ACTIVE,DEPARTMENT STORES,5311,False
MCH3059,5,46322.02,5,0,0.0,0.0,9264.403999999999,0.0,0.0,1.0,0.0,,,,
MCH3060,1,14983.94,0,0,0.0,0.0,14983.94,0.0,0.0,0.0,0.0,ENABLED,DEPT_STORE,5311,False
MCH3061,3,17102.25,1,0,1.0,2359.0,5700.75,0.3333333333333333,0.13793506702334488,0.3333333333333333,0.0,ACTIVE,DEPARTMENT STORES,5311,True
MCH3062,3,49397.48,2,1,0.0,0.0,16465.826666666668,0.0,0.0,0.6666666666666666,0.3333333333333333,,,,
MCH3063,1,4084.25,1,0,0.0,0.0,4084.25,0.0,0.0,1.0,0.0,INACTIVE,TRANSPORT,4131,False
MCH3065,3,34438.82,3,0,0.0,0.0,11479.606666666667,0.0,0.0,1.0,0.0,,,,
MCH3066,4,42435.92,4,0,0.0,0.0,10608.98,0.0,0.0,1.0,0.0,,,,
MCH3067,2,23346.57,1,0,1.0,8749.79,11673.285,0.5,0.3747783935713041,0.5,0.0,,,,
MCH3068,3,17076.05,2,1,0.0,0.0,5692.016666666666,0.0,0.0,0.6666666666666666,0.3333333333333333,,,,
MCH3069,3,46588.6,3,0,0.0,0.0,15529.533333333333,0.0,0.0,1.0,0.0,ENABLED,FASHION,5699,False
MCH3071,1,7504.98,1,0,0.0,0.0,7504.98,0.0,0.0,1.0,0.0,LIVE,RESTAURANTS,5812,False
MCH3072,1,514.67,1,0,0.0,0.0,514.67,0.0,0.0,1.0,0.0,LIVE,CLOTHING,5699,True
MCH3073,1,18127.9,1,0,0.0,0.0,18127.9,0.0,0.0,1.0,0.0,,,,
MCH3074,2,11572.57,2,0,1.0,2581.01,5786.285,0.5,0.22302824696674986,1.0,0.0,,,,
MCH3075,1,20529.88,1,0,0.0,0.0,20529.88,0.0,0.0,1.0,0.0,ACTIVE,TRANSPRT,4131,True
MCH3076,2,33921.94,1,1,0.0,0.0,16960.97,0.0,0.0,0.5,0.5,,,,
MCH3077,4,61714.91,4,0,1.0,503.49,15428.7275,0.25,0.008158320250325245,1.0,0.0,ACTIVE,TRANSPRT,4131.0,False
MCH3078,5,25462.640000000003,4,1,2.0,13217.49,5092.528,0.4,0.5190934639927359,0.8,0.2,LIVE,HOTEL,7011,False
MCH3079,2,20705.0,2,0,1.0,6058.0,10352.5,0.5,0.2925863318039121,1.0,0.0,ENABLED,HOTEL,7011,True
MCH3080,2,33056.89,2,0,0.0,0.0,16528.445,0.0,0.0,1.0,0.0,LIVE,GROCERIES,5411,False
MCH3081,1,6198.31,1,0,0.0,0.0,6198.31,0.0,0.0,1.0,0.0,ACTIVE,MEDICAL_STORE,5912,False
MCH3082,2,27983.25,2,0,1.0,895.55,13991.625,0.5,0.03200307326704368,1.0,0.0,,,,
MCH3083,1,901.5,1,0,0.0,0.0,901.5,0.0,0.0,1.0,0.0,,,,
MCH3084,3,44216.92999999999,3,0,0.0,0.0,14738.976666666664,0.0,0.0,1.0,0.0,ACTIVE,CLOTHS,5699.0,False
MCH3085,2,30824.94,2,0,0.0,0.0,15412.47,0.0,0.0,1.0,0.0,ACTIVE,HOTELS,7011,True
MCH3086,2,34033.82,2,0,0.0,0.0,17016.91,0.0,0.0,1.0,0.0,ACTIVE,FOOD,5812,True
MCH3087,1,18438.47,1,0,0.0,0.0,18438.47,0.0,0.0,1.0,0.0,,,,
MCH3088,5,73445.67,3,2,1.0,0.0,14689.134,0.2,0.0,0.6,0.4,ENABLED,GROCERY,5411,False
MCH3089,5,69396.56,5,0,0.0,0.0,13879.312,0.0,0.0,1.0,0.0,ACTIVE,STATIONERY,5942,False
MCH3090,1,13337.76,1,0,0.0,0.0,13337.76,0.0,0.0,1.0,0.0,,,,
MCH3091,1,7434.96,1,0,0.0,0.0,7434.96,0.0,0.0,1.0,0.0,,,,
MCH3092,2,29551.13,2,0,0.0,0.0,14775.565,0.0,0.0,1.0,0.0,ACTIVE,MISCELLANEOUS,5999,False
MCH3093,2,24840.98,2,0,0.0,0.0,12420.49,0.0,0.0,1.0,0.0,ACTIVE,RETAIL OTHER,5999,True
MCH3094,1,20124.62,1,0,0.0,0.0,20124.62,0.0,0.0,1.0,0.0,ACTIVE,GARMENTS,5699,True
MCH3095,4,29213.29,4,0,0.0,0.0,7303.3225,0.0,0.0,1.0,0.0,LIVE,MISC RETAIL,5999,False
MCH3096,3,36871.2,2,1,2.0,5521.1900000000005,12290.4,0.6666666666666666,0.14974261754431645,0.6666666666666666,0.3333333333333333,ACTIVE,FOOD,5812,False
MCH3097,2,42199.22,2,0,0.0,0.0,21099.61,0.0,0.0,1.0,0.0,,,,
MCH3098,1,20959.83,1,0,0.0,0.0,20959.83,0.0,0.0,1.0,0.0,,,,
MCH3099,3,34563.990000000005,2,0,1.0,411.83,11521.330000000002,0.3333333333333333,0.011915001711318627,0.6666666666666666,0.0,LIVE,GARMENTS,5699,False
MCH3100,2,31508.8,2,0,0.0,0.0,15754.4,0.0,0.0,1.0,0.0,,,,
MCH3101,1,14586.85,1,0,0.0,0.0,14586.85,0.0,0.0,1.0,0.0,,,,
MCH3102,1,15175.0,1,0,0.0,0.0,15175.0,0.0,0.0,1.0,0.0,,,,
MCH3103,2,-2012.3099999999995,2,0,0.0,0.0,-1006.1549999999997,0.0,0.0,1.0,0.0,,,,
MCH3104,2,8234.74,2,0,0.0,0.0,4117.37,0.0,0.0,1.0,0.0,,,,
MCH3105,4,40278.18,3,0,2.0,2636.83,10069.545,0.5,0.06546547038619918,0.75,0.0,ACTIVE,DEPARTMENT STORES,5311.0,False
MCH3106,1,17722.05,1,0,1.0,1320.83,17722.05,1.0,0.07453031675229446,1.0,0.0,,,,
MCH3107,3,29322.33,3,0,0.0,0.0,9774.11,0.0,0.0,1.0,0.0,LIVE,MEDICAL,,False
MCH3108,4,47894.32,4,0,0.0,0.0,11973.58,0.0,0.0,1.0,0.0,,,,
MCH3109,2,42602.91,2,0,0.0,0.0,21301.455,0.0,0.0,1.0,0.0,,,,
MCH3110,3,32039.309999999998,3,0,0.0,0.0,10679.769999999999,0.0,0.0,1.0,0.0,,,,
MCH3111,5,66671.31999999999,5,0,1.0,2723.0,13334.264,0.2,0.04084214921798459,1.0,0.0,LIVE,TELECOM,,False
MCH3112,2,24355.12,2,0,0.0,0.0,12177.56,0.0,0.0,1.0,0.0,,,,
MCH3113,2,34704.31,2,0,0.0,0.0,17352.155,0.0,0.0,1.0,0.0,,,,
MCH3114,3,21398.989999999998,1,1,0.0,0.0,7132.996666666666,0.0,0.0,0.3333333333333333,0.3333333333333333,,,,
MCH3115,2,-17909.1,2,0,0.0,0.0,-8954.55,0.0,0.0,1.0,0.0,,,,
MCH3117,2,25865.51,1,1,0.0,0.0,12932.755,0.0,0.0,0.5,0.5,,,,
MCH3118,2,25204.47,1,0,1.0,8722.75,12602.235,0.5,0.34607948510720515,0.5,0.0,,,,
MCH3119,3,25281.43,3,0,0.0,0.0,8427.143333333333,0.0,0.0,1.0,0.0,LIVE,DEPARTMENT STORES,5311,False
MCH3120,2,21699.14,1,1,0.0,0.0,10849.57,0.0,0.0,0.5,0.5,,,,
MCH3121,3,45113.880000000005,2,1,0.0,0.0,15037.960000000001,0.0,0.0,0.6666666666666666,0.3333333333333333,,,,
MCH3122,3,50251.22,3,0,1.0,0.0,16750.406666666666,0.3333333333333333,0.0,1.0,0.0,ACTIVE,STATIONERY,5942,True
MCH3123,2,26362.46,2,0,0.0,0.0,13181.23,0.0,0.0,1.0,0.0,ACTIVE,TRAVEL,,False
MCH3124,3,5004.09,2,1,0.0,0.0,1668.03,0.0,0.0,0.6666666666666666,0.3333333333333333,,,,
MCH3125,3,45275.270000000004,3,0,0.0,0.0,15091.756666666668,0.0,0.0,1.0,0.0,ACTIVE,CLOTHS,5699,False
MCH3127,3,22457.61,1,1,0.0,0.0,7485.87,0.0,0.0,0.3333333333333333,0.3333333333333333,,,,
MCH3128,4,53650.33,3,1,1.0,4547.87,13412.5825,0.25,0.08476872369657372,0.75,0.25,,,,
MCH3129,2,5136.62,2,0,1.0,14485.22,2568.31,0.5,2.8199905774614433,1.0,0.0,LIVE,GROCERY_STORE,5411,False
MCH3130,3,44341.399999999994,3,0,0.0,0.0,14780.466666666665,0.0,0.0,1.0,0.0,INACTIVE,BOOK STORE,5942,False
MCH3131,3,28273.809999999998,2,1,0.0,0.0,9424.603333333333,0.0,0.0,0.6666666666666666,0.3333333333333333,,,,
MCH3132,5,58132.880000000005,5,0,1.0,-4982.63,11626.576000000001,0.2,-0.08571104682926425,1.0,0.0,,,,
MCH3134,5,59864.340000000004,5,0,1.0,2255.0,11972.868,0.2,0.03766850181593917,1.0,0.0,ACTIVE,DEPT_STORE,5311,False
MCH3135,1,2114.48,0,1,0.0,0.0,2114.48,0.0,0.0,0.0,1.0,,,,
MCH3136,1,10073.57,1,0,0.0,0.0,10073.57,0.0,0.0,1.0,0.0,,,,
MCH3137,5,78433.16,4,0,1.0,0.0,15686.632000000001,0.2,0.0,0.8,0.0,,,,
MCH3138,4,51170.31,2,2,0.0,0.0,12792.5775,0.0,0.0,0.5,0.5,,,,
MCH3139,2,21398.36,2,0,0.0,0.0,10699.18,0.0,0.0,1.0,0.0,DISABLED,GARMENTS,5699,True
MCH3140,2,27306.48,2,0,2.0,7417.98,13653.24,1.0,0.2716563980417835,1.0,0.0,SUSPENDED,TRAVEL,4131,True
MCH3141,5,77897.7,5,0,1.0,1146.96,15579.539999999999,0.2,0.0147239263803681,1.0,0.0,,,,
MCH3142,2,20714.84,2,0,2.0,1136.92,10357.42,1.0,0.054884324474627856,1.0,0.0,LIVE,BOOKS,5942,False
MCH3143,4,46803.229999999996,4,0,1.0,1422.0,11700.807499999999,0.25,0.030382518471481566,1.0,0.0,LIVE,DEPT_STORE,5311,False
MCH3144,1,16582.06,1,0,0.0,0.0,16582.06,0.0,0.0,1.0,0.0,LIVE,HOTELS,7011,False
MCH3146,3,36246.26,0,2,0.0,0.0,12082.086666666668,0.0,0.0,0.0,0.6666666666666666,LIVE,TRANSPORT,4131,False
MCH3148,5,87452.95,5,0,1.0,6511.97,17490.59,0.2,0.0744625538646781,1.0,0.0,LIVE,TELECOM,4814.0,False
MCH3150,3,33856.520000000004,2,1,0.0,0.0,11285.506666666668,0.0,0.0,0.6666666666666666,0.3333333333333333,,,,
MCH3151,2,9578.26,2,0,1.0,595.39,4789.13,0.5,0.06216055943355056,1.0,0.0,,,,
MCH3152,1,4971.59,1,0,0.0,0.0,4971.59,0.0,0.0,1.0,0.0,,,,
MCH3153,2,26499.62,2,0,0.0,0.0,13249.81,0.0,0.0,1.0,0.0,,,,
MCH3154,6,90955.26000000001,5,0,1.0,1056.33,15159.210000000001,0.16666666666666666,0.011613731850142585,0.8333333333333334,0.0,INACTIVE,TRANSPORT,4131,False
MCH3155,1,12440.31,0,0,0.0,0.0,12440.31,0.0,0.0,0.0,0.0,ENABLED,DEPT_STORE,5311,False
MCH3156,4,61343.770000000004,3,0,0.0,0.0,15335.942500000001,0.0,0.0,0.75,0.0,ACTIVE,MISCELLANEOUS,5999,False
MCH3157,3,57368.97,3,0,1.0,7640.62,19122.99,0.3333333333333333,0.1331838448555029,1.0,0.0,,,,
MCH3158,3,35116.18,2,1,1.0,-344.33,11705.393333333333,0.3333333333333333,-0.009805451504121461,0.6666666666666666,0.3333333333333333,,,,
MCH3159,1,5930.83,1,0,1.0,405.0,5930.83,1.0,0.0682872380425674,1.0,0.0,,,,
MCH3161,1,5754.44,1,0,0.0,0.0,5754.44,0.0,0.0,1.0,0.0,ACTIVE,OTHER,5999.0,False
MCH3162,1,21868.79,1,0,0.0,0.0,21868.79,0.0,0.0,1.0,0.0,,,,
MCH3163,3,43257.83,3,0,1.0,15660.34,14419.276666666667,0.3333333333333333,0.3620232452714341,1.0,0.0,SUSPENDED,OTHER,5999,True
MCH3164,1,9176.29,1,0,1.0,1023.0,9176.29,1.0,0.11148296315831342,1.0,0.0,,,,
MCH3165,3,59398.8,2,1,1.0,8257.96,19799.600000000002,0.3333333333333333,0.1390257042229809,0.6666666666666666,0.3333333333333333,,,,
MCH3166,2,25109.37,2,0,0.0,0.0,12554.685,0.0,0.0,1.0,0.0,,,,
MCH3167,2,34312.479999999996,2,0,1.0,1048.77,17156.239999999998,0.5,0.030565263717457908,1.0,0.0,ACTIVE,GROCERY STORES,5411,False
MCH3168,1,24737.74,1,0,0.0,0.0,24737.74,0.0,0.0,1.0,0.0,,,,
MCH3169,1,10652.0,0,0,0.0,0.0,10652.0,0.0,0.0,0.0,0.0,,,,
MCH3171,1,16342.48,1,0,2.0,30866.46,16342.48,2.0,1.8887255789818926,1.0,0.0,,,,
MCH3172,3,41167.04,3,0,0.0,0.0,13722.346666666666,0.0,0.0,1.0,0.0,ACTIVE,TELECOM,4814,True
MCH3174,2,43002.23,2,0,0.0,0.0,21501.115,0.0,0.0,1.0,0.0,,,,
MCH3175,3,43803.96,3,0,1.0,2266.29,14601.32,0.3333333333333333,0.051737103220804694,1.0,0.0,,,,
MCH3176,1,11723.0,1,0,0.0,0.0,11723.0,0.0,0.0,1.0,0.0,ACTIVE,PHONE SERVICE,4814.0,False
MCH3177,1,1329.06,1,0,0.0,0.0,1329.06,0.0,0.0,1.0,0.0,SUSPENDED,TRAVEL,4131,True
MCH3178,1,1028.92,1,0,0.0,0.0,1028.92,0.0,0.0,1.0,0.0,ACTIVE,CLOTHING,5699,False
MCH3179,1,10174.49,0,1,0.0,0.0,10174.49,0.0,0.0,0.0,1.0,SUSPENDED,MISC RETAIL,5999,True
MCH3180,2,21041.73,2,0,0.0,0.0,10520.865,0.0,0.0,1.0,0.0,ENABLED,CHEMIST,5912,False
MCH3181,3,22571.98,2,1,2.0,4032.1400000000003,7523.993333333333,0.6666666666666666,0.17863474980927682,0.6666666666666666,0.3333333333333333,LIVE,BUS/TAXI,4131,False
MCH3182,3,52105.399999999994,3,0,0.0,0.0,17368.466666666664,0.0,0.0,1.0,0.0,,,,
MCH3183,1,6883.26,0,1,0.0,0.0,6883.26,0.0,0.0,0.0,1.0,,,,
MCH3185,3,38110.45,2,1,1.0,1222.97,12703.483333333332,0.3333333333333333,0.03209014850257607,0.6666666666666666,0.3333333333333333,,,,
MCH3186,3,22486.05,2,1,1.0,1760.95,7495.349999999999,0.3333333333333333,0.07831299850351663,0.6666666666666666,0.3333333333333333,,,,
MCH3187,4,42166.96,4,0,0.0,0.0,10541.74,0.0,0.0,1.0,0.0,ACTIVE,PHARMACY,5912,False
MCH3188,3,62191.770000000004,3,0,0.0,0.0,20730.59,0.0,0.0,1.0,0.0,,,,
MCH3189,2,5356.6900000000005,2,0,0.0,0.0,2678.3450000000003,0.0,0.0,1.0,0.0,ACTIVE,GROCERY_STORE,5411,True
MCH3190,1,20814.28,1,0,0.0,0.0,20814.28,0.0,0.0,1.0,0.0,,,,
MCH3191,1,23898.0,1,0,0.0,0.0,23898.0,0.0,0.0,1.0,0.0,ACTIVE,BUS/TAXI,4131,False
MCH3192,1,3235.55,1,0,0.0,0.0,3235.55,0.0,0.0,1.0,0.0,,,,
MCH3193,3,39226.21,2,1,1.0,4307.19,13075.403333333334,0.3333333333333333,0.10980387858016362,0.6666666666666666,0.3333333333333333,,,,
MCH3194,2,21493.28,2,0,0.0,0.0,10746.64,0.0,0.0,1.0,0.0,,,,
MCH3195,2,28854.57,1,1,0.0,0.0,14427.285,0.0,0.0,0.5,0.5,,,,
MCH3196,2,22595.82,2,0,0.0,0.0,11297.91,0.0,0.0,1.0,0.0,,,,
MCH3197,5,74321.92,5,0,0.0,0.0,14864.384,0.0,0.0,1.0,0.0,,,,
MCH3198,3,29588.82,3,0,0.0,0.0,9862.94,0.0,0.0,1.0,0.0,,,,
MCH3199,1,9741.23,1,0,1.0,2045.0,9741.23,1.0,0.20993242126507639,1.0,0.0,ACTIVE,DEPARTMENT STORES,5311,False
MCH3200,3,8532.82,3,0,0.0,0.0,2844.273333333333,0.0,0.0,1.0,0.0,,,,
MCH3201,1,22538.13,1,0,1.0,-884.33,22538.13,1.0,-0.03923706181480007,1.0,0.0,ACTIVE,BOOK STORE,5942,False
MCH3202,1,13643.9,0,1,0.0,0.0,13643.9,0.0,0.0,0.0,1.0,,,,
MCH3204,4,33024.32,4,0,1.0,261.51,8256.08,0.25,0.007918709605527078,1.0,0.0,,,,
MCH3205,4,50921.04,3,1,0.0,0.0,12730.26,0.0,0.0,0.75,0.25,,,,
MCH3206,3,34528.979999999996,3,0,0.0,0.0,11509.659999999998,0.0,0.0,1.0,0.0,ACTIVE,RETAIL,5311,True
MCH3207,4,28676.49,4,0,0.0,0.0,7169.1225,0.0,0.0,1.0,0.0,ACTIVE,CHEMIST,5912,False
MCH3208,3,40238.48,2,0,1.0,2072.0,13412.826666666668,0.3333333333333333,0.051492998741503156,0.6666666666666666,0.0,,,,
MCH3209,2,31379.75,2,0,0.0,0.0,15689.875,0.0,0.0,1.0,0.0,,,,
MCH3211,1,15355.48,1,0,0.0,0.0,15355.48,0.0,0.0,1.0,0.0,ACTIVE,PHARMACY,5912.0,False
MCH3212,3,16475.63,3,0,0.0,0.0,5491.876666666667,0.0,0.0,1.0,0.0,ACTIVE,MISCELLANEOUS,5999,False
MCH3213,3,62902.56,3,0,2.0,1286.87,20967.52,0.6666666666666666,0.02045814987498124,1.0,0.0,,,,
MCH3214,4,29726.25,4,0,0.0,0.0,7431.5625,0.0,0.0,1.0,0.0,ACTIVE,TRANSPRT,4131,False
MCH3215,4,12741.24,4,0,2.0,19346.73,3185.31,0.5,1.5184338416041139,1.0,0.0,,,,
MCH3216,2,34710.270000000004,2,0,0.0,0.0,17355.135000000002,0.0,0.0,1.0,0.0,ACTIVE,GROCERY STORES,5411,False
MCH3217,1,15659.86,1,0,0.0,0.0,15659.86,0.0,0.0,1.0,0.0,,,,
MCH3218,3,26580.86,2,0,0.0,0.0,8860.286666666667,0.0,0.0,0.6666666666666666,0.0,ENABLED,CHEMIST,5912,False
MCH3219,4,34717.25,4,0,0.0,0.0,8679.3125,0.0,0.0,1.0,0.0,ACTIVE,DEPARTMENT STORE,5311,False
MCH3220,1,22609.95,1,0,0.0,0.0,22609.95,0.0,0.0,1.0,0.0,,,,
MCH3222,4,26967.690000000002,4,0,1.0,5981.0,6741.922500000001,0.25,0.22178391994271662,1.0,0.0,,,,
MCH3223,3,29799.86,2,1,1.0,1860.61,9933.286666666667,0.3333333333333333,0.06243687050878762,0.6666666666666666,0.3333333333333333,,,,
MCH3224,3,36854.39,3,0,1.0,-918.61,12284.796666666667,0.3333333333333333,-0.02492538880714075,1.0,0.0,,,,
MCH3225,3,34432.14,3,0,0.0,0.0,11477.38,0.0,0.0,1.0,0.0,,,,
MCH3226,3,21239.61,2,1,0.0,0.0,7079.87,0.0,0.0,0.6666666666666666,0.3333333333333333,,,,
MCH3227,4,51564.33,4,0,0.0,0.0,12891.0825,0.0,0.0,1.0,0.0,,,,
MCH3228,2,20021.81,2,0,0.0,0.0,10010.905,0.0,0.0,1.0,0.0,,,,
MCH3229,3,18802.78,2,1,0.0,0.0,6267.593333333333,0.0,0.0,0.6666666666666666,0.3333333333333333,ACTIVE,PHARMACY,5912,False
MCH3231,4,58347.67,3,1,1.0,754.13,14586.9175,0.25,0.01292476631886072,0.75,0.25,ENABLED,GROCERY,5411,False
MCH3232,5,69511.61,5,0,2.0,14888.36,13902.322,0.4,0.21418522747494986,1.0,0.0,ENABLED,RESTAURANTS,5812.0,True
MCH3233,2,22599.23,2,0,1.0,3118.57,11299.615,0.5,0.13799452459220957,1.0,0.0,DISABLED,FASHION,5699,False
MCH3234,4,58364.369999999995,2,0,1.0,15606.92,14591.092499999999,0.25,0.26740492529945925,0.5,0.0,ENABLED,MOBILE RECHARGE,,False
MCH3235,1,1728.09,1,0,0.0,0.0,1728.09,0.0,0.0,1.0,0.0,,,,
MCH3236,1,4098.77,1,0,0.0,0.0,4098.77,0.0,0.0,1.0,0.0,,,,
MCH3237,2,27245.68,2,0,0.0,0.0,13622.84,0.0,0.0,1.0,0.0,SUSPENDED,MISCELLANEOUS,5999,True
MCH3238,3,26022.93,2,0,1.0,907.87,8674.31,0.3333333333333333,0.03488730900017792,0.6666666666666666,0.0,,,,
MCH3240,2,45038.36,1,1,0.0,0.0,22519.18,0.0,0.0,0.5,0.5,LIVE,GROCERY_STORE,5411,False
MCH3242,1,19141.0,1,0,0.0,0.0,19141.0,0.0,0.0,1.0,0.0,LIVE,MISC RETAIL,5999.0,False
MCH3243,2,20128.0,2,0,0.0,0.0,10064.0,0.0,0.0,1.0,0.0,,,,
MCH3244,1,18542.8,1,0,0.0,0.0,18542.8,0.0,0.0,1.0,0.0,ACTIVE,MEDICAL_STORE,5912,False
MCH3246,3,27986.350000000002,3,0,1.0,1368.67,9328.783333333335,0.3333333333333333,0.04890491257345098,1.0,0.0,,,,
MCH3249,1,2212.67,0,0,1.0,9215.86,2212.67,1.0,4.1650404262723315,0.0,0.0,,,,
MCH3250,3,24942.510000000002,2,1,0.0,0.0,8314.17,0.0,0.0,0.6666666666666666,0.3333333333333333,INACTIVE,DEPARTMENT STORES,5311,False
MCH3251,3,48610.61,3,0,0.0,0.0,16203.536666666667,0.0,0.0,1.0,0.0,ENABLED,GROCERY,5411,False
MCH3252,2,22003.71,2,0,1.0,2731.02,11001.855,0.5,0.1241163421986565,1.0,0.0,ENABLED,GARMENTS,5699,False
MCH3253,3,45840.0,2,1,1.0,1356.41,15280.0,0.3333333333333333,0.029590095986038397,0.6666666666666666,0.3333333333333333,ENABLED,BOOKS,5942.0,False
MCH3255,3,38489.84,3,0,1.0,1495.6,12829.946666666665,0.3333333333333333,0.03885700745963091,1.0,0.0,ACTIVE,HOTELS,7011,False
MCH3256,2,14450.35,2,0,0.0,0.0,7225.175,0.0,0.0,1.0,0.0,ACTIVE,BOOKS,5942,False
MCH3257,2,18407.989999999998,1,1,1.0,4626.0,9203.994999999999,0.5,0.25130391748365793,0.5,0.5,,,,
MCH3258,1,1941.02,1,0,0.0,0.0,1941.02,0.0,0.0,1.0,0.0,,,,
MCH3260,1,8843.4,0,0,0.0,0.0,8843.4,0.0,0.0,0.0,0.0,DISABLED,TRANSPORT,4131,True
MCH3261,1,24239.92,1,0,0.0,0.0,24239.92,0.0,0.0,1.0,0.0,,,,
MCH3262,4,28053.5,2,0,0.0,0.0,7013.375,0.0,0.0,0.5,0.0,,,,
MCH3264,2,48893.06,1,1,1.0,1105.82,24446.53,0.5,0.022617115803347142,0.5,0.5,ACTIVE,GROCERY STORES,5411,True
MCH3265,1,14260.28,1,0,1.0,0.0,14260.28,1.0,0.0,1.0,0.0,ACTIVE,BOOKS_STATIONERY,5942,True
MCH3267,2,38497.880000000005,2,0,0.0,0.0,19248.940000000002,0.0,0.0,1.0,0.0,ACTIVE,CLOTHS,UNKNOWN,True
MCH3269,4,44816.15,4,0,0.0,0.0,11204.0375,0.0,0.0,1.0,0.0,ENABLED,EATING PLACE,,False
MCH3270,2,40128.96,2,0,0.0,0.0,20064.48,0.0,0.0,1.0,0.0,ACTIVE,TRANSPORT,4131,False
MCH3271,2,39008.43,2,0,1.0,1939.11,19504.215,0.5,0.04971002421784214,1.0,0.0,,,,
MCH3272,1,11265.25,1,0,0.0,0.0,11265.25,0.0,0.0,1.0,0.0,ENABLED,CLOTHS,5699.0,False
MCH3273,4,32320.1,3,0,1.0,731.69,8080.025,0.25,0.022638853221369985,0.75,0.0,,,,
MCH3274,3,32474.72,3,0,1.0,-767.36,10824.906666666668,0.3333333333333333,-0.02362945700532599,1.0,0.0,ACTIVE,DEPT_STORE,5311,False
MCH3275,2,13068.109999999999,0,2,1.0,0.0,6534.054999999999,0.5,0.0,0.0,1.0,HOLD,GARMENTS,5699.0,False
MCH3277,4,29168.93,4,0,1.0,3450.22,7292.2325,0.25,0.11828407829838118,1.0,0.0,ENABLED,PHONE SERVICE,,False
MCH3279,1,20221.9,1,0,0.0,0.0,20221.9,0.0,0.0,1.0,0.0,ACTIVE,RESTAURANTS,5812,False
MCH3281,3,32961.520000000004,2,1,2.0,1805.71,10987.173333333334,0.6666666666666666,0.05478236440552498,0.6666666666666666,0.3333333333333333,ENABLED,RETAIL,5311,True
MCH3282,2,29402.769999999997,2,0,0.0,0.0,14701.384999999998,0.0,0.0,1.0,0.0,,,,
MCH3283,1,12393.52,1,0,0.0,0.0,12393.52,0.0,0.0,1.0,0.0,,,,
MCH3284,2,8425.0,2,0,0.0,0.0,4212.5,0.0,0.0,1.0,0.0,CLOSED,MOBILE RECHARGE,,False
MCH3285,5,58058.46000000001,5,0,3.0,19559.5,11611.692000000001,0.6,0.3368931935156392,1.0,0.0,LIVE,RETAIL,5311.0,False
MCH3286,3,37641.1,3,0,0.0,0.0,12547.033333333333,0.0,0.0,1.0,0.0,,,,
MCH3288,5,49068.74,4,1,0.0,0.0,9813.748,0.0,0.0,0.8,0.2,HOLD,HOTELS,7011,True
MCH3289,3,27686.87,3,0,0.0,0.0,9228.956666666667,0.0,0.0,1.0,0.0,ACTIVE,TELECOM,4814,True
MCH3290,1,22676.98,1,0,0.0,0.0,22676.98,0.0,0.0,1.0,0.0,,,,
MCH3291,3,55719.82,3,0,0.0,0.0,18573.273333333334,0.0,0.0,1.0,0.0,ACTIVE,HOTEL_LODGING,7011,False
MCH3292,5,40301.88,4,1,1.0,455.59,8060.375999999999,0.2,0.011304435425841176,0.8,0.2,CLOSED,STATIONERY,5942,True
MCH3294,3,40442.22,2,1,1.0,2887.1,13480.74,0.3333333333333333,0.07138826701402642,0.6666666666666666,0.3333333333333333,ENABLED,TRANSPORT,4131,False
MCH3295,1,20095.76,1,0,1.0,1791.89,20095.76,1.0,0.0891675656954502,1.0,0.0,,,,
MCH3296,2,-15390.39,2,0,0.0,0.0,-7695.195,0.0,0.0,1.0,0.0,ACTIVE,MISCELLANEOUS,5999,False
MCH3297,2,28117.57,2,0,1.0,9956.85,14058.785,0.5,0.3541148826161009,1.0,0.0,,,,
MCH3298,3,50705.24,2,0,0.0,0.0,16901.746666666666,0.0,0.0,0.6666666666666666,0.0,ACTIVE,FASHION,5699.0,False
MCH3300,1,6770.67,1,0,0.0,0.0,6770.67,0.0,0.0,1.0,0.0,,,,
MCH3301,4,48259.47,3,1,1.0,5677.69,12064.8675,0.25,0.11764924065680786,0.75,0.25,ENABLED,BOOKS,5942,False
MCH3302,5,67203.15,5,0,1.0,422.0,13440.63,0.2,0.006279467554720278,1.0,0.0,,,,
MCH3303,2,1843.26,2,0,0.0,0.0,921.63,0.0,0.0,1.0,0.0,,,,
MCH3304,2,30461.89,2,0,0.0,0.0,15230.945,0.0,0.0,1.0,0.0,,,,
MCH3305,3,27373.11,3,0,1.0,6769.33,9124.37,0.3333333333333333,0.24729853494907958,1.0,0.0,,,,
MCH3306,2,17768.46,2,0,0.0,0.0,8884.23,0.0,0.0,1.0,0.0,,,,
MCH3307,3,40921.4,1,1,1.0,2673.74,13640.466666666667,0.3333333333333333,0.06533842928150063,0.3333333333333333,0.3333333333333333,LIVE,HOTEL_LODGING,7011,False
MCH3308,2,18651.02,0,0,1.0,6448.11,9325.51,0.5,0.34572425529542083,0.0,0.0,DISABLED,GARMENTS,5699,True
MCH3309,3,29204.02,2,0,0.0,0.0,9734.673333333334,0.0,0.0,0.6666666666666666,0.0,,,,
MCH3310,1,14010.43,1,0,0.0,0.0,14010.43,0.0,0.0,1.0,0.0,,,,
MCH3311,2,12500.87,1,1,0.0,0.0,6250.435,0.0,0.0,0.5,0.5,ACTIVE,BOOKS_STATIONERY,5942,True
MCH3312,4,22207.38,3,0,0.0,0.0,5551.845,0.0,0.0,0.75,0.0,,,,
MCH3315,1,1113.0,1,0,0.0,0.0,1113.0,0.0,0.0,1.0,0.0,,,,
MCH3316,2,37363.97,1,0,0.0,0.0,18681.985,0.0,0.0,0.5,0.0,,,,
MCH3317,1,14049.33,1,0,0.0,0.0,14049.33,0.0,0.0,1.0,0.0,,,,
MCH3318,2,34423.82,2,0,0.0,0.0,17211.91,0.0,0.0,1.0,0.0,,,,
MCH3319,2,8844.99,1,0,0.0,0.0,4422.495,0.0,0.0,0.5,0.0,ACTIVE,APPAREL,5699,False
MCH3320,4,66369.45999999999,2,1,1.0,1163.64,16592.364999999998,0.25,0.01753276280988274,0.5,0.25,,,,
MCH3321,2,21472.08,2,0,1.0,596.6,10736.04,0.5,0.02778491883413251,1.0,0.0,ACTIVE,TRANSPRT,,False
MCH3322,2,13083.09,2,0,0.0,0.0,6541.545,0.0,0.0,1.0,0.0,,,,
MCH3324,1,14699.01,1,0,0.0,0.0,14699.01,0.0,0.0,1.0,0.0,SUSPENDED,GARMENTS,5699.0,True
MCH3325,2,16809.57,2,0,2.0,-1866.43,8404.785,1.0,-0.11103377421314169,1.0,0.0,ACTIVE,PHARMACY,5912,True
MCH3326,1,16827.03,1,0,0.0,0.0,16827.03,0.0,0.0,1.0,0.0,,,,
MCH3327,1,9954.95,1,0,0.0,0.0,9954.95,0.0,0.0,1.0,0.0,ENABLED,MEDICAL,5912,False
MCH3328,2,34318.43,2,0,0.0,0.0,17159.215,0.0,0.0,1.0,0.0,ACTIVE,MEDICAL_STORE,5912,True
MCH3329,4,51549.54,3,1,1.0,17825.75,12887.385,0.25,0.34579843001508836,0.75,0.25,,,,
MCH3331,3,36313.69,3,0,1.0,990.42,12104.563333333334,0.3333333333333333,0.02727401153669594,1.0,0.0,ENABLED,GARMENTS,5699,False
MCH3332,3,27962.79,3,0,0.0,0.0,9320.93,0.0,0.0,1.0,0.0,,,,
MCH3333,1,18099.54,0,1,0.0,0.0,18099.54,0.0,0.0,0.0,1.0,ACTIVE,MISCELLANEOUS,5999,False
MCH3334,2,26408.98,2,0,0.0,0.0,13204.49,0.0,0.0,1.0,0.0,ACTIVE,MOBILE RECHARGE,4814,False
MCH3335,1,639.73,1,0,0.0,0.0,639.73,0.0,0.0,1.0,0.0,LIVE,APPAREL,5699,False
MCH3337,2,26143.7,1,1,0.0,0.0,13071.85,0.0,0.0,0.5,0.5,,,,
MCH3338,4,57272.82,2,2,0.0,0.0,14318.205,0.0,0.0,0.5,0.5,ACTIVE,MOBILE RECHARGE,4814,False
MCH3339,1,2643.07,1,0,0.0,0.0,2643.07,0.0,0.0,1.0,0.0,,,,
MCH3340,3,54013.17,1,2,0.0,0.0,18004.39,0.0,0.0,0.3333333333333333,0.6666666666666666,HOLD,CLOTHS,5699,True
MCH3341,2,8238.17,2,0,0.0,0.0,4119.085,0.0,0.0,1.0,0.0,ACTIVE,PHARMACY,5912,False
MCH3342,1,42.98,1,0,0.0,0.0,42.98,0.0,0.0,1.0,0.0,,,,
MCH3343,1,2488.46,0,0,0.0,0.0,2488.46,0.0,0.0,0.0,0.0,,,,
MCH3344,2,32804.14,2,0,0.0,0.0,16402.07,0.0,0.0,1.0,0.0,,,,
MCH3345,1,7975.63,0,0,0.0,0.0,7975.63,0.0,0.0,0.0,0.0,,,,
MCH3347,3,46384.71,3,0,1.0,824.94,15461.57,0.3333333333333333,0.01778473984207296,1.0,0.0,,,,
MCH3348,1,12310.48,0,0,0.0,0.0,12310.48,0.0,0.0,0.0,0.0,ACTIVE,STATIONERY,5942,False
MCH3349,2,26331.350000000002,2,0,0.0,0.0,13165.675000000001,0.0,0.0,1.0,0.0,,,,
MCH3350,3,65857.65,3,0,0.0,0.0,21952.55,0.0,0.0,1.0,0.0,,,,
MCH3351,2,18871.35,0,2,0.0,0.0,9435.675,0.0,0.0,0.0,1.0,SUSPENDED,CHEMIST,5912,False
MCH3352,7,112964.43000000001,6,1,0.0,0.0,16137.775714285715,0.0,0.0,0.8571428571428571,0.14285714285714285,,,,
MCH3354,4,48593.92,4,0,1.0,1918.05,12148.48,0.25,0.039470987316931834,1.0,0.0,ACTIVE,BOOKS_STATIONERY,5942,False
MCH3355,1,4276.0,1,0,0.0,0.0,4276.0,0.0,0.0,1.0,0.0,,,,
MCH3356,1,22531.59,1,0,0.0,0.0,22531.59,0.0,0.0,1.0,0.0,,,,
MCH3357,1,9616.0,0,1,0.0,0.0,9616.0,0.0,0.0,0.0,1.0,ENABLED,HOSPITALITY,7011,True
MCH3358,4,54693.61,4,0,0.0,0.0,13673.4025,0.0,0.0,1.0,0.0,INACTIVE,TRAVEL,4131,False
MCH3359,1,1785.0,1,0,0.0,0.0,1785.0,0.0,0.0,1.0,0.0,,,,
MCH3360,3,33722.09,2,1,0.0,0.0,11240.696666666665,0.0,0.0,0.6666666666666666,0.3333333333333333,,,,
MCH3362,3,64537.39,3,0,2.0,4601.49,21512.463333333333,0.6666666666666666,0.071299598573788,1.0,0.0,SUSPENDED,GROCERIES,5411.0,False
MCH3363,2,42741.57,2,0,0.0,0.0,21370.785,0.0,0.0,1.0,0.0,,,,
MCH3364,3,18961.14,2,1,0.0,0.0,6320.38,0.0,0.0,0.6666666666666666,0.3333333333333333,,,,
MCH3365,4,28601.28,2,2,0.0,0.0,7150.32,0.0,0.0,0.5,0.5,,,,
MCH3366,1,20034.79,1,0,1.0,4178.65,20034.79,1.0,0.20856969301899345,1.0,0.0,,,,
MCH3367,1,10622.84,1,0,0.0,0.0,10622.84,0.0,0.0,1.0,0.0,,,,
MCH3368,3,28620.07,3,0,1.0,658.27,9540.023333333333,0.3333333333333333,0.023000293150925208,1.0,0.0,,,,
MCH3369,3,18541.010000000002,3,0,0.0,0.0,6180.336666666667,0.0,0.0,1.0,0.0,ACTIVE,MISC RETAIL,5999,True
MCH3371,2,21710.35,2,0,0.0,0.0,10855.175,0.0,0.0,1.0,0.0,LIVE,TRANSPORT,4131.0,True
MCH3372,1,18332.79,1,0,0.0,0.0,18332.79,0.0,0.0,1.0,0.0,,,,
MCH3374,2,33360.93,1,1,0.0,0.0,16680.465,0.0,0.0,0.5,0.5,,,,
MCH3375,1,18742.16,1,0,0.0,0.0,18742.16,0.0,0.0,1.0,0.0,,,,
MCH3376,2,10214.18,2,0,1.0,875.42,5107.09,0.5,0.0857063415761226,1.0,0.0,ACTIVE,KIRANA,5411,False
MCH3377,2,15367.9,2,0,0.0,0.0,7683.95,0.0,0.0,1.0,0.0,,,,
MCH3378,2,38616.270000000004,2,0,0.0,0.0,19308.135000000002,0.0,0.0,1.0,0.0,,,,
MCH3380,5,33629.17,3,0,1.0,690.45,6725.834,0.2,0.020531282811915966,0.6,0.0,,,,
MCH3381,5,67649.74,4,1,0.0,0.0,13529.948,0.0,0.0,0.8,0.2,,,,
MCH3382,3,30206.82,2,0,0.0,0.0,10068.94,0.0,0.0,0.6666666666666666,0.0,ACTIVE,TRANSPORTATION,4131,True
MCH3383,2,15947.82,2,0,0.0,0.0,7973.91,0.0,0.0,1.0,0.0,ACTIVE,OTHER,5999,False
MCH3384,2,38076.78,2,0,0.0,0.0,19038.39,0.0,0.0,1.0,0.0,LIVE,MISC RETAIL,5999,True
MCH3385,2,21161.4,2,0,0.0,0.0,10580.7,0.0,0.0,1.0,0.0,,,,
MCH3386,4,67534.01000000001,4,0,0.0,0.0,16883.502500000002,0.0,0.0,1.0,0.0,ACTIVE,DEPARTMENT STORES,5311,True
MCH3387,1,19749.89,1,0,0.0,0.0,19749.89,0.0,0.0,1.0,0.0,ACTIVE,MOBILE RECHARGE,4814,False
MCH3388,1,2013.7,1,0,0.0,0.0,2013.7,0.0,0.0,1.0,0.0,INACTIVE,DEPARTMENT STORE,5311,True
MCH3389,1,12079.0,1,0,0.0,0.0,12079.0,0.0,0.0,1.0,0.0,ENABLED,CHEMIST,misc,True
MCH3390,2,25986.33,2,0,1.0,-1162.72,12993.165,0.5,-0.04474352476859949,1.0,0.0,,,,
MCH3391,1,5865.78,1,0,0.0,0.0,5865.78,0.0,0.0,1.0,0.0,ACTIVE,TRANSPRT,4131,False
MCH3392,1,12155.15,1,0,0.0,0.0,12155.15,0.0,0.0,1.0,0.0,,,,
MCH3394,1,8521.7,1,0,0.0,0.0,8521.7,0.0,0.0,1.0,0.0,,,,
MCH3395,2,17099.14,2,0,0.0,0.0,8549.57,0.0,0.0,1.0,0.0,INACTIVE,PHARMACY,5912,True
MCH3396,1,8975.45,1,0,0.0,0.0,8975.45,0.0,0.0,1.0,0.0,,,,
MCH3397,1,2707.03,1,0,0.0,0.0,2707.03,0.0,0.0,1.0,0.0,,,,
MCH3398,1,5880.88,1,0,0.0,0.0,5880.88,0.0,0.0,1.0,0.0,DISABLED,APPAREL,5699,False
MCH3399,1,18552.02,1,0,0.0,0.0,18552.02,0.0,0.0,1.0,0.0,ACTIVE,GARMENTS,5699.0,True
MCH3401,2,24366.15,2,0,0.0,0.0,12183.075,0.0,0.0,1.0,0.0,ACTIVE,GROCERY STORES,5411,False
MCH3402,4,71928.91,4,0,1.0,1800.88,17982.2275,0.25,0.025036942725810803,1.0,0.0,CLOSED,MISCELLANEOUS,5999,False
MCH3403,2,10327.56,2,0,1.0,4124.85,5163.78,0.5,0.39940218212239875,1.0,0.0,,,,
MCH3404,2,22560.54,1,0,1.0,1520.0,11280.27,0.5,0.06737427384273603,0.5,0.0,ACTIVE,DEPT_STORE,5311,False
MCH3405,2,14678.41,2,0,0.0,0.0,7339.205,0.0,0.0,1.0,0.0,ACTIVE,MISC RETAIL,5999.0,False
MCH3406,4,50452.03999999999,4,0,1.0,5986.31,12613.009999999998,0.25,0.11865347763935812,1.0,0.0,INACTIVE,RETAIL,5311,False
MCH3408,2,26290.02,2,0,0.0,0.0,13145.01,0.0,0.0,1.0,0.0,,,,
MCH3409,1,17200.59,1,0,0.0,0.0,17200.59,0.0,0.0,1.0,0.0,ENABLED,HOTEL,7011,False
MCH3410,1,-22219.81,1,0,1.0,993.0,-22219.81,1.0,0.0,1.0,0.0,ACTIVE,HOTEL,7011,False
MCH3411,2,38125.04,2,0,0.0,0.0,19062.52,0.0,0.0,1.0,0.0,,,,
MCH3412,3,61765.19,2,0,1.0,2260.38,20588.396666666667,0.3333333333333333,0.03659634172581676,0.6666666666666666,0.0,ENABLED,HOTEL_LODGING,7011.0,False
MCH3413,2,11956.42,2,0,0.0,0.0,5978.21,0.0,0.0,1.0,0.0,,,,
MCH3414,3,34782.83,2,0,1.0,1052.0,11594.276666666667,0.3333333333333333,0.030244807567411852,0.6666666666666666,0.0,ACTIVE,TELECOM,4814,False
MCH3415,1,18888.79,1,0,0.0,0.0,18888.79,0.0,0.0,1.0,0.0,ACTIVE,RESTAURANT,5812,False
MCH3416,3,39233.3,2,1,0.0,0.0,13077.766666666668,0.0,0.0,0.6666666666666666,0.3333333333333333,LIVE,PHONE SERVICE,4814.0,False
MCH3417,4,57712.4,4,0,1.0,7193.48,14428.1,0.25,0.12464357746342206,1.0,0.0,,,,
MCH3418,1,643.46,0,0,0.0,0.0,643.46,0.0,0.0,0.0,0.0,ENABLED,CHEMIST,5912,False
MCH3419,3,61123.55,3,0,0.0,0.0,20374.516666666666,0.0,0.0,1.0,0.0,ENABLED,PHARMACIES,5912,False
MCH3420,3,30242.88,3,0,0.0,0.0,10080.960000000001,0.0,0.0,1.0,0.0,INACTIVE,TRAVEL,4131,False
MCH3421,1,9701.77,1,0,0.0,0.0,9701.77,0.0,0.0,1.0,0.0,SUSPENDED,STATIONERY,5942,False
MCH3422,1,9256.39,0,0,0.0,0.0,9256.39,0.0,0.0,0.0,0.0,,,,
MCH3423,2,21456.35,2,0,0.0,0.0,10728.175,0.0,0.0,1.0,0.0,LIVE,HOTEL_LODGING,7011,False
MCH3424,2,42544.61,2,0,0.0,0.0,21272.305,0.0,0.0,1.0,0.0,CLOSED,GROCERY STORES,5411,False
MCH3425,2,25597.98,2,0,0.0,0.0,12798.99,0.0,0.0,1.0,0.0,,,,
MCH3427,1,24761.89,1,0,0.0,0.0,24761.89,0.0,0.0,1.0,0.0,,,,
MCH3429,1,16471.11,1,0,0.0,0.0,16471.11,0.0,0.0,1.0,0.0,,,,
MCH3430,1,16770.49,1,0,0.0,0.0,16770.49,0.0,0.0,1.0,0.0,,,,
MCH3431,4,33906.77,3,1,0.0,0.0,8476.6925,0.0,0.0,0.75,0.25,SUSPENDED,EATING PLACE,,False
MCH3432,2,23997.870000000003,2,0,0.0,0.0,11998.935000000001,0.0,0.0,1.0,0.0,,,,
MCH3433,3,61836.39,2,0,0.0,0.0,20612.13,0.0,0.0,0.6666666666666666,0.0,INACTIVE,GROCERY_STORE,5411,False
MCH3434,6,86936.4,6,0,1.0,0.0,14489.4,0.16666666666666666,0.0,1.0,0.0,,,,
MCH3435,5,71954.3,4,0,0.0,0.0,14390.86,0.0,0.0,0.8,0.0,ENABLED,FOOD,5812,False
MCH3436,5,45497.08,4,0,0.0,0.0,9099.416000000001,0.0,0.0,0.8,0.0,,,,
MCH3437,3,31272.190000000002,3,0,0.0,0.0,10424.063333333334,0.0,0.0,1.0,0.0,,,,
MCH3438,1,17210.23,1,0,0.0,0.0,17210.23,0.0,0.0,1.0,0.0,ENABLED,MOBILE RECHARGE,,True
MCH3439,1,461.85,1,0,0.0,0.0,461.85,0.0,0.0,1.0,0.0,ACTIVE,KIRANA,5411,True
MCH3440,5,92708.89,4,0,0.0,0.0,18541.778,0.0,0.0,0.8,0.0,ENABLED,GROCERY_STORE,5411,False
MCH3441,3,48051.08,3,0,0.0,0.0,16017.026666666667,0.0,0.0,1.0,0.0,LIVE,BOOKS,5942,False
MCH3442,1,11863.0,0,1,2.0,1871.55,11863.0,2.0,0.1577636348309871,0.0,1.0,ACTIVE,CLOTHING,5699,True
MCH3443,1,17111.01,0,1,0.0,0.0,17111.01,0.0,0.0,0.0,1.0,,,,
MCH3444,3,40365.01,2,1,0.0,0.0,13455.003333333334,0.0,0.0,0.6666666666666666,0.3333333333333333,,,,
MCH3445,3,33533.020000000004,2,0,1.0,592.68,11177.673333333334,0.3333333333333333,0.017674519026320917,0.6666666666666666,0.0,ENABLED,HOTELS,7011,False
MCH3446,2,33502.12,2,0,0.0,0.0,16751.06,0.0,0.0,1.0,0.0,INACTIVE,GROCERY_STORE,5411.0,False
MCH3447,4,30897.0,4,0,0.0,0.0,7724.25,0.0,0.0,1.0,0.0,LIVE,FASHION,5699,False
MCH3448,4,78863.93,4,0,0.0,0.0,19715.9825,0.0,0.0,1.0,0.0,,,,
MCH3449,1,15734.19,1,0,0.0,0.0,15734.19,0.0,0.0,1.0,0.0,ENABLED,MISCELLANEOUS,5999,True
MCH3450,3,23096.440000000002,2,1,0.0,0.0,7698.813333333334,0.0,0.0,0.6666666666666666,0.3333333333333333,,,,
MCH3451,2,26411.63,2,0,0.0,0.0,13205.815,0.0,0.0,1.0,0.0,SUSPENDED,PHARMACY,5912,False
MCH3452,3,25142.41,3,0,0.0,0.0,8380.803333333333,0.0,0.0,1.0,0.0,CLOSED,GROCERY STORES,5411,False
MCH3453,1,533.14,1,0,0.0,0.0,533.14,0.0,0.0,1.0,0.0,ACTIVE,HOSPITALITY,7011,False
MCH3454,4,42280.21000000001,4,0,0.0,0.0,10570.052500000002,0.0,0.0,1.0,0.0,ACTIVE,RESTAURANT,5812,False
MCH3455,2,37471.35,0,2,1.0,1585.45,18735.675,0.5,0.042310992264756944,0.0,1.0,ACTIVE,DEPARTMENT STORE,5311,False
MCH3456,1,21514.18,1,0,0.0,0.0,21514.18,0.0,0.0,1.0,0.0,,,,
MCH3457,1,23461.16,1,0,0.0,0.0,23461.16,0.0,0.0,1.0,0.0,,,,
MCH3458,3,39439.05,3,0,1.0,4341.0,13146.35,0.3333333333333333,0.11006857416697409,1.0,0.0,,,,
MCH3459,1,20076.77,1,0,0.0,0.0,20076.77,0.0,0.0,1.0,0.0,ENABLED,TELECOM,4814,False
MCH3460,1,410.54,1,0,0.0,0.0,410.54,0.0,0.0,1.0,0.0,ACTIVE,GROCERY STORES,5411,False
MCH3461,3,30719.489999999998,3,0,0.0,0.0,10239.83,0.0,0.0,1.0,0.0,ACTIVE,MISCELLANEOUS,5999,False
MCH3462,1,18484.85,1,0,0.0,0.0,18484.85,0.0,0.0,1.0,0.0,,,,
MCH3463,3,49931.32,2,1,0.0,0.0,16643.773333333334,0.0,0.0,0.6666666666666666,0.3333333333333333,,,,
MCH3464,1,18311.87,1,0,0.0,0.0,18311.87,0.0,0.0,1.0,0.0,,,,
MCH3465,2,24879.84,2,0,0.0,0.0,12439.92,0.0,0.0,1.0,0.0,ACTIVE,MOBILE RECHARGE,4814,False
MCH3466,2,38585.42,1,1,0.0,0.0,19292.71,0.0,0.0,0.5,0.5,,,,
MCH3467,1,19951.97,1,0,0.0,0.0,19951.97,0.0,0.0,1.0,0.0,,,,
MCH3468,2,19099.47,2,0,0.0,0.0,9549.735,0.0,0.0,1.0,0.0,ENABLED,HOSPITALITY,,False
MCH3469,5,72508.81999999999,5,0,1.0,2596.26,14501.764,0.2,0.03580612675809647,1.0,0.0,ACTIVE,TELECOM,,False
MCH3471,2,20049.45,1,1,1.0,3046.01,10024.725,0.5,0.1519248657693852,0.5,0.5,,,,
MCH3472,3,40703.9,3,0,1.0,0.0,13567.966666666667,0.3333333333333333,0.0,1.0,0.0,,,,
MCH3473,1,253.18,1,0,0.0,0.0,253.18,0.0,0.0,1.0,0.0,INACTIVE,TRAVEL,4131,False
MCH3474,4,54247.47,3,1,0.0,0.0,13561.8675,0.0,0.0,0.75,0.25,,,,
MCH3475,2,26473.55,2,0,0.0,0.0,13236.775,0.0,0.0,1.0,0.0,ACTIVE,RESTAURANT,5812,False
MCH3476,3,40138.97,2,1,0.0,0.0,13379.656666666668,0.0,0.0,0.6666666666666666,0.3333333333333333,,,,
MCH3477,1,13949.68,1,0,0.0,0.0,13949.68,0.0,0.0,1.0,0.0,ACTIVE,DEPARTMENT STORE,5311,False
MCH3478,3,25311.1,3,0,3.0,0.0,8437.033333333333,1.0,0.0,1.0,0.0,,,,
MCH3479,2,16177.67,2,0,0.0,0.0,8088.835,0.0,0.0,1.0,0.0,,,,
MCH3480,2,20917.03,2,0,0.0,0.0,10458.515,0.0,0.0,1.0,0.0,,,,
MCH3481,1,4349.25,0,1,0.0,0.0,4349.25,0.0,0.0,0.0,1.0,ACTIVE,GROCERY STORES,,False
MCH3483,2,18920.22,1,1,0.0,0.0,9460.11,0.0,0.0,0.5,0.5,CLOSED,RESTAURANTS,5812,False
MCH3484,2,38242.12,2,0,0.0,0.0,19121.06,0.0,0.0,1.0,0.0,ACTIVE,MISC RETAIL,5999,False
MCH3485,3,58175.380000000005,1,0,1.0,10848.72,19391.793333333335,0.3333333333333333,0.1864830105106318,0.3333333333333333,0.0,,,,
MCH3486,2,5766.53,1,0,0.0,0.0,2883.265,0.0,0.0,0.5,0.0,,,,
MCH3488,3,26932.89,2,1,0.0,0.0,8977.63,0.0,0.0,0.6666666666666666,0.3333333333333333,ENABLED,CLOTHING,5699,False
MCH3489,3,42783.92,2,0,0.0,0.0,14261.306666666665,0.0,0.0,0.6666666666666666,0.0,ACTIVE,TRANSPORTATION,4131,False
MCH3490,1,9482.22,0,1,0.0,0.0,9482.22,0.0,0.0,0.0,1.0,SUSPENDED,KIRANA,5411,False
MCH3492,2,22234.02,1,1,0.0,0.0,11117.01,0.0,0.0,0.5,0.5,,,,
MCH3493,2,31268.55,2,0,0.0,0.0,15634.275,0.0,0.0,1.0,0.0,,,,
MCH3494,4,44763.46,3,0,1.0,6251.19,11190.865,0.25,0.13964939260727388,0.75,0.0,,,,
MCH3495,2,18547.73,2,0,0.0,0.0,9273.865,0.0,0.0,1.0,0.0,,,,
MCH3496,2,14793.83,1,1,1.0,-1311.04,7396.915,0.5,-0.0886207290471771,0.5,0.5,,,,
MCH3497,1,15038.39,1,0,0.0,0.0,15038.39,0.0,0.0,1.0,0.0,ACTIVE,TRANSPORT,,False
MCH3498,2,26363.780000000002,2,0,0.0,0.0,13181.890000000001,0.0,0.0,1.0,0.0,ACTIVE,TELECOM,4814,False
MCH3499,3,31594.38,2,1,1.0,378.18,10531.460000000001,0.3333333333333333,0.011969850334141705,0.6666666666666666,0.3333333333333333,ENABLED,RETAIL,5311,True
MCH3500,2,32644.97,2,0,0.0,0.0,16322.485,0.0,0.0,1.0,0.0,,,,
MCH3501,2,24969.28,2,0,0.0,0.0,12484.64,0.0,0.0,1.0,0.0,ACTIVE,MISCELLANEOUS,5999,False
MCH3503,2,34608.0,2,0,0.0,0.0,17304.0,0.0,0.0,1.0,0.0,,,,
MCH3504,1,10398.63,1,0,0.0,0.0,10398.63,0.0,0.0,1.0,0.0,INACTIVE,BOOK STORE,5942.0,False
MCH3505,2,37764.270000000004,2,0,0.0,0.0,18882.135000000002,0.0,0.0,1.0,0.0,,,,
MCH3507,2,11477.779999999999,2,0,0.0,0.0,5738.889999999999,0.0,0.0,1.0,0.0,LIVE,HOTEL_LODGING,7011,False
MCH3508,2,29769.87,2,0,0.0,0.0,14884.935,0.0,0.0,1.0,0.0,ENABLED,TRAVEL,4131.0,False
MCH3509,7,74635.11,5,1,1.0,5587.77,10662.158571428572,0.14285714285714285,0.07486784704946506,0.7142857142857143,0.14285714285714285,ENABLED,OTHER,5999.0,True
MCH3511,3,38312.71,2,1,0.0,0.0,12770.903333333334,0.0,0.0,0.6666666666666666,0.3333333333333333,ACTIVE,GROCERY,5411,False
MCH3512,1,9812.18,1,0,1.0,1015.09,9812.18,1.0,0.10345203614283473,1.0,0.0,ACTIVE,PHONE SERVICE,,False
MCH3513,1,22350.8,1,0,1.0,4126.61,22350.8,1.0,0.1846291855325089,1.0,0.0,INACTIVE,STATIONERY,5942,False
MCH3514,5,43228.78,5,0,0.0,0.0,8645.756,0.0,0.0,1.0,0.0,,,,
MCH3515,4,74833.49,4,0,0.0,0.0,18708.3725,0.0,0.0,1.0,0.0,,,,
MCH3516,2,20969.46,2,0,0.0,0.0,10484.73,0.0,0.0,1.0,0.0,,,,
MCH3517,1,24580.57,1,0,0.0,0.0,24580.57,0.0,0.0,1.0,0.0,,,,
MCH3518,3,53556.44,3,0,1.0,878.0,17852.146666666667,0.3333333333333333,0.016393920133601112,1.0,0.0,LIVE,TRANSPORTATION,4131,False
MCH3519,3,45566.69,3,0,0.0,0.0,15188.896666666667,0.0,0.0,1.0,0.0,,,,
MCH3520,8,104820.44,7,0,3.0,7473.78,13102.555,0.375,0.07130078828136954,0.875,0.0,ACTIVE,CLOTHS,5699.0,True
MCH3521,1,9303.73,1,0,0.0,0.0,9303.73,0.0,0.0,1.0,0.0,,,,
MCH3522,2,39018.02,1,1,1.0,1825.0,19509.01,0.5,0.04677326015005375,0.5,0.5,,,,
MCH3523,3,14432.9,2,0,0.0,0.0,4810.966666666666,0.0,0.0,0.6666666666666666,0.0,ACTIVE,FOOD,5812,False
MCH3524,1,24279.06,1,0,0.0,0.0,24279.06,0.0,0.0,1.0,0.0,,,,
MCH3525,2,20470.739999999998,2,0,0.0,0.0,10235.369999999999,0.0,0.0,1.0,0.0,,,,
MCH3526,3,21979.94,2,1,1.0,509.15,7326.6466666666665,0.3333333333333333,0.02316430345123781,0.6666666666666666,0.3333333333333333,,,,
MCH3527,3,50363.79,3,0,0.0,0.0,16787.93,0.0,0.0,1.0,0.0,,,,
MCH3528,2,31980.730000000003,2,0,1.0,1114.45,15990.365000000002,0.5,0.03484754725736404,1.0,0.0,,,,
MCH3529,2,22385.440000000002,2,0,0.0,0.0,11192.720000000001,0.0,0.0,1.0,0.0,,,,
MCH3531,3,53865.57,2,0,1.0,1603.01,17955.19,0.3333333333333333,0.02975945487999106,0.6666666666666666,0.0,,,,
MCH3532,5,57354.17,5,0,1.0,10161.06,11470.833999999999,0.2,0.17716340416049958,1.0,0.0,,,,
MCH3533,2,29957.24,1,1,1.0,355.32,14978.62,0.5,0.011860905744320905,0.5,0.5,LIVE,HOTEL_LODGING,7011,False
MCH3534,5,60892.32,4,1,0.0,0.0,12178.464,0.0,0.0,0.8,0.2,,,,
MCH3535,3,34649.84,2,0,0.0,0.0,11549.946666666665,0.0,0.0,0.6666666666666666,0.0,ENABLED,HOTELS,7011,True
MCH3536,3,41275.96,3,0,0.0,0.0,13758.653333333334,0.0,0.0,1.0,0.0,INACTIVE,FOOD,5812,True
MCH3537,2,29823.02,2,0,1.0,991.51,14911.51,0.5,0.03324646531437795,1.0,0.0,,,,
MCH3538,1,6871.57,1,0,0.0,0.0,6871.57,0.0,0.0,1.0,0.0,,,,
MCH3539,2,17008.21,2,0,1.0,1750.36,8504.105,0.5,0.10291265218385709,1.0,0.0,CLOSED,APPAREL,5699,False
MCH3540,2,15296.67,1,1,0.0,0.0,7648.335,0.0,0.0,0.5,0.5,,,,
MCH3541,2,20189.25,0,1,1.0,-5341.0,10094.625,0.5,-0.26454672659955175,0.0,0.5,ACTIVE,MOBILE RECHARGE,4814,True
MCH3542,1,16487.25,1,0,0.0,0.0,16487.25,0.0,0.0,1.0,0.0,,,,
MCH3543,5,36068.520000000004,5,0,0.0,0.0,7213.704000000001,0.0,0.0,1.0,0.0,,,,
MCH3544,4,53052.66,4,0,0.0,0.0,13263.165,0.0,0.0,1.0,0.0,,,,
MCH3545,1,17658.99,1,0,0.0,0.0,17658.99,0.0,0.0,1.0,0.0,ENABLED,HOTELS,7011,False
MCH3546,1,12044.91,1,0,0.0,0.0,12044.91,0.0,0.0,1.0,0.0,,,,
MCH3548,3,60618.7,2,1,3.0,14354.85,20206.233333333334,1.0,0.2368056391839482,0.6666666666666666,0.3333333333333333,LIVE,PHONE SERVICE,4814,False
MCH3549,3,47166.97,3,0,3.0,5137.3099999999995,15722.323333333334,1.0,0.10891753275650311,1.0,0.0,ACTIVE,FOOD,5812,False
MCH3550,3,20895.57,2,1,0.0,0.0,6965.19,0.0,0.0,0.6666666666666666,0.3333333333333333,,,,
MCH3551,2,30371.519999999997,1,0,0.0,0.0,15185.759999999998,0.0,0.0,0.5,0.0,ENABLED,PHONE SERVICE,4814,False
MCH3553,3,41585.41,2,0,0.0,0.0,13861.803333333335,0.0,0.0,0.6666666666666666,0.0,ENABLED,MEDICAL_STORE,5912.0,True
MCH3556,2,22386.3,1,1,0.0,0.0,11193.15,0.0,0.0,0.5,0.5,ACTIVE,MISC RETAIL,5999,True
MCH3557,5,79148.16,5,0,2.0,1072.1100000000001,15829.632000000001,0.4,0.013545608640807318,1.0,0.0,,,,
MCH3558,1,2706.56,1,0,0.0,0.0,2706.56,0.0,0.0,1.0,0.0,ENABLED,TRANSPRT,4131,True
MCH3559,6,57681.0,5,1,0.0,0.0,9613.5,0.0,0.0,0.8333333333333334,0.16666666666666666,SUSPENDED,FOOD,5812.0,True
MCH3560,6,67315.09,6,0,1.0,2187.0,11219.181666666665,0.16666666666666666,0.032489000608927364,1.0,0.0,,,,
MCH3561,2,29602.030000000002,2,0,0.0,0.0,14801.015000000001,0.0,0.0,1.0,0.0,ACTIVE,FOOD,5812,True
MCH3562,1,22734.91,1,0,1.0,2049.68,22734.91,1.0,0.09015562410407606,1.0,0.0,,,,
MCH3563,3,53871.5,2,0,0.0,0.0,17957.166666666668,0.0,0.0,0.6666666666666666,0.0,ACTIVE,CHEMIST,5912,True
MCH3564,2,12467.460000000001,2,0,0.0,0.0,6233.7300000000005,0.0,0.0,1.0,0.0,ACTIVE,FOOD_SERVICES,5812,True
MCH3565,4,51770.68,3,0,0.0,0.0,12942.67,0.0,0.0,0.75,0.0,,,,
MCH3566,3,25977.32,3,0,0.0,0.0,8659.106666666667,0.0,0.0,1.0,0.0,,,,
MCH3567,4,42086.05,2,2,0.0,0.0,10521.5125,0.0,0.0,0.5,0.5,ACTIVE,TELECOM,4814,True
MCH3568,4,62572.53,3,1,1.0,0.0,15643.1325,0.25,0.0,0.75,0.25,ENABLED,DEPARTMENT STORES,5311,False
MCH3569,3,55684.149999999994,2,0,0.0,0.0,18561.38333333333,0.0,0.0,0.6666666666666666,0.0,LIVE,STATIONERY,5942,False
MCH3570,1,12494.06,1,0,0.0,0.0,12494.06,0.0,0.0,1.0,0.0,CLOSED,OTHER,5999.0,False
MCH3571,2,16736.9,0,2,0.0,0.0,8368.45,0.0,0.0,0.0,1.0,ACTIVE,KIRANA,5411,False
MCH3572,4,49967.73,4,0,0.0,0.0,12491.9325,0.0,0.0,1.0,0.0,LIVE,EATING PLACE,5812,True
MCH3573,2,19316.51,2,0,0.0,0.0,9658.255,0.0,0.0,1.0,0.0,,,,
MCH3574,2,13102.33,2,0,0.0,0.0,6551.165,0.0,0.0,1.0,0.0,INACTIVE,TRANSPORT,4131,False
MCH3575,3,45517.78,2,0,0.0,0.0,15172.593333333332,0.0,0.0,0.6666666666666666,0.0,,,,
MCH3576,3,22226.809999999998,3,0,0.0,0.0,7408.936666666666,0.0,0.0,1.0,0.0,,,,
MCH3577,2,2539.16,2,0,0.0,0.0,1269.58,0.0,0.0,1.0,0.0,ENABLED,RESTAURANT,5812.0,True
MCH3578,4,23675.800000000003,2,1,0.0,0.0,5918.950000000001,0.0,0.0,0.5,0.25,LIVE,TRANSPORTATION,4131,False
MCH3580,3,-19020.21,2,1,0.0,0.0,-6340.07,0.0,0.0,0.6666666666666666,0.3333333333333333,,,,
MCH3581,3,53558.96,3,0,0.0,0.0,17852.986666666668,0.0,0.0,1.0,0.0,ACTIVE,CLOTHING,5699,False
MCH3582,3,45707.37,3,0,0.0,0.0,15235.79,0.0,0.0,1.0,0.0,,,,
MCH3583,2,5144.49,1,1,1.0,4425.22,2572.245,0.5,0.8601863352829922,0.5,0.5,,,,
MCH3584,3,25967.13,3,0,1.0,-393.4,8655.710000000001,0.3333333333333333,-0.015149922228602081,1.0,0.0,,,,
MCH3585,4,43204.8,3,1,0.0,0.0,10801.2,0.0,0.0,0.75,0.25,,,,
MCH3586,1,12879.41,1,0,0.0,0.0,12879.41,0.0,0.0,1.0,0.0,ACTIVE,PHARMACIES,misc,True
MCH3587,5,53437.81,5,0,4.0,7685.67,10687.562,0.8,0.14382456915805494,1.0,0.0,ENABLED,HOTEL_LODGING,7011,True
MCH3589,2,32247.78,2,0,0.0,0.0,16123.89,0.0,0.0,1.0,0.0,,,,
MCH3590,2,18695.97,2,0,0.0,0.0,9347.985,0.0,0.0,1.0,0.0,,,,
MCH3591,1,8188.16,1,0,0.0,0.0,8188.16,0.0,0.0,1.0,0.0,ACTIVE,STATIONERY,5942,False
MCH3592,1,1386.99,0,1,0.0,0.0,1386.99,0.0,0.0,0.0,1.0,INACTIVE,OTHER,5999,False
MCH3594,6,37573.92,6,0,2.0,2167.51,6262.32,0.3333333333333333,0.05768655492958947,1.0,0.0,ACTIVE,BUS/TAXI,,True
MCH3595,1,1932.0,1,0,0.0,0.0,1932.0,0.0,0.0,1.0,0.0,DISABLED,RETAIL,5311,False
MCH3596,2,14289.619999999999,1,1,0.0,0.0,7144.8099999999995,0.0,0.0,0.5,0.5,ACTIVE,TRANSPORT,4131.0,True
MCH3597,2,17896.74,1,1,0.0,0.0,8948.37,0.0,0.0,0.5,0.5,,,,
MCH3598,1,4050.17,1,0,1.0,604.93,4050.17,1.0,0.14935916270181251,1.0,0.0,ACTIVE,PHONE SERVICE,4814,False
MCH3599,2,18751.91,2,0,1.0,709.86,9375.955,0.5,0.03785534380231134,1.0,0.0,,,,
MCH3600,2,41006.08,2,0,0.0,0.0,20503.04,0.0,0.0,1.0,0.0,HOLD,TRANSPORT,4131,True
MCH3601,2,21928.370000000003,2,0,0.0,0.0,10964.185000000001,0.0,0.0,1.0,0.0,ACTIVE,TRANSPORT,4131,True
MCH3602,4,72950.25,4,0,0.0,0.0,18237.5625,0.0,0.0,1.0,0.0,LIVE,HOTELS,7011,False
MCH3603,4,54602.27,3,1,0.0,0.0,13650.5675,0.0,0.0,0.75,0.25,,,,
MCH3604,1,17763.44,1,0,0.0,0.0,17763.44,0.0,0.0,1.0,0.0,ACTIVE,GROCERIES,5411,True
MCH3605,3,31639.649999999998,3,0,0.0,0.0,10546.55,0.0,0.0,1.0,0.0,ACTIVE,TRAVEL,4131,False
MCH3606,2,26423.01,2,0,1.0,2315.48,13211.505,0.5,0.0876311972027411,1.0,0.0,,,,
MCH3607,1,12582.07,1,0,0.0,0.0,12582.07,0.0,0.0,1.0,0.0,ACTIVE,EATING PLACE,5812,False
MCH3608,3,32661.21,3,0,0.0,0.0,10887.07,0.0,0.0,1.0,0.0,DISABLED,TELECOM,4814,False
MCH3609,2,34489.24,2,0,1.0,1722.43,17244.62,0.5,0.04994108307402541,1.0,0.0,,,,
MCH3610,6,66400.45999999999,6,0,1.0,2585.0,11066.743333333332,0.16666666666666666,0.03893045319264355,1.0,0.0,ACTIVE,APPAREL,5699,True
MCH3611,1,23618.28,1,0,0.0,0.0,23618.28,0.0,0.0,1.0,0.0,ENABLED,TRAVEL,4131,False
MCH3612,1,2244.38,1,0,0.0,0.0,2244.38,0.0,0.0,1.0,0.0,ENABLED,RESTAURANT,5812,True
MCH3613,4,65389.78,4,0,0.0,0.0,16347.445,0.0,0.0,1.0,0.0,ACTIVE,MOBILE RECHARGE,4814,False
MCH3615,4,60142.62,4,0,0.0,0.0,15035.655,0.0,0.0,1.0,0.0,,,,
MCH3617,1,1886.59,1,0,0.0,0.0,1886.59,0.0,0.0,1.0,0.0,,,,
MCH3618,3,39711.12,3,0,0.0,0.0,13237.04,0.0,0.0,1.0,0.0,ACTIVE,MEDICAL,UNKNOWN,True
MCH3619,2,22379.58,1,0,0.0,0.0,11189.79,0.0,0.0,0.5,0.0,INACTIVE,RETAIL OTHER,5999,False
MCH3620,3,59701.40000000001,2,1,0.0,0.0,19900.46666666667,0.0,0.0,0.6666666666666666,0.3333333333333333,,,,
MCH3621,4,45850.14,3,1,0.0,0.0,11462.535,0.0,0.0,0.75,0.25,,,,
MCH3622,2,-29654.65,2,0,0.0,0.0,-14827.325,0.0,0.0,1.0,0.0,,,,
MCH3623,4,56953.63,4,0,2.0,15005.39,14238.4075,0.5,0.26346678868405754,1.0,0.0,,,,
MCH3624,6,82857.56,4,2,1.0,272.46,13809.593333333332,0.16666666666666666,0.0032882937899691954,0.6666666666666666,0.3333333333333333,,,,
MCH3625,1,7202.98,0,1,0.0,0.0,7202.98,0.0,0.0,0.0,1.0,ACTIVE,RESTAURANTS,5812,True
MCH3626,2,36562.15,2,0,1.0,4215.68,18281.075,0.5,0.11530175331592918,1.0,0.0,,,,
MCH3627,2,40038.93,1,1,0.0,0.0,20019.465,0.0,0.0,0.5,0.5,ENABLED,MEDICAL,5912,False
MCH3628,2,24063.67,2,0,0.0,0.0,12031.835,0.0,0.0,1.0,0.0,ACTIVE,GARMENTS,5699,False
MCH3630,2,36470.71,2,0,1.0,1107.61,18235.355,0.5,0.030369850216790402,1.0,0.0,INACTIVE,RESTAURANT,5812,False
MCH3631,1,9817.2,1,0,0.0,0.0,9817.2,0.0,0.0,1.0,0.0,,,,
MCH3632,1,-18940.17,0,1,2.0,2753.09,-18940.17,2.0,0.0,0.0,1.0,,,,
MCH3633,2,20633.35,2,0,0.0,0.0,10316.675,0.0,0.0,1.0,0.0,,,,
MCH3634,1,18405.0,1,0,0.0,0.0,18405.0,0.0,0.0,1.0,0.0,,,,
MCH3635,3,40929.7,3,0,0.0,0.0,13643.233333333332,0.0,0.0,1.0,0.0,,,,
MCH3636,2,27440.66,1,0,0.0,0.0,13720.33,0.0,0.0,0.5,0.0,,,,
MCH3637,1,15086.66,1,0,1.0,2559.27,15086.66,1.0,0.1696379450454905,1.0,0.0,LIVE,FASHION,5699,True
MCH3638,2,25791.260000000002,2,0,0.0,0.0,12895.630000000001,0.0,0.0,1.0,0.0,,,,
MCH3639,3,58236.36,3,0,0.0,0.0,19412.12,0.0,0.0,1.0,0.0,,,,
MCH3641,1,627.19,0,1,0.0,0.0,627.19,0.0,0.0,0.0,1.0,ENABLED,FASHION,5699,False
MCH3643,4,63602.42,3,0,0.0,0.0,15900.605,0.0,0.0,0.75,0.0,,,,
MCH3644,2,29794.64,2,0,0.0,0.0,14897.32,0.0,0.0,1.0,0.0,,,,
MCH3646,3,46327.39,2,1,0.0,0.0,15442.463333333333,0.0,0.0,0.6666666666666666,0.3333333333333333,,,,
MCH3648,1,6588.55,1,0,0.0,0.0,6588.55,0.0,0.0,1.0,0.0,,,,
MCH3649,1,16936.27,1,0,0.0,0.0,16936.27,0.0,0.0,1.0,0.0,ACTIVE,MISCELLANEOUS,5999,False
MCH3650,4,58339.3,4,0,1.0,1082.82,14584.825,0.25,0.018560730073895297,1.0,0.0,,,,
MCH3651,2,39457.43,2,0,1.0,1007.69,19728.715,0.5,0.025538662806979574,1.0,0.0,,,,
MCH3652,1,8985.51,1,0,0.0,0.0,8985.51,0.0,0.0,1.0,0.0,ACTIVE,OTHER,,False
MCH3653,3,10630.07,3,0,0.0,0.0,3543.3566666666666,0.0,0.0,1.0,0.0,,,,
MCH3654,2,26464.43,1,1,0.0,0.0,13232.215,0.0,0.0,0.5,0.5,ACTIVE,RESTAURANTS,5812,False
MCH3655,2,-5036.75,1,0,0.0,0.0,-2518.375,0.0,0.0,0.5,0.0,LIVE,MEDICAL_STORE,5912,False
MCH3656,2,3995.99,2,0,0.0,0.0,1997.995,0.0,0.0,1.0,0.0,ACTIVE,GROCERY STORES,5411,True
MCH3657,2,46859.490000000005,2,0,1.0,-2662.81,23429.745000000003,0.5,-0.05682541572688904,1.0,0.0,,,,
MCH3658,2,-3676.4900000000016,2,0,0.0,0.0,-1838.2450000000008,0.0,0.0,1.0,0.0,,,,
MCH3659,2,6562.120000000001,2,0,1.0,162.44,3281.0600000000004,0.5,0.024754195290546344,1.0,0.0,LIVE,STATIONERY,5942,True
MCH3661,1,2783.84,1,0,0.0,0.0,2783.84,0.0,0.0,1.0,0.0,SUSPENDED,TRANSPORTATION,4131.0,True
MCH3662,1,21535.45,1,0,1.0,1210.19,21535.45,1.0,0.05619525015729878,1.0,0.0,ACTIVE,GROCERY,5411,True
MCH3663,1,15891.0,1,0,0.0,0.0,15891.0,0.0,0.0,1.0,0.0,ACTIVE,CLOTHING,5699,True
MCH3664,2,14673.42,2,0,0.0,0.0,7336.71,0.0,0.0,1.0,0.0,,,,
MCH3665,1,16.02,1,0,0.0,0.0,16.02,0.0,0.0,1.0,0.0,,,,
MCH3666,1,9531.0,1,0,0.0,0.0,9531.0,0.0,0.0,1.0,0.0,ACTIVE,TRANSPORT,4131,False
MCH3667,1,21968.65,1,0,0.0,0.0,21968.65,0.0,0.0,1.0,0.0,,,,
MCH3668,2,15589.89,1,1,2.0,-1016.31,7794.945,1.0,-0.0651903252684913,0.5,0.5,ENABLED,TRANSPORTATION,4131,False
MCH3669,2,11731.32,1,1,0.0,0.0,5865.66,0.0,0.0,0.5,0.5,LIVE,MISC RETAIL,5999,False
MCH3671,2,6382.89,2,0,0.0,0.0,3191.445,0.0,0.0,1.0,0.0,ACTIVE,MEDICAL,5912,False
MCH3672,1,3614.84,1,0,0.0,0.0,3614.84,0.0,0.0,1.0,0.0,ENABLED,BOOKS,UNKNOWN,True
MCH3673,3,26610.54,2,0,0.0,0.0,8870.18,0.0,0.0,0.6666666666666666,0.0,,,,
MCH3674,4,43226.7,4,0,1.0,384.66,10806.675,0.25,0.008898666796216228,1.0,0.0,ACTIVE,RESTAURANT,5812,False
MCH3675,3,41744.06,3,0,0.0,0.0,13914.686666666666,0.0,0.0,1.0,0.0,INACTIVE,PHONE SERVICE,4814,True
MCH3676,3,10287.220000000001,3,0,0.0,0.0,3429.0733333333337,0.0,0.0,1.0,0.0,,,,
MCH3677,5,73867.70999999999,5,0,0.0,0.0,14773.541999999998,0.0,0.0,1.0,0.0,ACTIVE,MEDICAL_STORE,5912,True
MCH3678,2,30388.71,2,0,0.0,0.0,15194.355,0.0,0.0,1.0,0.0,LIVE,FASHION,5699.0,False
MCH3679,7,64169.07,4,3,0.0,0.0,9167.01,0.0,0.0,0.5714285714285714,0.42857142857142855,ACTIVE,TELECOM,4814,False
MCH3680,4,48942.28,3,1,0.0,0.0,12235.57,0.0,0.0,0.75,0.25,ACTIVE,TRAVEL,4131,True
MCH3681,3,39164.950000000004,3,0,0.0,0.0,13054.983333333335,0.0,0.0,1.0,0.0,,,,
MCH3683,3,40128.69,3,0,0.0,0.0,13376.230000000001,0.0,0.0,1.0,0.0,ACTIVE,GROCERY STORES,5411,False
MCH3684,3,37211.77,3,0,0.0,0.0,12403.923333333332,0.0,0.0,1.0,0.0,ACTIVE,GROCERY_STORE,misc,False
MCH3685,2,28588.18,2,0,0.0,0.0,14294.09,0.0,0.0,1.0,0.0,,,,
MCH3686,5,73686.68000000001,5,0,0.0,0.0,14737.336000000001,0.0,0.0,1.0,0.0,ACTIVE,RESTAURANTS,5812,False
MCH3687,2,47029.05,2,0,0.0,0.0,23514.525,0.0,0.0,1.0,0.0,,,,
MCH3688,1,5102.81,0,1,0.0,0.0,5102.81,0.0,0.0,0.0,1.0,HOLD,MOBILE RECHARGE,4814,False
MCH3690,2,23241.120000000003,2,0,0.0,0.0,11620.560000000001,0.0,0.0,1.0,0.0,ACTIVE,TRAVEL,4131,False
MCH3695,2,26698.870000000003,2,0,0.0,0.0,13349.435000000001,0.0,0.0,1.0,0.0,,,,
MCH3696,4,31020.71,4,0,1.0,2178.0,7755.1775,0.25,0.07021115893221012,1.0,0.0,HOLD,BOOK STORE,5942.0,False
MCH3697,2,41143.259999999995,2,0,0.0,0.0,20571.629999999997,0.0,0.0,1.0,0.0,LIVE,HOTEL,7011,False
MCH3698,4,70169.68,4,0,0.0,0.0,17542.42,0.0,0.0,1.0,0.0,ENABLED,RETAIL,5311,True
MCH3699,7,71838.1,6,0,1.0,2210.2,10262.585714285715,0.14285714285714285,0.03076640389988042,0.8571428571428571,0.0,ENABLED,OTHER,5999,True
MCH3700,1,7930.46,1,0,0.0,0.0,7930.46,0.0,0.0,1.0,0.0,DISABLED,CHEMIST,5912,True
MCH3701,3,40136.45,3,0,1.0,2162.74,13378.816666666666,0.3333333333333333,0.05388468586534185,1.0,0.0,CLOSED,RETAIL OTHER,5999,False
MCH3702,1,16796.0,1,0,0.0,0.0,16796.0,0.0,0.0,1.0,0.0,,,,
MCH3703,2,18681.16,1,0,0.0,0.0,9340.58,0.0,0.0,0.5,0.0,SUSPENDED,FOOD_SERVICES,5812,False
MCH3704,3,43886.69,3,0,2.0,878.05,14628.896666666667,0.6666666666666666,0.020007204917937532,1.0,0.0,,,,
MCH3705,4,70623.95,3,1,0.0,0.0,17655.9875,0.0,0.0,0.75,0.25,ACTIVE,EATING PLACE,5812,True
MCH3706,5,59227.42,5,0,0.0,0.0,11845.484,0.0,0.0,1.0,0.0,,,,
MCH3707,1,15902.0,1,0,0.0,0.0,15902.0,0.0,0.0,1.0,0.0,,,,
MCH3708,1,12787.28,1,0,0.0,0.0,12787.28,0.0,0.0,1.0,0.0,,,,
MCH3709,2,30995.67,1,1,0.0,0.0,15497.835,0.0,0.0,0.5,0.5,,,,
MCH3710,4,35012.93,4,0,0.0,0.0,8753.2325,0.0,0.0,1.0,0.0,,,,
MCH3712,1,2100.75,1,0,1.0,272.77,2100.75,1.0,0.12984410329644175,1.0,0.0,ACTIVE,HOTELS,7011,False
MCH3713,3,43630.05,3,0,0.0,0.0,14543.35,0.0,0.0,1.0,0.0,,,,
MCH3714,2,24827.5,1,0,0.0,0.0,12413.75,0.0,0.0,0.5,0.0,,,,
MCH3715,5,60815.58,4,1,0.0,0.0,12163.116,0.0,0.0,0.8,0.2,SUSPENDED,BOOKS,5942,False
MCH3716,2,17026.4,2,0,0.0,0.0,8513.2,0.0,0.0,1.0,0.0,,,,
MCH3717,1,7512.68,1,0,0.0,0.0,7512.68,0.0,0.0,1.0,0.0,,,,
MCH3718,3,30167.68,2,1,0.0,0.0,10055.893333333333,0.0,0.0,0.6666666666666666,0.3333333333333333,LIVE,KIRANA,5411,False
MCH3719,3,11320.619999999999,3,0,0.0,0.0,3773.5399999999995,0.0,0.0,1.0,0.0,,,,
MCH3720,3,58151.54,3,0,0.0,0.0,19383.846666666668,0.0,0.0,1.0,0.0,ACTIVE,GROCERIES,5411,False
MCH3721,3,13299.369999999999,3,0,1.0,1345.55,4433.123333333333,0.3333333333333333,0.10117396538332267,1.0,0.0,,,,
MCH3722,5,77262.49,5,0,2.0,9758.37,15452.498000000001,0.4,0.12630152095797068,1.0,0.0,ACTIVE,PHARMACIES,5912,True
MCH3723,4,57359.07,3,1,0.0,0.0,14339.7675,0.0,0.0,0.75,0.25,ACTIVE,GROCERY,5411,False
MCH3724,2,30937.870000000003,2,0,1.0,1179.22,15468.935000000001,0.5,0.03811574617127811,1.0,0.0,,,,
MCH3725,1,939.01,1,0,0.0,0.0,939.01,0.0,0.0,1.0,0.0,ENABLED,MEDICAL,5912,True
MCH3726,4,43040.14,2,2,0.0,0.0,10760.035,0.0,0.0,0.5,0.5,ACTIVE,PHONE SERVICE,4814,False
MCH3727,2,28835.489999999998,1,1,0.0,0.0,14417.744999999999,0.0,0.0,0.5,0.5,,,,
MCH3728,2,34127.74,2,0,0.0,0.0,17063.87,0.0,0.0,1.0,0.0,,,,
MCH3729,2,26808.42,2,0,0.0,0.0,13404.21,0.0,0.0,1.0,0.0,,,,
MCH3730,2,25369.97,2,0,0.0,0.0,12684.985,0.0,0.0,1.0,0.0,,,,
MCH3731,2,4014.25,2,0,0.0,0.0,2007.125,0.0,0.0,1.0,0.0,,,,
MCH3732,2,20046.08,2,0,0.0,0.0,10023.04,0.0,0.0,1.0,0.0,ACTIVE,HOTEL,,False
MCH3733,2,44938.43,2,0,1.0,1085.5,22469.215,0.5,0.0241552720021594,1.0,0.0,ENABLED,HOTELS,7011,False
MCH3734,2,40233.32,2,0,1.0,271.69,20116.66,0.5,0.006752860564328273,1.0,0.0,,,,
MCH3736,2,5397.3,2,0,0.0,0.0,2698.65,0.0,0.0,1.0,0.0,ACTIVE,KIRANA,5411,True
MCH3737,1,13241.78,1,0,0.0,0.0,13241.78,0.0,0.0,1.0,0.0,LIVE,RESTAURANTS,5812,False
MCH3740,1,5814.92,1,0,0.0,0.0,5814.92,0.0,0.0,1.0,0.0,,,,
MCH3741,3,28316.670000000002,3,0,0.0,0.0,9438.890000000001,0.0,0.0,1.0,0.0,,,,
MCH3742,6,95195.02,5,0,0.0,0.0,15865.836666666668,0.0,0.0,0.8333333333333334,0.0,ACTIVE,MISCELLANEOUS,5999,False
MCH3743,2,15970.23,1,1,0.0,0.0,7985.115,0.0,0.0,0.5,0.5,ENABLED,PHARMACY,5912,False
MCH3744,1,22105.42,1,0,0.0,0.0,22105.42,0.0,0.0,1.0,0.0,,,,
MCH3745,3,48109.51,3,0,2.0,4003.58,16036.503333333334,0.6666666666666666,0.083218058134452,1.0,0.0,,,,
MCH3746,2,45109.64,2,0,0.0,0.0,22554.82,0.0,0.0,1.0,0.0,,,,
MCH3747,1,14147.54,1,0,0.0,0.0,14147.54,0.0,0.0,1.0,0.0,,,,
MCH3748,5,45176.17,5,0,1.0,0.0,9035.234,0.2,0.0,1.0,0.0,HOLD,RETAIL,5311,False
MCH3749,4,17459.74,4,0,0.0,0.0,4364.935,0.0,0.0,1.0,0.0,,,,
MCH3750,1,10418.45,1,0,0.0,0.0,10418.45,0.0,0.0,1.0,0.0,,,,
MCH3751,3,24714.020000000004,3,0,0.0,0.0,8238.006666666668,0.0,0.0,1.0,0.0,,,,
MCH3752,2,29797.77,2,0,0.0,0.0,14898.885,0.0,0.0,1.0,0.0,,,,
MCH3753,1,14083.48,1,0,0.0,0.0,14083.48,0.0,0.0,1.0,0.0,LIVE,CLOTHING,5699,True
MCH3754,2,30614.58,2,0,0.0,0.0,15307.29,0.0,0.0,1.0,0.0,LIVE,FOOD_SERVICES,5812,False
MCH3755,1,24970.66,1,0,0.0,0.0,24970.66,0.0,0.0,1.0,0.0,LIVE,FOOD_SERVICES,5812,False
MCH3756,2,16610.37,2,0,0.0,0.0,8305.185,0.0,0.0,1.0,0.0,,,,
MCH3757,1,2871.0,0,0,0.0,0.0,2871.0,0.0,0.0,0.0,0.0,ACTIVE,TELECOM,4814,False
MCH3758,2,39922.58,2,0,0.0,0.0,19961.29,0.0,0.0,1.0,0.0,ACTIVE,MISC RETAIL,5999,False
MCH3759,2,15540.949999999999,2,0,0.0,0.0,7770.474999999999,0.0,0.0,1.0,0.0,,,,
MCH3760,2,32970.06,2,0,1.0,-1503.93,16485.03,0.5,-0.04561502162871406,1.0,0.0,ACTIVE,EATING PLACE,5812,False
MCH3761,3,18799.28,3,0,0.0,0.0,6266.426666666666,0.0,0.0,1.0,0.0,ENABLED,OTHER,5999,False
MCH3762,1,9951.41,0,1,0.0,0.0,9951.41,0.0,0.0,0.0,1.0,,,,
MCH3763,1,24710.64,1,0,0.0,0.0,24710.64,0.0,0.0,1.0,0.0,,,,
MCH3764,1,4907.54,1,0,0.0,0.0,4907.54,0.0,0.0,1.0,0.0,ACTIVE,MEDICAL,5912,False
MCH3765,6,70761.3,6,0,1.0,1224.57,11793.550000000001,0.16666666666666666,0.017305645882707072,1.0,0.0,ACTIVE,DEPARTMENT STORE,5311,False
MCH3766,2,30265.550000000003,1,1,1.0,314.65,15132.775000000001,0.5,0.01039630867438391,0.5,0.5,,,,
MCH3767,2,13602.43,1,0,1.0,5879.13,6801.215,0.5,0.4322117445191778,0.5,0.0,,,,
MCH3768,2,23438.8,2,0,0.0,0.0,11719.4,0.0,0.0,1.0,0.0,,,,
MCH3769,2,42347.66,1,0,0.0,0.0,21173.83,0.0,0.0,0.5,0.0,,,,
MCH3771,3,32208.64,3,0,2.0,8540.41,10736.213333333333,0.6666666666666666,0.26515897597663235,1.0,0.0,ACTIVE,RETAIL OTHER,5999,False
MCH3772,2,14639.23,2,0,0.0,0.0,7319.615,0.0,0.0,1.0,0.0,,,,
MCH3773,3,18283.66,2,0,1.0,388.91,6094.553333333333,0.3333333333333333,0.021270905278264855,0.6666666666666666,0.0,,,,
MCH3775,3,31534.41,3,0,0.0,0.0,10511.47,0.0,0.0,1.0,0.0,,,,
MCH3776,2,23463.54,2,0,0.0,0.0,11731.77,0.0,0.0,1.0,0.0,ACTIVE,DEPT_STORE,5311,False
MCH3777,1,474.32,1,0,0.0,0.0,474.32,0.0,0.0,1.0,0.0,,,,
MCH3778,3,40379.53,3,0,0.0,0.0,13459.843333333332,0.0,0.0,1.0,0.0,INACTIVE,PHONE SERVICE,,True
MCH3779,4,71160.43,4,0,1.0,1144.6,17790.1075,0.25,0.0160847819497437,1.0,0.0,LIVE,DEPARTMENT STORES,5311,False
MCH3780,2,4409.98,2,0,0.0,0.0,2204.99,0.0,0.0,1.0,0.0,SUSPENDED,DEPT_STORE,5311,True
MCH3781,2,39484.53,0,1,0.0,0.0,19742.265,0.0,0.0,0.0,0.5,,,,
MCH3783,3,44731.5,2,0,0.0,0.0,14910.5,0.0,0.0,0.6666666666666666,0.0,,,,
MCH3784,1,18449.36,1,0,0.0,0.0,18449.36,0.0,0.0,1.0,0.0,,,,
MCH3785,2,15654.67,2,0,1.0,2538.37,7827.335,0.5,0.1621477808219528,1.0,0.0,,,,
MCH3786,1,11357.0,1,0,0.0,0.0,11357.0,0.0,0.0,1.0,0.0,ACTIVE,MISC RETAIL,5999,False
MCH3787,1,7311.5,1,0,0.0,0.0,7311.5,0.0,0.0,1.0,0.0,ACTIVE,KIRANA,5411,True
MCH3788,4,48103.72,3,0,1.0,2598.96,12025.93,0.25,0.05402825394792752,0.75,0.0,ACTIVE,BUS/TAXI,4131,True
MCH3789,2,43822.53,2,0,0.0,0.0,21911.265,0.0,0.0,1.0,0.0,,,,
MCH3790,1,2836.36,1,0,0.0,0.0,2836.36,0.0,0.0,1.0,0.0,,,,
MCH3791,6,23471.66,6,0,1.0,5239.53,3911.943333333333,0.16666666666666666,0.22322792678489717,1.0,0.0,,,,
MCH3792,4,70487.73,3,1,0.0,0.0,17621.9325,0.0,0.0,0.75,0.25,,,,
MCH3793,3,35586.79,3,0,0.0,0.0,11862.263333333334,0.0,0.0,1.0,0.0,LIVE,HOSPITALITY,7011,False
MCH3794,5,72354.03,5,0,0.0,0.0,14470.806,0.0,0.0,1.0,0.0,,,,
MCH3795,5,61175.0,4,1,0.0,0.0,12235.0,0.0,0.0,0.8,0.2,LIVE,TELECOM,4814,False
MCH3796,3,12003.18,3,0,0.0,0.0,4001.06,0.0,0.0,1.0,0.0,ENABLED,CLOTHS,5699,True
MCH3798,3,62613.19,2,1,1.0,1038.46,20871.063333333335,0.3333333333333333,0.01658532331606168,0.6666666666666666,0.3333333333333333,,,,
MCH3800,1,23997.0,1,0,0.0,0.0,23997.0,0.0,0.0,1.0,0.0,,,,
MCH3802,4,36494.1,4,0,0.0,0.0,9123.525,0.0,0.0,1.0,0.0,,,,
MCH3803,3,45206.8,3,0,0.0,0.0,15068.933333333334,0.0,0.0,1.0,0.0,ACTIVE,BOOK STORE,5942,False
MCH3806,3,15444.2,3,0,0.0,0.0,5148.066666666667,0.0,0.0,1.0,0.0,ACTIVE,KIRANA,5411,True
MCH3807,2,33323.79,1,1,0.0,0.0,16661.895,0.0,0.0,0.5,0.5,,,,
MCH3808,3,31650.24,3,0,0.0,0.0,10550.08,0.0,0.0,1.0,0.0,,,,
MCH3809,1,1071.35,1,0,1.0,0.0,1071.35,1.0,0.0,1.0,0.0,,,,
MCH3810,4,78615.95,4,0,1.0,4101.67,19653.9875,0.25,0.05217350931967368,1.0,0.0,SUSPENDED,KIRANA,5411,False
MCH3812,1,22740.57,1,0,0.0,0.0,22740.57,0.0,0.0,1.0,0.0,,,,
MCH3813,1,23877.0,1,0,0.0,0.0,23877.0,0.0,0.0,1.0,0.0,,,,
MCH3814,4,41950.0,4,0,0.0,0.0,10487.5,0.0,0.0,1.0,0.0,,,,
MCH3815,4,50858.130000000005,2,2,1.0,1083.4,12714.532500000001,0.25,0.02130239550687373,0.5,0.5,,,,
MCH3816,2,15838.45,2,0,1.0,1283.33,7919.225,0.5,0.08102623678453383,1.0,0.0,,,,
MCH3817,1,21408.92,1,0,0.0,0.0,21408.92,0.0,0.0,1.0,0.0,ACTIVE,DEPT_STORE,5311,False
MCH3818,1,6455.91,1,0,1.0,1944.27,6455.91,1.0,0.3011612615417501,1.0,0.0,ACTIVE,TELECOM,4814,False
MCH3820,2,30874.89,2,0,0.0,0.0,15437.445,0.0,0.0,1.0,0.0,INACTIVE,DEPARTMENT STORES,5311,False
MCH3821,1,5948.15,1,0,0.0,0.0,5948.15,0.0,0.0,1.0,0.0,,,,
MCH3822,1,11554.9,1,0,0.0,0.0,11554.9,0.0,0.0,1.0,0.0,ACTIVE,GROCERY,5411,False
MCH3823,2,16373.39,2,0,0.0,0.0,8186.695,0.0,0.0,1.0,0.0,,,,
MCH3824,2,12662.95,2,0,0.0,0.0,6331.475,0.0,0.0,1.0,0.0,ACTIVE,FOOD_SERVICES,5812,False
MCH3825,3,32587.190000000002,3,0,0.0,0.0,10862.396666666667,0.0,0.0,1.0,0.0,,,,
MCH3826,3,34087.28,2,1,0.0,0.0,11362.426666666666,0.0,0.0,0.6666666666666666,0.3333333333333333,,,,
MCH3827,2,6995.18,2,0,0.0,0.0,3497.59,0.0,0.0,1.0,0.0,,,,
MCH3828,4,-9751.110000000002,3,0,0.0,0.0,-2437.7775000000006,0.0,0.0,0.75,0.0,,,,
MCH3829,2,20766.9,0,0,0.0,0.0,10383.45,0.0,0.0,0.0,0.0,ACTIVE,HOTELS,7011,True
MCH3830,1,1615.24,1,0,0.0,0.0,1615.24,0.0,0.0,1.0,0.0,,,,
MCH3831,1,14651.0,0,1,0.0,0.0,14651.0,0.0,0.0,0.0,1.0,,,,
MCH3832,2,38051.92,2,0,0.0,0.0,19025.96,0.0,0.0,1.0,0.0,,,,
MCH3833,4,57014.95,2,1,0.0,0.0,14253.7375,0.0,0.0,0.5,0.25,,,,
MCH3834,3,36822.869999999995,2,1,1.0,-363.03,12274.289999999999,0.3333333333333333,-0.009858818717824005,0.6666666666666666,0.3333333333333333,,,,
MCH3835,1,23352.58,1,0,0.0,0.0,23352.58,0.0,0.0,1.0,0.0,INACTIVE,MOBILE RECHARGE,4814,False
MCH3836,1,12878.04,0,0,0.0,0.0,12878.04,0.0,0.0,0.0,0.0,,,,
MCH3837,1,23001.8,1,0,0.0,0.0,23001.8,0.0,0.0,1.0,0.0,ENABLED,OTHER,5999,True
MCH3839,3,29852.46,3,0,1.0,8725.14,9950.82,0.3333333333333333,0.292275410468685,1.0,0.0,,,,
MCH3840,1,8743.37,1,0,0.0,0.0,8743.37,0.0,0.0,1.0,0.0,,,,
MCH3841,3,39285.68,2,0,1.0,3654.65,13095.226666666667,0.3333333333333333,0.0930275357331221,0.6666666666666666,0.0,CLOSED,MISCELLANEOUS,5999,True
MCH3842,2,17048.07,2,0,0.0,0.0,8524.035,0.0,0.0,1.0,0.0,LIVE,BUS/TAXI,4131,True
MCH3843,2,28230.97,2,0,0.0,0.0,14115.485,0.0,0.0,1.0,0.0,,,,
MCH3844,5,50368.6,5,0,1.0,562.28,10073.72,0.2,0.011163304122012524,1.0,0.0,,,,
MCH3845,3,39483.64,3,0,0.0,0.0,13161.213333333333,0.0,0.0,1.0,0.0,ACTIVE,TRANSPRT,4131,True
MCH3846,3,41932.759999999995,3,0,1.0,41457.94,13977.586666666664,0.3333333333333333,0.988676633734579,1.0,0.0,ACTIVE,RETAIL,5311,True
MCH3847,3,47662.67,2,1,1.0,3211.77,15887.556666666665,0.3333333333333333,0.06738544021977787,0.6666666666666666,0.3333333333333333,ENABLED,RETAIL,5311,False
MCH3848,1,17911.11,1,0,1.0,2649.1,17911.11,1.0,0.14790261463415721,1.0,0.0,,,,
MCH3849,1,2183.0,1,0,0.0,0.0,2183.0,0.0,0.0,1.0,0.0,ACTIVE,PHONE SERVICE,4814.0,False
MCH3851,1,3049.24,0,1,0.0,0.0,3049.24,0.0,0.0,0.0,1.0,,,,
MCH3852,4,26282.480000000003,4,0,0.0,0.0,6570.620000000001,0.0,0.0,1.0,0.0,,,,
MCH3853,4,44016.3,4,0,1.0,1518.49,11004.075,0.25,0.03449835629073775,1.0,0.0,ACTIVE,GROCERY,5411,False
MCH3854,2,18973.63,2,0,0.0,0.0,9486.815,0.0,0.0,1.0,0.0,ACTIVE,FOOD_SERVICES,5812,False
MCH3855,3,26475.39,3,0,2.0,3281.64,8825.13,0.6666666666666666,0.12395058203108622,1.0,0.0,,,,
MCH3856,2,30051.67,2,0,1.0,660.0,15025.835,0.5,0.021962173815964305,1.0,0.0,ACTIVE,FOOD,5812,True
MCH3857,1,17008.18,1,0,0.0,0.0,17008.18,0.0,0.0,1.0,0.0,,,,
MCH3858,2,26818.190000000002,2,0,2.0,8852.529999999999,13409.095000000001,1.0,0.330094238276334,1.0,0.0,,,,
MCH3859,5,89820.92,4,1,0.0,0.0,17964.184,0.0,0.0,0.8,0.2,ACTIVE,GROCERIES,5411,False
MCH3860,1,20687.87,1,0,0.0,0.0,20687.87,0.0,0.0,1.0,0.0,ACTIVE,CLOTHING,5699,False
MCH3861,2,34838.92,2,0,1.0,1275.75,17419.46,0.5,0.0366185289325846,1.0,0.0,,,,
MCH3862,2,11036.78,2,0,0.0,0.0,5518.39,0.0,0.0,1.0,0.0,,,,
MCH3864,3,35464.6,3,0,0.0,0.0,11821.533333333333,0.0,0.0,1.0,0.0,,,,
MCH3865,1,14867.87,0,1,0.0,0.0,14867.87,0.0,0.0,0.0,1.0,,,,
MCH3866,1,9274.06,1,0,1.0,393.01,9274.06,1.0,0.042377340668488236,1.0,0.0,,,,
MCH3869,3,23885.04,2,1,0.0,0.0,7961.68,0.0,0.0,0.6666666666666666,0.3333333333333333,ACTIVE,DEPARTMENT STORE,,False
MCH3870,2,23649.98,2,0,0.0,0.0,11824.99,0.0,0.0,1.0,0.0,,,,
MCH3871,2,34310.13,2,0,0.0,0.0,17155.065,0.0,0.0,1.0,0.0,,,,
MCH3874,1,1507.98,1,0,0.0,0.0,1507.98,0.0,0.0,1.0,0.0,ACTIVE,PHONE SERVICE,,False
MCH3875,1,20192.57,1,0,0.0,0.0,20192.57,0.0,0.0,1.0,0.0,ENABLED,FOOD,5812,True
MCH3876,1,5251.38,1,0,0.0,0.0,5251.38,0.0,0.0,1.0,0.0,,,,
MCH3877,2,11467.16,2,0,1.0,2714.54,5733.58,0.5,0.23672295494263618,1.0,0.0,,,,
MCH3878,1,22249.38,0,1,0.0,0.0,22249.38,0.0,0.0,0.0,1.0,,,,
MCH3879,1,16104.14,1,0,0.0,0.0,16104.14,0.0,0.0,1.0,0.0,,,,
MCH3880,2,8267.08,1,0,0.0,0.0,4133.54,0.0,0.0,0.5,0.0,ENABLED,TRANSPORTATION,4131,True
MCH3881,2,9290.91,2,0,0.0,0.0,4645.455,0.0,0.0,1.0,0.0,,,,
MCH3882,1,4883.81,1,0,0.0,0.0,4883.81,0.0,0.0,1.0,0.0,ENABLED,MEDICAL,5912,False
MCH3883,3,25364.769999999997,3,0,0.0,0.0,8454.923333333332,0.0,0.0,1.0,0.0,ACTIVE,HOTELS,7011,False
MCH3884,3,20549.66,3,0,0.0,0.0,6849.886666666666,0.0,0.0,1.0,0.0,,,,
MCH3885,4,46836.76,3,1,1.0,13495.0,11709.19,0.25,0.2881283846278009,0.75,0.25,ACTIVE,TRANSPRT,4131,False
MCH3886,1,17852.0,1,0,0.0,0.0,17852.0,0.0,0.0,1.0,0.0,ENABLED,EATING PLACE,5812,False
MCH3887,1,5808.13,1,0,0.0,0.0,5808.13,0.0,0.0,1.0,0.0,INACTIVE,HOTEL,7011,False
MCH3889,2,35809.72,2,0,0.0,0.0,17904.86,0.0,0.0,1.0,0.0,LIVE,HOTEL,7011,True
MCH3890,1,15451.78,1,0,1.0,264.95,15451.78,1.0,0.017146891814405846,1.0,0.0,ACTIVE,CHEMIST,UNKNOWN,False
MCH3891,2,38072.25,2,0,0.0,0.0,19036.125,0.0,0.0,1.0,0.0,,,,
MCH3892,1,6231.1,1,0,0.0,0.0,6231.1,0.0,0.0,1.0,0.0,,,,
MCH3893,5,45950.409999999996,4,1,0.0,0.0,9190.081999999999,0.0,0.0,0.8,0.2,LIVE,MEDICAL_STORE,5912,True
MCH3894,3,49138.600000000006,3,0,0.0,0.0,16379.533333333335,0.0,0.0,1.0,0.0,,,,
MCH3895,2,26782.38,1,0,1.0,797.17,13391.19,0.5,0.029764718445485425,0.5,0.0,CLOSED,HOTELS,,False
MCH3896,3,45899.93,3,0,0.0,0.0,15299.976666666667,0.0,0.0,1.0,0.0,ACTIVE,BOOKS,5942,False
MCH3897,2,8674.45,1,1,0.0,0.0,4337.225,0.0,0.0,0.5,0.5,,,,
MCH3898,2,18888.34,1,1,0.0,0.0,9444.17,0.0,0.0,0.5,0.5,ACTIVE,FASHION,5699,False
MCH3899,1,11805.47,1,0,1.0,800.72,11805.47,1.0,0.0678261856580043,1.0,0.0,ACTIVE,TRANSPORTATION,4131,False
MCH3900,2,15494.369999999999,2,0,1.0,270.77,7747.1849999999995,0.5,0.01747537976697342,1.0,0.0,ENABLED,EATING PLACE,5812,False
MCH3901,2,9210.16,1,0,2.0,5841.83,4605.08,1.0,0.6342810548350951,0.5,0.0,,,,
MCH3902,1,13817.0,1,0,0.0,0.0,13817.0,0.0,0.0,1.0,0.0,,,,
MCH3904,3,53993.35,2,1,1.0,1288.0,17997.783333333333,0.3333333333333333,0.02385478952500632,0.6666666666666666,0.3333333333333333,,,,
MCH3905,2,35980.850000000006,1,1,1.0,0.0,17990.425000000003,0.5,0.0,0.5,0.5,,,,
MCH3906,2,39301.28,1,0,0.0,0.0,19650.64,0.0,0.0,0.5,0.0,,,,
MCH3907,4,42536.11,4,0,0.0,0.0,10634.0275,0.0,0.0,1.0,0.0,ACTIVE,PHONE SERVICE,4814,True
MCH3908,1,12047.24,1,0,0.0,0.0,12047.24,0.0,0.0,1.0,0.0,ENABLED,RETAIL OTHER,5999,False
MCH3909,1,20691.98,1,0,0.0,0.0,20691.98,0.0,0.0,1.0,0.0,,,,
MCH3910,1,21278.79,1,0,1.0,0.0,21278.79,1.0,0.0,1.0,0.0,,,,
MCH3911,4,46020.15,3,0,0.0,0.0,11505.0375,0.0,0.0,0.75,0.0,HOLD,RESTAURANT,5812.0,True
MCH3912,3,25677.870000000003,3,0,0.0,0.0,8559.29,0.0,0.0,1.0,0.0,,,,
MCH3913,4,25373.62,4,0,1.0,0.0,6343.405,0.25,0.0,1.0,0.0,ENABLED,DEPARTMENT STORES,5311.0,False
MCH3914,3,36339.65,3,0,1.0,8599.51,12113.216666666667,0.3333333333333333,0.23664262038847375,1.0,0.0,,,,
MCH3915,4,48745.880000000005,4,0,1.0,3008.39,12186.470000000001,0.25,0.061715779877191665,1.0,0.0,,,,
MCH3916,3,26243.780000000002,2,0,0.0,0.0,8747.926666666668,0.0,0.0,0.6666666666666666,0.0,ENABLED,TRANSPORT,4131,False
MCH3917,3,21774.64,3,0,0.0,0.0,7258.213333333333,0.0,0.0,1.0,0.0,ACTIVE,FASHION,,True
MCH3918,1,23776.31,1,0,0.0,0.0,23776.31,0.0,0.0,1.0,0.0,,,,
MCH3919,2,46821.79,1,1,0.0,0.0,23410.895,0.0,0.0,0.5,0.5,,,,
MCH3920,2,20591.12,2,0,0.0,0.0,10295.56,0.0,0.0,1.0,0.0,SUSPENDED,BOOK STORE,UNKNOWN,False
MCH3921,1,9370.0,1,0,0.0,0.0,9370.0,0.0,0.0,1.0,0.0,,,,
MCH3923,4,50132.57,4,0,0.0,0.0,12533.1425,0.0,0.0,1.0,0.0,,,,
MCH3924,2,5457.73,2,0,0.0,0.0,2728.865,0.0,0.0,1.0,0.0,,,,
MCH3925,1,9232.64,1,0,0.0,0.0,9232.64,0.0,0.0,1.0,0.0,ACTIVE,OTHER,5999,True
MCH3927,1,554.95,1,0,0.0,0.0,554.95,0.0,0.0,1.0,0.0,CLOSED,MOBILE RECHARGE,4814,False
MCH3928,4,65310.58,4,0,0.0,0.0,16327.645,0.0,0.0,1.0,0.0,,,,
MCH3929,2,24053.920000000002,2,0,0.0,0.0,12026.960000000001,0.0,0.0,1.0,0.0,,,,
MCH3930,2,24703.68,2,0,0.0,0.0,12351.84,0.0,0.0,1.0,0.0,LIVE,APPAREL,5699,False
MCH3931,2,18718.37,2,0,0.0,0.0,9359.185,0.0,0.0,1.0,0.0,,,,
MCH3932,1,-8133.04,1,0,0.0,0.0,-8133.04,0.0,0.0,1.0,0.0,,,,
MCH3933,2,29412.16,1,1,0.0,0.0,14706.08,0.0,0.0,0.5,0.5,,,,
MCH3935,5,81416.64,5,0,1.0,2981.85,16283.328,0.2,0.036624576990649575,1.0,0.0,ACTIVE,DEPARTMENT STORE,5311,True
MCH3936,2,23638.36,2,0,3.0,4483.41,11819.18,1.5,0.1896667112270056,1.0,0.0,ACTIVE,GROCERY_STORE,5411,False
MCH3937,3,38024.4,2,0,1.0,2852.68,12674.800000000001,0.3333333333333333,0.0750223540673883,0.6666666666666666,0.0,,,,
MCH3940,1,4971.82,1,0,0.0,0.0,4971.82,0.0,0.0,1.0,0.0,ACTIVE,GROCERIES,,False
MCH3941,3,41438.38,3,0,0.0,0.0,13812.793333333333,0.0,0.0,1.0,0.0,ACTIVE,TELECOM,4814,True
MCH3942,1,5552.27,1,0,1.0,640.77,5552.27,1.0,0.11540685161204335,1.0,0.0,,,,
MCH3943,2,25951.0,1,1,0.0,0.0,12975.5,0.0,0.0,0.5,0.5,,,,
MCH3944,3,33935.649999999994,3,0,0.0,0.0,11311.883333333331,0.0,0.0,1.0,0.0,,,,
MCH3945,2,26627.88,1,0,0.0,0.0,13313.94,0.0,0.0,0.5,0.0,ENABLED,TRANSPRT,4131.0,False
MCH3946,1,5050.48,1,0,0.0,0.0,5050.48,0.0,0.0,1.0,0.0,ACTIVE,FOOD,5812,False
MCH3947,4,42577.08,4,0,3.0,4419.61,10644.27,0.75,0.10380256231756615,1.0,0.0,,,,
MCH3948,3,55810.36,3,0,0.0,0.0,18603.453333333335,0.0,0.0,1.0,0.0,,,,
MCH3949,4,57751.14,4,0,0.0,0.0,14437.785,0.0,0.0,1.0,0.0,,,,
MCH3950,4,46490.35,3,1,0.0,0.0,11622.5875,0.0,0.0,0.75,0.25,,,,
MCH3951,1,9862.0,1,0,0.0,0.0,9862.0,0.0,0.0,1.0,0.0,,,,
MCH3952,2,27041.81,2,0,0.0,0.0,13520.905,0.0,0.0,1.0,0.0,,,,
MCH3953,2,18926.78,2,0,0.0,0.0,9463.39,0.0,0.0,1.0,0.0,ACTIVE,GROCERY STORES,5411,False
MCH3955,2,37666.47,2,0,0.0,0.0,18833.235,0.0,0.0,1.0,0.0,SUSPENDED,DEPARTMENT STORES,5311.0,True
MCH3956,2,37638.479999999996,1,1,0.0,0.0,18819.239999999998,0.0,0.0,0.5,0.5,ACTIVE,DEPARTMENT STORE,5311,False
MCH3957,1,19621.48,1,0,0.0,0.0,19621.48,0.0,0.0,1.0,0.0,,,,
MCH3958,1,11579.0,1,0,0.0,0.0,11579.0,0.0,0.0,1.0,0.0,,,,
MCH3959,3,35233.630000000005,3,0,0.0,0.0,11744.543333333335,0.0,0.0,1.0,0.0,LIVE,MISCELLANEOUS,5999,False
MCH3961,4,48150.399999999994,4,0,0.0,0.0,12037.599999999999,0.0,0.0,1.0,0.0,,,,
MCH3962,3,42726.43,3,0,1.0,0.0,14242.143333333333,0.3333333333333333,0.0,1.0,0.0,,,,
MCH3963,4,33063.6,4,0,0.0,0.0,8265.9,0.0,0.0,1.0,0.0,,,,
MCH3964,2,31593.739999999998,2,0,2.0,8032.32,15796.869999999999,1.0,0.25423770658364603,1.0,0.0,ACTIVE,BOOKS,5942,True
MCH3965,2,42132.53999999999,2,0,0.0,0.0,21066.269999999997,0.0,0.0,1.0,0.0,,,,
MCH3966,3,40448.37,1,1,0.0,0.0,13482.79,0.0,0.0,0.3333333333333333,0.3333333333333333,ACTIVE,KIRANA,5411,False
MCH3967,2,33066.71,2,0,0.0,0.0,16533.355,0.0,0.0,1.0,0.0,,,,
MCH3968,1,3217.46,1,0,0.0,0.0,3217.46,0.0,0.0,1.0,0.0,ACTIVE,EATING PLACE,5812,False
MCH3969,2,22931.18,2,0,0.0,0.0,11465.59,0.0,0.0,1.0,0.0,,,,
MCH3970,4,63598.17,4,0,0.0,0.0,15899.5425,0.0,0.0,1.0,0.0,ACTIVE,BOOKS_STATIONERY,5942,False
MCH3971,1,19112.34,1,0,0.0,0.0,19112.34,0.0,0.0,1.0,0.0,ACTIVE,HOTEL_LODGING,7011,True
MCH3972,1,4850.57,1,0,1.0,1363.12,4850.57,1.0,0.28102264269972393,1.0,0.0,,,,
MCH3973,5,36884.81,5,0,0.0,0.0,7376.9619999999995,0.0,0.0,1.0,0.0,,,,
MCH3974,2,37624.88,2,0,0.0,0.0,18812.44,0.0,0.0,1.0,0.0,HOLD,BOOK STORE,5942,False
MCH3975,2,34328.32,1,0,0.0,0.0,17164.16,0.0,0.0,0.5,0.0,,,,
MCH3976,2,32223.52,2,0,0.0,0.0,16111.76,0.0,0.0,1.0,0.0,,,,
MCH3977,1,14907.6,1,0,0.0,0.0,14907.6,0.0,0.0,1.0,0.0,,,,
MCH3979,2,37923.61,2,0,0.0,0.0,18961.805,0.0,0.0,1.0,0.0,,,,
MCH3980,2,11202.67,2,0,1.0,2653.08,5601.335,0.5,0.2368256853053781,1.0,0.0,ACTIVE,APPAREL,5699,False
MCH3981,5,39353.19,5,0,0.0,0.0,7870.638000000001,0.0,0.0,1.0,0.0,,,,
MCH3982,1,13153.4,1,0,0.0,0.0,13153.4,0.0,0.0,1.0,0.0,,,,
MCH3983,3,43571.31,2,1,0.0,0.0,14523.769999999999,0.0,0.0,0.6666666666666666,0.3333333333333333,ACTIVE,MEDICAL,5912,True
MCH3984,2,21662.33,1,0,0.0,0.0,10831.165,0.0,0.0,0.5,0.0,ACTIVE,HOTEL_LODGING,7011,False
MCH3985,1,10670.0,1,0,0.0,0.0,10670.0,0.0,0.0,1.0,0.0,,,,
MCH3986,3,54042.380000000005,3,0,0.0,0.0,18014.126666666667,0.0,0.0,1.0,0.0,,,,
MCH3987,4,65887.25,4,0,2.0,6174.44,16471.8125,0.5,0.09371221290917438,1.0,0.0,ENABLED,BOOKS_STATIONERY,5942,True
MCH3988,2,38665.36,1,1,0.0,0.0,19332.68,0.0,0.0,0.5,0.5,ACTIVE,HOTEL_LODGING,7011,False
MCH3989,1,20648.08,1,0,0.0,0.0,20648.08,0.0,0.0,1.0,0.0,ACTIVE,GROCERY STORES,5411,False
MCH3990,2,16897.18,1,1,0.0,0.0,8448.59,0.0,0.0,0.5,0.5,ACTIVE,PHARMACY,5912,False
MCH3991,3,58295.68,3,0,1.0,1770.2,19431.893333333333,0.3333333333333333,0.030365886460197396,1.0,0.0,,,,
MCH3992,3,46034.66,2,1,2.0,2641.73,15344.886666666667,0.6666666666666666,0.057385674185494145,0.6666666666666666,0.3333333333333333,,,,
MCH3993,1,18660.38,1,0,0.0,0.0,18660.38,0.0,0.0,1.0,0.0,ACTIVE,OTHER,5999,False
MCH3994,2,45051.61,2,0,0.0,0.0,22525.805,0.0,0.0,1.0,0.0,,,,
MCH3995,1,7119.95,1,0,0.0,0.0,7119.95,0.0,0.0,1.0,0.0,,,,
MCH3996,2,46644.06,1,1,0.0,0.0,23322.03,0.0,0.0,0.5,0.5,,,,
MCH3997,3,10257.180000000002,3,0,0.0,0.0,3419.060000000001,0.0,0.0,1.0,0.0,INACTIVE,PHONE SERVICE,4814,True
MCH3998,1,5848.28,0,0,0.0,0.0,5848.28,0.0,0.0,0.0,0.0,LIVE,TELECOM,4814,False
MCH3999,1,5396.0,1,0,0.0,0.0,5396.0,0.0,0.0,1.0,0.0,,,,
MCH4000,2,23255.65,2,0,0.0,0.0,11627.825,0.0,0.0,1.0,0.0,ENABLED,GROCERIES,5411,False
MCH4001,2,6911.43,2,0,1.0,6009.85,3455.715,0.5,0.8695523212996442,1.0,0.0,,,,
MCH4004,2,31193.22,2,0,0.0,0.0,15596.61,0.0,0.0,1.0,0.0,,,,
MCH4005,3,16527.43,3,0,0.0,0.0,5509.143333333333,0.0,0.0,1.0,0.0,,,,
MCH4006,1,19417.16,1,0,0.0,0.0,19417.16,0.0,0.0,1.0,0.0,CLOSED,KIRANA,5411,True
MCH4007,1,13199.03,1,0,0.0,0.0,13199.03,0.0,0.0,1.0,0.0,,,,
MCH4009,1,16054.37,1,0,0.0,0.0,16054.37,0.0,0.0,1.0,0.0,INACTIVE,PHARMACY,5912,True
MCH4010,5,52651.520000000004,5,0,1.0,4331.37,10530.304,0.2,0.08226486148927893,1.0,0.0,ENABLED,KIRANA,5411,False
MCH4011,4,39315.909999999996,4,0,2.0,8303.35,9828.977499999999,0.5,0.2111956711672196,1.0,0.0,,,,
MCH4012,2,30933.88,2,0,0.0,0.0,15466.94,0.0,0.0,1.0,0.0,,,,
MCH4013,2,35218.46,2,0,2.0,6391.92,17609.23,1.0,0.18149345542082193,1.0,0.0,,,,
MCH4014,2,35934.53,2,0,0.0,0.0,17967.265,0.0,0.0,1.0,0.0,,,,
MCH4016,2,30800.48,2,0,0.0,0.0,15400.24,0.0,0.0,1.0,0.0,,,,
MCH4019,1,14972.1,0,1,0.0,0.0,14972.1,0.0,0.0,0.0,1.0,,,,
MCH4020,5,82537.87,3,1,0.0,0.0,16507.574,0.0,0.0,0.6,0.2,,,,
MCH4022,1,7420.42,0,1,0.0,0.0,7420.42,0.0,0.0,0.0,1.0,SUSPENDED,APPAREL,5699,True
MCH4024,3,21852.5,3,0,0.0,0.0,7284.166666666667,0.0,0.0,1.0,0.0,ACTIVE,MISC RETAIL,5999,False
MCH4025,1,4317.94,1,0,0.0,0.0,4317.94,0.0,0.0,1.0,0.0,INACTIVE,RETAIL,5311,False
MCH4026,3,33841.75,2,1,0.0,0.0,11280.583333333334,0.0,0.0,0.6666666666666666,0.3333333333333333,LIVE,RESTAURANT,5812,False
MCH4027,1,20211.03,0,1,0.0,0.0,20211.03,0.0,0.0,0.0,1.0,LIVE,GROCERY_STORE,5411,False
MCH4029,4,24925.77,3,1,2.0,-2426.65,6231.4425,0.5,-0.09735506666393857,0.75,0.25,ACTIVE,GROCERY STORES,5411,False
MCH4030,2,7921.9400000000005,2,0,0.0,0.0,3960.9700000000003,0.0,0.0,1.0,0.0,ACTIVE,BOOKS,,False
MCH4031,2,11174.119999999999,2,0,0.0,0.0,5587.0599999999995,0.0,0.0,1.0,0.0,ENABLED,BOOKS_STATIONERY,5942,False
MCH4033,2,16530.05,1,1,0.0,0.0,8265.025,0.0,0.0,0.5,0.5,ACTIVE,FASHION,5699,False
MCH4034,3,57652.81,1,2,0.0,0.0,19217.603333333333,0.0,0.0,0.3333333333333333,0.6666666666666666,SUSPENDED,OTHER,5999,False
MCH4035,1,1106.59,1,0,0.0,0.0,1106.59,0.0,0.0,1.0,0.0,,,,
MCH4036,1,24513.7,1,0,0.0,0.0,24513.7,0.0,0.0,1.0,0.0,,,,
MCH4037,5,91550.54,4,1,0.0,0.0,18310.108,0.0,0.0,0.8,0.2,ENABLED,DEPT_STORE,5311,False
MCH4038,2,14721.5,1,1,1.0,1547.17,7360.75,0.5,0.1050959481031145,0.5,0.5,,,,
MCH4039,5,72346.88,4,0,1.0,1404.29,14469.376,0.2,0.019410512243237026,0.8,0.0,,,,
MCH4040,3,40221.76,2,1,1.0,1584.81,13407.253333333334,0.3333333333333333,0.03940180638539934,0.6666666666666666,0.3333333333333333,ACTIVE,DEPARTMENT STORES,5311,False
MCH4041,3,29706.760000000002,3,0,0.0,0.0,9902.253333333334,0.0,0.0,1.0,0.0,DISABLED,RESTAURANTS,5812,False
MCH4042,5,65393.54,3,0,1.0,2485.28,13078.708,0.2,0.038004977250046416,0.6,0.0,ACTIVE,MISCELLANEOUS,5999,False
MCH4043,2,23269.699999999997,1,1,0.0,0.0,11634.849999999999,0.0,0.0,0.5,0.5,ACTIVE,PHARMACIES,5912,True
MCH4044,5,75206.1,3,1,0.0,0.0,15041.220000000001,0.0,0.0,0.6,0.2,,,,
MCH4045,4,29484.719999999998,2,0,1.0,1638.0,7371.179999999999,0.25,0.05555419892066128,0.5,0.0,,,,
MCH4047,1,23229.2,1,0,0.0,0.0,23229.2,0.0,0.0,1.0,0.0,LIVE,DEPT_STORE,5311,False
MCH4048,2,18527.42,2,0,0.0,0.0,9263.71,0.0,0.0,1.0,0.0,CLOSED,FOOD,5812,False
MCH4049,1,2136.74,1,0,0.0,0.0,2136.74,0.0,0.0,1.0,0.0,,,,
MCH4050,4,78956.63,4,0,1.0,0.0,19739.1575,0.25,0.0,1.0,0.0,ACTIVE,APPAREL,5699,True
MCH4051,4,26764.39,3,1,0.0,0.0,6691.0975,0.0,0.0,0.75,0.25,ENABLED,RESTAURANT,5812,True
MCH4052,2,31200.9,2,0,1.0,781.0,15600.45,0.5,0.025031329224477497,1.0,0.0,ENABLED,FOOD,5812,False
MCH4053,3,63027.0,3,0,0.0,0.0,21009.0,0.0,0.0,1.0,0.0,,,,
MCH4054,2,11513.85,1,1,1.0,7413.72,5756.925,0.5,0.6438958298049741,0.5,0.5,,,,
MCH4055,3,20961.54,2,1,1.0,2121.87,6987.18,0.3333333333333333,0.10122681825858214,0.6666666666666666,0.3333333333333333,ACTIVE,RESTAURANT,5812,True
MCH4056,2,23825.89,1,1,0.0,0.0,11912.945,0.0,0.0,0.5,0.5,,,,
MCH4057,1,15449.15,1,0,0.0,0.0,15449.15,0.0,0.0,1.0,0.0,,,,
MCH4058,3,51845.68,2,1,1.0,2319.55,17281.893333333333,0.3333333333333333,0.04473950385065834,0.6666666666666666,0.3333333333333333,,,,
MCH4059,3,36564.770000000004,3,0,2.0,2043.15,12188.256666666668,0.6666666666666666,0.0558775564566658,1.0,0.0,,,,
MCH4060,4,58605.33,3,1,2.0,5296.7,14651.3325,0.5,0.09037915152085996,0.75,0.25,,,,
MCH4062,2,29990.62,2,0,0.0,0.0,14995.31,0.0,0.0,1.0,0.0,DISABLED,RETAIL OTHER,5999.0,False
MCH4063,1,6588.52,1,0,0.0,0.0,6588.52,0.0,0.0,1.0,0.0,,,,
MCH4064,1,2154.0,1,0,0.0,0.0,2154.0,0.0,0.0,1.0,0.0,ACTIVE,HOTEL_LODGING,7011,True
MCH4065,4,50668.86,3,1,0.0,0.0,12667.215,0.0,0.0,0.75,0.25,,,,
MCH4066,1,430.66,1,0,1.0,287.37,430.66,1.0,0.6672781312404217,1.0,0.0,ACTIVE,BOOK STORE,UNKNOWN,True
MCH4067,4,36639.98,4,0,3.0,8372.98,9159.995,0.75,0.2285203212447168,1.0,0.0,,,,
MCH4068,4,61486.81,4,0,1.0,4853.7,15371.7025,0.25,0.0789388813633363,1.0,0.0,ACTIVE,TELECOM,4814,False
MCH4069,3,27286.59,3,0,0.0,0.0,9095.53,0.0,0.0,1.0,0.0,,,,
MCH4070,6,49516.33,5,0,1.0,1393.43,8252.721666666666,0.16666666666666666,0.02814081738287147,0.8333333333333334,0.0,,,,
MCH4071,1,6729.18,1,0,0.0,0.0,6729.18,0.0,0.0,1.0,0.0,,,,
MCH4072,3,45772.490000000005,1,1,0.0,0.0,15257.496666666668,0.0,0.0,0.3333333333333333,0.3333333333333333,ACTIVE,RESTAURANT,5812,False
MCH4073,2,21652.77,2,0,0.0,0.0,10826.385,0.0,0.0,1.0,0.0,ENABLED,RESTAURANTS,5812,False
MCH4074,2,15171.619999999999,2,0,2.0,320.34000000000003,7585.8099999999995,1.0,0.02111442285003184,1.0,0.0,,,,
MCH4075,3,48014.56,2,1,0.0,0.0,16004.853333333333,0.0,0.0,0.6666666666666666,0.3333333333333333,ACTIVE,EATING PLACE,5812,False
MCH4076,1,13554.96,1,0,0.0,0.0,13554.96,0.0,0.0,1.0,0.0,,,,
MCH4077,1,12572.98,0,0,0.0,0.0,12572.98,0.0,0.0,0.0,0.0,ACTIVE,FOOD_SERVICES,5812,True
MCH4078,2,15738.97,1,0,1.0,-1527.8,7869.485,0.5,-0.09707115522807401,0.5,0.0,,,,
MCH4079,3,33243.5,3,0,0.0,0.0,11081.166666666666,0.0,0.0,1.0,0.0,,,,
MCH4080,1,18530.26,0,0,0.0,0.0,18530.26,0.0,0.0,0.0,0.0,ACTIVE,MOBILE RECHARGE,4814,True
MCH4081,3,44158.72,2,1,0.0,0.0,14719.573333333334,0.0,0.0,0.6666666666666666,0.3333333333333333,ACTIVE,MOBILE RECHARGE,4814,False
MCH4082,3,49876.47,2,1,0.0,0.0,16625.49,0.0,0.0,0.6666666666666666,0.3333333333333333,INACTIVE,OTHER,5999,False
MCH4083,2,40694.240000000005,2,0,0.0,0.0,20347.120000000003,0.0,0.0,1.0,0.0,ENABLED,PHONE SERVICE,4814,False
MCH4084,5,42242.81,5,0,1.0,4758.01,8448.562,0.2,0.1126347892102822,1.0,0.0,ENABLED,DEPARTMENT STORES,5311.0,False
MCH4085,2,22078.44,2,0,1.0,-555.33,11039.22,0.5,-0.025152592302717044,1.0,0.0,,,,
MCH4086,4,25979.550000000003,3,0,0.0,0.0,6494.887500000001,0.0,0.0,0.75,0.0,ENABLED,RETAIL,5311,True
MCH4087,3,38885.61,3,0,1.0,580.57,12961.87,0.3333333333333333,0.01493020168643362,1.0,0.0,ENABLED,MOBILE RECHARGE,4814,False
MCH4088,2,15337.54,2,0,0.0,0.0,7668.77,0.0,0.0,1.0,0.0,,,,
MCH4089,5,69222.21,4,1,2.0,1272.4,13844.442000000001,0.4,0.018381383662844628,0.8,0.2,LIVE,GROCERY_STORE,5411.0,False
MCH4090,4,53708.46,4,0,0.0,0.0,13427.115,0.0,0.0,1.0,0.0,ENABLED,MISCELLANEOUS,5999,True
MCH4091,1,3921.13,1,0,0.0,0.0,3921.13,0.0,0.0,1.0,0.0,,,,
MCH4093,2,11690.18,1,0,0.0,0.0,5845.09,0.0,0.0,0.5,0.0,DISABLED,HOTEL,7011,False
MCH4094,2,29328.350000000002,2,0,0.0,0.0,14664.175000000001,0.0,0.0,1.0,0.0,ACTIVE,DEPT_STORE,5311,True
MCH4095,4,43178.869999999995,4,0,0.0,0.0,10794.717499999999,0.0,0.0,1.0,0.0,,,,
MCH4096,3,16587.29,2,1,0.0,0.0,5529.096666666667,0.0,0.0,0.6666666666666666,0.3333333333333333,LIVE,MISC RETAIL,5999,True
MCH4097,2,29629.51,2,0,0.0,0.0,14814.755,0.0,0.0,1.0,0.0,INACTIVE,KIRANA,5411,True
MCH4098,3,32106.64,3,0,0.0,0.0,10702.213333333333,0.0,0.0,1.0,0.0,,,,
MCH4099,3,53521.06,3,0,0.0,0.0,17840.353333333333,0.0,0.0,1.0,0.0,ACTIVE,RETAIL,,False
MCH4100,2,15742.74,2,0,2.0,1125.4099999999999,7871.37,1.0,0.07148755553353481,1.0,0.0,ACTIVE,HOSPITALITY,7011,False
MCH4101,2,25472.82,2,0,0.0,0.0,12736.41,0.0,0.0,1.0,0.0,LIVE,DEPARTMENT STORES,5311,True
MCH4102,2,19392.75,1,1,1.0,1491.88,9696.375,0.5,0.07692978045919223,0.5,0.5,LIVE,CHEMIST,5912.0,True
MCH4103,2,21779.3,2,0,0.0,0.0,10889.65,0.0,0.0,1.0,0.0,,,,
MCH4104,1,24147.92,1,0,0.0,0.0,24147.92,0.0,0.0,1.0,0.0,INACTIVE,TELECOM,4814,True
MCH4105,2,23348.69,1,1,0.0,0.0,11674.345,0.0,0.0,0.5,0.5,,,,
MCH4106,6,45857.99,6,0,1.0,4883.77,7642.998333333333,0.16666666666666666,0.10649768993364081,1.0,0.0,ENABLED,KIRANA,5411,True
MCH4107,3,23083.73,2,1,1.0,12351.07,7694.576666666667,0.3333333333333333,0.5350552098815919,0.6666666666666666,0.3333333333333333,INACTIVE,CLOTHS,5699,False
MCH4108,2,6130.25,2,0,0.0,0.0,3065.125,0.0,0.0,1.0,0.0,,,,
MCH4110,2,8167.5,2,0,0.0,0.0,4083.75,0.0,0.0,1.0,0.0,DISABLED,STATIONERY,5942,False
MCH4111,4,63344.09,3,1,2.0,892.19,15836.0225,0.5,0.014084818331118186,0.75,0.25,SUSPENDED,MISCELLANEOUS,5999,False
MCH4112,1,11708.0,1,0,0.0,0.0,11708.0,0.0,0.0,1.0,0.0,INACTIVE,DEPARTMENT STORE,misc,False
MCH4113,1,13334.68,1,0,0.0,0.0,13334.68,0.0,0.0,1.0,0.0,ACTIVE,PHARMACY,5912,False
MCH4114,2,13752.68,1,1,0.0,0.0,6876.34,0.0,0.0,0.5,0.5,INACTIVE,MOBILE RECHARGE,4814,True
MCH4115,3,30538.789999999997,2,0,2.0,-7439.66,10179.596666666666,0.6666666666666666,-0.24361345030369574,0.6666666666666666,0.0,SUSPENDED,TRANSPORTATION,4131,False
MCH4116,1,11564.41,1,0,0.0,0.0,11564.41,0.0,0.0,1.0,0.0,,,,
MCH4117,2,32253.56,1,1,1.0,616.19,16126.78,0.5,0.01910455776044567,0.5,0.5,,,,
MCH4118,4,68878.36,4,0,1.0,3056.74,17219.59,0.25,0.04437881505889513,1.0,0.0,LIVE,TRANSPORTATION,4131,False
MCH4119,1,21928.49,1,0,0.0,0.0,21928.49,0.0,0.0,1.0,0.0,,,,
MCH4121,3,22945.04,3,0,1.0,1558.23,7648.346666666667,0.3333333333333333,0.06791140917601364,1.0,0.0,,,,
MCH4122,1,13395.0,1,0,0.0,0.0,13395.0,0.0,0.0,1.0,0.0,ACTIVE,RETAIL OTHER,5999,False
MCH4123,4,22686.12,4,0,1.0,5996.21,5671.53,0.25,0.26431183472537395,1.0,0.0,ENABLED,BOOK STORE,5942,False
MCH4124,4,68791.1,4,0,0.0,0.0,17197.775,0.0,0.0,1.0,0.0,ACTIVE,GROCERIES,5411,True
MCH4125,2,16180.17,1,0,0.0,0.0,8090.085,0.0,0.0,0.5,0.0,,,,
MCH4126,1,3534.83,1,0,0.0,0.0,3534.83,0.0,0.0,1.0,0.0,ACTIVE,TRANSPORTATION,4131,True
MCH4127,2,26897.96,2,0,0.0,0.0,13448.98,0.0,0.0,1.0,0.0,SUSPENDED,BUS/TAXI,4131,True
MCH4128,3,40238.27,3,0,1.0,800.24,13412.756666666666,0.3333333333333333,0.0198875349263276,1.0,0.0,,,,
MCH4129,2,9638.85,2,0,0.0,0.0,4819.425,0.0,0.0,1.0,0.0,ENABLED,HOTEL,7011,False
MCH4130,3,55593.22,3,0,0.0,0.0,18531.073333333334,0.0,0.0,1.0,0.0,,,,
MCH4132,3,52662.07,2,1,0.0,0.0,17554.023333333334,0.0,0.0,0.6666666666666666,0.3333333333333333,,,,
MCH4133,3,32070.11,3,0,0.0,0.0,10690.036666666667,0.0,0.0,1.0,0.0,HOLD,PHARMACY,5912,True
MCH4135,5,66924.64,5,0,0.0,0.0,13384.928,0.0,0.0,1.0,0.0,ACTIVE,GROCERY,5411,False
MCH4136,1,2877.0,1,0,0.0,0.0,2877.0,0.0,0.0,1.0,0.0,ENABLED,GARMENTS,5699,False
MCH4137,2,25344.18,2,0,0.0,0.0,12672.09,0.0,0.0,1.0,0.0,,,,
MCH4138,1,13414.9,1,0,0.0,0.0,13414.9,0.0,0.0,1.0,0.0,,,,
MCH4139,2,24710.2,2,0,0.0,0.0,12355.1,0.0,0.0,1.0,0.0,,,,
MCH4140,3,48381.19,2,1,0.0,0.0,16127.063333333334,0.0,0.0,0.6666666666666666,0.3333333333333333,,,,
MCH4141,2,32397.22,1,1,0.0,0.0,16198.61,0.0,0.0,0.5,0.5,ACTIVE,MOBILE RECHARGE,4814,False
MCH4143,1,22998.0,1,0,0.0,0.0,22998.0,0.0,0.0,1.0,0.0,,,,
MCH4145,1,19399.17,1,0,0.0,0.0,19399.17,0.0,0.0,1.0,0.0,SUSPENDED,BOOK STORE,5942,False
MCH4146,1,9996.97,1,0,0.0,0.0,9996.97,0.0,0.0,1.0,0.0,,,,
MCH4147,1,8648.94,1,0,0.0,0.0,8648.94,0.0,0.0,1.0,0.0,,,,
MCH4148,2,13832.39,2,0,1.0,5978.59,6916.195,0.5,0.43221670297034714,1.0,0.0,DISABLED,OTHER,5999,True
MCH4149,3,13478.969999999998,3,0,0.0,0.0,4492.989999999999,0.0,0.0,1.0,0.0,,,,
MCH4150,1,24160.27,1,0,1.0,3883.93,24160.27,1.0,0.1607568955148266,1.0,0.0,,,,
MCH4151,3,40193.78,2,0,0.0,0.0,13397.926666666666,0.0,0.0,0.6666666666666666,0.0,,,,
MCH4152,3,23840.8,3,0,0.0,0.0,7946.933333333333,0.0,0.0,1.0,0.0,,,,
MCH4153,3,53342.65,3,0,0.0,0.0,17780.883333333335,0.0,0.0,1.0,0.0,ACTIVE,RETAIL OTHER,5999,False
MCH4154,2,36909.35,2,0,0.0,0.0,18454.675,0.0,0.0,1.0,0.0,,,,
MCH4155,3,32917.68,3,0,0.0,0.0,10972.56,0.0,0.0,1.0,0.0,,,,
MCH4156,1,19991.47,1,0,0.0,0.0,19991.47,0.0,0.0,1.0,0.0,,,,
MCH4157,2,38077.43,2,0,0.0,0.0,19038.715,0.0,0.0,1.0,0.0,ACTIVE,TELECOM,4814,False
MCH4158,4,51553.649999999994,3,0,0.0,0.0,12888.412499999999,0.0,0.0,0.75,0.0,DISABLED,BOOKS_STATIONERY,UNKNOWN,False
MCH4159,3,25212.46,2,0,1.0,652.86,8404.153333333334,0.3333333333333333,0.025894339544812368,0.6666666666666666,0.0,,,,
MCH4160,2,17360.62,1,0,0.0,0.0,8680.31,0.0,0.0,0.5,0.0,,,,
MCH4161,4,30674.07,4,0,0.0,0.0,7668.5175,0.0,0.0,1.0,0.0,,,,
MCH4162,4,41532.28,4,0,1.0,2438.0,10383.07,0.25,0.05870132821988102,1.0,0.0,,,,
MCH4163,2,2411.6400000000003,1,1,0.0,0.0,1205.8200000000002,0.0,0.0,0.5,0.5,ACTIVE,FOOD_SERVICES,5812,True
MCH4164,1,5031.33,1,0,0.0,0.0,5031.33,0.0,0.0,1.0,0.0,ENABLED,MISC RETAIL,5999,False
MCH4165,1,18500.2,1,0,0.0,0.0,18500.2,0.0,0.0,1.0,0.0,HOLD,DEPARTMENT STORES,5311,True
MCH4166,3,40521.93,3,0,0.0,0.0,13507.31,0.0,0.0,1.0,0.0,,,,
MCH4167,2,5360.18,2,0,0.0,0.0,2680.09,0.0,0.0,1.0,0.0,ACTIVE,RETAIL,5311,True
MCH4168,2,236.23000000000138,2,0,0.0,0.0,118.11500000000069,0.0,0.0,1.0,0.0,ACTIVE,RETAIL OTHER,5999,True
MCH4169,1,7354.98,1,0,0.0,0.0,7354.98,0.0,0.0,1.0,0.0,ACTIVE,MOBILE RECHARGE,4814,False
MCH4170,5,53360.03,4,1,0.0,0.0,10672.006,0.0,0.0,0.8,0.2,ACTIVE,MISC RETAIL,5999,True
MCH4171,1,23815.12,1,0,0.0,0.0,23815.12,0.0,0.0,1.0,0.0,,,,
MCH4172,1,17861.02,1,0,0.0,0.0,17861.02,0.0,0.0,1.0,0.0,ACTIVE,MEDICAL_STORE,5912.0,False
MCH4173,7,98969.25,6,0,1.0,215.0,14138.464285714286,0.14285714285714285,0.0021723919298165845,0.8571428571428571,0.0,,,,
MCH4174,1,23720.27,0,0,0.0,0.0,23720.27,0.0,0.0,0.0,0.0,,,,
MCH4175,2,21021.81,2,0,0.0,0.0,10510.905,0.0,0.0,1.0,0.0,,,,
MCH4176,4,56713.0,4,0,0.0,0.0,14178.25,0.0,0.0,1.0,0.0,LIVE,HOTEL_LODGING,UNKNOWN,False
MCH4177,1,130.0,1,0,0.0,0.0,130.0,0.0,0.0,1.0,0.0,,,,
MCH4178,2,26529.2,1,1,0.0,0.0,13264.6,0.0,0.0,0.5,0.5,,,,
MCH4180,2,18641.079999999998,2,0,1.0,559.19,9320.539999999999,0.5,0.029997725453675437,1.0,0.0,ACTIVE,HOTELS,7011,True
MCH4182,1,5523.94,1,0,0.0,0.0,5523.94,0.0,0.0,1.0,0.0,LIVE,TELECOM,4814,False
MCH4184,2,16951.989999999998,2,0,0.0,0.0,8475.994999999999,0.0,0.0,1.0,0.0,INACTIVE,HOTEL_LODGING,UNKNOWN,True
MCH4185,4,28485.33,4,0,0.0,0.0,7121.3325,0.0,0.0,1.0,0.0,ACTIVE,TELECOM,4814,True
MCH4187,3,31015.36,3,0,0.0,0.0,10338.453333333333,0.0,0.0,1.0,0.0,SUSPENDED,EATING PLACE,5812.0,False
MCH4188,1,-14973.35,1,0,1.0,4959.68,-14973.35,1.0,0.0,1.0,0.0,,,,
MCH4189,3,62297.369999999995,2,0,1.0,6040.0,20765.789999999997,0.3333333333333333,0.09695433370622228,0.6666666666666666,0.0,,,,
MCH4190,4,45538.15,4,0,1.0,639.26,11384.5375,0.25,0.014037900090363794,1.0,0.0,,,,
MCH4192,2,32110.67,2,0,0.0,0.0,16055.335,0.0,0.0,1.0,0.0,,,,
MCH4193,1,634.02,1,0,0.0,0.0,634.02,0.0,0.0,1.0,0.0,,,,
MCH4194,4,71261.04000000001,3,1,2.0,-5494.419999999999,17815.260000000002,0.5,-0.07710271980313504,0.75,0.25,ACTIVE,TRANSPORTATION,4131.0,True
MCH4195,4,44765.47,3,1,2.0,1939.67,11191.3675,0.5,0.043329602034782616,0.75,0.25,,,,
MCH4196,1,420.74,1,0,0.0,0.0,420.74,0.0,0.0,1.0,0.0,,,,
MCH4197,3,41875.27,3,0,1.0,0.0,13958.423333333332,0.3333333333333333,0.0,1.0,0.0,LIVE,PHARMACY,5912,False
MCH4198,2,21838.4,1,1,0.0,0.0,10919.2,0.0,0.0,0.5,0.5,,,,
MCH4199,1,17605.45,1,0,0.0,0.0,17605.45,0.0,0.0,1.0,0.0,,,,
MCH4201,2,8788.869999999999,2,0,0.0,0.0,4394.4349999999995,0.0,0.0,1.0,0.0,,,,
MCH4202,5,83540.7,5,0,1.0,855.85,16708.14,0.2,0.010244707070924711,1.0,0.0,,,,
MCH4204,3,24631.04,3,0,0.0,0.0,8210.346666666666,0.0,0.0,1.0,0.0,,,,
MCH4205,1,11264.26,1,0,0.0,0.0,11264.26,0.0,0.0,1.0,0.0,LIVE,DEPT_STORE,5311,False
MCH4207,3,7392.26,2,0,0.0,0.0,2464.0866666666666,0.0,0.0,0.6666666666666666,0.0,,,,
MCH4208,4,41907.22,3,0,0.0,0.0,10476.805,0.0,0.0,0.75,0.0,ACTIVE,BOOK STORE,5942,False
MCH4209,1,16903.9,1,0,0.0,0.0,16903.9,0.0,0.0,1.0,0.0,ACTIVE,RESTAURANTS,5812,True
MCH4210,2,15490.34,2,0,0.0,0.0,7745.17,0.0,0.0,1.0,0.0,,,,
MCH4211,2,26880.7,2,0,0.0,0.0,13440.35,0.0,0.0,1.0,0.0,ACTIVE,GROCERIES,,False
MCH4212,1,22654.52,1,0,0.0,0.0,22654.52,0.0,0.0,1.0,0.0,ACTIVE,GROCERY STORES,5411.0,False
MCH4213,3,11405.96,3,0,0.0,0.0,3801.986666666666,0.0,0.0,1.0,0.0,,,,
MCH4215,4,35522.5,3,1,1.0,754.9,8880.625,0.25,0.021251319586177774,0.75,0.25,,,,
MCH4216,5,70896.29000000001,5,0,1.0,891.95,14179.258000000002,0.2,0.012581053253985505,1.0,0.0,LIVE,STATIONERY,5942,False
MCH4217,1,7756.95,1,0,0.0,0.0,7756.95,0.0,0.0,1.0,0.0,,,,
MCH4218,1,13283.93,1,0,0.0,0.0,13283.93,0.0,0.0,1.0,0.0,ENABLED,BOOK STORE,5942,False
MCH4219,1,13674.58,1,0,0.0,0.0,13674.58,0.0,0.0,1.0,0.0,,,,
MCH4220,5,73689.23,5,0,1.0,4193.52,14737.846,0.2,0.056908180476305706,1.0,0.0,ACTIVE,APPAREL,5699,True
MCH4221,4,42389.350000000006,3,0,0.0,0.0,10597.337500000001,0.0,0.0,0.75,0.0,LIVE,RETAIL OTHER,5999,False
MCH4222,2,26202.28,2,0,0.0,0.0,13101.14,0.0,0.0,1.0,0.0,,,,
MCH4223,1,15791.16,1,0,1.0,1537.27,15791.16,1.0,0.0973500363494512,1.0,0.0,LIVE,RETAIL,misc,True
MCH4224,2,16121.529999999999,2,0,0.0,0.0,8060.764999999999,0.0,0.0,1.0,0.0,,,,
MCH4225,1,2298.88,1,0,0.0,0.0,2298.88,0.0,0.0,1.0,0.0,LIVE,CLOTHS,5699.0,False
MCH4226,1,6093.63,1,0,0.0,0.0,6093.63,0.0,0.0,1.0,0.0,,,,
MCH4227,2,27074.690000000002,2,0,1.0,0.0,13537.345000000001,0.5,0.0,1.0,0.0,ENABLED,OTHER,5999,True
MCH4228,2,36288.38,2,0,0.0,0.0,18144.19,0.0,0.0,1.0,0.0,ACTIVE,CLOTHS,5699,False
MCH4231,2,32079.33,1,1,1.0,972.52,16039.665,0.5,0.030316094506961332,0.5,0.5,,,,
MCH4232,4,55140.08,3,1,0.0,0.0,13785.02,0.0,0.0,0.75,0.25,LIVE,GROCERY_STORE,5411,True
MCH4233,7,115990.51999999999,5,2,1.0,2573.59,16570.074285714283,0.14285714285714285,0.022187933979432115,0.7142857142857143,0.2857142857142857,LIVE,MISC RETAIL,5999.0,True
MCH4235,4,70659.26,3,1,1.0,395.16,17664.815,0.25,0.005592472946928683,0.75,0.25,LIVE,RETAIL,5311,False
MCH4236,3,45663.369999999995,2,0,1.0,8383.0,15221.123333333331,0.3333333333333333,0.1835825958530875,0.6666666666666666,0.0,ACTIVE,APPAREL,5699,True
MCH4237,1,15297.33,1,0,0.0,0.0,15297.33,0.0,0.0,1.0,0.0,SUSPENDED,EATING PLACE,,False
MCH4238,1,13317.55,0,1,0.0,0.0,13317.55,0.0,0.0,0.0,1.0,,,,
MCH4239,4,43271.07,4,0,1.0,1634.47,10817.7675,0.25,0.037772812181441316,1.0,0.0,,,,
MCH4240,2,39614.270000000004,2,0,0.0,0.0,19807.135000000002,0.0,0.0,1.0,0.0,,,,
MCH4241,4,54410.54,3,1,1.0,1333.0,13602.635,0.25,0.024498929802938916,0.75,0.25,,,,
MCH4242,6,26605.260000000002,5,1,0.0,0.0,4434.21,0.0,0.0,0.8333333333333334,0.16666666666666666,,,,
MCH4243,4,71496.37,3,0,3.0,15583.16,17874.0925,0.75,0.2179573592337625,0.75,0.0,ACTIVE,RETAIL,5311,False
MCH4244,1,892.43,1,0,0.0,0.0,892.43,0.0,0.0,1.0,0.0,ACTIVE,DEPARTMENT STORE,5311,True
MCH4245,3,35514.479999999996,3,0,1.0,2996.76,11838.159999999998,0.3333333333333333,0.08438135656216846,1.0,0.0,ENABLED,TRANSPRT,4131,False
MCH4246,2,2887.26,1,1,0.0,0.0,1443.63,0.0,0.0,0.5,0.5,LIVE,RETAIL,5311,False
MCH4247,2,22225.21,2,0,0.0,0.0,11112.605,0.0,0.0,1.0,0.0,,,,
MCH4248,2,13954.02,0,1,0.0,0.0,6977.01,0.0,0.0,0.0,0.5,ACTIVE,DEPARTMENT STORES,5311,False
MCH4249,1,18638.53,1,0,0.0,0.0,18638.53,0.0,0.0,1.0,0.0,ENABLED,HOTEL,7011,True
MCH4250,4,64952.56,4,0,1.0,355.28,16238.14,0.25,0.0054698382942873994,1.0,0.0,ENABLED,BUS/TAXI,4131,True
MCH4251,2,35107.97,2,0,0.0,0.0,17553.985,0.0,0.0,1.0,0.0,,,,
MCH4252,1,904.01,1,0,0.0,0.0,904.01,0.0,0.0,1.0,0.0,,,,
MCH4253,3,14671.720000000001,3,0,0.0,0.0,4890.573333333334,0.0,0.0,1.0,0.0,ACTIVE,RETAIL OTHER,,False
MCH4254,1,11719.81,1,0,0.0,0.0,11719.81,0.0,0.0,1.0,0.0,,,,
MCH4255,3,23440.92,2,1,1.0,743.67,7813.639999999999,0.3333333333333333,0.031725290645588995,0.6666666666666666,0.3333333333333333,,,,
MCH4257,1,3646.43,1,0,0.0,0.0,3646.43,0.0,0.0,1.0,0.0,,,,
MCH4259,1,17945.41,1,0,0.0,0.0,17945.41,0.0,0.0,1.0,0.0,,,,
MCH4260,1,18059.09,1,0,0.0,0.0,18059.09,0.0,0.0,1.0,0.0,ACTIVE,PHONE SERVICE,4814,False
MCH4261,1,-4314.9,1,0,0.0,0.0,-4314.9,0.0,0.0,1.0,0.0,LIVE,HOTEL_LODGING,misc,True
MCH4263,3,52574.71,3,0,0.0,0.0,17524.903333333332,0.0,0.0,1.0,0.0,ACTIVE,MOBILE RECHARGE,4814.0,False
MCH4264,2,34337.31,2,0,0.0,0.0,17168.655,0.0,0.0,1.0,0.0,,,,
MCH4266,1,-13105.7,0,1,0.0,0.0,-13105.7,0.0,0.0,0.0,1.0,,,,
MCH4268,1,11884.52,1,0,0.0,0.0,11884.52,0.0,0.0,1.0,0.0,,,,
MCH4271,2,14974.259999999998,2,0,0.0,0.0,7487.129999999999,0.0,0.0,1.0,0.0,,,,
MCH4272,1,12845.7,1,0,1.0,936.49,12845.7,1.0,0.07290299477646216,1.0,0.0,,,,
MCH4274,1,13064.0,1,0,0.0,0.0,13064.0,0.0,0.0,1.0,0.0,ACTIVE,TRANSPORTATION,4131.0,True
MCH4275,2,29560.67,2,0,0.0,0.0,14780.335,0.0,0.0,1.0,0.0,LIVE,DEPT_STORE,5311.0,True
MCH4277,3,41840.68,1,1,2.0,4166.45,13946.893333333333,0.6666666666666666,0.0995789265375228,0.3333333333333333,0.3333333333333333,ACTIVE,DEPT_STORE,5311,True
MCH4278,4,70139.29000000001,3,0,0.0,0.0,17534.822500000002,0.0,0.0,0.75,0.0,CLOSED,DEPARTMENT STORES,5311.0,False
MCH4279,2,25161.670000000002,1,1,1.0,-647.02,12580.835000000001,0.5,-0.02571450941054389,0.5,0.5,,,,
MCH4280,1,15651.0,1,0,0.0,0.0,15651.0,0.0,0.0,1.0,0.0,,,,
MCH4281,3,26193.4,2,0,0.0,0.0,8731.133333333333,0.0,0.0,0.6666666666666666,0.0,,,,
MCH4283,2,47344.14,2,0,1.0,0.0,23672.07,0.5,0.0,1.0,0.0,ENABLED,GROCERY_STORE,5411,False
MCH4284,4,53133.75,3,0,0.0,0.0,13283.4375,0.0,0.0,0.75,0.0,ACTIVE,TRAVEL,4131,True
MCH4286,2,25837.46,1,0,0.0,0.0,12918.73,0.0,0.0,0.5,0.0,,,,
MCH4287,1,3630.92,1,0,0.0,0.0,3630.92,0.0,0.0,1.0,0.0,ACTIVE,TRANSPORT,4131,False
MCH4288,1,15394.45,1,0,0.0,0.0,15394.45,0.0,0.0,1.0,0.0,ACTIVE,FASHION,5699,False
MCH4289,4,69190.35,2,0,0.0,0.0,17297.5875,0.0,0.0,0.5,0.0,ENABLED,FASHION,,False
MCH4290,1,9087.52,1,0,0.0,0.0,9087.52,0.0,0.0,1.0,0.0,ACTIVE,OTHER,5999,True
MCH4291,3,37190.83,2,1,0.0,0.0,12396.943333333335,0.0,0.0,0.6666666666666666,0.3333333333333333,,,,
MCH4292,1,10398.43,1,0,0.0,0.0,10398.43,0.0,0.0,1.0,0.0,,,,
MCH4293,1,18335.53,1,0,0.0,0.0,18335.53,0.0,0.0,1.0,0.0,,,,
MCH4294,2,23405.29,1,1,0.0,0.0,11702.645,0.0,0.0,0.5,0.5,,,,
MCH4295,3,41111.12,3,0,0.0,0.0,13703.706666666667,0.0,0.0,1.0,0.0,,,,
MCH4296,3,32657.5,3,0,1.0,4579.0,10885.833333333334,0.3333333333333333,0.14021281482048534,1.0,0.0,ACTIVE,MISC RETAIL,5999,False
MCH4297,5,100149.6,5,0,1.0,7638.7,20029.920000000002,0.2,0.07627289574796105,1.0,0.0,,,,
MCH4299,1,14209.53,1,0,0.0,0.0,14209.53,0.0,0.0,1.0,0.0,ENABLED,CLOTHS,5699,False
MCH4300,2,20042.46,1,1,0.0,0.0,10021.23,0.0,0.0,0.5,0.5,,,,
MCH4301,1,23177.46,1,0,0.0,0.0,23177.46,0.0,0.0,1.0,0.0,ACTIVE,BOOKS_STATIONERY,5942,False
MCH4302,2,18943.16,1,1,2.0,5994.35,9471.58,1.0,0.3164387567860906,0.5,0.5,,,,
MCH4303,1,14169.38,1,0,0.0,0.0,14169.38,0.0,0.0,1.0,0.0,ACTIVE,MOBILE RECHARGE,4814.0,False
MCH4304,4,33279.32,4,0,0.0,0.0,8319.83,0.0,0.0,1.0,0.0,,,,
MCH4305,1,17997.48,0,1,0.0,0.0,17997.48,0.0,0.0,0.0,1.0,ACTIVE,TRANSPORTATION,4131,False
MCH4306,1,7631.84,1,0,1.0,-690.96,7631.84,1.0,-0.09053648923457515,1.0,0.0,LIVE,GROCERY STORES,5411.0,False
MCH4308,2,20762.190000000002,2,0,0.0,0.0,10381.095000000001,0.0,0.0,1.0,0.0,ACTIVE,MEDICAL,5912,False
MCH4309,4,35046.44,4,0,0.0,0.0,8761.61,0.0,0.0,1.0,0.0,,,,
MCH4310,1,6752.2,1,0,0.0,0.0,6752.2,0.0,0.0,1.0,0.0,,,,
MCH4311,3,46712.6,3,0,0.0,0.0,15570.866666666667,0.0,0.0,1.0,0.0,,,,
MCH4312,7,73910.45,6,1,0.0,0.0,10558.635714285714,0.0,0.0,0.8571428571428571,0.14285714285714285,LIVE,CLOTHS,5699,False
MCH4313,1,240.95,1,0,0.0,0.0,240.95,0.0,0.0,1.0,0.0,,,,
MCH4314,4,44126.69,2,1,1.0,1635.13,11031.6725,0.25,0.03705535130779127,0.5,0.25,INACTIVE,APPAREL,5699,False
MCH4315,3,57315.770000000004,3,0,0.0,0.0,19105.256666666668,0.0,0.0,1.0,0.0,,,,
MCH4316,3,20272.510000000002,2,1,2.0,13428.48,6757.503333333334,0.6666666666666666,0.662398489382913,0.6666666666666666,0.3333333333333333,,,,
MCH4317,2,27529.27,2,0,0.0,0.0,13764.635,0.0,0.0,1.0,0.0,,,,
MCH4318,2,21771.99,1,1,0.0,0.0,10885.995,0.0,0.0,0.5,0.5,ENABLED,TRANSPRT,4131,False
MCH4319,3,5852.04,3,0,1.0,4172.97,1950.68,0.3333333333333333,0.713079541493223,1.0,0.0,LIVE,RETAIL,5311,True
MCH4321,3,9817.7,3,0,1.0,2123.39,3272.566666666667,0.3333333333333333,0.2162818175336382,1.0,0.0,,,,
MCH4322,1,4096.46,1,0,1.0,1001.43,4096.46,1.0,0.2444622918324602,1.0,0.0,ACTIVE,TELECOM,4814,True
MCH4323,1,6291.84,1,0,0.0,0.0,6291.84,0.0,0.0,1.0,0.0,SUSPENDED,EATING PLACE,5812,False
MCH4324,1,18069.02,1,0,0.0,0.0,18069.02,0.0,0.0,1.0,0.0,LIVE,DEPT_STORE,5311,False
MCH4325,1,23618.85,1,0,0.0,0.0,23618.85,0.0,0.0,1.0,0.0,DISABLED,HOTELS,7011,False
MCH4326,2,25995.86,2,0,1.0,2567.69,12997.93,0.5,0.09877303539871349,1.0,0.0,LIVE,HOTELS,7011,False
MCH4327,3,43718.240000000005,3,0,0.0,0.0,14572.746666666668,0.0,0.0,1.0,0.0,,,,
MCH4328,1,7122.9,1,0,0.0,0.0,7122.9,0.0,0.0,1.0,0.0,,,,
MCH4329,3,40361.41,1,0,0.0,0.0,13453.803333333335,0.0,0.0,0.3333333333333333,0.0,,,,
MCH4330,2,40557.21,2,0,0.0,0.0,20278.605,0.0,0.0,1.0,0.0,ACTIVE,TRANSPRT,4131,False
MCH4331,1,-1686.67,1,0,1.0,752.0,-1686.67,1.0,0.0,1.0,0.0,INACTIVE,GARMENTS,5699,False
MCH4332,2,19718.76,0,2,0.0,0.0,9859.38,0.0,0.0,0.0,1.0,ENABLED,BOOKS,5942,False
MCH4333,2,28527.88,2,0,1.0,18567.74,14263.94,0.5,0.6508629453012281,1.0,0.0,,,,
MCH4334,1,14498.49,0,0,0.0,0.0,14498.49,0.0,0.0,0.0,0.0,ACTIVE,DEPARTMENT STORE,5311,False
MCH4335,1,12335.0,1,0,0.0,0.0,12335.0,0.0,0.0,1.0,0.0,,,,
MCH4336,1,2850.15,1,0,0.0,0.0,2850.15,0.0,0.0,1.0,0.0,ACTIVE,GROCERIES,5411,True
MCH4338,1,11672.41,1,0,0.0,0.0,11672.41,0.0,0.0,1.0,0.0,SUSPENDED,HOTEL,7011.0,False
MCH4339,4,39544.86,4,0,2.0,2014.18,9886.215,0.5,0.05093405312346535,1.0,0.0,,,,
MCH4340,2,30314.89,2,0,1.0,1619.34,15157.445,0.5,0.053417314065794065,1.0,0.0,ACTIVE,HOTELS,7011,False
MCH4341,1,18474.28,1,0,0.0,0.0,18474.28,0.0,0.0,1.0,0.0,,,,
MCH4342,4,44649.78,3,0,2.0,4628.47,11162.445,0.5,0.10366165298014907,0.75,0.0,INACTIVE,MOBILE RECHARGE,4814,True
MCH4345,4,55734.58,4,0,2.0,10959.34,13933.645,0.5,0.19663447719530674,1.0,0.0,,,,
MCH4346,1,19631.55,1,0,0.0,0.0,19631.55,0.0,0.0,1.0,0.0,,,,
MCH4347,4,46514.28,4,0,1.0,2132.38,11628.57,0.25,0.04584355600043686,1.0,0.0,,,,
MCH4348,1,6432.59,1,0,0.0,0.0,6432.59,0.0,0.0,1.0,0.0,,,,
MCH4349,4,53062.28,4,0,1.0,3608.0,13265.57,0.25,0.06799557048811322,1.0,0.0,ACTIVE,BOOKS_STATIONERY,misc,True
MCH4350,6,82037.97,6,0,1.0,12334.0,13672.995,0.16666666666666666,0.150345017069535,1.0,0.0,,,,
MCH4351,2,3038.0,1,1,0.0,0.0,1519.0,0.0,0.0,0.5,0.5,,,,
MCH4352,2,12913.68,2,0,0.0,0.0,6456.84,0.0,0.0,1.0,0.0,ACTIVE,MEDICAL_STORE,5912,False
MCH4353,4,63038.409999999996,3,1,0.0,0.0,15759.602499999999,0.0,0.0,0.75,0.25,CLOSED,APPAREL,5699,False
MCH4354,1,13393.21,1,0,0.0,0.0,13393.21,0.0,0.0,1.0,0.0,ACTIVE,HOTEL_LODGING,7011.0,False
MCH4355,4,46407.52,3,1,0.0,0.0,11601.88,0.0,0.0,0.75,0.25,ACTIVE,GARMENTS,5699,False
MCH4356,2,23283.989999999998,2,0,0.0,0.0,11641.994999999999,0.0,0.0,1.0,0.0,ACTIVE,MEDICAL,5912,True
MCH4357,3,38557.270000000004,3,0,0.0,0.0,12852.423333333334,0.0,0.0,1.0,0.0,ENABLED,RETAIL,5311,False
MCH4358,3,47165.52,2,1,0.0,0.0,15721.839999999998,0.0,0.0,0.6666666666666666,0.3333333333333333,,,,
MCH4359,1,22911.16,1,0,0.0,0.0,22911.16,0.0,0.0,1.0,0.0,SUSPENDED,PHARMACIES,5912,False
MCH4360,3,28606.789999999997,1,2,0.0,0.0,9535.596666666666,0.0,0.0,0.3333333333333333,0.6666666666666666,ACTIVE,APPAREL,5699,False
MCH4361,3,28843.670000000002,2,1,1.0,732.38,9614.556666666667,0.3333333333333333,0.02539135969867912,0.6666666666666666,0.3333333333333333,ENABLED,GROCERIES,5411,True
MCH4362,1,8818.59,1,0,1.0,2406.17,8818.59,1.0,0.2728520092214288,1.0,0.0,SUSPENDED,HOTEL_LODGING,7011,False
MCH4363,2,21224.84,2,0,0.0,0.0,10612.42,0.0,0.0,1.0,0.0,ACTIVE,PHARMACY,5912,True
MCH4365,1,18920.06,0,1,0.0,0.0,18920.06,0.0,0.0,0.0,1.0,,,,
MCH4366,3,28848.1,3,0,0.0,0.0,9616.033333333333,0.0,0.0,1.0,0.0,,,,
MCH4367,5,14460.190000000002,4,0,1.0,1202.2,2892.0380000000005,0.2,0.08313860329636055,0.8,0.0,LIVE,FASHION,5699,True
MCH4368,4,31488.4,4,0,0.0,0.0,7872.1,0.0,0.0,1.0,0.0,,,,
MCH4369,2,28909.22,1,0,1.0,348.42,14454.61,0.5,0.012052210332897256,0.5,0.0,SUSPENDED,FOOD,5812,True
MCH4370,1,5729.0,1,0,0.0,0.0,5729.0,0.0,0.0,1.0,0.0,ACTIVE,OTHER,5999,False
MCH4371,4,51405.62,4,0,0.0,0.0,12851.405,0.0,0.0,1.0,0.0,SUSPENDED,PHONE SERVICE,4814,False
MCH4372,2,36769.479999999996,1,1,0.0,0.0,18384.739999999998,0.0,0.0,0.5,0.5,,,,
MCH4373,1,7569.0,1,0,0.0,0.0,7569.0,0.0,0.0,1.0,0.0,ACTIVE,BOOKS,5942,False
MCH4374,3,30686.510000000002,2,1,1.0,-2999.94,10228.836666666668,0.3333333333333333,-0.09776087277438848,0.6666666666666666,0.3333333333333333,ACTIVE,HOTEL,7011,False
MCH4375,3,26856.190000000002,2,1,0.0,0.0,8952.063333333334,0.0,0.0,0.6666666666666666,0.3333333333333333,ENABLED,DEPARTMENT STORES,5311,False
MCH4376,2,27739.22,2,0,0.0,0.0,13869.61,0.0,0.0,1.0,0.0,,,,
MCH4377,1,12110.48,1,0,0.0,0.0,12110.48,0.0,0.0,1.0,0.0,CLOSED,BOOK STORE,5942,False
MCH4378,2,17360.370000000003,2,0,0.0,0.0,8680.185000000001,0.0,0.0,1.0,0.0,,,,
MCH4379,6,58051.94,5,0,0.0,0.0,9675.323333333334,0.0,0.0,0.8333333333333334,0.0,,,,
MCH4380,2,10034.51,2,0,0.0,0.0,5017.255,0.0,0.0,1.0,0.0,,,,
MCH4381,3,38953.9,2,1,0.0,0.0,12984.633333333333,0.0,0.0,0.6666666666666666,0.3333333333333333,,,,
MCH4384,2,42284.79,1,1,0.0,0.0,21142.395,0.0,0.0,0.5,0.5,,,,
MCH4385,1,3644.12,1,0,0.0,0.0,3644.12,0.0,0.0,1.0,0.0,ACTIVE,GROCERIES,UNKNOWN,False
MCH4386,2,21710.48,2,0,1.0,2583.29,10855.24,0.5,0.11898815687170436,1.0,0.0,,,,
MCH4387,3,40670.600000000006,3,0,0.0,0.0,13556.866666666669,0.0,0.0,1.0,0.0,,,,
MCH4388,2,26495.74,2,0,0.0,0.0,13247.87,0.0,0.0,1.0,0.0,,,,
MCH4389,2,27466.31,2,0,1.0,2342.78,13733.155,0.5,0.08529649596178009,1.0,0.0,ACTIVE,PHARMACY,5912,False
MCH4390,2,7785.5,2,0,0.0,0.0,3892.75,0.0,0.0,1.0,0.0,ENABLED,RESTAURANTS,5812,False
MCH4391,2,28551.83,2,0,0.0,0.0,14275.915,0.0,0.0,1.0,0.0,,,,
MCH4392,3,25353.99,2,0,0.0,0.0,8451.33,0.0,0.0,0.6666666666666666,0.0,,,,
MCH4393,2,5196.34,2,0,0.0,0.0,2598.17,0.0,0.0,1.0,0.0,,,,
MCH4394,4,26618.010000000002,3,0,1.0,2161.57,6654.5025000000005,0.25,0.08120704740887842,0.75,0.0,,,,
MCH4395,5,37882.78,4,1,3.0,5207.48,7576.556,0.6,0.13746298450113745,0.8,0.2,ACTIVE,MISC RETAIL,5999,False
MCH4396,1,3532.0,1,0,0.0,0.0,3532.0,0.0,0.0,1.0,0.0,,,,
MCH4397,2,43903.25,2,0,0.0,0.0,21951.625,0.0,0.0,1.0,0.0,ACTIVE,CHEMIST,5912,False
MCH4399,2,27570.22,2,0,0.0,0.0,13785.11,0.0,0.0,1.0,0.0,,,,
MCH4400,4,57652.759999999995,3,1,0.0,0.0,14413.189999999999,0.0,0.0,0.75,0.25,,,,
MCH4401,4,41491.75,2,1,2.0,2631.0,10372.9375,0.5,0.06341019600281984,0.5,0.25,ACTIVE,FASHION,5699,True
MCH4402,3,39721.08,3,0,0.0,0.0,13240.36,0.0,0.0,1.0,0.0,,,,
MCH4403,1,9554.0,0,1,0.0,0.0,9554.0,0.0,0.0,0.0,1.0,,,,
MCH4404,4,54338.32,3,1,0.0,0.0,13584.58,0.0,0.0,0.75,0.25,,,,
MCH4405,2,33662.7,2,0,0.0,0.0,16831.35,0.0,0.0,1.0,0.0,,,,
MCH4406,2,26649.629999999997,2,0,0.0,0.0,13324.814999999999,0.0,0.0,1.0,0.0,ACTIVE,HOTEL_LODGING,7011,False
MCH4407,5,68913.56,4,1,1.0,3099.92,13782.712,0.2,0.04498272908844065,0.8,0.2,,,,
MCH4408,2,20806.449999999997,2,0,0.0,0.0,10403.224999999999,0.0,0.0,1.0,0.0,INACTIVE,MEDICAL,5912,False
MCH4409,2,27162.260000000002,2,0,1.0,1908.75,13581.130000000001,0.5,0.07027213494017066,1.0,0.0,,,,
MCH4410,3,46177.19,2,1,1.0,2509.27,15392.396666666667,0.3333333333333333,0.054340032383954066,0.6666666666666666,0.3333333333333333,,,,
MCH4411,2,38180.36,1,0,2.0,2236.39,19090.18,1.0,0.05857435603016838,0.5,0.0,ACTIVE,RETAIL OTHER,5999,False
MCH4412,3,56564.54,2,1,1.0,2580.03,18854.846666666668,0.3333333333333333,0.04561214499401922,0.6666666666666666,0.3333333333333333,,,,
MCH4413,2,11144.53,2,0,0.0,0.0,5572.265,0.0,0.0,1.0,0.0,ACTIVE,TRANSPORT,4131,True
MCH4415,1,5309.91,1,0,0.0,0.0,5309.91,0.0,0.0,1.0,0.0,,,,
MCH4416,2,14354.48,1,1,0.0,0.0,7177.24,0.0,0.0,0.5,0.5,CLOSED,MISCELLANEOUS,5999,True
MCH4417,1,-7609.32,1,0,0.0,0.0,-7609.32,0.0,0.0,1.0,0.0,LIVE,BOOKS,5942.0,False
MCH4418,3,27028.38,3,0,2.0,1721.07,9009.460000000001,0.6666666666666666,0.06367640235929789,1.0,0.0,,,,
MCH4419,2,4395.35,2,0,1.0,4816.24,2197.675,0.5,1.0957580169952335,1.0,0.0,ACTIVE,MEDICAL_STORE,5912.0,True
MCH4420,4,54256.42,1,0,0.0,0.0,13564.105,0.0,0.0,0.25,0.0,,,,
MCH4421,2,21071.51,1,1,0.0,0.0,10535.755,0.0,0.0,0.5,0.5,ACTIVE,RETAIL OTHER,5999,True
MCH4422,2,30797.1,2,0,1.0,7171.27,15398.55,0.5,0.23285536625201725,1.0,0.0,,,,
MCH4423,2,33598.71,2,0,1.0,803.59,16799.355,0.5,0.023917287300613627,1.0,0.0,,,,
MCH4424,3,49640.92,3,0,1.0,2614.31,16546.97333333333,0.3333333333333333,0.05266441476104794,1.0,0.0,LIVE,DEPARTMENT STORE,5311,False
MCH4425,2,33086.75,2,0,1.0,10277.41,16543.375,0.5,0.3106201122805957,1.0,0.0,,,,
MCH4426,2,27454.9,2,0,1.0,-2588.02,13727.45,0.5,-0.09426441181719838,1.0,0.0,,,,
MCH4427,4,38375.59,4,0,1.0,1062.27,9593.8975,0.25,0.02768087734937756,1.0,0.0,ENABLED,FOOD,5812,False
MCH4428,2,19793.46,2,0,0.0,0.0,9896.73,0.0,0.0,1.0,0.0,ENABLED,BOOKS_STATIONERY,5942,False
MCH4429,3,55477.62,2,0,0.0,0.0,18492.54,0.0,0.0,0.6666666666666666,0.0,,,,
MCH4431,1,11271.0,1,0,0.0,0.0,11271.0,0.0,0.0,1.0,0.0,SUSPENDED,GROCERY_STORE,5411,False
MCH4432,4,66780.25,3,1,1.0,1471.98,16695.0625,0.25,0.02204214569427338,0.75,0.25,,,,
MCH4433,2,36470.659999999996,2,0,0.0,0.0,18235.329999999998,0.0,0.0,1.0,0.0,ACTIVE,HOSPITALITY,7011,False
MCH4434,6,51614.54,5,0,2.0,838.9,8602.423333333334,0.3333333333333333,0.01625317207128069,0.8333333333333334,0.0,ACTIVE,OTHER,5999,False
MCH4435,6,71164.33,5,0,1.0,-734.05,11860.721666666666,0.16666666666666666,-0.010314858581539374,0.8333333333333334,0.0,ENABLED,RETAIL OTHER,5999,False
MCH4436,2,22128.85,2,0,1.0,981.9,11064.425,0.5,0.04437193979804644,1.0,0.0,,,,
MCH4437,1,11893.9,1,0,0.0,0.0,11893.9,0.0,0.0,1.0,0.0,,,,
MCH4438,1,18795.13,1,0,0.0,0.0,18795.13,0.0,0.0,1.0,0.0,ACTIVE,DEPARTMENT STORE,5311,False
MCH4439,1,10506.0,1,0,0.0,0.0,10506.0,0.0,0.0,1.0,0.0,ACTIVE,EATING PLACE,5812.0,False
MCH4440,1,11590.14,1,0,0.0,0.0,11590.14,0.0,0.0,1.0,0.0,HOLD,APPAREL,5699,True
MCH4442,2,11585.529999999999,2,0,0.0,0.0,5792.764999999999,0.0,0.0,1.0,0.0,,,,
MCH4443,4,74821.44,3,1,0.0,0.0,18705.36,0.0,0.0,0.75,0.25,LIVE,STATIONERY,5942,False
MCH4444,2,32771.89,0,2,0.0,0.0,16385.945,0.0,0.0,0.0,1.0,ACTIVE,RETAIL OTHER,5999,True
MCH4445,2,29870.97,2,0,0.0,0.0,14935.485,0.0,0.0,1.0,0.0,,,,
MCH4446,3,38169.31,2,1,0.0,0.0,12723.103333333333,0.0,0.0,0.6666666666666666,0.3333333333333333,,,,
MCH4448,3,48314.3,3,0,0.0,0.0,16104.766666666668,0.0,0.0,1.0,0.0,SUSPENDED,MISCELLANEOUS,5999,False
MCH4449,3,29104.53,2,1,0.0,0.0,9701.51,0.0,0.0,0.6666666666666666,0.3333333333333333,,,,
MCH4450,1,24672.72,1,0,0.0,0.0,24672.72,0.0,0.0,1.0,0.0,ACTIVE,RETAIL,5311,False
MCH4451,3,61697.270000000004,3,0,0.0,0.0,20565.756666666668,0.0,0.0,1.0,0.0,ENABLED,HOSPITALITY,7011,False
MCH4452,4,64811.119999999995,2,2,1.0,3857.22,16202.779999999999,0.25,0.059514786968655996,0.5,0.5,,,,
MCH4453,3,17407.22,2,0,0.0,0.0,5802.406666666667,0.0,0.0,0.6666666666666666,0.0,,,,
MCH4454,3,34879.09,2,0,0.0,0.0,11626.363333333333,0.0,0.0,0.6666666666666666,0.0,LIVE,BOOKS_STATIONERY,5942.0,True
MCH4455,1,22253.98,1,0,0.0,0.0,22253.98,0.0,0.0,1.0,0.0,ACTIVE,KIRANA,5411,False
MCH4457,2,28057.25,2,0,0.0,0.0,14028.625,0.0,0.0,1.0,0.0,LIVE,RETAIL OTHER,5999,False
MCH4458,4,31628.879999999997,2,2,1.0,2653.61,7907.219999999999,0.25,0.08389832330452424,0.5,0.5,ENABLED,GROCERY_STORE,5411,False
MCH4459,3,30581.440000000002,2,1,0.0,0.0,10193.813333333334,0.0,0.0,0.6666666666666666,0.3333333333333333,ACTIVE,TRANSPRT,4131,True
MCH4460,5,70215.47,5,0,0.0,0.0,14043.094000000001,0.0,0.0,1.0,0.0,ACTIVE,BOOKS,5942,False
MCH4461,3,47165.05,3,0,0.0,0.0,15721.683333333334,0.0,0.0,1.0,0.0,,,,
MCH4463,2,22116.0,2,0,0.0,0.0,11058.0,0.0,0.0,1.0,0.0,ACTIVE,APPAREL,5699,True
MCH4464,3,40962.009999999995,3,0,1.0,8014.91,13654.003333333332,0.3333333333333333,0.19566691185320254,1.0,0.0,,,,
MCH4465,1,14102.47,1,0,0.0,0.0,14102.47,0.0,0.0,1.0,0.0,,,,
MCH4466,1,20434.46,1,0,0.0,0.0,20434.46,0.0,0.0,1.0,0.0,,,,
MCH4467,2,38447.93,2,0,0.0,0.0,19223.965,0.0,0.0,1.0,0.0,,,,
MCH4468,3,35904.490000000005,3,0,1.0,19778.02,11968.163333333336,0.3333333333333333,0.5508508824383802,1.0,0.0,,,,
MCH4469,2,16284.28,2,0,0.0,0.0,8142.14,0.0,0.0,1.0,0.0,ENABLED,TRANSPORTATION,4131,False
MCH4470,1,14212.3,1,0,0.0,0.0,14212.3,0.0,0.0,1.0,0.0,,,,
MCH4471,3,39103.74,2,0,1.0,0.0,13034.58,0.3333333333333333,0.0,0.6666666666666666,0.0,,,,
MCH4472,2,26091.96,2,0,0.0,0.0,13045.98,0.0,0.0,1.0,0.0,,,,
MCH4473,4,26185.149999999998,4,0,2.0,-1301.2199999999998,6546.287499999999,0.5,-0.049693051214142366,1.0,0.0,,,,
MCH4475,4,41296.48,3,0,0.0,0.0,10324.12,0.0,0.0,0.75,0.0,ENABLED,DEPT_STORE,5311,True
MCH4476,2,24297.460000000003,1,1,1.0,12647.35,12148.730000000001,0.5,0.5205214866080652,0.5,0.5,ENABLED,MEDICAL,5912,False
MCH4477,4,22586.92,3,1,0.0,0.0,5646.73,0.0,0.0,0.75,0.25,LIVE,TELECOM,4814,True
MCH4479,2,19672.47,2,0,0.0,0.0,9836.235,0.0,0.0,1.0,0.0,,,,
MCH4480,3,46286.13,2,1,0.0,0.0,15428.71,0.0,0.0,0.6666666666666666,0.3333333333333333,,,,
MCH4481,1,10924.0,1,0,0.0,0.0,10924.0,0.0,0.0,1.0,0.0,LIVE,CLOTHS,5699,False
MCH4482,4,50481.78,3,1,0.0,0.0,12620.445,0.0,0.0,0.75,0.25,ACTIVE,HOTEL_LODGING,7011,False
MCH4483,1,14096.92,1,0,0.0,0.0,14096.92,0.0,0.0,1.0,0.0,,,,
MCH4484,2,22107.46,2,0,0.0,0.0,11053.73,0.0,0.0,1.0,0.0,ACTIVE,RESTAURANT,5812,False
MCH4485,1,5083.0,1,0,0.0,0.0,5083.0,0.0,0.0,1.0,0.0,HOLD,RETAIL OTHER,5999,False
MCH4487,5,79753.20999999999,4,0,0.0,0.0,15950.641999999998,0.0,0.0,0.8,0.0,ACTIVE,MEDICAL_STORE,5912,True
MCH4488,1,17851.43,0,0,0.0,0.0,17851.43,0.0,0.0,0.0,0.0,,,,
MCH4489,2,16664.42,2,0,0.0,0.0,8332.21,0.0,0.0,1.0,0.0,,,,
MCH4490,3,37727.35,3,0,0.0,0.0,12575.783333333333,0.0,0.0,1.0,0.0,LIVE,GROCERIES,5411,True
MCH4491,3,29296.630000000005,3,0,0.0,0.0,9765.543333333335,0.0,0.0,1.0,0.0,,,,
MCH4492,4,54945.17,3,1,1.0,1125.73,13736.2925,0.25,0.020488243097618954,0.75,0.25,,,,
MCH4493,3,45935.01,3,0,1.0,0.0,15311.67,0.3333333333333333,0.0,1.0,0.0,,,,
MCH4494,2,19949.52,2,0,2.0,5449.19,9974.76,1.0,0.27314892789400447,1.0,0.0,,,,
MCH4495,2,24869.17,1,1,0.0,0.0,12434.585,0.0,0.0,0.5,0.5,LIVE,BOOK STORE,5942,False
MCH4496,4,56763.63,4,0,0.0,0.0,14190.9075,0.0,0.0,1.0,0.0,ACTIVE,TELECOM,4814,True
MCH4497,1,18756.26,1,0,0.0,0.0,18756.26,0.0,0.0,1.0,0.0,ACTIVE,RESTAURANT,5812,False
MCH4498,2,13876.369999999999,2,0,1.0,0.0,6938.1849999999995,0.5,0.0,1.0,0.0,,,,
MCH4499,1,16221.85,1,0,0.0,0.0,16221.85,0.0,0.0,1.0,0.0,,,,
MCH4500,1,24992.94,1,0,0.0,0.0,24992.94,0.0,0.0,1.0,0.0,,,,
MCH4502,3,30989.4,3,0,0.0,0.0,10329.800000000001,0.0,0.0,1.0,0.0,,,,
MCH4503,2,29987.54,1,1,0.0,0.0,14993.77,0.0,0.0,0.5,0.5,LIVE,HOTELS,7011,True
MCH4504,2,11500.420000000002,1,0,0.0,0.0,5750.210000000001,0.0,0.0,0.5,0.0,,,,
MCH4506,3,50190.19,2,1,0.0,0.0,16730.063333333335,0.0,0.0,0.6666666666666666,0.3333333333333333,,,,
MCH4507,1,15959.42,1,0,0.0,0.0,15959.42,0.0,0.0,1.0,0.0,ACTIVE,EATING PLACE,5812,False
MCH4508,1,13669.91,1,0,0.0,0.0,13669.91,0.0,0.0,1.0,0.0,HOLD,EATING PLACE,5812.0,False
MCH4509,2,28577.32,2,0,0.0,0.0,14288.66,0.0,0.0,1.0,0.0,ACTIVE,BUS/TAXI,4131,False
MCH4510,2,7506.16,2,0,1.0,4933.23,3753.08,0.5,0.6572241998571839,1.0,0.0,ACTIVE,MOBILE RECHARGE,4814,False
MCH4511,3,49457.61,2,0,0.0,0.0,16485.87,0.0,0.0,0.6666666666666666,0.0,ACTIVE,TRANSPORT,4131,False
MCH4512,3,26505.97,2,1,0.0,0.0,8835.323333333334,0.0,0.0,0.6666666666666666,0.3333333333333333,,,,
MCH4513,2,39148.97,2,0,0.0,0.0,19574.485,0.0,0.0,1.0,0.0,,,,
MCH4514,1,19093.16,1,0,0.0,0.0,19093.16,0.0,0.0,1.0,0.0,,,,
MCH4515,2,14639.400000000001,2,0,0.0,0.0,7319.700000000001,0.0,0.0,1.0,0.0,ENABLED,TRANSPRT,4131,False
MCH4517,3,53164.72,3,0,0.0,0.0,17721.573333333334,0.0,0.0,1.0,0.0,ACTIVE,RESTAURANTS,5812,False
MCH4518,2,25705.98,2,0,0.0,0.0,12852.99,0.0,0.0,1.0,0.0,,,,
MCH4519,3,38903.880000000005,3,0,0.0,0.0,12967.960000000001,0.0,0.0,1.0,0.0,,,,
MCH4520,1,12588.59,1,0,0.0,0.0,12588.59,0.0,0.0,1.0,0.0,,,,
MCH4521,3,39438.149999999994,2,1,0.0,0.0,13146.049999999997,0.0,0.0,0.6666666666666666,0.3333333333333333,LIVE,APPAREL,5699,False
MCH4522,4,61917.25,3,1,0.0,0.0,15479.3125,0.0,0.0,0.75,0.25,,,,
MCH4523,3,32649.82,3,0,0.0,0.0,10883.273333333333,0.0,0.0,1.0,0.0,,,,
MCH4524,2,43053.770000000004,1,0,1.0,4290.41,21526.885000000002,0.5,0.09965236493807626,0.5,0.0,LIVE,MISCELLANEOUS,5999,False
MCH4526,2,29362.010000000002,2,0,0.0,0.0,14681.005000000001,0.0,0.0,1.0,0.0,ENABLED,APPAREL,5699,False
MCH4527,1,3523.07,1,0,0.0,0.0,3523.07,0.0,0.0,1.0,0.0,ACTIVE,GROCERIES,5411.0,False
MCH4529,2,18935.83,2,0,0.0,0.0,9467.915,0.0,0.0,1.0,0.0,HOLD,OTHER,5999,True
MCH4530,4,65104.99,4,0,2.0,3068.3,16276.2475,0.5,0.047128491994238846,1.0,0.0,ENABLED,BOOKS,5942,True
MCH4531,3,51242.520000000004,2,1,1.0,3745.94,17080.84,0.3333333333333333,0.07310218154766783,0.6666666666666666,0.3333333333333333,ACTIVE,TELECOM,4814,False
MCH4532,3,33306.59,2,1,0.0,0.0,11102.196666666665,0.0,0.0,0.6666666666666666,0.3333333333333333,,,,
MCH4533,1,6810.91,1,0,0.0,0.0,6810.91,0.0,0.0,1.0,0.0,,,,
MCH4534,3,17970.98,2,1,0.0,0.0,5990.326666666667,0.0,0.0,0.6666666666666666,0.3333333333333333,ACTIVE,CLOTHS,5699,False
MCH4535,3,46109.28,3,0,0.0,0.0,15369.76,0.0,0.0,1.0,0.0,,,,
MCH4537,1,5829.65,0,1,1.0,0.0,5829.65,1.0,0.0,0.0,1.0,,,,
MCH4538,2,35282.03,2,0,0.0,0.0,17641.015,0.0,0.0,1.0,0.0,ENABLED,FASHION,5699,False
MCH4540,1,12672.73,1,0,0.0,0.0,12672.73,0.0,0.0,1.0,0.0,LIVE,GARMENTS,5699,False
MCH4541,3,28335.77,3,0,0.0,0.0,9445.256666666666,0.0,0.0,1.0,0.0,,,,
MCH4542,1,3395.0,1,0,0.0,0.0,3395.0,0.0,0.0,1.0,0.0,,,,
MCH4543,3,22561.37,2,1,1.0,4947.89,7520.456666666666,0.3333333333333333,0.21930804733932382,0.6666666666666666,0.3333333333333333,,,,
MCH4544,3,12699.74,3,0,1.0,3065.07,4233.246666666667,0.3333333333333333,0.2413490354920652,1.0,0.0,LIVE,KIRANA,5411,False
MCH4545,3,13844.06,2,0,0.0,0.0,4614.6866666666665,0.0,0.0,0.6666666666666666,0.0,,,,
MCH4546,4,50932.740000000005,4,0,2.0,4608.0,12733.185000000001,0.5,0.09047225811923724,1.0,0.0,,,,
MCH4547,2,35184.97,2,0,0.0,0.0,17592.485,0.0,0.0,1.0,0.0,ACTIVE,RESTAURANT,5812,False
MCH4548,3,55425.79,2,1,1.0,1383.51,18475.263333333332,0.3333333333333333,0.024961484536350317,0.6666666666666666,0.3333333333333333,SUSPENDED,TRANSPRT,4131,True
MCH4549,4,46535.71,4,0,0.0,0.0,11633.9275,0.0,0.0,1.0,0.0,,,,
MCH4550,3,36860.56,3,0,0.0,0.0,12286.853333333333,0.0,0.0,1.0,0.0,,,,
MCH4551,3,38029.020000000004,3,0,0.0,0.0,12676.340000000002,0.0,0.0,1.0,0.0,ENABLED,APPAREL,5699,False
MCH4552,4,30748.510000000002,3,1,1.0,7404.88,7687.1275000000005,0.25,0.24082077473022268,0.75,0.25,ENABLED,TRANSPORTATION,4131,False
MCH4553,1,24234.05,1,0,0.0,0.0,24234.05,0.0,0.0,1.0,0.0,ACTIVE,RESTAURANTS,5812,False
MCH4554,4,48023.37,4,0,0.0,0.0,12005.8425,0.0,0.0,1.0,0.0,,,,
MCH4555,4,69707.22,3,1,1.0,1364.41,17426.805,0.25,0.019573438734179903,0.75,0.25,,,,
MCH4556,4,53458.899999999994,3,1,0.0,0.0,13364.724999999999,0.0,0.0,0.75,0.25,ACTIVE,HOSPITALITY,misc,True
MCH4557,5,14181.859999999999,4,1,0.0,0.0,2836.372,0.0,0.0,0.8,0.2,,,,
MCH4558,4,51857.420000000006,1,3,0.0,0.0,12964.355000000001,0.0,0.0,0.25,0.75,,,,
MCH4559,1,17843.0,1,0,0.0,0.0,17843.0,0.0,0.0,1.0,0.0,,,,
MCH4560,1,839.58,1,0,2.0,5814.0,839.58,2.0,6.92489101693704,1.0,0.0,ACTIVE,TELECOM,4814,False
MCH4561,1,17325.79,1,0,0.0,0.0,17325.79,0.0,0.0,1.0,0.0,,,,
MCH4562,4,65361.33,3,1,0.0,0.0,16340.3325,0.0,0.0,0.75,0.25,,,,
MCH4563,5,78199.58,4,1,0.0,0.0,15639.916000000001,0.0,0.0,0.8,0.2,,,,
MCH4564,5,69981.05,5,0,0.0,0.0,13996.210000000001,0.0,0.0,1.0,0.0,,,,
MCH4565,1,16199.45,1,0,0.0,0.0,16199.45,0.0,0.0,1.0,0.0,,,,
MCH4566,4,13488.58,3,1,1.0,-2226.56,3372.145,0.25,-0.16507000736919675,0.75,0.25,,,,
MCH4567,2,24705.510000000002,2,0,0.0,0.0,12352.755000000001,0.0,0.0,1.0,0.0,LIVE,HOTELS,7011,False
MCH4569,4,63534.5,3,0,1.0,0.0,15883.625,0.25,0.0,0.75,0.0,,,,
MCH4570,1,19830.64,1,0,0.0,0.0,19830.64,0.0,0.0,1.0,0.0,,,,
MCH4571,1,17006.0,1,0,0.0,0.0,17006.0,0.0,0.0,1.0,0.0,,,,
MCH4572,3,73681.17,2,1,0.0,0.0,24560.39,0.0,0.0,0.6666666666666666,0.3333333333333333,,,,
MCH4573,3,21715.16,1,2,0.0,0.0,7238.386666666666,0.0,0.0,0.3333333333333333,0.6666666666666666,ACTIVE,PHONE SERVICE,4814,True
MCH4574,1,13666.0,1,0,0.0,0.0,13666.0,0.0,0.0,1.0,0.0,ACTIVE,DEPARTMENT STORE,5311,False
MCH4576,1,8937.48,1,0,0.0,0.0,8937.48,0.0,0.0,1.0,0.0,,,,
MCH4577,4,37443.11,3,0,0.0,0.0,9360.7775,0.0,0.0,0.75,0.0,ACTIVE,RESTAURANT,5812,True
MCH4578,6,63817.2,6,0,2.0,2675.8900000000003,10636.199999999999,0.3333333333333333,0.04193054537021368,1.0,0.0,INACTIVE,BOOK STORE,5942,True
MCH4579,3,6325.76,2,0,1.0,2075.0,2108.5866666666666,0.3333333333333333,0.3280238263860785,0.6666666666666666,0.0,,,,
MCH4580,3,31596.47,3,0,0.0,0.0,10532.156666666668,0.0,0.0,1.0,0.0,,,,
MCH4581,1,15138.96,1,0,0.0,0.0,15138.96,0.0,0.0,1.0,0.0,INACTIVE,RESTAURANTS,5812,True
MCH4582,3,24421.2,2,1,1.0,2917.55,8140.400000000001,0.3333333333333333,0.11946792131426794,0.6666666666666666,0.3333333333333333,ACTIVE,PHONE SERVICE,misc,False
MCH4583,2,36154.67,2,0,1.0,1922.11,18077.335,0.5,0.0531635332309768,1.0,0.0,ACTIVE,FOOD,5812,True
MCH4584,2,-4038.05,2,0,0.0,0.0,-2019.025,0.0,0.0,1.0,0.0,,,,
MCH4585,1,23284.65,1,0,0.0,0.0,23284.65,0.0,0.0,1.0,0.0,,,,
MCH4586,2,35079.55,1,1,0.0,0.0,17539.775,0.0,0.0,0.5,0.5,,,,
MCH4587,4,45985.88,4,0,0.0,0.0,11496.47,0.0,0.0,1.0,0.0,ACTIVE,RETAIL,5311,True
MCH4588,3,41214.11,3,0,0.0,0.0,13738.036666666667,0.0,0.0,1.0,0.0,LIVE,FOOD,UNKNOWN,False
MCH4589,2,47324.380000000005,1,1,1.0,0.0,23662.190000000002,0.5,0.0,0.5,0.5,ENABLED,GARMENTS,5699,True
MCH4590,3,37622.240000000005,3,0,0.0,0.0,12540.746666666668,0.0,0.0,1.0,0.0,,,,
MCH4591,2,39265.35,2,0,1.0,2027.64,19632.675,0.5,0.051639422544304335,1.0,0.0,,,,
MCH4592,2,8247.699999999999,2,0,1.0,1080.46,4123.849999999999,0.5,0.13100137007893112,1.0,0.0,,,,
MCH4593,2,32099.02,2,0,1.0,303.26,16049.51,0.5,0.00944764045755914,1.0,0.0,ENABLED,HOSPITALITY,7011,False
MCH4596,2,23403.24,2,0,0.0,0.0,11701.62,0.0,0.0,1.0,0.0,,,,
MCH4597,1,7194.9,1,0,0.0,0.0,7194.9,0.0,0.0,1.0,0.0,,,,
MCH4598,1,3472.3,0,1,1.0,2467.08,3472.3,1.0,0.710503124730006,0.0,1.0,,,,
MCH4600,2,22206.63,2,0,0.0,0.0,11103.315,0.0,0.0,1.0,0.0,INACTIVE,DEPARTMENT STORES,5311,False
MCH4601,1,9228.37,1,0,0.0,0.0,9228.37,0.0,0.0,1.0,0.0,,,,
MCH4602,2,36310.39,2,0,0.0,0.0,18155.195,0.0,0.0,1.0,0.0,,,,
MCH4603,1,8984.16,1,0,0.0,0.0,8984.16,0.0,0.0,1.0,0.0,,,,
MCH4604,1,2253.09,1,0,0.0,0.0,2253.09,0.0,0.0,1.0,0.0,ACTIVE,CLOTHS,5699,False
MCH4605,1,12608.28,1,0,0.0,0.0,12608.28,0.0,0.0,1.0,0.0,LIVE,STATIONERY,5942,False
MCH4606,1,19372.95,0,1,0.0,0.0,19372.95,0.0,0.0,0.0,1.0,ACTIVE,HOTELS,7011,True
MCH4607,2,12768.11,1,1,0.0,0.0,6384.055,0.0,0.0,0.5,0.5,,,,
MCH4608,6,79411.76,5,1,1.0,3429.16,13235.293333333333,0.16666666666666666,0.04318201737374918,0.8333333333333334,0.16666666666666666,LIVE,APPAREL,5699,False
MCH4609,3,30656.75,2,1,0.0,0.0,10218.916666666666,0.0,0.0,0.6666666666666666,0.3333333333333333,,,,
MCH4610,2,16644.989999999998,1,0,0.0,0.0,8322.494999999999,0.0,0.0,0.5,0.0,ENABLED,BOOKS_STATIONERY,5942.0,False
MCH4611,3,28225.1,2,1,0.0,0.0,9408.366666666667,0.0,0.0,0.6666666666666666,0.3333333333333333,,,,
MCH4612,2,14604.49,2,0,1.0,1314.21,7302.245,0.5,0.08998670956671545,1.0,0.0,,,,
MCH4613,4,44248.35,3,1,1.0,4227.03,11062.0875,0.25,0.09552966381797287,0.75,0.25,DISABLED,GARMENTS,5699,True
MCH4614,2,24444.440000000002,2,0,1.0,1723.81,12222.220000000001,0.5,0.0705195128217296,1.0,0.0,ACTIVE,STATIONERY,5942,True
MCH4615,2,49457.81,2,0,0.0,0.0,24728.905,0.0,0.0,1.0,0.0,,,,
MCH4617,2,24812.73,2,0,0.0,0.0,12406.365,0.0,0.0,1.0,0.0,,,,
MCH4618,2,27965.739999999998,0,2,0.0,0.0,13982.869999999999,0.0,0.0,0.0,1.0,,,,
MCH4619,2,14443.59,2,0,1.0,15086.0,7221.795,0.5,1.044477169457178,1.0,0.0,,,,
MCH4620,2,21451.079999999998,2,0,0.0,0.0,10725.539999999999,0.0,0.0,1.0,0.0,,,,
MCH4621,6,93950.46,6,0,0.0,0.0,15658.410000000002,0.0,0.0,1.0,0.0,ACTIVE,STATIONERY,5942,True
MCH4622,2,35468.14,1,1,0.0,0.0,17734.07,0.0,0.0,0.5,0.5,LIVE,HOTEL_LODGING,7011.0,False
MCH4623,2,29583.170000000002,2,0,0.0,0.0,14791.585000000001,0.0,0.0,1.0,0.0,ACTIVE,MISCELLANEOUS,5999,True
MCH4624,1,21930.2,1,0,0.0,0.0,21930.2,0.0,0.0,1.0,0.0,ACTIVE,MISCELLANEOUS,5999,True
MCH4625,2,9734.779999999999,2,0,0.0,0.0,4867.389999999999,0.0,0.0,1.0,0.0,,,,
MCH4626,5,64275.96,5,0,0.0,0.0,12855.192,0.0,0.0,1.0,0.0,LIVE,RETAIL OTHER,5999,False
MCH4627,4,39623.340000000004,4,0,1.0,685.65,9905.835000000001,0.25,0.017304194951763278,1.0,0.0,ACTIVE,CLOTHS,5699,False
MCH4628,1,1350.33,1,0,0.0,0.0,1350.33,0.0,0.0,1.0,0.0,,,,
MCH4630,3,50425.729999999996,2,0,0.0,0.0,16808.576666666664,0.0,0.0,0.6666666666666666,0.0,LIVE,MISC RETAIL,5999,True
MCH4631,3,55656.259999999995,3,0,0.0,0.0,18552.086666666666,0.0,0.0,1.0,0.0,,,,
MCH4632,1,21516.51,1,0,0.0,0.0,21516.51,0.0,0.0,1.0,0.0,,,,
MCH4634,1,18734.77,1,0,0.0,0.0,18734.77,0.0,0.0,1.0,0.0,,,,
MCH4635,2,20642.78,2,0,0.0,0.0,10321.39,0.0,0.0,1.0,0.0,,,,
MCH4636,3,46837.72,2,1,0.0,0.0,15612.573333333334,0.0,0.0,0.6666666666666666,0.3333333333333333,LIVE,APPAREL,5699,False
MCH4637,2,8300.36,2,0,0.0,0.0,4150.18,0.0,0.0,1.0,0.0,LIVE,GROCERY STORES,5411,False
MCH4638,2,25725.87,2,0,0.0,0.0,12862.935,0.0,0.0,1.0,0.0,,,,
MCH4641,1,12165.78,1,0,0.0,0.0,12165.78,0.0,0.0,1.0,0.0,ENABLED,RETAIL,5311,False
MCH4642,2,43869.47,1,1,0.0,0.0,21934.735,0.0,0.0,0.5,0.5,SUSPENDED,GROCERY_STORE,5411,False
MCH4643,4,31350.09,3,1,0.0,0.0,7837.5225,0.0,0.0,0.75,0.25,SUSPENDED,BOOKS,5942,True
MCH4644,4,77057.45999999999,4,0,0.0,0.0,19264.364999999998,0.0,0.0,1.0,0.0,,,,
MCH4645,4,45195.33,4,0,0.0,0.0,11298.8325,0.0,0.0,1.0,0.0,,,,
MCH4646,5,58590.21,4,1,0.0,0.0,11718.042,0.0,0.0,0.8,0.2,,,,
MCH4647,2,22152.97,2,0,0.0,0.0,11076.485,0.0,0.0,1.0,0.0,,,,
MCH4648,4,49887.979999999996,3,1,0.0,0.0,12471.994999999999,0.0,0.0,0.75,0.25,ACTIVE,CLOTHING,5699,False
MCH4649,2,8825.0,1,0,0.0,0.0,4412.5,0.0,0.0,0.5,0.0,ACTIVE,HOTELS,7011,False
MCH4650,5,50309.28,3,2,0.0,0.0,10061.856,0.0,0.0,0.6,0.4,,,,
MCH4651,2,21183.0,1,1,0.0,0.0,10591.5,0.0,0.0,0.5,0.5,LIVE,OTHER,5999.0,False
MCH4652,4,78053.11,3,0,0.0,0.0,19513.2775,0.0,0.0,0.75,0.0,ACTIVE,TRANSPORTATION,4131,True
MCH4653,3,35290.39,3,0,0.0,0.0,11763.463333333333,0.0,0.0,1.0,0.0,,,,
MCH4654,2,21261.28,2,0,0.0,0.0,10630.64,0.0,0.0,1.0,0.0,,,,
MCH4655,2,16909.12,1,1,0.0,0.0,8454.56,0.0,0.0,0.5,0.5,,,,
MCH4656,2,12397.830000000002,2,0,0.0,0.0,6198.915000000001,0.0,0.0,1.0,0.0,ACTIVE,BOOK STORE,5942,True
MCH4657,6,38337.56,5,1,1.0,3336.11,6389.593333333333,0.16666666666666666,0.08701936169125005,0.8333333333333334,0.16666666666666666,,,,
MCH4658,2,20917.0,2,0,0.0,0.0,10458.5,0.0,0.0,1.0,0.0,ACTIVE,RETAIL,5311,False
MCH4659,5,30040.190000000002,5,0,0.0,0.0,6008.0380000000005,0.0,0.0,1.0,0.0,,,,
MCH4660,2,3756.89,2,0,1.0,955.91,1878.445,0.5,0.25444183886139865,1.0,0.0,,,,
MCH4661,3,37408.85,3,0,0.0,0.0,12469.616666666667,0.0,0.0,1.0,0.0,,,,
MCH4662,1,21326.81,1,0,0.0,0.0,21326.81,0.0,0.0,1.0,0.0,,,,
MCH4663,3,43222.0,3,0,0.0,0.0,14407.333333333334,0.0,0.0,1.0,0.0,,,,
MCH4664,2,25718.13,1,1,0.0,0.0,12859.065,0.0,0.0,0.5,0.5,,,,
MCH4665,3,46405.38,3,0,2.0,2613.46,15468.46,0.6666666666666666,0.05631803898599689,1.0,0.0,,,,
MCH4666,4,37023.479999999996,4,0,0.0,0.0,9255.869999999999,0.0,0.0,1.0,0.0,,,,
MCH4667,1,5119.0,1,0,1.0,1011.36,5119.0,1.0,0.19756983785895682,1.0,0.0,ACTIVE,FOOD,5812,True
MCH4668,2,32133.949999999997,2,0,0.0,0.0,16066.974999999999,0.0,0.0,1.0,0.0,,,,
MCH4669,3,26247.979999999996,1,1,1.0,-10021.84,8749.326666666666,0.3333333333333333,-0.38181376243048043,0.3333333333333333,0.3333333333333333,INACTIVE,BUS/TAXI,4131,True
MCH4670,1,8533.25,0,1,0.0,0.0,8533.25,0.0,0.0,0.0,1.0,,,,
MCH4671,4,9518.669999999998,3,1,2.0,-3366.2200000000003,2379.6674999999996,0.5,-0.35364394395435506,0.75,0.25,,,,
MCH4672,4,71033.9,4,0,1.0,841.13,17758.475,0.25,0.011841247629652885,1.0,0.0,ENABLED,STATIONERY,5942,False
MCH4673,2,34090.47,2,0,0.0,0.0,17045.235,0.0,0.0,1.0,0.0,,,,
MCH4674,2,25619.72,1,0,0.0,0.0,12809.86,0.0,0.0,0.5,0.0,ACTIVE,APPAREL,5699,False
MCH4675,3,25780.82,3,0,0.0,0.0,8593.606666666667,0.0,0.0,1.0,0.0,ACTIVE,BOOKS,,False
MCH4676,2,32814.35,1,1,0.0,0.0,16407.175,0.0,0.0,0.5,0.5,LIVE,OTHER,5999,False
MCH4677,3,37283.11,3,0,1.0,0.0,12427.703333333333,0.3333333333333333,0.0,1.0,0.0,DISABLED,STATIONERY,5942,False
MCH4678,1,1631.19,1,0,0.0,0.0,1631.19,0.0,0.0,1.0,0.0,ACTIVE,CHEMIST,5912,False
MCH4679,1,24596.14,1,0,1.0,3972.17,24596.14,1.0,0.1614956655800463,1.0,0.0,,,,
MCH4680,2,14568.91,2,0,0.0,0.0,7284.455,0.0,0.0,1.0,0.0,,,,
MCH4682,1,24649.5,1,0,1.0,1790.94,24649.5,1.0,0.07265624049169354,1.0,0.0,ACTIVE,TRANSPORTATION,4131,True
MCH4683,3,32593.52,2,0,0.0,0.0,10864.506666666666,0.0,0.0,0.6666666666666666,0.0,,,,
MCH4685,4,10703.090000000004,2,1,0.0,0.0,2675.772500000001,0.0,0.0,0.5,0.25,SUSPENDED,BOOKS,,True
MCH4686,4,36147.11,2,2,0.0,0.0,9036.7775,0.0,0.0,0.5,0.5,,,,
MCH4688,3,33296.03999999999,3,0,1.0,1624.65,11098.679999999998,0.3333333333333333,0.048794090828819296,1.0,0.0,SUSPENDED,STATIONERY,5942,True
MCH4689,1,11843.76,1,0,0.0,0.0,11843.76,0.0,0.0,1.0,0.0,,,,
MCH4690,5,56347.33,5,0,1.0,290.31,11269.466,0.2,0.005152151841089897,1.0,0.0,HOLD,OTHER,5999,True
MCH4691,2,37931.259999999995,2,0,1.0,2235.82,18965.629999999997,0.5,0.05894399500570243,1.0,0.0,ACTIVE,HOTELS,7011,False
MCH4692,1,11662.82,1,0,0.0,0.0,11662.82,0.0,0.0,1.0,0.0,ENABLED,TRAVEL,4131,True
MCH4694,3,25943.56,3,0,0.0,0.0,8647.853333333334,0.0,0.0,1.0,0.0,,,,
MCH4696,1,9118.88,1,0,0.0,0.0,9118.88,0.0,0.0,1.0,0.0,,,,
MCH4697,1,13144.62,1,0,0.0,0.0,13144.62,0.0,0.0,1.0,0.0,,,,
MCH4698,2,9124.59,2,0,0.0,0.0,4562.295,0.0,0.0,1.0,0.0,,,,
MCH4699,1,9339.0,1,0,1.0,589.34,9339.0,1.0,0.06310525752221866,1.0,0.0,ACTIVE,HOTEL_LODGING,7011,False
MCH4700,3,34958.56,3,0,0.0,0.0,11652.853333333333,0.0,0.0,1.0,0.0,ACTIVE,APPAREL,,False
MCH4702,2,14326.35,1,0,0.0,0.0,7163.175,0.0,0.0,0.5,0.0,ACTIVE,RETAIL,5311,False
MCH4703,3,36819.189999999995,3,0,1.0,4100.6,12273.063333333332,0.3333333333333333,0.11137127133975519,1.0,0.0,,,,
MCH4704,4,87843.81,1,3,0.0,0.0,21960.9525,0.0,0.0,0.25,0.75,,,,
MCH4705,1,19008.09,1,0,1.0,0.0,19008.09,1.0,0.0,1.0,0.0,,,,
MCH4706,4,49197.509999999995,2,2,0.0,0.0,12299.377499999999,0.0,0.0,0.5,0.5,LIVE,DEPARTMENT STORE,5311,True
MCH4707,1,2073.48,1,0,0.0,0.0,2073.48,0.0,0.0,1.0,0.0,,,,
MCH4708,1,24617.0,1,0,0.0,0.0,24617.0,0.0,0.0,1.0,0.0,ACTIVE,MISCELLANEOUS,5999,True
MCH4709,2,-2324.5300000000007,2,0,0.0,0.0,-1162.2650000000003,0.0,0.0,1.0,0.0,LIVE,PHONE SERVICE,4814,True
MCH4710,3,37726.03,3,0,0.0,0.0,12575.343333333332,0.0,0.0,1.0,0.0,,,,
MCH4711,1,742.19,1,0,0.0,0.0,742.19,0.0,0.0,1.0,0.0,,,,
MCH4712,2,19532.64,2,0,0.0,0.0,9766.32,0.0,0.0,1.0,0.0,ENABLED,MEDICAL_STORE,5912.0,True
MCH4713,1,21407.54,1,0,0.0,0.0,21407.54,0.0,0.0,1.0,0.0,ACTIVE,CLOTHING,,False
MCH4714,3,43410.15,2,1,1.0,3989.1,14470.050000000001,0.3333333333333333,0.0918932553792143,0.6666666666666666,0.3333333333333333,,,,
MCH4715,1,23173.42,1,0,0.0,0.0,23173.42,0.0,0.0,1.0,0.0,,,,
MCH4716,2,18480.55,2,0,0.0,0.0,9240.275,0.0,0.0,1.0,0.0,LIVE,GROCERIES,5411,True
MCH4717,1,15305.86,0,0,0.0,0.0,15305.86,0.0,0.0,0.0,0.0,LIVE,TRANSPORTATION,4131,False
MCH4719,3,13660.61,3,0,0.0,0.0,4553.536666666667,0.0,0.0,1.0,0.0,,,,
MCH4720,2,43991.72,1,1,0.0,0.0,21995.86,0.0,0.0,0.5,0.5,ENABLED,KIRANA,5411,False
MCH4721,1,6906.82,1,0,0.0,0.0,6906.82,0.0,0.0,1.0,0.0,,,,
MCH4722,2,22051.93,2,0,1.0,1407.0,11025.965,0.5,0.06380393915634595,1.0,0.0,,,,
MCH4723,3,47996.67,3,0,0.0,0.0,15998.89,0.0,0.0,1.0,0.0,ACTIVE,RETAIL OTHER,5999,False
MCH4724,2,-6198.799999999999,2,0,0.0,0.0,-3099.3999999999996,0.0,0.0,1.0,0.0,,,,
MCH4725,2,23460.77,2,0,0.0,0.0,11730.385,0.0,0.0,1.0,0.0,ACTIVE,DEPT_STORE,5311.0,False
MCH4726,2,-7861.91,1,1,1.0,506.18,-3930.955,0.5,0.0,0.5,0.5,,,,
MCH4727,1,5108.18,1,0,0.0,0.0,5108.18,0.0,0.0,1.0,0.0,ACTIVE,DEPARTMENT STORE,5311,True
MCH4728,2,10707.650000000001,1,0,0.0,0.0,5353.825000000001,0.0,0.0,0.5,0.0,,,,
MCH4729,1,23653.43,1,0,0.0,0.0,23653.43,0.0,0.0,1.0,0.0,ACTIVE,HOTEL,7011,True
MCH4730,4,38730.6,4,0,0.0,0.0,9682.65,0.0,0.0,1.0,0.0,,,,
MCH4731,2,12329.87,2,0,0.0,0.0,6164.935,0.0,0.0,1.0,0.0,,,,
MCH4732,1,512.84,1,0,0.0,0.0,512.84,0.0,0.0,1.0,0.0,ACTIVE,EATING PLACE,5812,False
MCH4733,6,65845.99,5,1,0.0,0.0,10974.331666666667,0.0,0.0,0.8333333333333334,0.16666666666666666,LIVE,GROCERY_STORE,5411,False
MCH4734,3,45648.409999999996,3,0,0.0,0.0,15216.136666666665,0.0,0.0,1.0,0.0,,,,
MCH4735,3,46531.15,2,0,1.0,10091.73,15510.383333333333,0.3333333333333333,0.21688116455320788,0.6666666666666666,0.0,,,,
MCH4736,2,40563.59,2,0,0.0,0.0,20281.795,0.0,0.0,1.0,0.0,ACTIVE,STATIONERY,5942,True
MCH4737,2,33812.06,2,0,0.0,0.0,16906.03,0.0,0.0,1.0,0.0,DISABLED,STATIONERY,5942.0,False
MCH4739,3,39155.93,3,0,1.0,6753.79,13051.976666666667,0.3333333333333333,0.17248447425460206,1.0,0.0,LIVE,GROCERY STORES,5411,True
MCH4740,1,3418.0,1,0,0.0,0.0,3418.0,0.0,0.0,1.0,0.0,,,,
MCH4741,2,32196.43,2,0,0.0,0.0,16098.215,0.0,0.0,1.0,0.0,ACTIVE,MISCELLANEOUS,,False
MCH4742,3,32293.260000000002,2,0,0.0,0.0,10764.42,0.0,0.0,0.6666666666666666,0.0,,,,
MCH4743,1,5074.4,1,0,0.0,0.0,5074.4,0.0,0.0,1.0,0.0,DISABLED,CHEMIST,,False
MCH4744,3,46747.8,3,0,0.0,0.0,15582.6,0.0,0.0,1.0,0.0,CLOSED,STATIONERY,5942,False
MCH4745,2,3467.98,2,0,0.0,0.0,1733.99,0.0,0.0,1.0,0.0,ACTIVE,DEPT_STORE,5311.0,True
MCH4746,3,36242.619999999995,3,0,0.0,0.0,12080.873333333331,0.0,0.0,1.0,0.0,CLOSED,MISCELLANEOUS,5999,False
MCH4747,4,60013.31,3,1,0.0,0.0,15003.3275,0.0,0.0,0.75,0.25,CLOSED,TRAVEL,4131,False
MCH4748,1,5978.0,1,0,0.0,0.0,5978.0,0.0,0.0,1.0,0.0,,,,
MCH4749,3,27743.77,3,0,2.0,9041.04,9247.923333333334,0.6666666666666666,0.3258764039638449,1.0,0.0,ACTIVE,HOTELS,7011,False
MCH4750,1,6010.76,1,0,1.0,0.0,6010.76,1.0,0.0,1.0,0.0,,,,
MCH4751,2,24080.620000000003,2,0,1.0,-2108.75,12040.310000000001,0.5,-0.08757041969849612,1.0,0.0,,,,
MCH4753,3,49297.8,2,0,1.0,0.0,16432.600000000002,0.3333333333333333,0.0,0.6666666666666666,0.0,,,,
MCH4755,2,33388.25,2,0,0.0,0.0,16694.125,0.0,0.0,1.0,0.0,,,,
MCH4756,1,24481.75,1,0,0.0,0.0,24481.75,0.0,0.0,1.0,0.0,,,,
MCH4758,2,5109.42,1,1,1.0,1101.44,2554.71,0.5,0.21557045613787867,0.5,0.5,,,,
MCH4759,2,17411.8,1,1,0.0,0.0,8705.9,0.0,0.0,0.5,0.5,,,,
MCH4760,3,26504.35,3,0,0.0,0.0,8834.783333333333,0.0,0.0,1.0,0.0,ACTIVE,PHONE SERVICE,4814.0,False
MCH4761,1,3673.9,1,0,0.0,0.0,3673.9,0.0,0.0,1.0,0.0,INACTIVE,PHARMACY,5912,False
MCH4762,5,69884.13,4,0,1.0,2595.11,13976.826000000001,0.2,0.03713446815464398,0.8,0.0,,,,
MCH4763,1,18647.1,1,0,0.0,0.0,18647.1,0.0,0.0,1.0,0.0,,,,
MCH4764,3,57557.76,3,0,0.0,0.0,19185.920000000002,0.0,0.0,1.0,0.0,,,,
MCH4765,4,38635.29,4,0,2.0,4085.21,9658.8225,0.5,0.10573778532528162,1.0,0.0,ACTIVE,CLOTHING,5699.0,True
MCH4766,2,4719.26,2,0,0.0,0.0,2359.63,0.0,0.0,1.0,0.0,,,,
MCH4767,2,40002.03,2,0,0.0,0.0,20001.015,0.0,0.0,1.0,0.0,DISABLED,PHONE SERVICE,,False
MCH4768,5,36459.05,5,0,2.0,2977.0,7291.81,0.4,0.08165325207321639,1.0,0.0,,,,
MCH4769,2,18682.45,2,0,0.0,0.0,9341.225,0.0,0.0,1.0,0.0,ACTIVE,APPAREL,5699,True
MCH4770,4,48599.18,4,0,0.0,0.0,12149.795,0.0,0.0,1.0,0.0,INACTIVE,GROCERY_STORE,5411,False
MCH4772,3,32698.03,2,0,0.0,0.0,10899.343333333332,0.0,0.0,0.6666666666666666,0.0,,,,
MCH4773,2,11273.28,1,1,0.0,0.0,5636.64,0.0,0.0,0.5,0.5,,,,
MCH4774,5,61501.93,3,1,0.0,0.0,12300.386,0.0,0.0,0.6,0.2,ACTIVE,DEPT_STORE,5311,False
MCH4775,2,23629.73,2,0,1.0,6403.5,11814.865,0.5,0.27099336302192195,1.0,0.0,DISABLED,PHONE SERVICE,4814,False
MCH4776,4,58643.55,4,0,2.0,7119.78,14660.8875,0.5,0.12140772514624369,1.0,0.0,ACTIVE,GROCERY STORES,5411,True
MCH4777,1,10401.31,1,0,0.0,0.0,10401.31,0.0,0.0,1.0,0.0,ACTIVE,MOBILE RECHARGE,4814,False
MCH4778,1,6426.85,1,0,0.0,0.0,6426.85,0.0,0.0,1.0,0.0,ENABLED,TRANSPORTATION,4131,False
MCH4779,4,53783.85,3,1,0.0,0.0,13445.9625,0.0,0.0,0.75,0.25,,,,
MCH4780,1,4785.73,1,0,0.0,0.0,4785.73,0.0,0.0,1.0,0.0,,,,
MCH4781,2,32878.770000000004,1,1,0.0,0.0,16439.385000000002,0.0,0.0,0.5,0.5,ENABLED,RETAIL,misc,True
MCH4782,3,7524.499999999998,3,0,0.0,0.0,2508.166666666666,0.0,0.0,1.0,0.0,ACTIVE,HOTEL,7011,False
MCH4783,3,41177.44,3,0,2.0,6594.92,13725.813333333334,0.6666666666666666,0.16015857226675578,1.0,0.0,,,,
MCH4784,4,63576.020000000004,3,1,1.0,3741.98,15894.005000000001,0.25,0.058858355713364875,0.75,0.25,,,,
MCH4785,2,27656.780000000002,2,0,0.0,0.0,13828.390000000001,0.0,0.0,1.0,0.0,,,,
MCH4786,3,64842.369999999995,2,0,0.0,0.0,21614.123333333333,0.0,0.0,0.6666666666666666,0.0,ENABLED,CLOTHING,5699,True
MCH4787,3,31009.41,3,0,0.0,0.0,10336.47,0.0,0.0,1.0,0.0,,,,
MCH4788,1,23025.65,1,0,1.0,4857.63,23025.65,1.0,0.21096603136067818,1.0,0.0,LIVE,GARMENTS,5699,False
MCH4789,2,17432.62,2,0,0.0,0.0,8716.31,0.0,0.0,1.0,0.0,,,,
MCH4790,1,23879.83,1,0,0.0,0.0,23879.83,0.0,0.0,1.0,0.0,SUSPENDED,HOTEL,,False
MCH4791,5,98533.42,4,1,0.0,0.0,19706.684,0.0,0.0,0.8,0.2,,,,
MCH4792,3,36191.94,3,0,0.0,0.0,12063.980000000001,0.0,0.0,1.0,0.0,INACTIVE,FOOD,5812,False
MCH4793,2,27301.58,2,0,0.0,0.0,13650.79,0.0,0.0,1.0,0.0,,,,
MCH4794,2,23779.100000000002,2,0,0.0,0.0,11889.550000000001,0.0,0.0,1.0,0.0,ACTIVE,HOTELS,7011,False
MCH4795,4,66898.92,3,0,1.0,2231.66,16724.73,0.25,0.03335868501315118,0.75,0.0,,,,
MCH4796,1,10136.59,1,0,0.0,0.0,10136.59,0.0,0.0,1.0,0.0,,,,
MCH4797,2,7788.81,1,0,0.0,0.0,3894.405,0.0,0.0,0.5,0.0,,,,
MCH4798,4,58675.65,3,0,0.0,0.0,14668.9125,0.0,0.0,0.75,0.0,,,,
MCH4799,2,26529.989999999998,1,0,0.0,0.0,13264.994999999999,0.0,0.0,0.5,0.0,,,,
MCH4800,3,26177.489999999998,3,0,0.0,0.0,8725.83,0.0,0.0,1.0,0.0,,,,
MCH4801,3,19324.06,3,0,1.0,-5331.95,6441.3533333333335,0.3333333333333333,-0.2759228650707977,1.0,0.0,LIVE,RETAIL,5311,False
MCH4802,2,23373.95,2,0,1.0,668.0,11686.975,0.5,0.028578823861606616,1.0,0.0,INACTIVE,DEPT_STORE,,True
MCH4803,3,37653.49,3,0,1.0,1528.98,12551.163333333332,0.3333333333333333,0.04060659450159866,1.0,0.0,,,,
MCH4804,2,6586.57,2,0,0.0,0.0,3293.285,0.0,0.0,1.0,0.0,SUSPENDED,FASHION,,False
MCH4805,4,92617.23,4,0,0.0,0.0,23154.3075,0.0,0.0,1.0,0.0,LIVE,OTHER,5999,True
MCH4806,1,8311.01,1,0,0.0,0.0,8311.01,0.0,0.0,1.0,0.0,,,,
MCH4807,3,30466.29,2,1,0.0,0.0,10155.43,0.0,0.0,0.6666666666666666,0.3333333333333333,ENABLED,PHARMACIES,5912,False
MCH4808,2,10961.349999999999,2,0,0.0,0.0,5480.674999999999,0.0,0.0,1.0,0.0,CLOSED,FASHION,5699.0,False
MCH4809,2,29306.78,2,0,1.0,0.0,14653.39,0.5,0.0,1.0,0.0,ENABLED,HOTEL_LODGING,7011,False
MCH4810,3,35132.85,3,0,1.0,1157.85,11710.949999999999,0.3333333333333333,0.03295633573706659,1.0,0.0,,,,
MCH4811,1,19233.09,0,0,0.0,0.0,19233.09,0.0,0.0,0.0,0.0,ACTIVE,FOOD,5812,True
MCH4812,2,36356.29,2,0,0.0,0.0,18178.145,0.0,0.0,1.0,0.0,ENABLED,HOSPITALITY,7011,False
MCH4813,2,13266.339999999998,2,0,0.0,0.0,6633.169999999999,0.0,0.0,1.0,0.0,,,,
MCH4814,1,13821.0,1,0,0.0,0.0,13821.0,0.0,0.0,1.0,0.0,,,,
MCH4816,3,43567.100000000006,3,0,0.0,0.0,14522.366666666669,0.0,0.0,1.0,0.0,,,,
MCH4817,2,32771.97,2,0,0.0,0.0,16385.985,0.0,0.0,1.0,0.0,,,,
MCH4818,1,14394.08,1,0,0.0,0.0,14394.08,0.0,0.0,1.0,0.0,ENABLED,MISCELLANEOUS,5999,True
MCH4820,2,19640.1,2,0,0.0,0.0,9820.05,0.0,0.0,1.0,0.0,,,,
MCH4821,3,41149.549999999996,3,0,0.0,0.0,13716.516666666665,0.0,0.0,1.0,0.0,ACTIVE,KIRANA,5411,False
MCH4822,3,25915.149999999998,3,0,0.0,0.0,8638.383333333333,0.0,0.0,1.0,0.0,ACTIVE,TRANSPORTATION,4131,False
MCH4823,2,26680.14,2,0,0.0,0.0,13340.07,0.0,0.0,1.0,0.0,,,,
MCH4824,1,22600.5,1,0,0.0,0.0,22600.5,0.0,0.0,1.0,0.0,,,,
MCH4825,1,8873.11,1,0,0.0,0.0,8873.11,0.0,0.0,1.0,0.0,,,,
MCH4826,3,39088.130000000005,3,0,0.0,0.0,13029.376666666669,0.0,0.0,1.0,0.0,,,,
MCH4827,1,14003.5,1,0,0.0,0.0,14003.5,0.0,0.0,1.0,0.0,ACTIVE,MOBILE RECHARGE,4814,False
MCH4829,2,9448.82,2,0,0.0,0.0,4724.41,0.0,0.0,1.0,0.0,,,,
MCH4830,1,8028.16,1,0,1.0,169.35,8028.16,1.0,0.021094497369260203,1.0,0.0,,,,
MCH4831,3,43555.69,3,0,0.0,0.0,14518.563333333334,0.0,0.0,1.0,0.0,ENABLED,GROCERY_STORE,5411,True
MCH4832,1,13812.93,0,1,0.0,0.0,13812.93,0.0,0.0,0.0,1.0,,,,
MCH4833,2,24156.2,1,0,0.0,0.0,12078.1,0.0,0.0,0.5,0.0,,,,
MCH4835,1,8241.16,1,0,0.0,0.0,8241.16,0.0,0.0,1.0,0.0,ACTIVE,MEDICAL_STORE,5912,False
MCH4836,4,43683.63,4,0,1.0,4901.36,10920.9075,0.25,0.11220129828954233,1.0,0.0,ACTIVE,FOOD_SERVICES,5812,False
MCH4837,1,11081.41,1,0,0.0,0.0,11081.41,0.0,0.0,1.0,0.0,,,,
MCH4838,3,39490.36,3,0,0.0,0.0,13163.453333333333,0.0,0.0,1.0,0.0,ACTIVE,CLOTHS,5699,False
MCH4839,1,5755.83,0,1,0.0,0.0,5755.83,0.0,0.0,0.0,1.0,ACTIVE,TRANSPORTATION,misc,False
MCH4840,1,16969.72,1,0,0.0,0.0,16969.72,0.0,0.0,1.0,0.0,,,,
MCH4841,1,1455.49,1,0,0.0,0.0,1455.49,0.0,0.0,1.0,0.0,ACTIVE,FOOD,5812,False
MCH4843,4,67816.68,4,0,2.0,8733.04,16954.17,0.5,0.12877421896795893,1.0,0.0,LIVE,PHONE SERVICE,4814,True
MCH4844,2,16736.35,2,0,1.0,637.61,8368.175,0.5,0.038097315125460454,1.0,0.0,ACTIVE,HOTEL,7011,False
MCH4845,3,46556.12,3,0,0.0,0.0,15518.706666666667,0.0,0.0,1.0,0.0,,,,
MCH4846,3,24877.01,3,0,2.0,2399.47,8292.336666666666,0.6666666666666666,0.09645331171229983,1.0,0.0,ACTIVE,RETAIL OTHER,5999,False
MCH4847,2,38943.04,2,0,0.0,0.0,19471.52,0.0,0.0,1.0,0.0,ACTIVE,HOTELS,7011,False
MCH4848,4,60579.31,4,0,0.0,0.0,15144.8275,0.0,0.0,1.0,0.0,LIVE,APPAREL,5699,False
MCH4849,1,20216.57,1,0,0.0,0.0,20216.57,0.0,0.0,1.0,0.0,,,,
MCH4850,5,46314.68,4,0,1.0,-1477.28,9262.936,0.2,-0.031896582249947535,0.8,0.0,,,,
MCH4851,1,19715.91,1,0,0.0,0.0,19715.91,0.0,0.0,1.0,0.0,,,,
MCH4852,3,29369.25,3,0,0.0,0.0,9789.75,0.0,0.0,1.0,0.0,,,,
MCH4853,3,37552.76,3,0,0.0,0.0,12517.586666666668,0.0,0.0,1.0,0.0,,,,
MCH4854,1,3521.07,1,0,0.0,0.0,3521.07,0.0,0.0,1.0,0.0,,,,
MCH4855,2,43886.4,2,0,0.0,0.0,21943.2,0.0,0.0,1.0,0.0,,,,
MCH4856,3,46538.48,3,0,0.0,0.0,15512.826666666668,0.0,0.0,1.0,0.0,ACTIVE,RETAIL,5311,True
MCH4857,3,59610.04,2,1,1.0,3265.92,19870.013333333332,0.3333333333333333,0.0547880860338292,0.6666666666666666,0.3333333333333333,ENABLED,BUS/TAXI,4131,False
MCH4858,1,12620.57,1,0,0.0,0.0,12620.57,0.0,0.0,1.0,0.0,ACTIVE,TELECOM,4814.0,False
MCH4859,3,17998.48,2,1,1.0,10313.56,5999.493333333333,0.3333333333333333,0.5730239442441806,0.6666666666666666,0.3333333333333333,ACTIVE,RESTAURANT,5812,True
MCH4860,4,37494.06,3,0,0.0,0.0,9373.515,0.0,0.0,0.75,0.0,,,,
MCH4861,2,26624.13,1,1,1.0,-1558.33,13312.065,0.5,-0.058530738844799805,0.5,0.5,,,,
MCH4862,1,23727.5,1,0,0.0,0.0,23727.5,0.0,0.0,1.0,0.0,,,,
MCH4863,4,43568.649999999994,4,0,0.0,0.0,10892.162499999999,0.0,0.0,1.0,0.0,LIVE,FOOD,5812,False
MCH4865,3,42545.83,3,0,1.0,2771.91,14181.943333333335,0.3333333333333333,0.0651511558242018,1.0,0.0,,,,
MCH4867,2,13795.05,2,0,0.0,0.0,6897.525,0.0,0.0,1.0,0.0,ACTIVE,EATING PLACE,5812,True
MCH4868,2,39990.3,2,0,0.0,0.0,19995.15,0.0,0.0,1.0,0.0,,,,
MCH4869,2,27677.809999999998,2,0,0.0,0.0,13838.904999999999,0.0,0.0,1.0,0.0,,,,
MCH4870,4,38402.54,4,0,2.0,5107.13,9600.635,0.5,0.13298938038994296,1.0,0.0,SUSPENDED,TELECOM,4814,False
MCH4871,2,28265.95,2,0,1.0,1261.15,14132.975,0.5,0.04461728687696681,1.0,0.0,SUSPENDED,FOOD,5812.0,False
MCH4872,4,46085.689999999995,1,2,0.0,0.0,11521.422499999999,0.0,0.0,0.25,0.5,,,,
MCH4873,1,15537.05,1,0,0.0,0.0,15537.05,0.0,0.0,1.0,0.0,,,,
MCH4874,2,15147.779999999999,2,0,0.0,0.0,7573.889999999999,0.0,0.0,1.0,0.0,ENABLED,GARMENTS,5699,False
MCH4875,1,-2621.64,1,0,0.0,0.0,-2621.64,0.0,0.0,1.0,0.0,INACTIVE,RETAIL OTHER,5999,False
MCH4876,1,5297.44,1,0,0.0,0.0,5297.44,0.0,0.0,1.0,0.0,ACTIVE,FOOD,5812,False
MCH4877,1,20026.51,1,0,0.0,0.0,20026.51,0.0,0.0,1.0,0.0,,,,
MCH4878,4,63840.840000000004,2,1,0.0,0.0,15960.210000000001,0.0,0.0,0.5,0.25,,,,
MCH4880,1,23661.95,1,0,0.0,0.0,23661.95,0.0,0.0,1.0,0.0,,,,
MCH4881,2,22420.469999999998,2,0,0.0,0.0,11210.234999999999,0.0,0.0,1.0,0.0,ENABLED,PHARMACIES,5912.0,False
MCH4883,3,29186.809999999998,2,0,0.0,0.0,9728.936666666666,0.0,0.0,0.6666666666666666,0.0,,,,
MCH4885,1,4667.27,1,0,0.0,0.0,4667.27,0.0,0.0,1.0,0.0,,,,
MCH4886,2,13580.24,1,1,0.0,0.0,6790.12,0.0,0.0,0.5,0.5,LIVE,MISC RETAIL,5999,False
MCH4887,2,33569.04,0,1,0.0,0.0,16784.52,0.0,0.0,0.0,0.5,,,,
MCH4888,4,60515.45,4,0,0.0,0.0,15128.8625,0.0,0.0,1.0,0.0,ACTIVE,PHONE SERVICE,4814,True
MCH4889,1,6780.02,1,0,0.0,0.0,6780.02,0.0,0.0,1.0,0.0,ENABLED,MISC RETAIL,5999,False
MCH4890,2,13249.960000000001,2,0,0.0,0.0,6624.9800000000005,0.0,0.0,1.0,0.0,,,,
MCH4891,1,19298.18,1,0,0.0,0.0,19298.18,0.0,0.0,1.0,0.0,,,,
MCH4892,4,34334.93,3,0,0.0,0.0,8583.7325,0.0,0.0,0.75,0.0,,,,
MCH4893,3,44747.61,3,0,0.0,0.0,14915.87,0.0,0.0,1.0,0.0,ENABLED,TRANSPRT,4131,False
MCH4894,3,32081.65,3,0,0.0,0.0,10693.883333333333,0.0,0.0,1.0,0.0,,,,
MCH4895,4,67789.53,3,1,0.0,0.0,16947.3825,0.0,0.0,0.75,0.25,,,,
MCH4897,2,18130.68,1,1,2.0,16524.78,9065.34,1.0,0.9114263778302854,0.5,0.5,ACTIVE,BUS/TAXI,4131,True
MCH4898,2,10530.42,1,0,0.0,0.0,5265.21,0.0,0.0,0.5,0.0,,,,
MCH4899,2,15136.900000000001,2,0,0.0,0.0,7568.450000000001,0.0,0.0,1.0,0.0,,,,
MCH4900,1,12823.28,1,0,0.0,0.0,12823.28,0.0,0.0,1.0,0.0,ACTIVE,GROCERY STORES,5411,True
MCH4901,2,13503.01,2,0,0.0,0.0,6751.505,0.0,0.0,1.0,0.0,,,,
MCH4903,5,37393.04,4,0,1.0,1379.0,7478.608,0.2,0.03687852070866664,0.8,0.0,ACTIVE,DEPT_STORE,5311,False
MCH4904,2,26913.88,1,0,0.0,0.0,13456.94,0.0,0.0,0.5,0.0,ACTIVE,MOBILE RECHARGE,4814,True
MCH4905,4,43299.8,2,2,0.0,0.0,10824.95,0.0,0.0,0.5,0.5,,,,
MCH4906,5,61424.15,5,0,0.0,0.0,12284.83,0.0,0.0,1.0,0.0,ENABLED,FOOD_SERVICES,5812,False
MCH4907,1,18781.33,1,0,0.0,0.0,18781.33,0.0,0.0,1.0,0.0,,,,
MCH4909,5,73642.79000000001,4,0,0.0,0.0,14728.558,0.0,0.0,0.8,0.0,SUSPENDED,BOOKS,,True
MCH4910,2,25621.449999999997,2,0,0.0,0.0,12810.724999999999,0.0,0.0,1.0,0.0,,,,
MCH4911,2,40465.15,2,0,0.0,0.0,20232.575,0.0,0.0,1.0,0.0,LIVE,GROCERY_STORE,5411,False
MCH4912,1,-11104.18,0,1,0.0,0.0,-11104.18,0.0,0.0,0.0,1.0,ACTIVE,GROCERY,,False
MCH4913,1,7861.04,1,0,0.0,0.0,7861.04,0.0,0.0,1.0,0.0,DISABLED,TRANSPORT,4131.0,False
MCH4915,4,63303.44,3,1,0.0,0.0,15825.86,0.0,0.0,0.75,0.25,,,,
MCH4916,4,37012.24,4,0,0.0,0.0,9253.06,0.0,0.0,1.0,0.0,LIVE,BOOKS_STATIONERY,5942,False
MCH4917,1,24095.59,1,0,0.0,0.0,24095.59,0.0,0.0,1.0,0.0,ENABLED,TRAVEL,4131,False
MCH4918,3,29054.33,3,0,0.0,0.0,9684.776666666667,0.0,0.0,1.0,0.0,ACTIVE,HOTEL,misc,False
MCH4919,3,22864.26,2,0,2.0,8086.61,7621.419999999999,0.6666666666666666,0.35367906068248,0.6666666666666666,0.0,,,,
MCH4920,2,45201.94,1,1,0.0,0.0,22600.97,0.0,0.0,0.5,0.5,,,,
MCH4921,6,108205.74,6,0,2.0,17245.86,18034.29,0.3333333333333333,0.159380269475538,1.0,0.0,,,,
MCH4922,1,20250.01,0,1,0.0,0.0,20250.01,0.0,0.0,0.0,1.0,ACTIVE,MISC RETAIL,5999,False
MCH4924,2,37501.39,2,0,0.0,0.0,18750.695,0.0,0.0,1.0,0.0,,,,
MCH4925,2,34134.03,2,0,0.0,0.0,17067.015,0.0,0.0,1.0,0.0,,,,
MCH4927,2,24581.370000000003,2,0,0.0,0.0,12290.685000000001,0.0,0.0,1.0,0.0,ACTIVE,APPAREL,5699,False
MCH4928,3,33870.22,3,0,0.0,0.0,11290.073333333334,0.0,0.0,1.0,0.0,ENABLED,CLOTHS,5699,False
MCH4929,5,48929.54,3,0,0.0,0.0,9785.908,0.0,0.0,0.6,0.0,,,,
MCH4930,1,22174.48,1,0,0.0,0.0,22174.48,0.0,0.0,1.0,0.0,ENABLED,FOOD,,False
MCH4931,1,2609.22,1,0,0.0,0.0,2609.22,0.0,0.0,1.0,0.0,,,,
MCH4932,3,48625.21,1,2,0.0,0.0,16208.403333333334,0.0,0.0,0.3333333333333333,0.6666666666666666,CLOSED,FOOD_SERVICES,5812,False
MCH4934,3,-12724.95,3,0,0.0,0.0,-4241.650000000001,0.0,0.0,1.0,0.0,LIVE,PHARMACY,5912,True
MCH4935,3,45678.26,3,0,0.0,0.0,15226.086666666668,0.0,0.0,1.0,0.0,,,,
MCH4936,2,35427.909999999996,2,0,1.0,2940.0,17713.954999999998,0.5,0.08298542025199906,1.0,0.0,ENABLED,GROCERIES,5411,True
MCH4937,2,22157.690000000002,2,0,1.0,10469.69,11078.845000000001,0.5,0.4725081901588117,1.0,0.0,INACTIVE,CHEMIST,5912,False
MCH4938,3,25657.72,3,0,0.0,0.0,8552.573333333334,0.0,0.0,1.0,0.0,,,,
MCH4939,2,41229.31,1,1,0.0,0.0,20614.655,0.0,0.0,0.5,0.5,ENABLED,MOBILE RECHARGE,4814,False
MCH4940,1,3855.96,0,1,0.0,0.0,3855.96,0.0,0.0,0.0,1.0,,,,
MCH4941,3,38233.75,2,1,0.0,0.0,12744.583333333334,0.0,0.0,0.6666666666666666,0.3333333333333333,,,,
MCH4942,3,54771.270000000004,3,0,0.0,0.0,18257.09,0.0,0.0,1.0,0.0,,,,
MCH4943,2,40528.18,2,0,1.0,709.53,20264.09,0.5,0.017507077791304716,1.0,0.0,DISABLED,HOSPITALITY,7011,False
MCH4944,2,35169.95,2,0,0.0,0.0,17584.975,0.0,0.0,1.0,0.0,ACTIVE,KIRANA,misc,False
MCH4946,1,4294.09,1,0,0.0,0.0,4294.09,0.0,0.0,1.0,0.0,,,,
MCH4947,3,27954.12,3,0,0.0,0.0,9318.039999999999,0.0,0.0,1.0,0.0,ACTIVE,TRANSPORT,4131,True
MCH4948,3,26014.0,3,0,1.0,26477.69,8671.333333333334,0.3333333333333333,1.0178246328899823,1.0,0.0,ACTIVE,RESTAURANTS,5812,False
MCH4949,3,32043.33,3,0,1.0,10226.59,10681.11,0.3333333333333333,0.31914879009141683,1.0,0.0,,,,
MCH4950,3,11719.96,3,0,0.0,0.0,3906.653333333333,0.0,0.0,1.0,0.0,,,,
MCH4951,3,45631.08,3,0,0.0,0.0,15210.36,0.0,0.0,1.0,0.0,ACTIVE,GROCERY_STORE,5411,True
MCH4953,7,96919.9,4,2,0.0,0.0,13845.699999999999,0.0,0.0,0.5714285714285714,0.2857142857142857,,,,
MCH4954,3,32459.62,3,0,0.0,0.0,10819.873333333333,0.0,0.0,1.0,0.0,,,,
MCH4955,5,36987.509999999995,5,0,0.0,0.0,7397.501999999999,0.0,0.0,1.0,0.0,,,,
MCH4956,1,12284.0,1,0,0.0,0.0,12284.0,0.0,0.0,1.0,0.0,ENABLED,GROCERY,5411,False
MCH4957,3,28095.5,3,0,0.0,0.0,9365.166666666666,0.0,0.0,1.0,0.0,ACTIVE,APPAREL,5699,False
MCH4958,1,3064.63,1,0,0.0,0.0,3064.63,0.0,0.0,1.0,0.0,ACTIVE,PHONE SERVICE,4814,True
MCH4960,3,39404.6,3,0,0.0,0.0,13134.866666666667,0.0,0.0,1.0,0.0,,,,
MCH4961,4,29721.17,4,0,1.0,2658.78,7430.2925,0.25,0.08945744733467761,1.0,0.0,,,,
MCH4962,1,20479.37,1,0,0.0,0.0,20479.37,0.0,0.0,1.0,0.0,LIVE,BOOKS,5942,False
MCH4964,4,66454.31,3,1,0.0,0.0,16613.5775,0.0,0.0,0.75,0.25,SUSPENDED,DEPT_STORE,5311,True
MCH4965,4,72774.26000000001,4,0,0.0,0.0,18193.565000000002,0.0,0.0,1.0,0.0,ENABLED,CLOTHS,5699,False
MCH4966,2,21339.48,2,0,0.0,0.0,10669.74,0.0,0.0,1.0,0.0,,,,
MCH4967,2,-4231.27,2,0,0.0,0.0,-2115.635,0.0,0.0,1.0,0.0,LIVE,TRANSPORT,4131,False
MCH4968,4,66302.93,4,0,0.0,0.0,16575.7325,0.0,0.0,1.0,0.0,ACTIVE,MOBILE RECHARGE,4814,False
MCH4969,3,53966.229999999996,3,0,0.0,0.0,17988.743333333332,0.0,0.0,1.0,0.0,ENABLED,MOBILE RECHARGE,4814,False
MCH4970,6,73553.79000000001,5,1,0.0,0.0,12258.965000000002,0.0,0.0,0.8333333333333334,0.16666666666666666,,,,
MCH4971,4,30242.18,3,1,0.0,0.0,7560.545,0.0,0.0,0.75,0.25,ACTIVE,BOOK STORE,5942,False
MCH4972,1,858.31,0,1,0.0,0.0,858.31,0.0,0.0,0.0,1.0,ENABLED,DEPARTMENT STORES,5311,True
MCH4973,1,2123.29,1,0,0.0,0.0,2123.29,0.0,0.0,1.0,0.0,ACTIVE,HOTEL,7011,False
MCH4974,2,12520.170000000002,2,0,0.0,0.0,6260.085000000001,0.0,0.0,1.0,0.0,SUSPENDED,FASHION,5699,False
MCH4976,5,56381.0,3,1,0.0,0.0,11276.2,0.0,0.0,0.6,0.2,ACTIVE,BOOKS_STATIONERY,5942,False
MCH4977,2,21144.870000000003,2,0,0.0,0.0,10572.435000000001,0.0,0.0,1.0,0.0,ENABLED,OTHER,5999,False
MCH4978,3,27103.870000000003,3,0,0.0,0.0,9034.623333333335,0.0,0.0,1.0,0.0,,,,
MCH4980,4,48457.8,4,0,2.0,1943.45,12114.45,0.5,0.04010603040171035,1.0,0.0,LIVE,KIRANA,5411,True
MCH4981,4,46641.46,4,0,2.0,4931.570000000001,11660.365,0.5,0.10573361125487926,1.0,0.0,,,,
MCH4982,1,24781.49,1,0,0.0,0.0,24781.49,0.0,0.0,1.0,0.0,ACTIVE,APPAREL,5699,False
MCH4983,1,14509.0,1,0,0.0,0.0,14509.0,0.0,0.0,1.0,0.0,ENABLED,GROCERY,5411,False
MCH4984,1,2533.0,1,0,0.0,0.0,2533.0,0.0,0.0,1.0,0.0,ACTIVE,MOBILE RECHARGE,4814.0,True
MCH4986,2,35388.25,2,0,1.0,1091.17,17694.125,0.5,0.030834245830183748,1.0,0.0,,,,
MCH4987,2,3054.9300000000003,2,0,0.0,0.0,1527.4650000000001,0.0,0.0,1.0,0.0,,,,
MCH4988,1,17254.98,1,0,0.0,0.0,17254.98,0.0,0.0,1.0,0.0,,,,
MCH4989,3,30440.65,3,0,0.0,0.0,10146.883333333333,0.0,0.0,1.0,0.0,ACTIVE,CHEMIST,5912,True
MCH4991,2,17740.46,2,0,0.0,0.0,8870.23,0.0,0.0,1.0,0.0,,,,
MCH4992,3,35565.61,2,1,0.0,0.0,11855.203333333333,0.0,0.0,0.6666666666666666,0.3333333333333333,SUSPENDED,HOTEL_LODGING,7011,False
MCH4993,1,24126.0,1,0,0.0,0.0,24126.0,0.0,0.0,1.0,0.0,,,,
MCH4994,4,65040.79,4,0,1.0,4308.0,16260.1975,0.25,0.06623535784236323,1.0,0.0,LIVE,EATING PLACE,5812,False
MCH4995,2,13643.53,2,0,1.0,1464.53,6821.765,0.5,0.10734245462867748,1.0,0.0,,,,
MCH4996,1,17237.0,1,0,0.0,0.0,17237.0,0.0,0.0,1.0,0.0,,,,
MCH4997,3,15087.71,3,0,0.0,0.0,5029.236666666667,0.0,0.0,1.0,0.0,,,,
MCH4999,2,32555.94,2,0,0.0,0.0,16277.97,0.0,0.0,1.0,0.0,,,,
MCH5000,3,37179.97,3,0,1.0,2123.46,12393.323333333334,0.3333333333333333,0.05711301004277303,1.0,0.0,ENABLED,MISCELLANEOUS,5999,False
MCH5001,2,29163.66,2,0,0.0,0.0,14581.83,0.0,0.0,1.0,0.0,LIVE,EATING PLACE,5812,True
MCH5002,3,33481.38,3,0,1.0,504.58,11160.46,0.3333333333333333,0.015070466032164744,1.0,0.0,,,,
MCH5003,2,31972.36,2,0,0.0,0.0,15986.18,0.0,0.0,1.0,0.0,,,,
MCH5004,3,14354.93,3,0,0.0,0.0,4784.9766666666665,0.0,0.0,1.0,0.0,,,,
MCH5005,2,21169.14,2,0,0.0,0.0,10584.57,0.0,0.0,1.0,0.0,,,,
MCH5006,3,52749.22,3,0,0.0,0.0,17583.073333333334,0.0,0.0,1.0,0.0,,,,
MCH5007,1,4756.47,1,0,1.0,1656.18,4756.47,1.0,0.34819519517625463,1.0,0.0,,,,
MCH5008,1,5436.0,1,0,0.0,0.0,5436.0,0.0,0.0,1.0,0.0,,,,
MCH5009,4,32109.839999999997,3,1,2.0,2311.0,8027.459999999999,0.5,0.07197170711532665,0.75,0.25,INACTIVE,GARMENTS,5699,False
MCH5011,4,50896.49,4,0,0.0,0.0,12724.1225,0.0,0.0,1.0,0.0,,,,
MCH5012,3,48192.82,2,1,2.0,11793.0,16064.273333333333,0.6666666666666666,0.24470450162493085,0.6666666666666666,0.3333333333333333,,,,
MCH5013,3,18079.48,2,0,0.0,0.0,6026.493333333333,0.0,0.0,0.6666666666666666,0.0,,,,
MCH5014,3,24867.85,3,0,0.0,0.0,8289.283333333333,0.0,0.0,1.0,0.0,,,,
MCH5015,3,28090.36,2,1,0.0,0.0,9363.453333333333,0.0,0.0,0.6666666666666666,0.3333333333333333,ACTIVE,EATING PLACE,5812,False
MCH5016,1,4678.99,1,0,0.0,0.0,4678.99,0.0,0.0,1.0,0.0,,,,
MCH5017,3,28615.97,3,0,2.0,6969.02,9538.656666666668,0.6666666666666666,0.24353603949123515,1.0,0.0,ENABLED,HOSPITALITY,7011,False
MCH5018,1,-5791.4,1,0,0.0,0.0,-5791.4,0.0,0.0,1.0,0.0,,,,
MCH5019,2,13909.48,2,0,0.0,0.0,6954.74,0.0,0.0,1.0,0.0,ENABLED,PHARMACY,5912,True
MCH5020,4,72906.56999999999,4,0,1.0,1837.0,18226.642499999998,0.25,0.025196631798752846,1.0,0.0,ENABLED,GROCERY,5411,False
MCH5021,2,30318.5,1,0,0.0,0.0,15159.25,0.0,0.0,0.5,0.0,ENABLED,HOTEL,misc,True
MCH5022,1,899.4,1,0,0.0,0.0,899.4,0.0,0.0,1.0,0.0,,,,
MCH5023,2,31806.77,2,0,1.0,9759.54,15903.385,0.5,0.30683844980172464,1.0,0.0,ACTIVE,PHARMACIES,5912,True
MCH5024,1,20311.1,1,0,0.0,0.0,20311.1,0.0,0.0,1.0,0.0,,,,
MCH5025,5,73234.09,4,0,2.0,1306.0,14646.818,0.4,0.017833224936638116,0.8,0.0,,,,
MCH5026,2,8190.679999999999,2,0,0.0,0.0,4095.3399999999997,0.0,0.0,1.0,0.0,,,,
MCH5027,5,53706.3,4,0,1.0,745.95,10741.26,0.2,0.013889431966082192,0.8,0.0,ACTIVE,RETAIL OTHER,5999,False
MCH5028,4,23133.09,3,1,1.0,1759.97,5783.2725,0.25,0.07608019507986179,0.75,0.25,CLOSED,HOTELS,7011,False
MCH5029,1,13871.63,1,0,0.0,0.0,13871.63,0.0,0.0,1.0,0.0,,,,
MCH5030,2,28633.559999999998,2,0,0.0,0.0,14316.779999999999,0.0,0.0,1.0,0.0,,,,
MCH5031,4,38002.16,2,2,1.0,4163.19,9500.54,0.25,0.10955140444648408,0.5,0.5,,,,
MCH5032,5,101827.26,5,0,1.0,3895.0,20365.451999999997,0.2,0.038251053794435795,1.0,0.0,,,,
MCH5034,5,37481.96,4,0,0.0,0.0,7496.392,0.0,0.0,0.8,0.0,,,,
MCH5036,2,4890.47,1,0,0.0,0.0,2445.235,0.0,0.0,0.5,0.0,ACTIVE,BOOK STORE,5942,True
MCH5037,3,52449.61,3,0,0.0,0.0,17483.203333333335,0.0,0.0,1.0,0.0,LIVE,DEPT_STORE,5311,True
MCH5038,1,14514.65,1,0,0.0,0.0,14514.65,0.0,0.0,1.0,0.0,ACTIVE,PHARMACIES,,False
MCH5039,3,53141.82,3,0,0.0,0.0,17713.94,0.0,0.0,1.0,0.0,,,,
MCH5040,4,68531.42,4,0,0.0,0.0,17132.855,0.0,0.0,1.0,0.0,LIVE,TELECOM,4814,True
MCH5041,2,18094.03,2,0,0.0,0.0,9047.015,0.0,0.0,1.0,0.0,,,,
MCH5042,3,50313.26,3,0,1.0,992.85,16771.086666666666,0.3333333333333333,0.019733366512128214,1.0,0.0,ACTIVE,PHARMACIES,,True
MCH5043,1,21237.67,1,0,1.0,493.48,21237.67,1.0,0.023236070623566522,1.0,0.0,INACTIVE,TRAVEL,4131.0,False
MCH5044,1,15731.65,1,0,0.0,0.0,15731.65,0.0,0.0,1.0,0.0,ACTIVE,BOOK STORE,,False
MCH5045,5,58606.9,5,0,1.0,397.65,11721.380000000001,0.2,0.006785037256705268,1.0,0.0,SUSPENDED,DEPT_STORE,,False
MCH5046,1,6942.0,1,0,0.0,0.0,6942.0,0.0,0.0,1.0,0.0,,,,
MCH5047,3,9052.18,3,0,0.0,0.0,3017.3933333333334,0.0,0.0,1.0,0.0,,,,
MCH5049,1,4262.0,1,0,0.0,0.0,4262.0,0.0,0.0,1.0,0.0,,,,
MCH5050,2,31109.940000000002,2,0,0.0,0.0,15554.970000000001,0.0,0.0,1.0,0.0,ENABLED,BOOK STORE,5942,False
MCH5051,4,46782.29,4,0,0.0,0.0,11695.5725,0.0,0.0,1.0,0.0,,,,
MCH5052,2,25193.98,2,0,0.0,0.0,12596.99,0.0,0.0,1.0,0.0,LIVE,RETAIL OTHER,,False
MCH5053,1,20279.6,1,0,0.0,0.0,20279.6,0.0,0.0,1.0,0.0,,,,
MCH5054,4,74782.32,4,0,0.0,0.0,18695.58,0.0,0.0,1.0,0.0,SUSPENDED,EATING PLACE,5812.0,False
MCH5055,4,26873.98,4,0,1.0,1847.49,6718.495,0.25,0.06874642312005888,1.0,0.0,ACTIVE,MEDICAL,5912,False
MCH5056,2,15656.11,2,0,2.0,2086.17,7828.055,1.0,0.1332495747666566,1.0,0.0,SUSPENDED,GROCERY_STORE,5411,False
MCH5057,5,105739.28,4,1,3.0,5583.93,21147.856,0.6,0.05280847382354032,0.8,0.2,,,,
MCH5058,1,19084.5,1,0,0.0,0.0,19084.5,0.0,0.0,1.0,0.0,,,,
MCH5059,2,15311.27,2,0,1.0,586.88,7655.635,0.5,0.03832993605363892,1.0,0.0,,,,
MCH5060,4,71179.31,4,0,0.0,0.0,17794.8275,0.0,0.0,1.0,0.0,,,,
MCH5061,1,12104.89,1,0,0.0,0.0,12104.89,0.0,0.0,1.0,0.0,ACTIVE,CLOTHS,5699,False
MCH5062,2,34745.96,2,0,0.0,0.0,17372.98,0.0,0.0,1.0,0.0,,,,
MCH5064,3,65789.6,3,0,0.0,0.0,21929.86666666667,0.0,0.0,1.0,0.0,ENABLED,CLOTHS,5699.0,True
MCH5065,1,12894.74,0,1,0.0,0.0,12894.74,0.0,0.0,0.0,1.0,,,,
MCH5066,4,46359.35,4,0,1.0,12885.17,11589.8375,0.25,0.27794112730225945,1.0,0.0,,,,
MCH5067,3,46002.93,3,0,2.0,18265.19,15334.31,0.6666666666666666,0.39704405784588065,1.0,0.0,ACTIVE,TELECOM,4814,False
MCH5068,4,27850.56,2,1,0.0,0.0,6962.64,0.0,0.0,0.5,0.25,,,,
MCH5069,1,20832.0,1,0,0.0,0.0,20832.0,0.0,0.0,1.0,0.0,,,,
MCH5070,5,67926.77,5,0,0.0,0.0,13585.354000000001,0.0,0.0,1.0,0.0,ACTIVE,RETAIL OTHER,5999.0,True
MCH5071,2,20480.48,2,0,0.0,0.0,10240.24,0.0,0.0,1.0,0.0,,,,
MCH5072,5,69464.87,5,0,0.0,0.0,13892.973999999998,0.0,0.0,1.0,0.0,ACTIVE,RETAIL OTHER,5999,False
MCH5073,4,51193.78,4,0,0.0,0.0,12798.445,0.0,0.0,1.0,0.0,,,,
MCH5075,2,18407.26,2,0,0.0,0.0,9203.63,0.0,0.0,1.0,0.0,,,,
MCH5076,2,28526.51,2,0,1.0,776.76,14263.255,0.5,0.027229408714911148,1.0,0.0,,,,
MCH5078,4,55792.74,4,0,1.0,2738.74,13948.185,0.25,0.049087748692751065,1.0,0.0,,,,
MCH5079,2,4948.65,1,1,0.0,0.0,2474.325,0.0,0.0,0.5,0.5,HOLD,DEPT_STORE,5311,False
MCH5080,1,24138.12,1,0,0.0,0.0,24138.12,0.0,0.0,1.0,0.0,LIVE,MEDICAL,5912,False
MCH5081,1,2770.75,1,0,0.0,0.0,2770.75,0.0,0.0,1.0,0.0,ENABLED,MEDICAL,5912,True
MCH5082,5,90056.28,5,0,0.0,0.0,18011.256,0.0,0.0,1.0,0.0,,,,
MCH5083,2,12566.78,2,0,0.0,0.0,6283.39,0.0,0.0,1.0,0.0,,,,
MCH5084,5,58209.259999999995,3,2,1.0,920.19,11641.851999999999,0.2,0.01580830953700494,0.6,0.4,ACTIVE,BOOKS_STATIONERY,5942,False
MCH5085,2,32856.39,2,0,1.0,193.64,16428.195,0.5,0.0058935263429731625,1.0,0.0,,,,
MCH5086,2,28839.989999999998,2,0,1.0,2972.0,14419.994999999999,0.5,0.10305135334651642,1.0,0.0,ACTIVE,OTHER,5999,False
MCH5087,3,32740.979999999996,3,0,0.0,0.0,10913.659999999998,0.0,0.0,1.0,0.0,,,,
MCH5088,8,42727.35,8,0,0.0,0.0,5340.91875,0.0,0.0,1.0,0.0,,,,
MCH5089,1,22141.12,1,0,0.0,0.0,22141.12,0.0,0.0,1.0,0.0,ACTIVE,RETAIL,5311,False
MCH5090,3,36675.06,3,0,0.0,0.0,12225.019999999999,0.0,0.0,1.0,0.0,ACTIVE,GROCERY,5411.0,False
MCH5091,3,20330.48,3,0,0.0,0.0,6776.826666666667,0.0,0.0,1.0,0.0,ENABLED,EATING PLACE,5812,False
MCH5092,2,12826.02,2,0,0.0,0.0,6413.01,0.0,0.0,1.0,0.0,ACTIVE,TELECOM,4814,False
MCH5093,2,12930.66,2,0,0.0,0.0,6465.33,0.0,0.0,1.0,0.0,DISABLED,GROCERY_STORE,5411,False
MCH5094,1,38.64,1,0,0.0,0.0,38.64,0.0,0.0,1.0,0.0,,,,
MCH5095,2,17311.87,1,0,0.0,0.0,8655.935,0.0,0.0,0.5,0.0,,,,
MCH5096,2,36758.72,2,0,0.0,0.0,18379.36,0.0,0.0,1.0,0.0,,,,
MCH5097,3,30894.760000000002,3,0,3.0,917.78,10298.253333333334,1.0,0.029706655756510162,1.0,0.0,ACTIVE,DEPARTMENT STORE,5311,False
MCH5098,1,5049.0,0,0,0.0,0.0,5049.0,0.0,0.0,0.0,0.0,,,,
MCH5099,3,28570.8,3,0,0.0,0.0,9523.6,0.0,0.0,1.0,0.0,,,,
MCH5100,2,37741.95,2,0,0.0,0.0,18870.975,0.0,0.0,1.0,0.0,ACTIVE,GROCERY_STORE,,True
MCH5101,3,35706.61,3,0,0.0,0.0,11902.203333333333,0.0,0.0,1.0,0.0,,,,
MCH5102,3,45587.63,2,1,3.0,2678.0099999999998,15195.876666666665,1.0,0.058744225133002086,0.6666666666666666,0.3333333333333333,,,,
MCH5103,2,12423.42,1,1,0.0,0.0,6211.71,0.0,0.0,0.5,0.5,SUSPENDED,HOTEL,7011,False
MCH5104,4,60526.39,3,0,0.0,0.0,15131.5975,0.0,0.0,0.75,0.0,,,,
MCH5105,3,42066.479999999996,2,0,0.0,0.0,14022.159999999998,0.0,0.0,0.6666666666666666,0.0,,,,
MCH5106,1,4796.12,1,0,1.0,1748.13,4796.12,1.0,0.36448837810563545,1.0,0.0,ENABLED,STATIONERY,5942.0,True
MCH5107,4,65426.020000000004,4,0,0.0,0.0,16356.505000000001,0.0,0.0,1.0,0.0,,,,
MCH5109,1,8910.9,1,0,0.0,0.0,8910.9,0.0,0.0,1.0,0.0,,,,
MCH5110,3,51946.84,3,0,1.0,0.0,17315.61333333333,0.3333333333333333,0.0,1.0,0.0,ENABLED,MISC RETAIL,5999,True
MCH5111,3,22672.690000000002,3,0,2.0,3825.49,7557.563333333334,0.6666666666666666,0.16872678098628788,1.0,0.0,LIVE,DEPARTMENT STORES,,False
MCH5112,4,53771.119999999995,4,0,0.0,0.0,13442.779999999999,0.0,0.0,1.0,0.0,INACTIVE,DEPARTMENT STORE,5311,True
MCH5113,3,25549.05,3,0,0.0,0.0,8516.35,0.0,0.0,1.0,0.0,ACTIVE,CLOTHS,5699,False
MCH5114,3,37782.7,2,0,0.0,0.0,12594.233333333332,0.0,0.0,0.6666666666666666,0.0,LIVE,CHEMIST,5912,True
MCH5115,3,36455.229999999996,3,0,0.0,0.0,12151.743333333332,0.0,0.0,1.0,0.0,,,,
MCH5116,1,18480.73,1,0,0.0,0.0,18480.73,0.0,0.0,1.0,0.0,,,,
MCH5117,3,38908.05,2,0,0.0,0.0,12969.35,0.0,0.0,0.6666666666666666,0.0,ENABLED,DEPARTMENT STORE,5311,True
MCH5118,2,48642.4,1,1,1.0,5694.69,24321.2,0.5,0.11707255398582306,0.5,0.5,,,,
MCH5119,5,61190.85,5,0,1.0,2738.39,12238.17,0.2,0.04475162544726867,1.0,0.0,ACTIVE,FOOD,5812,False
MCH5120,1,23773.71,1,0,0.0,0.0,23773.71,0.0,0.0,1.0,0.0,,,,
MCH5121,2,9098.21,2,0,0.0,0.0,4549.105,0.0,0.0,1.0,0.0,ACTIVE,TRANSPRT,4131,True
MCH5122,5,64261.17,4,0,0.0,0.0,12852.234,0.0,0.0,0.8,0.0,ENABLED,CLOTHS,5699,True
MCH5123,3,22074.949999999997,3,0,0.0,0.0,7358.316666666666,0.0,0.0,1.0,0.0,,,,
MCH5124,1,9213.0,1,0,0.0,0.0,9213.0,0.0,0.0,1.0,0.0,,,,
MCH5125,3,56574.87,3,0,1.0,361.6,18858.29,0.3333333333333333,0.0063915303738214515,1.0,0.0,ACTIVE,FOOD_SERVICES,5812,False
MCH5126,2,-9384.329999999998,2,0,0.0,0.0,-4692.164999999999,0.0,0.0,1.0,0.0,,,,
MCH5127,1,21519.61,1,0,0.0,0.0,21519.61,0.0,0.0,1.0,0.0,ACTIVE,HOSPITALITY,7011,True
MCH5128,1,12855.63,0,1,2.0,6352.67,12855.63,2.0,0.49415470109205073,0.0,1.0,,,,
MCH5129,4,18020.49,3,1,0.0,0.0,4505.1225,0.0,0.0,0.75,0.25,ENABLED,TRANSPORT,4131,True
MCH5130,2,15902.41,2,0,0.0,0.0,7951.205,0.0,0.0,1.0,0.0,,,,
MCH5132,2,33471.77,2,0,1.0,0.0,16735.885,0.5,0.0,1.0,0.0,,,,
MCH5133,2,22457.77,1,1,0.0,0.0,11228.885,0.0,0.0,0.5,0.5,ENABLED,GROCERY_STORE,misc,False
MCH5134,4,24456.370000000003,4,0,2.0,12794.8,6114.092500000001,0.5,0.5231684015248378,1.0,0.0,,,,
MCH5135,3,27690.79,3,0,1.0,1677.0,9230.263333333334,0.3333333333333333,0.06056165244834113,1.0,0.0,LIVE,APPAREL,5699,True
MCH5136,2,22622.1,2,0,0.0,0.0,11311.05,0.0,0.0,1.0,0.0,SUSPENDED,BUS/TAXI,4131,False
MCH5137,3,42937.82,2,1,1.0,1419.1,14312.606666666667,0.3333333333333333,0.0330501175886433,0.6666666666666666,0.3333333333333333,SUSPENDED,TELECOM,4814,True
MCH5138,1,4184.37,1,0,0.0,0.0,4184.37,0.0,0.0,1.0,0.0,,,,
MCH5139,3,43367.44,3,0,1.0,1285.26,14455.813333333334,0.3333333333333333,0.029636519932926635,1.0,0.0,,,,
MCH5140,3,27530.019999999997,3,0,0.0,0.0,9176.673333333332,0.0,0.0,1.0,0.0,,,,
MCH5142,5,96509.77,4,1,1.0,1303.05,19301.954,0.2,0.013501741844374925,0.8,0.2,,,,
MCH5143,7,70370.54000000001,5,2,0.0,0.0,10052.934285714287,0.0,0.0,0.7142857142857143,0.2857142857142857,,,,
MCH5144,1,3414.9,1,0,0.0,0.0,3414.9,0.0,0.0,1.0,0.0,INACTIVE,HOTEL_LODGING,7011.0,False
MCH5146,4,59366.82,3,0,0.0,0.0,14841.705,0.0,0.0,0.75,0.0,ACTIVE,DEPARTMENT STORES,5311,False
MCH5147,6,63243.38,6,0,0.0,0.0,10540.563333333334,0.0,0.0,1.0,0.0,LIVE,OTHER,5999,False
MCH5148,3,48949.520000000004,2,0,0.0,0.0,16316.506666666668,0.0,0.0,0.6666666666666666,0.0,ACTIVE,KIRANA,5411,False
MCH5149,1,21220.7,1,0,0.0,0.0,21220.7,0.0,0.0,1.0,0.0,,,,
MCH5150,1,20325.08,1,0,0.0,0.0,20325.08,0.0,0.0,1.0,0.0,,,,
MCH5151,3,38066.89,2,1,1.0,1368.83,12688.963333333333,0.3333333333333333,0.035958545602228074,0.6666666666666666,0.3333333333333333,ACTIVE,TRAVEL,4131,False
MCH5152,1,22215.93,1,0,0.0,0.0,22215.93,0.0,0.0,1.0,0.0,,,,
MCH5153,1,14269.54,1,0,0.0,0.0,14269.54,0.0,0.0,1.0,0.0,,,,
MCH5154,2,31031.18,2,0,0.0,0.0,15515.59,0.0,0.0,1.0,0.0,LIVE,MISC RETAIL,5999,True
MCH5155,3,25711.15,3,0,1.0,2898.89,8570.383333333333,0.3333333333333333,0.11274836014725127,1.0,0.0,,,,
MCH5156,1,21804.38,1,0,0.0,0.0,21804.38,0.0,0.0,1.0,0.0,ENABLED,HOTEL_LODGING,7011,False
MCH5158,2,20561.02,2,0,1.0,2910.7,10280.51,0.5,0.14156398855698793,1.0,0.0,,,,
MCH5160,2,15161.48,2,0,0.0,0.0,7580.74,0.0,0.0,1.0,0.0,ACTIVE,HOTEL,7011,False
MCH5161,1,24397.57,1,0,0.0,0.0,24397.57,0.0,0.0,1.0,0.0,,,,
MCH5162,1,6107.3,1,0,0.0,0.0,6107.3,0.0,0.0,1.0,0.0,ENABLED,RETAIL,5311,False
MCH5163,2,41148.74,2,0,0.0,0.0,20574.37,0.0,0.0,1.0,0.0,ACTIVE,MOBILE RECHARGE,4814.0,False
MCH5164,5,53940.58,4,1,1.0,5693.78,10788.116,0.2,0.10555652163918147,0.8,0.2,INACTIVE,DEPARTMENT STORE,,False
MCH5165,2,34088.81,2,0,0.0,0.0,17044.405,0.0,0.0,1.0,0.0,,,,
MCH5166,5,25271.64,4,1,0.0,0.0,5054.3279999999995,0.0,0.0,0.8,0.2,CLOSED,MOBILE RECHARGE,4814,True
MCH5167,1,14730.0,1,0,0.0,0.0,14730.0,0.0,0.0,1.0,0.0,INACTIVE,BOOK STORE,5942,False
MCH5168,1,2769.69,1,0,0.0,0.0,2769.69,0.0,0.0,1.0,0.0,,,,
MCH5169,2,5730.0,2,0,1.0,8278.26,2865.0,0.5,1.4447225130890053,1.0,0.0,ENABLED,STATIONERY,5942,False
MCH5170,2,43393.130000000005,1,0,1.0,2066.08,21696.565000000002,0.5,0.047613066861044585,0.5,0.0,,,,
MCH5171,3,31547.940000000002,3,0,0.0,0.0,10515.980000000001,0.0,0.0,1.0,0.0,ACTIVE,TRANSPORTATION,4131,False
MCH5172,6,97933.35,6,0,1.0,4255.52,16322.225,0.16666666666666666,0.04345322609713647,1.0,0.0,,,,
MCH5173,3,24496.55,3,0,0.0,0.0,8165.516666666666,0.0,0.0,1.0,0.0,,,,
MCH5174,3,35027.08,2,1,0.0,0.0,11675.693333333335,0.0,0.0,0.6666666666666666,0.3333333333333333,,,,
MCH5175,3,45192.119999999995,3,0,0.0,0.0,15064.039999999999,0.0,0.0,1.0,0.0,,,,
MCH5176,3,27116.72,3,0,1.0,1673.05,9038.906666666668,0.3333333333333333,0.06169809622992751,1.0,0.0,ACTIVE,TRAVEL,4131,False
MCH5177,5,80599.72,4,1,3.0,2196.54,16119.944,0.6,0.027252451993629755,0.8,0.2,,,,
MCH5179,4,32731.29,3,1,2.0,4089.92,8182.8225,0.5,0.12495443962031438,0.75,0.25,,,,
MCH5180,1,11254.09,1,0,0.0,0.0,11254.09,0.0,0.0,1.0,0.0,LIVE,FASHION,5699,True
MCH5182,3,45291.759999999995,2,0,1.0,1142.95,15097.253333333332,0.3333333333333333,0.025235274584162776,0.6666666666666666,0.0,INACTIVE,TRANSPORT,4131,False
MCH5183,6,63103.97,5,0,1.0,5763.76,10517.328333333333,0.16666666666666666,0.09133751806740527,0.8333333333333334,0.0,ENABLED,STATIONERY,5942,False
MCH5184,3,32360.66,3,0,0.0,0.0,10786.886666666667,0.0,0.0,1.0,0.0,,,,
MCH5185,6,59199.29,5,1,0.0,0.0,9866.548333333334,0.0,0.0,0.8333333333333334,0.16666666666666666,,,,
MCH5186,1,6556.77,1,0,0.0,0.0,6556.77,0.0,0.0,1.0,0.0,INACTIVE,DEPARTMENT STORE,5311,True
MCH5188,7,49500.060000000005,5,2,3.0,148.63999999999987,7071.437142857144,0.42857142857142855,0.003002824643040834,0.7142857142857143,0.2857142857142857,ACTIVE,BUS/TAXI,4131,False
MCH5189,1,10391.92,1,0,0.0,0.0,10391.92,0.0,0.0,1.0,0.0,,,,
MCH5191,4,29021.0,4,0,1.0,2001.83,7255.25,0.25,0.06897867061782846,1.0,0.0,,,,
MCH5193,4,60528.32,4,0,1.0,0.0,15132.08,0.25,0.0,1.0,0.0,ACTIVE,CHEMIST,5912,False
MCH5194,3,41574.07000000001,1,1,0.0,0.0,13858.023333333336,0.0,0.0,0.3333333333333333,0.3333333333333333,,,,
MCH5195,5,44430.93,5,0,1.0,12244.08,8886.186,0.2,0.27557559564924705,1.0,0.0,,,,
MCH5196,2,23786.1,2,0,0.0,0.0,11893.05,0.0,0.0,1.0,0.0,HOLD,RETAIL,5311,True
MCH5197,2,17221.73,2,0,0.0,0.0,8610.865,0.0,0.0,1.0,0.0,ACTIVE,TRANSPORTATION,4131.0,False
MCH5199,2,12262.2,2,0,0.0,0.0,6131.1,0.0,0.0,1.0,0.0,,,,
MCH5200,3,68590.08,3,0,1.0,3977.66,22863.36,0.3333333333333333,0.057991767905796285,1.0,0.0,LIVE,BUS/TAXI,4131,False
MCH5201,2,26851.199999999997,2,0,0.0,0.0,13425.599999999999,0.0,0.0,1.0,0.0,,,,
MCH5202,2,31894.6,2,0,0.0,0.0,15947.3,0.0,0.0,1.0,0.0,,,,
MCH5203,2,3709.4,2,0,0.0,0.0,1854.7,0.0,0.0,1.0,0.0,LIVE,TELECOM,4814,False
MCH5205,5,89250.06999999999,5,0,0.0,0.0,17850.014,0.0,0.0,1.0,0.0,INACTIVE,DEPARTMENT STORE,5311,False
MCH5206,2,8253.630000000001,2,0,0.0,0.0,4126.8150000000005,0.0,0.0,1.0,0.0,,,,
MCH5208,3,29436.48,2,0,0.0,0.0,9812.16,0.0,0.0,0.6666666666666666,0.0,SUSPENDED,GROCERIES,5411,False
MCH5209,3,36336.450000000004,3,0,1.0,2342.66,12112.150000000001,0.3333333333333333,0.0644713503933378,1.0,0.0,,,,
MCH5210,1,3297.95,1,0,0.0,0.0,3297.95,0.0,0.0,1.0,0.0,SUSPENDED,CHEMIST,5912,True
MCH5211,1,7151.1,1,0,0.0,0.0,7151.1,0.0,0.0,1.0,0.0,,,,
MCH5212,4,26677.71,4,0,0.0,0.0,6669.4275,0.0,0.0,1.0,0.0,,,,
MCH5213,7,121982.15,6,0,1.0,1330.95,17426.02142857143,0.14285714285714285,0.010911022637328495,0.8571428571428571,0.0,ACTIVE,HOTEL_LODGING,7011,False
MCH5214,6,54261.59,6,0,0.0,0.0,9043.598333333333,0.0,0.0,1.0,0.0,,,,
MCH5215,1,237.26,1,0,1.0,2741.61,237.26,1.0,11.555297985332547,1.0,0.0,ACTIVE,MISC RETAIL,5999.0,False
MCH5216,3,27548.16,1,1,1.0,2551.0,9182.72,0.3333333333333333,0.09260146594182697,0.3333333333333333,0.3333333333333333,,,,
MCH5217,2,13527.79,2,0,0.0,0.0,6763.895,0.0,0.0,1.0,0.0,INACTIVE,RETAIL,5311,True
MCH5218,4,65819.79,4,0,1.0,6351.69,16454.9475,0.25,0.09650121946606029,1.0,0.0,,,,
MCH5219,1,2334.51,1,0,0.0,0.0,2334.51,0.0,0.0,1.0,0.0,ACTIVE,HOSPITALITY,7011,True
MCH5221,2,33661.15,2,0,0.0,0.0,16830.575,0.0,0.0,1.0,0.0,,,,
MCH5222,1,16389.35,1,0,1.0,946.45,16389.35,1.0,0.05774786675493538,1.0,0.0,INACTIVE,APPAREL,5699,False
MCH5223,1,10042.53,1,0,0.0,0.0,10042.53,0.0,0.0,1.0,0.0,ENABLED,FOOD,5812.0,False
MCH5224,5,53462.33,5,0,0.0,0.0,10692.466,0.0,0.0,1.0,0.0,ACTIVE,MISCELLANEOUS,5999,False
MCH5225,5,46956.48,5,0,0.0,0.0,9391.296,0.0,0.0,1.0,0.0,LIVE,BOOK STORE,5942,False
MCH5226,1,12681.42,1,0,0.0,0.0,12681.42,0.0,0.0,1.0,0.0,ACTIVE,OTHER,5999,False
MCH5227,1,1532.03,0,1,0.0,0.0,1532.03,0.0,0.0,0.0,1.0,ACTIVE,FOOD_SERVICES,5812,True
MCH5228,2,24178.629999999997,2,0,0.0,0.0,12089.314999999999,0.0,0.0,1.0,0.0,,,,
MCH5229,2,20925.39,2,0,0.0,0.0,10462.695,0.0,0.0,1.0,0.0,,,,
MCH5230,4,48661.89,2,0,0.0,0.0,12165.4725,0.0,0.0,0.5,0.0,LIVE,TRANSPORTATION,misc,False
MCH5231,5,73215.5,5,0,2.0,2119.11,14643.1,0.4,0.028943461425517823,1.0,0.0,ACTIVE,PHARMACY,5912,True
MCH5232,1,-23106.7,1,0,0.0,0.0,-23106.7,0.0,0.0,1.0,0.0,,,,
MCH5234,2,36659.259999999995,2,0,0.0,0.0,18329.629999999997,0.0,0.0,1.0,0.0,,,,
MCH5235,1,3698.69,0,1,0.0,0.0,3698.69,0.0,0.0,0.0,1.0,LIVE,BOOK STORE,5942,True
MCH5236,2,24919.620000000003,2,0,2.0,118.39999999999986,12459.810000000001,1.0,0.004751276303571236,1.0,0.0,ACTIVE,RETAIL OTHER,5999,True
MCH5237,4,35501.939999999995,4,0,0.0,0.0,8875.484999999999,0.0,0.0,1.0,0.0,LIVE,MISC RETAIL,5999,True
MCH5238,3,49944.28,3,0,0.0,0.0,16648.093333333334,0.0,0.0,1.0,0.0,,,,
MCH5239,2,32715.2,1,0,0.0,0.0,16357.6,0.0,0.0,0.5,0.0,ACTIVE,RETAIL OTHER,5999,False
MCH5241,1,14888.67,1,0,1.0,1203.18,14888.67,1.0,0.08081178506878049,1.0,0.0,,,,
MCH5242,1,13439.22,1,0,0.0,0.0,13439.22,0.0,0.0,1.0,0.0,ACTIVE,DEPARTMENT STORE,5311,False
MCH5243,2,12877.630000000001,2,0,0.0,0.0,6438.8150000000005,0.0,0.0,1.0,0.0,,,,
MCH5245,1,9148.36,1,0,0.0,0.0,9148.36,0.0,0.0,1.0,0.0,ACTIVE,RETAIL,5311,True
MCH5246,2,24743.170000000002,2,0,0.0,0.0,12371.585000000001,0.0,0.0,1.0,0.0,,,,
MCH5247,2,3424.3999999999996,1,1,0.0,0.0,1712.1999999999998,0.0,0.0,0.5,0.5,HOLD,TELECOM,4814,False
MCH5248,1,18544.69,1,0,0.0,0.0,18544.69,0.0,0.0,1.0,0.0,,,,
MCH5250,2,27640.67,2,0,0.0,0.0,13820.335,0.0,0.0,1.0,0.0,SUSPENDED,RETAIL OTHER,5999,False
MCH5252,3,24195.8,2,1,0.0,0.0,8065.266666666666,0.0,0.0,0.6666666666666666,0.3333333333333333,,,,
MCH5253,4,58099.78,4,0,1.0,1302.18,14524.945,0.25,0.022412821528756222,1.0,0.0,ENABLED,CHEMIST,5912.0,False
MCH5254,2,26199.54,2,0,0.0,0.0,13099.77,0.0,0.0,1.0,0.0,,,,
MCH5255,3,30660.49,2,1,0.0,0.0,10220.163333333334,0.0,0.0,0.6666666666666666,0.3333333333333333,,,,
MCH5256,4,31839.89,4,0,1.0,4970.0,7959.9725,0.25,0.15609350409187972,1.0,0.0,ACTIVE,TRANSPORT,4131,False
MCH5257,2,32848.69,2,0,0.0,0.0,16424.345,0.0,0.0,1.0,0.0,ACTIVE,TELECOM,4814,False
MCH5259,1,22164.4,1,0,0.0,0.0,22164.4,0.0,0.0,1.0,0.0,,,,
MCH5260,1,11817.61,0,1,0.0,0.0,11817.61,0.0,0.0,0.0,1.0,ACTIVE,MEDICAL,5912,False
MCH5261,3,15161.46,3,0,1.0,6180.12,5053.82,0.3333333333333333,0.4076203742911303,1.0,0.0,ACTIVE,BOOK STORE,5942,False
MCH5262,4,45717.340000000004,4,0,1.0,1701.23,11429.335000000001,0.25,0.03721192002859309,1.0,0.0,,,,
MCH5263,1,9010.0,1,0,1.0,11920.81,9010.0,1.0,1.3230643729189788,1.0,0.0,ACTIVE,DEPARTMENT STORES,5311,False
MCH5264,4,56003.97,3,1,0.0,0.0,14000.9925,0.0,0.0,0.75,0.25,,,,
MCH5265,1,22095.6,1,0,0.0,0.0,22095.6,0.0,0.0,1.0,0.0,ENABLED,GROCERY STORES,5411,True
MCH5266,2,1222.96,2,0,0.0,0.0,611.48,0.0,0.0,1.0,0.0,,,,
MCH5267,1,13288.19,0,0,1.0,2280.65,13288.19,1.0,0.1716298457502489,0.0,0.0,ENABLED,TRANSPORTATION,4131,False
MCH5268,1,12681.02,1,0,0.0,0.0,12681.02,0.0,0.0,1.0,0.0,SUSPENDED,MISC RETAIL,5999,False
MCH5269,3,29831.190000000002,2,1,0.0,0.0,9943.730000000001,0.0,0.0,0.6666666666666666,0.3333333333333333,ACTIVE,BOOKS_STATIONERY,5942,True
MCH5270,4,45890.49,3,0,0.0,0.0,11472.6225,0.0,0.0,0.75,0.0,DISABLED,HOTEL_LODGING,7011,False
MCH5272,4,39201.29,2,0,1.0,577.55,9800.3225,0.25,0.014732933533564838,0.5,0.0,,,,
MCH5273,2,24854.22,2,0,0.0,0.0,12427.11,0.0,0.0,1.0,0.0,,,,
MCH5274,2,14809.89,2,0,0.0,0.0,7404.945,0.0,0.0,1.0,0.0,ACTIVE,TRAVEL,4131.0,True
MCH5275,2,19895.81,2,0,0.0,0.0,9947.905,0.0,0.0,1.0,0.0,,,,
MCH5276,2,25761.78,2,0,0.0,0.0,12880.89,0.0,0.0,1.0,0.0,,,,
MCH5277,5,70889.92,5,0,0.0,0.0,14177.984,0.0,0.0,1.0,0.0,INACTIVE,BOOK STORE,5942,False
MCH5278,3,45200.09,3,0,3.0,6303.65,15066.696666666665,1.0,0.1394610054979979,1.0,0.0,ACTIVE,MISC RETAIL,5999,False
MCH5279,3,29761.3,2,0,0.0,0.0,9920.433333333332,0.0,0.0,0.6666666666666666,0.0,,,,
MCH5280,6,73208.07,4,2,1.0,6782.66,12201.345000000001,0.16666666666666666,0.09264907543662876,0.6666666666666666,0.3333333333333333,ENABLED,BUS/TAXI,4131,False
MCH5282,1,7250.3,1,0,0.0,0.0,7250.3,0.0,0.0,1.0,0.0,,,,
MCH5283,3,58726.97,2,1,0.0,0.0,19575.656666666666,0.0,0.0,0.6666666666666666,0.3333333333333333,ACTIVE,MEDICAL,5912,True
MCH5284,2,13167.0,2,0,0.0,0.0,6583.5,0.0,0.0,1.0,0.0,,,,
MCH5285,2,28545.13,2,0,1.0,1362.67,14272.565,0.5,0.04773738988051552,1.0,0.0,ENABLED,RETAIL,5311,False
MCH5286,1,6873.18,1,0,1.0,292.66,6873.18,1.0,0.042579999359830534,1.0,0.0,,,,
MCH5287,6,82634.56999999999,6,0,1.0,1178.89,13772.428333333331,0.16666666666666666,0.014266305252148104,1.0,0.0,ACTIVE,TRAVEL,4131,True
MCH5288,2,25713.02,1,0,1.0,2430.89,12856.51,0.5,0.0945392645437992,0.5,0.0,ACTIVE,MISCELLANEOUS,5999,True
MCH5289,7,105438.26,7,0,0.0,0.0,15062.608571428571,0.0,0.0,1.0,0.0,,,,
MCH5290,2,47657.45,2,0,0.0,0.0,23828.725,0.0,0.0,1.0,0.0,,,,
MCH5291,1,10468.72,0,1,0.0,0.0,10468.72,0.0,0.0,0.0,1.0,,,,
MCH5292,2,25194.96,2,0,0.0,0.0,12597.48,0.0,0.0,1.0,0.0,INACTIVE,OTHER,5999,True
MCH5293,2,6710.71,2,0,0.0,0.0,3355.355,0.0,0.0,1.0,0.0,SUSPENDED,TRAVEL,4131,True
MCH5294,1,1436.91,1,0,1.0,-1623.25,1436.91,1.0,-1.12968105170122,1.0,0.0,ENABLED,TELECOM,4814,False
MCH5295,2,18298.57,2,0,0.0,0.0,9149.285,0.0,0.0,1.0,0.0,LIVE,MEDICAL,,False
MCH5296,2,22868.55,2,0,0.0,0.0,11434.275,0.0,0.0,1.0,0.0,,,,
MCH5297,3,41191.06,3,0,1.0,2023.21,13730.353333333333,0.3333333333333333,0.04911769689830755,1.0,0.0,,,,
MCH5298,2,25377.519999999997,2,0,0.0,0.0,12688.759999999998,0.0,0.0,1.0,0.0,DISABLED,MISCELLANEOUS,5999,False
MCH5299,4,22846.07,4,0,1.0,6930.0,5711.5175,0.25,0.3033344465809656,1.0,0.0,,,,
MCH5300,4,40645.130000000005,4,0,0.0,0.0,10161.282500000001,0.0,0.0,1.0,0.0,,,,
MCH5301,2,19641.3,1,1,0.0,0.0,9820.65,0.0,0.0,0.5,0.5,,,,
MCH5302,2,8671.0,2,0,2.0,7479.95,4335.5,1.0,0.8626398339291892,1.0,0.0,,,,
MCH5303,2,19758.13,2,0,0.0,0.0,9879.065,0.0,0.0,1.0,0.0,ENABLED,DEPARTMENT STORES,5311,False
MCH5304,1,8178.7,1,0,0.0,0.0,8178.7,0.0,0.0,1.0,0.0,,,,
MCH5305,2,39988.58,1,1,0.0,0.0,19994.29,0.0,0.0,0.5,0.5,ACTIVE,HOTELS,7011,False
MCH5306,5,91851.57,5,0,0.0,0.0,18370.314000000002,0.0,0.0,1.0,0.0,,,,
MCH5307,1,8883.82,1,0,1.0,1148.57,8883.82,1.0,0.1292878513972593,1.0,0.0,ACTIVE,RESTAURANTS,5812,False
MCH5308,2,14898.15,2,0,2.0,-47.50999999999999,7449.075,1.0,-0.003188986552021559,1.0,0.0,ACTIVE,FOOD,,False
MCH5309,2,20093.370000000003,1,1,0.0,0.0,10046.685000000001,0.0,0.0,0.5,0.5,,,,
MCH5310,4,39401.08,4,0,0.0,0.0,9850.27,0.0,0.0,1.0,0.0,,,,
MCH5311,1,23354.54,1,0,0.0,0.0,23354.54,0.0,0.0,1.0,0.0,,,,
MCH5312,1,6245.55,1,0,0.0,0.0,6245.55,0.0,0.0,1.0,0.0,ENABLED,GROCERY,5411,False
MCH5313,2,10920.060000000001,2,0,0.0,0.0,5460.030000000001,0.0,0.0,1.0,0.0,,,,
MCH5314,3,20731.56,2,1,1.0,1071.93,6910.52,0.3333333333333333,0.05170522623478407,0.6666666666666666,0.3333333333333333,,,,
MCH5315,1,14093.82,1,0,0.0,0.0,14093.82,0.0,0.0,1.0,0.0,,,,
MCH5316,4,36405.700000000004,3,1,0.0,0.0,9101.425000000001,0.0,0.0,0.75,0.25,ACTIVE,DEPARTMENT STORES,5311,True
MCH5317,7,75926.09,4,2,0.0,0.0,10846.584285714285,0.0,0.0,0.5714285714285714,0.2857142857142857,ACTIVE,HOTEL_LODGING,7011,False
MCH5318,2,31155.049999999996,2,0,0.0,0.0,15577.524999999998,0.0,0.0,1.0,0.0,,,,
MCH5319,1,4145.84,0,1,0.0,0.0,4145.84,0.0,0.0,0.0,1.0,,,,
MCH5320,5,43884.53,5,0,1.0,2264.22,8776.905999999999,0.2,0.051594947012079194,1.0,0.0,ACTIVE,MOBILE RECHARGE,4814,False
MCH5321,3,49228.47,3,0,0.0,0.0,16409.49,0.0,0.0,1.0,0.0,INACTIVE,PHARMACY,5912,False
MCH5322,3,32027.43,3,0,0.0,0.0,10675.81,0.0,0.0,1.0,0.0,ACTIVE,CHEMIST,5912,False
MCH5323,2,18234.17,2,0,0.0,0.0,9117.085,0.0,0.0,1.0,0.0,,,,
MCH5324,5,57511.53,4,1,0.0,0.0,11502.306,0.0,0.0,0.8,0.2,,,,
MCH5325,3,44768.729999999996,3,0,0.0,0.0,14922.909999999998,0.0,0.0,1.0,0.0,,,,
MCH5326,1,15287.43,0,0,1.0,734.0,15287.43,1.0,0.04801330243212888,0.0,0.0,,,,
MCH5327,3,34779.99,2,1,0.0,0.0,11593.33,0.0,0.0,0.6666666666666666,0.3333333333333333,,,,
MCH5328,4,56778.71,3,1,1.0,1913.11,14194.6775,0.25,0.03369414345623562,0.75,0.25,ACTIVE,EATING PLACE,5812,True
MCH5329,1,4897.31,1,0,0.0,0.0,4897.31,0.0,0.0,1.0,0.0,,,,
MCH5330,1,23058.0,1,0,1.0,1496.09,23058.0,1.0,0.06488377135918119,1.0,0.0,,,,
MCH5331,1,23432.0,1,0,0.0,0.0,23432.0,0.0,0.0,1.0,0.0,,,,
MCH5332,2,28325.53,1,0,0.0,0.0,14162.765,0.0,0.0,0.5,0.0,,,,
MCH5333,3,49921.61,2,1,0.0,0.0,16640.536666666667,0.0,0.0,0.6666666666666666,0.3333333333333333,INACTIVE,TELECOM,4814,False
MCH5334,3,37523.6,1,1,0.0,0.0,12507.866666666667,0.0,0.0,0.3333333333333333,0.3333333333333333,,,,
MCH5335,4,64008.76,3,1,2.0,3189.74,16002.19,0.5,0.049832866626380506,0.75,0.25,DISABLED,DEPT_STORE,5311,True
MCH5336,3,39847.990000000005,2,1,0.0,0.0,13282.663333333336,0.0,0.0,0.6666666666666666,0.3333333333333333,,,,
MCH5337,2,32797.32,2,0,1.0,439.77,16398.66,0.5,0.013408717541555225,1.0,0.0,,,,
MCH5338,2,9232.439999999999,2,0,0.0,0.0,4616.219999999999,0.0,0.0,1.0,0.0,,,,
MCH5339,1,6956.17,1,0,1.0,11641.0,6956.17,1.0,1.6734783652498428,1.0,0.0,ACTIVE,OTHER,5999,False
MCH5340,3,48899.98,2,1,1.0,5150.06,16299.993333333334,0.3333333333333333,0.10531824348394417,0.6666666666666666,0.3333333333333333,,,,
MCH5341,3,44009.15,1,2,0.0,0.0,14669.716666666667,0.0,0.0,0.3333333333333333,0.6666666666666666,,,,
MCH5342,4,70313.5,3,0,2.0,3362.04,17578.375,0.5,0.04781499996444495,0.75,0.0,,,,
MCH5343,1,16884.02,1,0,0.0,0.0,16884.02,0.0,0.0,1.0,0.0,INACTIVE,KIRANA,5411,False
MCH5344,4,65360.05,3,1,0.0,0.0,16340.0125,0.0,0.0,0.75,0.25,,,,
MCH5345,4,63782.659999999996,4,0,0.0,0.0,15945.664999999999,0.0,0.0,1.0,0.0,,,,
MCH5346,3,15784.759999999998,3,0,1.0,542.9,5261.586666666666,0.3333333333333333,0.034393934402550314,1.0,0.0,,,,
MCH5349,2,21270.21,1,1,0.0,0.0,10635.105,0.0,0.0,0.5,0.5,,,,
MCH5350,5,70801.73,4,0,1.0,5661.32,14160.346,0.2,0.07996019306307911,0.8,0.0,,,,
MCH5351,1,18888.38,1,0,0.0,0.0,18888.38,0.0,0.0,1.0,0.0,,,,
MCH5352,2,26168.82,2,0,0.0,0.0,13084.41,0.0,0.0,1.0,0.0,,,,
MCH5354,1,6020.88,1,0,0.0,0.0,6020.88,0.0,0.0,1.0,0.0,ACTIVE,RESTAURANT,5812,True
MCH5355,1,11700.07,0,1,0.0,0.0,11700.07,0.0,0.0,0.0,1.0,ENABLED,RESTAURANT,5812,False
MCH5356,4,54507.17,3,0,0.0,0.0,13626.7925,0.0,0.0,0.75,0.0,ACTIVE,MOBILE RECHARGE,4814,True
MCH5357,3,23668.75,3,0,0.0,0.0,7889.583333333333,0.0,0.0,1.0,0.0,,,,
MCH5358,2,28824.76,1,0,0.0,0.0,14412.38,0.0,0.0,0.5,0.0,,,,
MCH5359,2,15382.470000000001,2,0,0.0,0.0,7691.235000000001,0.0,0.0,1.0,0.0,,,,
MCH5360,1,20734.0,1,0,0.0,0.0,20734.0,0.0,0.0,1.0,0.0,ENABLED,CHEMIST,5912,False
MCH5362,5,53397.9,5,0,2.0,14440.4,10679.58,0.4,0.2704301105474185,1.0,0.0,INACTIVE,MEDICAL,5912,True
MCH5363,2,38447.71,2,0,0.0,0.0,19223.855,0.0,0.0,1.0,0.0,,,,
MCH5365,2,7432.370000000001,2,0,0.0,0.0,3716.1850000000004,0.0,0.0,1.0,0.0,,,,
MCH5366,1,528.89,1,0,0.0,0.0,528.89,0.0,0.0,1.0,0.0,DISABLED,DEPARTMENT STORE,5311,False
MCH5367,2,30056.25,2,0,1.0,3711.97,15028.125,0.5,0.12350076939072571,1.0,0.0,LIVE,CLOTHING,5699,True
MCH5368,1,18842.1,1,0,0.0,0.0,18842.1,0.0,0.0,1.0,0.0,,,,
MCH5370,1,154.0,1,0,0.0,0.0,154.0,0.0,0.0,1.0,0.0,LIVE,MEDICAL_STORE,5912,True
MCH5372,2,23893.36,1,1,0.0,0.0,11946.68,0.0,0.0,0.5,0.5,,,,
MCH5373,5,40079.36,5,0,0.0,0.0,8015.872,0.0,0.0,1.0,0.0,,,,
MCH5374,4,40404.71,4,0,0.0,0.0,10101.1775,0.0,0.0,1.0,0.0,,,,
MCH5375,3,46917.0,3,0,0.0,0.0,15639.0,0.0,0.0,1.0,0.0,ACTIVE,CLOTHS,5699,False
MCH5376,3,55961.78,2,0,0.0,0.0,18653.926666666666,0.0,0.0,0.6666666666666666,0.0,ACTIVE,PHONE SERVICE,4814,False
MCH5377,1,11603.77,1,0,0.0,0.0,11603.77,0.0,0.0,1.0,0.0,,,,
MCH5378,2,18295.82,2,0,0.0,0.0,9147.91,0.0,0.0,1.0,0.0,ENABLED,KIRANA,UNKNOWN,True
MCH5379,3,35870.3,2,1,0.0,0.0,11956.766666666668,0.0,0.0,0.6666666666666666,0.3333333333333333,,,,
MCH5380,2,37037.76,2,0,0.0,0.0,18518.88,0.0,0.0,1.0,0.0,,,,
MCH5381,1,20546.82,1,0,0.0,0.0,20546.82,0.0,0.0,1.0,0.0,LIVE,DEPARTMENT STORE,5311,False
MCH5382,3,33364.47,3,0,0.0,0.0,11121.49,0.0,0.0,1.0,0.0,,,,
MCH5384,2,29687.58,1,0,0.0,0.0,14843.79,0.0,0.0,0.5,0.0,ENABLED,GROCERIES,5411,False
MCH5385,2,7126.61,2,0,0.0,0.0,3563.305,0.0,0.0,1.0,0.0,,,,
MCH5386,3,53488.68,3,0,0.0,0.0,17829.56,0.0,0.0,1.0,0.0,ACTIVE,MOBILE RECHARGE,4814,False
MCH5387,3,43998.399999999994,1,2,1.0,-1923.55,14666.133333333331,0.3333333333333333,-0.043718635223099024,0.3333333333333333,0.6666666666666666,ACTIVE,HOTEL,7011,True
MCH5388,2,19166.69,2,0,0.0,0.0,9583.345,0.0,0.0,1.0,0.0,ACTIVE,BOOKS,5942,False
MCH5389,2,34958.85,2,0,0.0,0.0,17479.425,0.0,0.0,1.0,0.0,ACTIVE,BUS/TAXI,4131,False
MCH5390,4,36883.91,4,0,1.0,390.5,9220.9775,0.25,0.010587272336365638,1.0,0.0,LIVE,TRANSPORT,4131,True
MCH5391,4,58777.380000000005,4,0,1.0,6796.0,14694.345000000001,0.25,0.1156227106414066,1.0,0.0,SUSPENDED,KIRANA,5411,False
MCH5393,1,8293.99,1,0,0.0,0.0,8293.99,0.0,0.0,1.0,0.0,,,,
MCH5394,4,58845.86,4,0,1.0,17413.88,14711.465,0.25,0.29592362147481577,1.0,0.0,,,,
MCH5395,2,24522.899999999998,2,0,0.0,0.0,12261.449999999999,0.0,0.0,1.0,0.0,LIVE,STATIONERY,5942.0,False
MCH5396,2,13778.659999999998,2,0,0.0,0.0,6889.329999999999,0.0,0.0,1.0,0.0,ACTIVE,TRANSPORTATION,4131,False
MCH5397,2,29896.67,2,0,0.0,0.0,14948.335,0.0,0.0,1.0,0.0,,,,
MCH5398,1,117.0,1,0,0.0,0.0,117.0,0.0,0.0,1.0,0.0,,,,
MCH5399,2,9709.43,1,1,0.0,0.0,4854.715,0.0,0.0,0.5,0.5,LIVE,OTHER,5999.0,False
MCH5401,6,30566.46,6,0,1.0,6321.44,5094.41,0.16666666666666666,0.20680968617236015,1.0,0.0,ACTIVE,DEPARTMENT STORE,5311.0,True
MCH5402,1,16573.45,1,0,0.0,0.0,16573.45,0.0,0.0,1.0,0.0,SUSPENDED,KIRANA,5411,False
MCH5403,2,35179.45,2,0,0.0,0.0,17589.725,0.0,0.0,1.0,0.0,,,,
MCH5404,3,32629.95,3,0,1.0,473.27,10876.65,0.3333333333333333,0.014504159522156791,1.0,0.0,ACTIVE,HOTELS,7011,False
MCH5405,5,66736.65,5,0,1.0,-244.97,13347.329999999998,0.2,-0.0036706966861537104,1.0,0.0,ACTIVE,FOOD,5812,False
MCH5407,4,36010.42,4,0,1.0,3014.0,9002.605,0.25,0.08369799630218143,1.0,0.0,,,,
MCH5408,2,33482.399999999994,2,0,0.0,0.0,16741.199999999997,0.0,0.0,1.0,0.0,ACTIVE,KIRANA,5411,True
MCH5409,1,22497.2,1,0,0.0,0.0,22497.2,0.0,0.0,1.0,0.0,ENABLED,APPAREL,5699,False
MCH5410,2,16464.85,2,0,0.0,0.0,8232.425,0.0,0.0,1.0,0.0,ACTIVE,HOTEL,7011,False
MCH5412,3,52174.34,2,1,0.0,0.0,17391.446666666667,0.0,0.0,0.6666666666666666,0.3333333333333333,,,,
MCH5413,3,11947.68,3,0,0.0,0.0,3982.56,0.0,0.0,1.0,0.0,LIVE,DEPARTMENT STORE,5311,False
MCH5414,2,16576.53,2,0,0.0,0.0,8288.265,0.0,0.0,1.0,0.0,ACTIVE,HOTEL,7011,False
MCH5415,1,10709.45,1,0,0.0,0.0,10709.45,0.0,0.0,1.0,0.0,,,,
MCH5416,4,58321.21,3,0,1.0,372.51,14580.3025,0.25,0.0063872131596720986,0.75,0.0,ENABLED,STATIONERY,5942,True
MCH5417,2,6359.3099999999995,2,0,1.0,6746.58,3179.6549999999997,0.5,1.0608981163050708,1.0,0.0,,,,
MCH5418,4,35101.02,3,1,0.0,0.0,8775.255,0.0,0.0,0.75,0.25,,,,
MCH5419,2,37831.41,2,0,0.0,0.0,18915.705,0.0,0.0,1.0,0.0,,,,
MCH5420,4,48664.57,4,0,0.0,0.0,12166.1425,0.0,0.0,1.0,0.0,ENABLED,HOTEL,7011,False
MCH5421,2,-19130.800000000003,1,1,0.0,0.0,-9565.400000000001,0.0,0.0,0.5,0.5,,,,
MCH5422,2,49370.93,2,0,3.0,12667.59,24685.465,1.5,0.25657993479158686,1.0,0.0,LIVE,FASHION,misc,False
MCH5423,2,47221.7,1,1,1.0,1078.9,23610.85,0.5,0.022847546784635034,0.5,0.5,ACTIVE,DEPARTMENT STORE,5311,False
MCH5424,2,3882.75,2,0,0.0,0.0,1941.375,0.0,0.0,1.0,0.0,,,,
MCH5425,3,55654.63,3,0,0.0,0.0,18551.54333333333,0.0,0.0,1.0,0.0,SUSPENDED,TELECOM,4814,False
MCH5426,2,28825.67,2,0,0.0,0.0,14412.835,0.0,0.0,1.0,0.0,LIVE,TRANSPORT,4131,False
MCH5427,2,14857.2,2,0,1.0,201.03,7428.6,0.5,0.013530813343025604,1.0,0.0,,,,
MCH5428,2,37622.21,1,0,0.0,0.0,18811.105,0.0,0.0,0.5,0.0,,,,
MCH5429,3,17883.760000000002,3,0,2.0,388.0,5961.253333333334,0.6666666666666666,0.021695661315070208,1.0,0.0,,,,
MCH5430,2,2998.26,2,0,0.0,0.0,1499.13,0.0,0.0,1.0,0.0,INACTIVE,CLOTHS,5699,False
MCH5431,3,27462.670000000002,3,0,1.0,-451.83,9154.223333333333,0.3333333333333333,-0.01645251535994133,1.0,0.0,,,,
MCH5432,1,10799.0,1,0,0.0,0.0,10799.0,0.0,0.0,1.0,0.0,,,,
MCH5433,2,31169.24,2,0,0.0,0.0,15584.62,0.0,0.0,1.0,0.0,ACTIVE,GARMENTS,5699,False
MCH5434,3,41943.130000000005,3,0,0.0,0.0,13981.043333333335,0.0,0.0,1.0,0.0,,,,
MCH5435,2,16910.55,1,0,0.0,0.0,8455.275,0.0,0.0,0.5,0.0,,,,
MCH5436,1,15849.91,1,0,0.0,0.0,15849.91,0.0,0.0,1.0,0.0,,,,
MCH5437,4,43551.31,3,1,0.0,0.0,10887.8275,0.0,0.0,0.75,0.25,,,,
MCH5438,3,44361.43,2,0,0.0,0.0,14787.143333333333,0.0,0.0,0.6666666666666666,0.0,ACTIVE,CHEMIST,5912,False
MCH5439,1,10403.75,0,1,0.0,0.0,10403.75,0.0,0.0,0.0,1.0,,,,
MCH5440,1,20089.03,1,0,0.0,0.0,20089.03,0.0,0.0,1.0,0.0,,,,
MCH5441,1,6033.33,1,0,0.0,0.0,6033.33,0.0,0.0,1.0,0.0,ENABLED,GROCERY STORES,5411,False
MCH5442,2,32508.92,2,0,0.0,0.0,16254.46,0.0,0.0,1.0,0.0,ENABLED,GROCERY STORES,5411,True
MCH5443,4,35161.78,4,0,0.0,0.0,8790.445,0.0,0.0,1.0,0.0,LIVE,HOTELS,7011,False
MCH5444,1,15745.52,1,0,0.0,0.0,15745.52,0.0,0.0,1.0,0.0,ACTIVE,OTHER,5999,False
MCH5445,4,50793.45999999999,2,2,0.0,0.0,12698.364999999998,0.0,0.0,0.5,0.5,ACTIVE,RETAIL,5311,False
MCH5446,2,35258.6,2,0,0.0,0.0,17629.3,0.0,0.0,1.0,0.0,,,,
MCH5447,5,37077.97,4,0,1.0,1426.02,7415.594,0.2,0.038460034354631606,0.8,0.0,ACTIVE,GROCERY_STORE,,True
MCH5448,4,71063.97,4,0,0.0,0.0,17765.9925,0.0,0.0,1.0,0.0,ENABLED,DEPARTMENT STORE,5311,False
MCH5449,2,20654.559999999998,2,0,0.0,0.0,10327.279999999999,0.0,0.0,1.0,0.0,,,,
MCH5450,1,16598.1,1,0,0.0,0.0,16598.1,0.0,0.0,1.0,0.0,ENABLED,STATIONERY,,False
MCH5451,4,64507.15,4,0,2.0,12383.14,16126.7875,0.5,0.19196538678270547,1.0,0.0,ACTIVE,GROCERY_STORE,5411.0,False
MCH5452,4,70173.87,4,0,0.0,0.0,17543.4675,0.0,0.0,1.0,0.0,,,,
MCH5453,1,24402.0,1,0,0.0,0.0,24402.0,0.0,0.0,1.0,0.0,,,,
MCH5454,3,38525.020000000004,2,1,1.0,-741.74,12841.673333333334,0.3333333333333333,-0.01925346177626903,0.6666666666666666,0.3333333333333333,,,,
MCH5456,2,7036.349999999999,2,0,1.0,1089.44,3518.1749999999997,0.5,0.1548302742188777,1.0,0.0,,,,
MCH5457,1,24511.97,1,0,1.0,2546.9,24511.97,1.0,0.10390433735028233,1.0,0.0,ACTIVE,BOOK STORE,5942,False
MCH5458,6,97830.45,5,0,0.0,0.0,16305.074999999999,0.0,0.0,0.8333333333333334,0.0,LIVE,HOTEL,7011,False
MCH5459,1,19161.02,0,1,1.0,1262.32,19161.02,1.0,0.06587958261094659,0.0,1.0,HOLD,CLOTHING,5699,False
MCH5460,1,22063.55,1,0,0.0,0.0,22063.55,0.0,0.0,1.0,0.0,,,,
MCH5461,2,16583.87,1,1,1.0,551.59,8291.935,0.5,0.03326063216848661,0.5,0.5,,,,
MCH5462,4,23052.14,3,0,0.0,0.0,5763.035,0.0,0.0,0.75,0.0,,,,
MCH5463,1,23953.37,1,0,0.0,0.0,23953.37,0.0,0.0,1.0,0.0,,,,
MCH5464,2,37460.47,1,1,0.0,0.0,18730.235,0.0,0.0,0.5,0.5,,,,
MCH5465,1,9633.59,1,0,0.0,0.0,9633.59,0.0,0.0,1.0,0.0,ACTIVE,TELECOM,4814,False
MCH5466,6,92333.83,6,0,1.0,3359.61,15388.971666666666,0.16666666666666666,0.03638547215034836,1.0,0.0,,,,
MCH5467,3,39282.35,3,0,1.0,1451.78,13094.116666666667,0.3333333333333333,0.03695756491146787,1.0,0.0,ACTIVE,MOBILE RECHARGE,4814,False
MCH5468,1,11271.08,1,0,0.0,0.0,11271.08,0.0,0.0,1.0,0.0,,,,
MCH5470,3,31272.81,3,0,0.0,0.0,10424.27,0.0,0.0,1.0,0.0,,,,
MCH5471,4,41636.2,4,0,0.0,0.0,10409.05,0.0,0.0,1.0,0.0,,,,
MCH5472,3,39415.06,2,1,0.0,0.0,13138.353333333333,0.0,0.0,0.6666666666666666,0.3333333333333333,ACTIVE,BOOKS_STATIONERY,5942,False
MCH5473,2,30257.4,2,0,0.0,0.0,15128.7,0.0,0.0,1.0,0.0,,,,
MCH5474,4,55666.689999999995,3,0,2.0,2151.0,13916.672499999999,0.5,0.03864070236617267,0.75,0.0,,,,
MCH5475,4,30680.059999999998,3,1,1.0,1006.88,7670.014999999999,0.25,0.0328187102632785,0.75,0.25,,,,
MCH5476,3,29416.53,2,1,1.0,2224.0,9805.51,0.3333333333333333,0.07560375068031477,0.6666666666666666,0.3333333333333333,ACTIVE,CHEMIST,,False
MCH5477,1,10678.0,1,0,0.0,0.0,10678.0,0.0,0.0,1.0,0.0,LIVE,CLOTHS,5699,True
MCH5478,1,24785.13,1,0,0.0,0.0,24785.13,0.0,0.0,1.0,0.0,ACTIVE,TELECOM,4814,False
MCH5479,2,14179.85,1,1,0.0,0.0,7089.925,0.0,0.0,0.5,0.5,ENABLED,RESTAURANTS,5812,False
MCH5480,4,50198.78,3,0,1.0,11729.72,12549.695,0.25,0.23366543967801606,0.75,0.0,,,,
MCH5481,1,15023.8,1,0,0.0,0.0,15023.8,0.0,0.0,1.0,0.0,,,,
MCH5483,1,9292.87,0,1,0.0,0.0,9292.87,0.0,0.0,0.0,1.0,ACTIVE,RETAIL,5311,False
MCH5485,3,39592.96,3,0,1.0,1195.47,13197.653333333334,0.3333333333333333,0.030194004186602872,1.0,0.0,,,,
MCH5486,2,18989.94,1,1,0.0,0.0,9494.97,0.0,0.0,0.5,0.5,,,,
MCH5487,5,27767.52,4,1,1.0,1588.36,5553.504,0.2,0.05720208358542642,0.8,0.2,,,,
MCH5488,1,13610.8,1,0,0.0,0.0,13610.8,0.0,0.0,1.0,0.0,ACTIVE,KIRANA,5411,True
MCH5489,2,19582.89,0,2,0.0,0.0,9791.445,0.0,0.0,0.0,1.0,LIVE,DEPARTMENT STORES,5311,False
MCH5490,4,72133.76000000001,4,0,1.0,690.97,18033.440000000002,0.25,0.009579009883860205,1.0,0.0,ACTIVE,FASHION,5699,False
MCH5491,3,23091.03,3,0,1.0,901.62,7697.009999999999,0.3333333333333333,0.03904633097787323,1.0,0.0,,,,
MCH5492,4,23532.12,2,2,0.0,0.0,5883.03,0.0,0.0,0.5,0.5,,,,
MCH5493,2,28894.329999999998,2,0,0.0,0.0,14447.164999999999,0.0,0.0,1.0,0.0,ACTIVE,EATING PLACE,5812,True
MCH5494,2,35875.97,2,0,0.0,0.0,17937.985,0.0,0.0,1.0,0.0,ACTIVE,STATIONERY,5942,True
MCH5495,1,21842.11,1,0,2.0,50.0,21842.11,2.0,0.002289156130062526,1.0,0.0,,,,
MCH5497,3,56129.880000000005,2,0,0.0,0.0,18709.960000000003,0.0,0.0,0.6666666666666666,0.0,ENABLED,MISCELLANEOUS,5999,True
MCH5498,5,70225.1,4,1,0.0,0.0,14045.02,0.0,0.0,0.8,0.2,ACTIVE,DEPARTMENT STORE,5311,False
MCH5499,1,11572.26,1,0,0.0,0.0,11572.26,0.0,0.0,1.0,0.0,,,,
MCH5500,1,1142.83,1,0,0.0,0.0,1142.83,0.0,0.0,1.0,0.0,LIVE,TELECOM,4814,False
MCH5501,1,454.45,1,0,0.0,0.0,454.45,0.0,0.0,1.0,0.0,,,,
MCH5502,4,61515.58,2,1,1.0,350.52,15378.895,0.25,0.005698068684388572,0.5,0.25,ACTIVE,DEPARTMENT STORES,5311,True
MCH5503,2,23742.35,1,1,0.0,0.0,11871.175,0.0,0.0,0.5,0.5,ACTIVE,TRANSPRT,4131,False
MCH5504,1,12509.95,1,0,0.0,0.0,12509.95,0.0,0.0,1.0,0.0,,,,
MCH5505,1,4594.22,1,0,0.0,0.0,4594.22,0.0,0.0,1.0,0.0,LIVE,TELECOM,4814,True
MCH5506,3,27787.379999999997,3,0,1.0,12194.3,9262.46,0.3333333333333333,0.43884310071694416,1.0,0.0,,,,
MCH5507,1,10.77,1,0,0.0,0.0,10.77,0.0,0.0,1.0,0.0,,,,
MCH5508,2,41850.520000000004,2,0,0.0,0.0,20925.260000000002,0.0,0.0,1.0,0.0,,,,
MCH5509,3,14174.17,3,0,0.0,0.0,4724.723333333333,0.0,0.0,1.0,0.0,,,,
MCH5512,2,19729.55,2,0,0.0,0.0,9864.775,0.0,0.0,1.0,0.0,,,,
MCH5513,2,17870.97,1,1,0.0,0.0,8935.485,0.0,0.0,0.5,0.5,,,,
MCH5514,1,18349.69,1,0,0.0,0.0,18349.69,0.0,0.0,1.0,0.0,,,,
MCH5515,2,26214.69,2,0,0.0,0.0,13107.345,0.0,0.0,1.0,0.0,,,,
MCH5516,1,-10395.88,1,0,0.0,0.0,-10395.88,0.0,0.0,1.0,0.0,ACTIVE,CLOTHS,5699,False
MCH5518,2,38999.14,1,0,1.0,8263.92,19499.57,0.5,0.21190005728331446,0.5,0.0,ACTIVE,FOOD,5812,True
MCH5519,2,17978.42,2,0,1.0,-604.81,8989.21,0.5,-0.03364088724148173,1.0,0.0,,,,
MCH5520,3,21157.78,3,0,0.0,0.0,7052.593333333333,0.0,0.0,1.0,0.0,,,,
MCH5522,1,12619.38,1,0,0.0,0.0,12619.38,0.0,0.0,1.0,0.0,,,,
MCH5523,1,-8480.86,1,0,0.0,0.0,-8480.86,0.0,0.0,1.0,0.0,ACTIVE,CLOTHS,5699,False
MCH5524,1,2459.21,0,0,0.0,0.0,2459.21,0.0,0.0,0.0,0.0,ACTIVE,BOOKS,5942,False
MCH5525,2,5772.65,1,0,1.0,12097.84,2886.325,0.5,2.0957168718006463,0.5,0.0,ACTIVE,HOTEL_LODGING,7011,False
MCH5526,3,44736.65,2,0,0.0,0.0,14912.216666666667,0.0,0.0,0.6666666666666666,0.0,,,,
MCH5527,3,29179.47,3,0,0.0,0.0,9726.49,0.0,0.0,1.0,0.0,,,,
MCH5528,1,9825.71,0,0,2.0,7066.299999999999,9825.71,2.0,0.7191643148434057,0.0,0.0,ACTIVE,GROCERY,5411,False
MCH5529,3,24695.9,2,0,0.0,0.0,8231.966666666667,0.0,0.0,0.6666666666666666,0.0,LIVE,GROCERIES,,False
MCH5530,4,46575.19,3,0,4.0,8772.11,11643.7975,1.0,0.1883429783109849,0.75,0.0,,,,
MCH5531,1,12247.0,1,0,1.0,836.19,12247.0,1.0,0.06827712909283906,1.0,0.0,INACTIVE,GROCERY,5411,False
MCH5532,2,32546.41,2,0,0.0,0.0,16273.205,0.0,0.0,1.0,0.0,,,,
MCH5533,2,47238.22,2,0,0.0,0.0,23619.11,0.0,0.0,1.0,0.0,,,,
MCH5534,3,59536.76,2,1,0.0,0.0,19845.586666666666,0.0,0.0,0.6666666666666666,0.3333333333333333,,,,
MCH5535,1,11471.13,1,0,0.0,0.0,11471.13,0.0,0.0,1.0,0.0,,,,
MCH5536,1,11519.96,1,0,0.0,0.0,11519.96,0.0,0.0,1.0,0.0,,,,
MCH5537,1,5004.51,1,0,0.0,0.0,5004.51,0.0,0.0,1.0,0.0,,,,
MCH5538,2,15842.84,2,0,0.0,0.0,7921.42,0.0,0.0,1.0,0.0,LIVE,TELECOM,,False
MCH5539,2,11984.89,2,0,0.0,0.0,5992.445,0.0,0.0,1.0,0.0,,,,
MCH5540,3,34285.64,3,0,1.0,458.03,11428.546666666667,0.3333333333333333,0.013359237278347437,1.0,0.0,,,,
MCH5541,3,44945.909999999996,3,0,0.0,0.0,14981.97,0.0,0.0,1.0,0.0,ACTIVE,FOOD_SERVICES,5812,False
MCH5542,7,107239.23,6,0,3.0,9614.68,15319.89,0.42857142857142855,0.08965636922234523,0.8571428571428571,0.0,,,,
MCH5543,1,23872.08,1,0,0.0,0.0,23872.08,0.0,0.0,1.0,0.0,,,,
MCH5544,2,24715.03,2,0,0.0,0.0,12357.515,0.0,0.0,1.0,0.0,,,,
MCH5545,3,40871.04,3,0,0.0,0.0,13623.68,0.0,0.0,1.0,0.0,LIVE,BOOKS_STATIONERY,5942,False
MCH5546,1,24670.4,1,0,0.0,0.0,24670.4,0.0,0.0,1.0,0.0,ENABLED,RETAIL,5311,True
MCH5547,3,43551.490000000005,3,0,1.0,0.0,14517.163333333336,0.3333333333333333,0.0,1.0,0.0,ACTIVE,GROCERY STORES,5411,True
MCH5548,2,31603.980000000003,2,0,0.0,0.0,15801.990000000002,0.0,0.0,1.0,0.0,,,,
MCH5549,3,37891.72,3,0,1.0,886.93,12630.573333333334,0.3333333333333333,0.0234069606763694,1.0,0.0,ACTIVE,FOOD_SERVICES,5812,False
MCH5550,4,47033.15,3,1,1.0,1617.78,11758.2875,0.25,0.03439659048989915,0.75,0.25,,,,
MCH5551,4,45364.0,3,1,1.0,27330.78,11341.0,0.25,0.6024772947711842,0.75,0.25,LIVE,FASHION,5699,False
MCH5553,6,65902.37,6,0,2.0,1683.68,10983.728333333333,0.3333333333333333,0.025548094856072706,1.0,0.0,INACTIVE,RESTAURANTS,5812.0,True
MCH5554,4,50897.81,3,0,0.0,0.0,12724.4525,0.0,0.0,0.75,0.0,,,,
MCH5555,2,28055.370000000003,2,0,0.0,0.0,14027.685000000001,0.0,0.0,1.0,0.0,ACTIVE,TRANSPRT,4131,True
MCH5556,4,44392.55,1,2,2.0,5157.54,11098.1375,0.5,0.11618030502865907,0.25,0.5,ACTIVE,MEDICAL_STORE,5912,False
MCH5557,2,28911.6,2,0,0.0,0.0,14455.8,0.0,0.0,1.0,0.0,,,,
MCH5558,2,20284.02,2,0,0.0,0.0,10142.01,0.0,0.0,1.0,0.0,LIVE,HOSPITALITY,7011,False
MCH5559,4,27442.27,3,0,1.0,0.0,6860.5675,0.25,0.0,0.75,0.0,ACTIVE,GROCERIES,5411,True
MCH5560,2,18667.41,1,1,0.0,0.0,9333.705,0.0,0.0,0.5,0.5,INACTIVE,TRANSPORTATION,4131.0,False
MCH5561,2,28975.48,2,0,0.0,0.0,14487.74,0.0,0.0,1.0,0.0,,,,
MCH5562,3,61739.56,3,0,0.0,0.0,20579.853333333333,0.0,0.0,1.0,0.0,ACTIVE,TRAVEL,4131,False
MCH5563,4,63456.6,3,0,0.0,0.0,15864.15,0.0,0.0,0.75,0.0,ACTIVE,GARMENTS,,False
MCH5566,2,21347.43,2,0,0.0,0.0,10673.715,0.0,0.0,1.0,0.0,,,,
MCH5567,3,46294.71,2,0,1.0,1160.82,15431.57,0.3333333333333333,0.025074571155106057,0.6666666666666666,0.0,ACTIVE,HOTEL,7011,True
MCH5568,2,18195.43,2,0,0.0,0.0,9097.715,0.0,0.0,1.0,0.0,,,,
MCH5569,3,19455.13,2,1,2.0,3588.0,6485.043333333334,0.6666666666666666,0.1844243651931393,0.6666666666666666,0.3333333333333333,INACTIVE,MISC RETAIL,5999,False
MCH5571,3,60357.54,3,0,0.0,0.0,20119.18,0.0,0.0,1.0,0.0,,,,
MCH5572,5,96023.27,5,0,0.0,0.0,19204.654000000002,0.0,0.0,1.0,0.0,,,,
MCH5573,2,28268.010000000002,2,0,0.0,0.0,14134.005000000001,0.0,0.0,1.0,0.0,LIVE,GROCERIES,5411,True
MCH5575,5,89649.3,5,0,0.0,0.0,17929.86,0.0,0.0,1.0,0.0,ACTIVE,KIRANA,5411,False
MCH5576,1,5042.0,1,0,0.0,0.0,5042.0,0.0,0.0,1.0,0.0,ACTIVE,TRANSPORTATION,4131,False
MCH5577,3,44696.08,2,1,0.0,0.0,14898.693333333335,0.0,0.0,0.6666666666666666,0.3333333333333333,,,,
MCH5578,6,73210.23,6,0,0.0,0.0,12201.705,0.0,0.0,1.0,0.0,,,,
MCH5579,2,15719.349999999999,1,1,0.0,0.0,7859.674999999999,0.0,0.0,0.5,0.5,,,,
MCH5580,3,31417.47,2,1,1.0,2231.59,10472.49,0.3333333333333333,0.07103022617670997,0.6666666666666666,0.3333333333333333,ACTIVE,TRAVEL,4131,False
MCH5581,1,22871.73,1,0,0.0,0.0,22871.73,0.0,0.0,1.0,0.0,,,,
MCH5582,1,17039.7,1,0,0.0,0.0,17039.7,0.0,0.0,1.0,0.0,,,,
MCH5583,1,295.34,1,0,0.0,0.0,295.34,0.0,0.0,1.0,0.0,ENABLED,MOBILE RECHARGE,4814.0,False
MCH5584,3,44597.75,2,1,0.0,0.0,14865.916666666666,0.0,0.0,0.6666666666666666,0.3333333333333333,,,,
MCH5585,2,8828.3,2,0,0.0,0.0,4414.15,0.0,0.0,1.0,0.0,,,,
MCH5586,2,12896.66,2,0,0.0,0.0,6448.33,0.0,0.0,1.0,0.0,SUSPENDED,CLOTHS,5699,False
MCH5587,1,13975.43,1,0,0.0,0.0,13975.43,0.0,0.0,1.0,0.0,ACTIVE,FOOD,5812,True
MCH5588,1,11611.32,1,0,0.0,0.0,11611.32,0.0,0.0,1.0,0.0,LIVE,TRANSPRT,4131,False
MCH5589,4,51902.7,2,2,1.0,18514.67,12975.675,0.25,0.35671882194953247,0.5,0.5,,,,
MCH5590,3,3774.0199999999995,3,0,0.0,0.0,1258.0066666666664,0.0,0.0,1.0,0.0,CLOSED,TRAVEL,4131,False
MCH5592,1,7124.6,1,0,0.0,0.0,7124.6,0.0,0.0,1.0,0.0,,,,
MCH5593,1,18491.38,1,0,0.0,0.0,18491.38,0.0,0.0,1.0,0.0,,,,
MCH5594,2,44224.57,1,1,1.0,5338.83,22112.285,0.5,0.12072090243048152,0.5,0.5,SUSPENDED,GROCERY STORES,5411,True
MCH5595,2,30023.39,2,0,0.0,0.0,15011.695,0.0,0.0,1.0,0.0,ACTIVE,HOSPITALITY,7011,False
MCH5596,5,52883.16,5,0,0.0,0.0,10576.632000000001,0.0,0.0,1.0,0.0,SUSPENDED,RETAIL,5311,False
MCH5597,2,28419.129999999997,1,1,0.0,0.0,14209.564999999999,0.0,0.0,0.5,0.5,ACTIVE,EATING PLACE,5812.0,False
MCH5598,1,19705.72,1,0,1.0,16244.17,19705.72,1.0,0.8243378064846145,1.0,0.0,ENABLED,CHEMIST,5912,False
MCH5599,2,-2008.12,2,0,0.0,0.0,-1004.06,0.0,0.0,1.0,0.0,ACTIVE,BOOK STORE,5942,False
MCH5600,6,62806.59,6,0,1.0,4864.83,10467.765,0.16666666666666666,0.07745731777509335,1.0,0.0,,,,
MCH5602,5,20978.489999999998,3,1,0.0,0.0,4195.697999999999,0.0,0.0,0.6,0.2,INACTIVE,GROCERY STORES,5411,False
MCH5604,3,18056.16,3,0,0.0,0.0,6018.72,0.0,0.0,1.0,0.0,,,,
MCH5606,1,15722.06,1,0,0.0,0.0,15722.06,0.0,0.0,1.0,0.0,ACTIVE,EATING PLACE,5812,True
MCH5607,1,2222.09,1,0,0.0,0.0,2222.09,0.0,0.0,1.0,0.0,LIVE,BOOKS,5942,True
MCH5608,3,32650.499999999996,3,0,1.0,3231.22,10883.499999999998,0.3333333333333333,0.09896387497894367,1.0,0.0,ENABLED,FOOD,5812.0,False
MCH5609,3,47438.44,3,0,0.0,0.0,15812.813333333334,0.0,0.0,1.0,0.0,,,,
MCH5610,2,35852.3,1,1,1.0,3840.0,17926.15,0.5,0.10710609919028904,0.5,0.5,,,,
MCH5611,3,39174.95,3,0,1.0,1159.44,13058.316666666666,0.3333333333333333,0.02959646406696116,1.0,0.0,LIVE,HOSPITALITY,7011,True
MCH5612,1,15104.08,1,0,0.0,0.0,15104.08,0.0,0.0,1.0,0.0,,,,
MCH5613,1,8287.03,1,0,0.0,0.0,8287.03,0.0,0.0,1.0,0.0,,,,
MCH5615,5,69989.52,4,1,0.0,0.0,13997.904,0.0,0.0,0.8,0.2,,,,
MCH5616,1,10041.94,1,0,0.0,0.0,10041.94,0.0,0.0,1.0,0.0,,,,
MCH5617,5,76131.07,5,0,0.0,0.0,15226.214000000002,0.0,0.0,1.0,0.0,,,,
MCH5618,4,33397.25,4,0,1.0,2280.54,8349.3125,0.25,0.06828526300818182,1.0,0.0,ENABLED,PHARMACIES,5912,True
MCH5619,2,25614.13,1,0,0.0,0.0,12807.065,0.0,0.0,0.5,0.0,ACTIVE,TRANSPRT,4131,False
MCH5620,3,30370.179999999997,2,1,0.0,0.0,10123.393333333332,0.0,0.0,0.6666666666666666,0.3333333333333333,,,,
MCH5621,4,33247.729999999996,4,0,0.0,0.0,8311.932499999999,0.0,0.0,1.0,0.0,,,,
MCH5622,1,11614.11,1,0,0.0,0.0,11614.11,0.0,0.0,1.0,0.0,LIVE,BOOKS,5942,True
MCH5623,1,21416.0,1,0,1.0,2489.04,21416.0,1.0,0.11622338438550617,1.0,0.0,,,,
MCH5624,1,4524.63,1,0,0.0,0.0,4524.63,0.0,0.0,1.0,0.0,,,,
MCH5625,5,64435.56,4,1,2.0,2869.2,12887.112,0.4,0.044528207716360346,0.8,0.2,,,,
MCH5626,2,8378.91,2,0,0.0,0.0,4189.455,0.0,0.0,1.0,0.0,HOLD,HOTEL,7011,False
MCH5627,3,42610.49,3,0,1.0,440.35,14203.496666666666,0.3333333333333333,0.010334309696978374,1.0,0.0,ENABLED,GROCERY_STORE,5411,False
MCH5628,4,68632.19,4,0,2.0,2034.0,17158.0475,0.5,0.029636239204956158,1.0,0.0,,,,
MCH5629,1,22194.91,1,0,0.0,0.0,22194.91,0.0,0.0,1.0,0.0,ACTIVE,RETAIL,5311.0,True
MCH5630,2,2120.48,2,0,0.0,0.0,1060.24,0.0,0.0,1.0,0.0,CLOSED,HOTELS,7011,False
MCH5631,1,2285.74,1,0,0.0,0.0,2285.74,0.0,0.0,1.0,0.0,ACTIVE,CLOTHS,5699,True
MCH5632,4,21090.78,3,1,0.0,0.0,5272.695,0.0,0.0,0.75,0.25,ACTIVE,DEPT_STORE,5311,False
MCH5634,2,26288.57,2,0,0.0,0.0,13144.285,0.0,0.0,1.0,0.0,,,,
MCH5635,2,26110.41,1,1,0.0,0.0,13055.205,0.0,0.0,0.5,0.5,,,,
MCH5636,2,28418.339999999997,2,0,0.0,0.0,14209.169999999998,0.0,0.0,1.0,0.0,,,,
MCH5637,4,45801.81,4,0,0.0,0.0,11450.4525,0.0,0.0,1.0,0.0,LIVE,RETAIL,5311,True
MCH5638,2,20073.78,2,0,0.0,0.0,10036.89,0.0,0.0,1.0,0.0,,,,
MCH5639,1,19521.0,1,0,0.0,0.0,19521.0,0.0,0.0,1.0,0.0,ENABLED,HOTEL,7011,False
MCH5640,2,17820.670000000002,2,0,0.0,0.0,8910.335000000001,0.0,0.0,1.0,0.0,,,,
MCH5641,2,24040.78,2,0,0.0,0.0,12020.39,0.0,0.0,1.0,0.0,INACTIVE,MISCELLANEOUS,5999,True
MCH5642,1,19519.25,1,0,0.0,0.0,19519.25,0.0,0.0,1.0,0.0,ENABLED,PHARMACY,5912,True
MCH5643,3,11332.779999999999,2,1,1.0,5374.95,3777.593333333333,0.3333333333333333,0.4742834503096328,0.6666666666666666,0.3333333333333333,,,,
MCH5644,1,19078.0,0,1,1.0,1899.73,19078.0,1.0,0.09957699968550163,0.0,1.0,ACTIVE,CLOTHING,5699,False
MCH5646,1,24917.12,1,0,0.0,0.0,24917.12,0.0,0.0,1.0,0.0,ENABLED,PHONE SERVICE,4814,True
MCH5647,3,42958.24,3,0,0.0,0.0,14319.413333333332,0.0,0.0,1.0,0.0,,,,
MCH5648,3,40309.45,3,0,0.0,0.0,13436.483333333332,0.0,0.0,1.0,0.0,ENABLED,HOSPITALITY,7011,True
MCH5649,1,22066.31,1,0,0.0,0.0,22066.31,0.0,0.0,1.0,0.0,,,,
MCH5650,5,51875.45,3,2,0.0,0.0,10375.09,0.0,0.0,0.6,0.4,,,,
MCH5651,1,4539.38,1,0,0.0,0.0,4539.38,0.0,0.0,1.0,0.0,,,,
MCH5652,3,42876.979999999996,2,1,1.0,2673.31,14292.326666666666,0.3333333333333333,0.062348374349126275,0.6666666666666666,0.3333333333333333,ACTIVE,GROCERIES,5411,False
MCH5653,2,36501.43,2,0,0.0,0.0,18250.715,0.0,0.0,1.0,0.0,,,,
MCH5654,1,22540.62,0,1,0.0,0.0,22540.62,0.0,0.0,0.0,1.0,,,,
MCH5655,1,4198.8,1,0,0.0,0.0,4198.8,0.0,0.0,1.0,0.0,,,,
MCH5656,3,30993.14,3,0,0.0,0.0,10331.046666666667,0.0,0.0,1.0,0.0,INACTIVE,BOOKS_STATIONERY,5942,True
MCH5657,2,31333.3,2,0,0.0,0.0,15666.65,0.0,0.0,1.0,0.0,ENABLED,MISCELLANEOUS,5999,False
MCH5658,3,22945.03,3,0,1.0,384.18,7648.343333333333,0.3333333333333333,0.01674349521443206,1.0,0.0,,,,
MCH5659,2,30187.58,2,0,0.0,0.0,15093.79,0.0,0.0,1.0,0.0,,,,
MCH5660,2,20077.48,2,0,0.0,0.0,10038.74,0.0,0.0,1.0,0.0,ACTIVE,RESTAURANTS,5812.0,True
MCH5661,7,114392.13,6,1,1.0,-686.93,16341.732857142857,0.14285714285714285,-0.006005045976502054,0.8571428571428571,0.14285714285714285,,,,
MCH5662,2,2827.8900000000003,2,0,1.0,8825.16,1413.9450000000002,0.5,3.12075787954977,1.0,0.0,ACTIVE,TRAVEL,4131.0,True
MCH5663,1,23688.6,1,0,0.0,0.0,23688.6,0.0,0.0,1.0,0.0,HOLD,MEDICAL_STORE,5912.0,False
MCH5664,1,12433.87,1,0,0.0,0.0,12433.87,0.0,0.0,1.0,0.0,INACTIVE,EATING PLACE,5812,False
MCH5665,5,49505.7,4,1,0.0,0.0,9901.14,0.0,0.0,0.8,0.2,LIVE,STATIONERY,5942,False
MCH5666,2,5815.389999999999,2,0,0.0,0.0,2907.6949999999997,0.0,0.0,1.0,0.0,,,,
MCH5667,2,13200.95,2,0,1.0,-6269.03,6600.475,0.5,-0.47489233729390684,1.0,0.0,,,,
MCH5668,1,18019.7,1,0,0.0,0.0,18019.7,0.0,0.0,1.0,0.0,,,,
MCH5669,2,29881.989999999998,2,0,0.0,0.0,14940.994999999999,0.0,0.0,1.0,0.0,ENABLED,RESTAURANTS,5812,False
MCH5670,5,57577.76,5,0,1.0,-5731.89,11515.552,0.2,-0.0995504166886659,1.0,0.0,,,,
MCH5671,1,14297.02,1,0,0.0,0.0,14297.02,0.0,0.0,1.0,0.0,LIVE,FASHION,5699,False
MCH5673,4,47054.08,4,0,0.0,0.0,11763.52,0.0,0.0,1.0,0.0,LIVE,BUS/TAXI,4131,False
MCH5674,2,20092.02,2,0,0.0,0.0,10046.01,0.0,0.0,1.0,0.0,LIVE,TRANSPRT,4131,False
MCH5675,2,4790.68,2,0,1.0,4655.0,2395.34,0.5,0.9716783421142718,1.0,0.0,,,,
MCH5676,3,44478.57,2,0,0.0,0.0,14826.19,0.0,0.0,0.6666666666666666,0.0,ACTIVE,RETAIL,5311,True
MCH5677,3,22295.7,3,0,0.0,0.0,7431.900000000001,0.0,0.0,1.0,0.0,,,,
MCH5678,1,10384.49,1,0,0.0,0.0,10384.49,0.0,0.0,1.0,0.0,LIVE,MEDICAL_STORE,5912,True
MCH5679,1,5974.84,1,0,0.0,0.0,5974.84,0.0,0.0,1.0,0.0,,,,
MCH5680,3,30272.35,2,1,0.0,0.0,10090.783333333333,0.0,0.0,0.6666666666666666,0.3333333333333333,,,,
MCH5681,3,60769.13,2,0,0.0,0.0,20256.376666666667,0.0,0.0,0.6666666666666666,0.0,,,,
MCH5682,1,23975.59,1,0,0.0,0.0,23975.59,0.0,0.0,1.0,0.0,,,,
MCH5683,1,19229.0,1,0,0.0,0.0,19229.0,0.0,0.0,1.0,0.0,LIVE,DEPT_STORE,5311.0,True
MCH5684,1,4006.23,1,0,0.0,0.0,4006.23,0.0,0.0,1.0,0.0,ACTIVE,CLOTHS,5699,True
MCH5685,2,24121.239999999998,1,1,0.0,0.0,12060.619999999999,0.0,0.0,0.5,0.5,,,,
MCH5686,1,3257.57,1,0,0.0,0.0,3257.57,0.0,0.0,1.0,0.0,,,,
MCH5687,1,17624.73,0,1,0.0,0.0,17624.73,0.0,0.0,0.0,1.0,ACTIVE,TRANSPORT,4131,False
MCH5688,4,68131.53,2,2,0.0,0.0,17032.8825,0.0,0.0,0.5,0.5,,,,
MCH5689,3,42840.4,2,1,0.0,0.0,14280.133333333333,0.0,0.0,0.6666666666666666,0.3333333333333333,,,,
MCH5690,3,14082.97,2,0,0.0,0.0,4694.323333333333,0.0,0.0,0.6666666666666666,0.0,,,,
MCH5691,1,10814.33,1,0,0.0,0.0,10814.33,0.0,0.0,1.0,0.0,,,,
MCH5692,2,42821.0,2,0,0.0,0.0,21410.5,0.0,0.0,1.0,0.0,,,,
MCH5693,1,22364.53,1,0,0.0,0.0,22364.53,0.0,0.0,1.0,0.0,,,,
MCH5694,2,22965.800000000003,1,0,1.0,485.1,11482.900000000001,0.5,0.021122712903534818,0.5,0.0,,,,
MCH5695,2,-4828.82,2,0,0.0,0.0,-2414.41,0.0,0.0,1.0,0.0,ACTIVE,CLOTHS,5699,False
MCH5696,3,19574.84,2,1,0.0,0.0,6524.946666666667,0.0,0.0,0.6666666666666666,0.3333333333333333,ACTIVE,GROCERY,5411.0,False
MCH5698,2,21587.769999999997,1,1,1.0,4405.58,10793.884999999998,0.5,0.20407758652236893,0.5,0.5,ENABLED,STATIONERY,5942,False
MCH5699,3,39150.21,3,0,0.0,0.0,13050.07,0.0,0.0,1.0,0.0,,,,
MCH5701,4,67510.12,3,1,1.0,1143.89,16877.53,0.25,0.01694397817690148,0.75,0.25,ACTIVE,BUS/TAXI,4131,False
MCH5702,3,45146.91,3,0,1.0,2299.14,15048.970000000001,0.3333333333333333,0.050925744419717756,1.0,0.0,,,,
MCH5703,1,17664.83,1,0,0.0,0.0,17664.83,0.0,0.0,1.0,0.0,,,,
MCH5704,2,37693.62,2,0,1.0,519.74,18846.81,0.5,0.013788540341840343,1.0,0.0,INACTIVE,TRANSPORTATION,4131,True
MCH5705,1,1698.2,1,0,1.0,1339.61,1698.2,1.0,0.7888411258980096,1.0,0.0,ACTIVE,TRANSPORT,4131,True
MCH5706,6,67570.09,5,1,1.0,2175.05,11261.681666666665,0.16666666666666666,0.03218953830015618,0.8333333333333334,0.16666666666666666,,,,
MCH5707,2,29843.28,2,0,0.0,0.0,14921.64,0.0,0.0,1.0,0.0,ACTIVE,KIRANA,5411,True
MCH5708,1,7491.9,1,0,0.0,0.0,7491.9,0.0,0.0,1.0,0.0,,,,
MCH5709,2,19083.41,1,1,0.0,0.0,9541.705,0.0,0.0,0.5,0.5,ACTIVE,TELECOM,4814,False
MCH5710,7,89382.36,5,1,1.0,1239.17,12768.908571428572,0.14285714285714285,0.013863697490198291,0.7142857142857143,0.14285714285714285,ENABLED,BOOK STORE,5942,False
MCH5711,3,25058.14,0,2,0.0,0.0,8352.713333333333,0.0,0.0,0.0,0.6666666666666666,,,,
MCH5712,1,13221.13,1,0,1.0,2992.52,13221.13,1.0,0.22634373915088954,1.0,0.0,ACTIVE,BOOKS,5942.0,True
MCH5714,1,24762.72,1,0,0.0,0.0,24762.72,0.0,0.0,1.0,0.0,,,,
MCH5715,2,32981.94,2,0,0.0,0.0,16490.97,0.0,0.0,1.0,0.0,ACTIVE,PHARMACY,5912,False
MCH5716,3,46818.11,3,0,0.0,0.0,15606.036666666667,0.0,0.0,1.0,0.0,LIVE,PHONE SERVICE,4814,False
MCH5717,3,25364.5,2,1,0.0,0.0,8454.833333333334,0.0,0.0,0.6666666666666666,0.3333333333333333,ACTIVE,STATIONERY,5942,False
MCH5718,4,45576.25,4,0,1.0,2026.3,11394.0625,0.25,0.044459559529360135,1.0,0.0,,,,
MCH5719,2,39724.29,2,0,1.0,7668.14,19862.145,0.5,0.193034035347139,1.0,0.0,,,,
MCH5720,3,20195.17,3,0,0.0,0.0,6731.723333333332,0.0,0.0,1.0,0.0,ACTIVE,BOOKS,5942,False
MCH5721,3,9702.36,3,0,1.0,2477.97,3234.1200000000003,0.3333333333333333,0.2553986865051389,1.0,0.0,,,,
MCH5723,2,20504.22,2,0,0.0,0.0,10252.11,0.0,0.0,1.0,0.0,ENABLED,GROCERY_STORE,,False
MCH5724,1,6345.0,1,0,0.0,0.0,6345.0,0.0,0.0,1.0,0.0,,,,
MCH5725,3,23225.04,3,0,2.0,1299.7,7741.68,0.6666666666666666,0.05596115227358058,1.0,0.0,,,,
MCH5726,2,12322.759999999998,2,0,0.0,0.0,6161.379999999999,0.0,0.0,1.0,0.0,,,,
MCH5727,1,8080.68,1,0,0.0,0.0,8080.68,0.0,0.0,1.0,0.0,ACTIVE,CLOTHING,5699,False
MCH5728,2,21785.13,1,1,0.0,0.0,10892.565,0.0,0.0,0.5,0.5,,,,
MCH5731,2,12265.82,1,1,0.0,0.0,6132.91,0.0,0.0,0.5,0.5,,,,
MCH5732,3,58008.57,2,0,0.0,0.0,19336.19,0.0,0.0,0.6666666666666666,0.0,,,,
MCH5733,3,33834.22,3,0,1.0,2412.7,11278.073333333334,0.3333333333333333,0.07130946124958695,1.0,0.0,,,,
MCH5734,1,24270.25,1,0,0.0,0.0,24270.25,0.0,0.0,1.0,0.0,ENABLED,DEPARTMENT STORE,5311,False
MCH5735,4,40926.659999999996,2,2,0.0,0.0,10231.664999999999,0.0,0.0,0.5,0.5,,,,
MCH5736,1,11039.59,1,0,0.0,0.0,11039.59,0.0,0.0,1.0,0.0,ACTIVE,TRANSPRT,4131,False
MCH5737,3,38585.01,3,0,0.0,0.0,12861.67,0.0,0.0,1.0,0.0,INACTIVE,APPAREL,5699,True
MCH5738,1,12230.54,1,0,0.0,0.0,12230.54,0.0,0.0,1.0,0.0,,,,
MCH5739,3,30157.54,3,0,0.0,0.0,10052.513333333334,0.0,0.0,1.0,0.0,,,,
MCH5740,3,45559.93,3,0,0.0,0.0,15186.643333333333,0.0,0.0,1.0,0.0,ENABLED,CLOTHS,5699,False
MCH5741,1,19736.6,1,0,0.0,0.0,19736.6,0.0,0.0,1.0,0.0,DISABLED,BOOKS_STATIONERY,5942,True
MCH5742,5,80030.21,4,0,0.0,0.0,16006.042000000001,0.0,0.0,0.8,0.0,,,,
MCH5743,5,68630.32,5,0,1.0,10880.54,13726.064000000002,0.2,0.15853838361820258,1.0,0.0,,,,
MCH5744,1,7505.55,1,0,1.0,587.08,7505.55,1.0,0.078219450939638,1.0,0.0,LIVE,HOSPITALITY,7011,False
MCH5745,2,14230.57,2,0,0.0,0.0,7115.285,0.0,0.0,1.0,0.0,LIVE,TRANSPRT,4131,True
MCH5746,3,46316.71,3,0,1.0,641.02,15438.903333333334,0.3333333333333333,0.013839929476856193,1.0,0.0,,,,
MCH5747,2,32993.95,1,1,0.0,0.0,16496.975,0.0,0.0,0.5,0.5,LIVE,FOOD,5812.0,False
MCH5748,5,48503.5,5,0,2.0,2765.16,9700.7,0.4,0.05700949416021524,1.0,0.0,,,,
MCH5750,2,11945.449999999999,2,0,2.0,3056.76,5972.724999999999,1.0,0.25589324805679153,1.0,0.0,,,,
MCH5751,2,33795.78,2,0,2.0,4140.36,16897.89,1.0,0.12251115375943386,1.0,0.0,,,,
MCH5752,3,23901.88,3,0,0.0,0.0,7967.293333333334,0.0,0.0,1.0,0.0,,,,
MCH5753,4,21674.15,3,1,1.0,8276.16,5418.5375,0.25,0.38184473208868625,0.75,0.25,ACTIVE,RESTAURANTS,5812,True
MCH5754,3,28350.8,2,1,0.0,0.0,9450.266666666666,0.0,0.0,0.6666666666666666,0.3333333333333333,,,,
MCH5755,3,58805.240000000005,3,0,0.0,0.0,19601.74666666667,0.0,0.0,1.0,0.0,,,,
MCH5757,5,84543.8,5,0,1.0,1582.19,16908.760000000002,0.2,0.018714441508425217,1.0,0.0,,,,
MCH5758,3,17413.370000000003,2,0,0.0,0.0,5804.456666666668,0.0,0.0,0.6666666666666666,0.0,ACTIVE,RETAIL OTHER,5999,False
MCH5759,4,54895.75,4,0,0.0,0.0,13723.9375,0.0,0.0,1.0,0.0,,,,
MCH5760,2,27193.5,2,0,0.0,0.0,13596.75,0.0,0.0,1.0,0.0,,,,
MCH5761,6,58942.31,5,1,2.0,4814.63,9823.718333333332,0.3333333333333333,0.08168376841694872,0.8333333333333334,0.16666666666666666,,,,
MCH5762,1,20449.69,1,0,1.0,3123.85,20449.69,1.0,0.15275781686666157,1.0,0.0,ACTIVE,BOOKS_STATIONERY,5942,True
MCH5763,2,12942.86,2,0,0.0,0.0,6471.43,0.0,0.0,1.0,0.0,,,,
MCH5764,1,13117.73,1,0,1.0,741.15,13117.73,1.0,0.056499866973935275,1.0,0.0,,,,
MCH5765,1,18653.66,1,0,1.0,0.0,18653.66,1.0,0.0,1.0,0.0,ACTIVE,TRANSPORT,4131,False
MCH5766,3,47291.619999999995,2,0,0.0,0.0,15763.873333333331,0.0,0.0,0.6666666666666666,0.0,ENABLED,TELECOM,4814.0,False
MCH5767,1,6075.45,0,0,1.0,0.0,6075.45,1.0,0.0,0.0,0.0,ACTIVE,TELECOM,4814,False
MCH5768,4,2084.7599999999984,4,0,1.0,1416.0,521.1899999999996,0.25,0.6792148736545219,1.0,0.0,ACTIVE,TELECOM,UNKNOWN,True
MCH5769,5,31419.25,4,1,1.0,0.0,6283.85,0.2,0.0,0.8,0.2,,,,
MCH5771,3,32864.450000000004,1,0,0.0,0.0,10954.816666666668,0.0,0.0,0.3333333333333333,0.0,,,,
MCH5772,2,36416.24,2,0,0.0,0.0,18208.12,0.0,0.0,1.0,0.0,,,,
MCH5773,1,13436.52,1,0,0.0,0.0,13436.52,0.0,0.0,1.0,0.0,,,,
MCH5774,1,13800.19,1,0,0.0,0.0,13800.19,0.0,0.0,1.0,0.0,,,,
MCH5775,3,49246.44,2,0,1.0,7211.97,16415.48,0.3333333333333333,0.14644652486555373,0.6666666666666666,0.0,ENABLED,DEPARTMENT STORE,5311,True
MCH5777,2,20749.28,2,0,0.0,0.0,10374.64,0.0,0.0,1.0,0.0,INACTIVE,RETAIL OTHER,5999,False
MCH5778,4,46112.83,3,0,1.0,1350.91,11528.2075,0.25,0.02929575131259565,0.75,0.0,,,,
MCH5779,1,23528.61,1,0,0.0,0.0,23528.61,0.0,0.0,1.0,0.0,,,,
MCH5780,2,22806.43,2,0,0.0,0.0,11403.215,0.0,0.0,1.0,0.0,INACTIVE,STATIONERY,5942,True
MCH5781,2,24409.88,2,0,0.0,0.0,12204.94,0.0,0.0,1.0,0.0,ACTIVE,HOSPITALITY,7011,False
MCH5782,2,24981.82,2,0,0.0,0.0,12490.91,0.0,0.0,1.0,0.0,,,,
MCH5783,2,2694.0,2,0,0.0,0.0,1347.0,0.0,0.0,1.0,0.0,,,,
MCH5784,1,18224.25,1,0,0.0,0.0,18224.25,0.0,0.0,1.0,0.0,LIVE,GARMENTS,5699,False
MCH5785,4,72599.33,4,0,1.0,1931.29,18149.8325,0.25,0.026602036134493252,1.0,0.0,ACTIVE,CLOTHS,5699,False
MCH5786,1,15222.87,0,1,0.0,0.0,15222.87,0.0,0.0,0.0,1.0,INACTIVE,BUS/TAXI,4131,False
MCH5787,3,21676.21,2,0,0.0,0.0,7225.403333333333,0.0,0.0,0.6666666666666666,0.0,ENABLED,HOTEL_LODGING,7011,False
MCH5788,1,3464.76,1,0,0.0,0.0,3464.76,0.0,0.0,1.0,0.0,,,,
MCH5789,4,48000.409999999996,3,0,1.0,2273.54,12000.102499999999,0.25,0.04736501209052173,0.75,0.0,,,,
MCH5790,2,19036.72,2,0,0.0,0.0,9518.36,0.0,0.0,1.0,0.0,ACTIVE,STATIONERY,5942,False
MCH5791,2,20515.08,1,1,0.0,0.0,10257.54,0.0,0.0,0.5,0.5,,,,
MCH5792,1,23477.64,1,0,0.0,0.0,23477.64,0.0,0.0,1.0,0.0,HOLD,BUS/TAXI,4131,False
MCH5794,2,20849.22,2,0,0.0,0.0,10424.61,0.0,0.0,1.0,0.0,ACTIVE,OTHER,5999,False
MCH5795,1,13282.42,1,0,0.0,0.0,13282.42,0.0,0.0,1.0,0.0,ACTIVE,HOTEL_LODGING,7011,False
MCH5796,2,18828.22,1,0,2.0,13780.14,9414.11,1.0,0.7318875602685755,0.5,0.0,,,,
MCH5797,1,6568.78,1,0,0.0,0.0,6568.78,0.0,0.0,1.0,0.0,ACTIVE,BOOKS,5942,True
MCH5798,5,59583.86,5,0,1.0,2193.93,11916.772,0.2,0.03682087733154582,1.0,0.0,ACTIVE,EATING PLACE,5812,False
MCH5799,1,12664.85,1,0,0.0,0.0,12664.85,0.0,0.0,1.0,0.0,ENABLED,HOTEL,7011,True
MCH5800,4,61231.58,3,0,0.0,0.0,15307.895,0.0,0.0,0.75,0.0,,,,
MCH5802,1,15450.0,1,0,0.0,0.0,15450.0,0.0,0.0,1.0,0.0,,,,
MCH5803,4,27613.95,4,0,1.0,12077.97,6903.4875,0.25,0.4373865383257375,1.0,0.0,,,,
MCH5804,1,554.51,1,0,0.0,0.0,554.51,0.0,0.0,1.0,0.0,,,,
MCH5805,2,11855.89,2,0,0.0,0.0,5927.945,0.0,0.0,1.0,0.0,ACTIVE,BUS/TAXI,4131,False
MCH5806,4,42208.23,4,0,0.0,0.0,10552.0575,0.0,0.0,1.0,0.0,,,,
MCH5807,3,35277.47,2,1,0.0,0.0,11759.156666666668,0.0,0.0,0.6666666666666666,0.3333333333333333,ACTIVE,DEPARTMENT STORE,5311,False
MCH5808,3,47169.57,2,0,1.0,1506.11,15723.19,0.3333333333333333,0.03192969535232142,0.6666666666666666,0.0,,,,
MCH5809,1,9474.0,1,0,0.0,0.0,9474.0,0.0,0.0,1.0,0.0,INACTIVE,STATIONERY,5942,True
MCH5811,3,58693.740000000005,2,0,0.0,0.0,19564.58,0.0,0.0,0.6666666666666666,0.0,,,,
MCH5812,3,26740.449999999997,2,1,0.0,0.0,8913.483333333332,0.0,0.0,0.6666666666666666,0.3333333333333333,ACTIVE,HOTEL,7011,False
MCH5813,5,64358.39,5,0,0.0,0.0,12871.678,0.0,0.0,1.0,0.0,ACTIVE,MOBILE RECHARGE,4814,False
MCH5814,2,22185.53,1,1,0.0,0.0,11092.765,0.0,0.0,0.5,0.5,,,,
MCH5815,1,19969.87,1,0,1.0,3042.0,19969.87,1.0,0.1523294843682007,1.0,0.0,,,,
MCH5816,1,4178.02,1,0,0.0,0.0,4178.02,0.0,0.0,1.0,0.0,,,,
MCH5817,3,29199.68,3,0,0.0,0.0,9733.226666666667,0.0,0.0,1.0,0.0,,,,
MCH5818,2,35091.14,2,0,1.0,2299.02,17545.57,0.5,0.06551568287607641,1.0,0.0,,,,
MCH5819,2,23124.43,2,0,0.0,0.0,11562.215,0.0,0.0,1.0,0.0,,,,
MCH5820,2,-340.2599999999984,2,0,0.0,0.0,-170.1299999999992,0.0,0.0,1.0,0.0,,,,
MCH5821,3,36115.08,3,0,0.0,0.0,12038.36,0.0,0.0,1.0,0.0,,,,
MCH5822,1,21577.02,1,0,0.0,0.0,21577.02,0.0,0.0,1.0,0.0,ACTIVE,RETAIL,5311.0,False
MCH5823,1,19576.79,1,0,0.0,0.0,19576.79,0.0,0.0,1.0,0.0,INACTIVE,DEPARTMENT STORES,5311,True
MCH5824,1,3871.0,1,0,0.0,0.0,3871.0,0.0,0.0,1.0,0.0,,,,
MCH5825,1,8264.89,0,0,1.0,1241.09,8264.89,1.0,0.15016412801622284,0.0,0.0,LIVE,STATIONERY,5942,False
MCH5826,3,21689.67,1,1,1.0,1589.0,7229.889999999999,0.3333333333333333,0.07326068123673621,0.3333333333333333,0.3333333333333333,,,,
MCH5828,2,17072.1,2,0,0.0,0.0,8536.05,0.0,0.0,1.0,0.0,,,,
MCH5829,2,36331.4,2,0,0.0,0.0,18165.7,0.0,0.0,1.0,0.0,SUSPENDED,FOOD,5812,True
MCH5830,3,43264.42,3,0,0.0,0.0,14421.473333333333,0.0,0.0,1.0,0.0,,,,
MCH5831,2,22451.43,1,1,0.0,0.0,11225.715,0.0,0.0,0.5,0.5,LIVE,TELECOM,4814,False
MCH5832,4,71533.59,3,1,2.0,2983.39,17883.3975,0.5,0.04170614112894376,0.75,0.25,,,,
MCH5833,2,20894.03,2,0,0.0,0.0,10447.015,0.0,0.0,1.0,0.0,ENABLED,GROCERY,5411,False
MCH5834,3,48525.28,3,0,0.0,0.0,16175.093333333332,0.0,0.0,1.0,0.0,ACTIVE,FOOD,5812,False
MCH5836,2,11964.71,1,1,0.0,0.0,5982.355,0.0,0.0,0.5,0.5,,,,
MCH5837,2,42996.369999999995,2,0,0.0,0.0,21498.184999999998,0.0,0.0,1.0,0.0,,,,
MCH5838,2,17833.87,2,0,0.0,0.0,8916.935,0.0,0.0,1.0,0.0,,,,
MCH5839,5,20339.08,4,1,0.0,0.0,4067.8160000000003,0.0,0.0,0.8,0.2,,,,
MCH5840,3,32485.58,1,1,1.0,5525.44,10828.526666666667,0.3333333333333333,0.17008900564496615,0.3333333333333333,0.3333333333333333,,,,
MCH5841,1,13484.45,0,0,0.0,0.0,13484.45,0.0,0.0,0.0,0.0,ENABLED,MEDICAL,5912,False
MCH5842,1,17744.69,1,0,0.0,0.0,17744.69,0.0,0.0,1.0,0.0,ACTIVE,STATIONERY,5942,False
MCH5843,2,38816.770000000004,2,0,0.0,0.0,19408.385000000002,0.0,0.0,1.0,0.0,INACTIVE,MOBILE RECHARGE,4814,False
MCH5844,3,19975.29,3,0,1.0,1105.07,6658.43,0.3333333333333333,0.0553218501458552,1.0,0.0,,,,
MCH5845,2,40248.95,1,1,0.0,0.0,20124.475,0.0,0.0,0.5,0.5,ENABLED,RETAIL,5311,True
MCH5846,4,71935.23000000001,4,0,0.0,0.0,17983.807500000003,0.0,0.0,1.0,0.0,,,,
MCH5847,2,28010.05,2,0,0.0,0.0,14005.025,0.0,0.0,1.0,0.0,ACTIVE,HOTEL_LODGING,7011,True
MCH5848,1,14020.9,1,0,0.0,0.0,14020.9,0.0,0.0,1.0,0.0,,,,
MCH5849,3,8077.599999999999,3,0,0.0,0.0,2692.5333333333333,0.0,0.0,1.0,0.0,ACTIVE,FASHION,5699,False
MCH5850,2,25459.07,2,0,0.0,0.0,12729.535,0.0,0.0,1.0,0.0,ACTIVE,CLOTHS,5699,False
MCH5852,2,15800.380000000001,2,0,0.0,0.0,7900.1900000000005,0.0,0.0,1.0,0.0,,,,
MCH5855,1,10451.29,0,1,0.0,0.0,10451.29,0.0,0.0,0.0,1.0,ACTIVE,CLOTHS,,False
MCH5857,3,37622.619999999995,3,0,0.0,0.0,12540.873333333331,0.0,0.0,1.0,0.0,INACTIVE,TELECOM,4814,False
MCH5859,2,20587.41,1,1,0.0,0.0,10293.705,0.0,0.0,0.5,0.5,,,,
MCH5860,3,36186.670000000006,3,0,0.0,0.0,12062.223333333335,0.0,0.0,1.0,0.0,,,,
MCH5861,3,37754.82,2,1,0.0,0.0,12584.94,0.0,0.0,0.6666666666666666,0.3333333333333333,ACTIVE,FOOD,5812,False
MCH5862,3,23601.78,3,0,0.0,0.0,7867.259999999999,0.0,0.0,1.0,0.0,,,,
MCH5863,1,3327.0,1,0,1.0,33975.77,3327.0,1.0,10.212134054703936,1.0,0.0,,,,
MCH5865,4,54537.24,2,0,2.0,350.78,13634.31,0.5,0.006431935316125275,0.5,0.0,,,,
MCH5866,3,26906.54,1,1,0.0,0.0,8968.846666666666,0.0,0.0,0.3333333333333333,0.3333333333333333,,,,
MCH5867,4,41150.13,4,0,0.0,0.0,10287.5325,0.0,0.0,1.0,0.0,,,,
MCH5868,4,65230.03,4,0,0.0,0.0,16307.5075,0.0,0.0,1.0,0.0,,,,
MCH5869,1,16165.0,1,0,0.0,0.0,16165.0,0.0,0.0,1.0,0.0,,,,
MCH5870,1,6627.76,1,0,0.0,0.0,6627.76,0.0,0.0,1.0,0.0,HOLD,TRANSPRT,4131,False
MCH5871,2,32217.85,1,1,0.0,0.0,16108.925,0.0,0.0,0.5,0.5,,,,
MCH5872,2,31609.29,2,0,0.0,0.0,15804.645,0.0,0.0,1.0,0.0,ACTIVE,GROCERIES,5411,True
MCH5873,1,13097.0,1,0,0.0,0.0,13097.0,0.0,0.0,1.0,0.0,ENABLED,MISCELLANEOUS,5999,False
MCH5874,3,41939.3,1,1,0.0,0.0,13979.766666666668,0.0,0.0,0.3333333333333333,0.3333333333333333,LIVE,HOTEL,7011,True
MCH5875,2,11220.59,2,0,1.0,1770.58,5610.295,0.5,0.1577974063752441,1.0,0.0,,,,
MCH5876,4,41481.56,4,0,1.0,1100.37,10370.39,0.25,0.026526726574410412,1.0,0.0,,,,
MCH5877,1,23569.0,1,0,0.0,0.0,23569.0,0.0,0.0,1.0,0.0,,,,
MCH5878,3,29573.05,2,0,0.0,0.0,9857.683333333332,0.0,0.0,0.6666666666666666,0.0,,,,
MCH5879,2,18211.829999999998,2,0,2.0,577.53,9105.914999999999,1.0,0.031711804909226586,1.0,0.0,ACTIVE,MOBILE RECHARGE,4814,False
MCH5880,2,18227.29,2,0,0.0,0.0,9113.645,0.0,0.0,1.0,0.0,ENABLED,FASHION,5699,False
MCH5881,2,12013.109999999999,2,0,0.0,0.0,6006.554999999999,0.0,0.0,1.0,0.0,LIVE,GROCERY STORES,5411,True
MCH5882,2,12615.0,2,0,2.0,1219.73,6307.5,1.0,0.09668886246531906,1.0,0.0,INACTIVE,PHONE SERVICE,misc,False
MCH5883,4,57509.85,4,0,0.0,0.0,14377.4625,0.0,0.0,1.0,0.0,ACTIVE,BOOKS_STATIONERY,,False
MCH5884,4,58005.770000000004,4,0,0.0,0.0,14501.442500000001,0.0,0.0,1.0,0.0,ACTIVE,BUS/TAXI,4131,False
MCH5885,3,68476.06,3,0,0.0,0.0,22825.353333333333,0.0,0.0,1.0,0.0,,,,
MCH5886,4,35886.439999999995,2,2,0.0,0.0,8971.609999999999,0.0,0.0,0.5,0.5,,,,
MCH5888,2,22053.09,2,0,0.0,0.0,11026.545,0.0,0.0,1.0,0.0,,,,
MCH5889,2,37906.25,1,0,1.0,10606.78,18953.125,0.5,0.2798161253091509,0.5,0.0,,,,
MCH5890,1,18274.38,1,0,0.0,0.0,18274.38,0.0,0.0,1.0,0.0,INACTIVE,DEPARTMENT STORE,5311,False
MCH5891,3,1578.0599999999977,3,0,3.0,2204.8500000000004,526.0199999999992,1.0,1.3971902209041505,1.0,0.0,,,,
MCH5894,1,16556.56,1,0,0.0,0.0,16556.56,0.0,0.0,1.0,0.0,ENABLED,RETAIL,5311,False
MCH5895,3,43542.75,3,0,0.0,0.0,14514.25,0.0,0.0,1.0,0.0,ACTIVE,TRAVEL,4131.0,False
MCH5896,1,22873.0,0,1,1.0,1644.04,22873.0,1.0,0.0718768854107463,0.0,1.0,ACTIVE,BOOK STORE,5942.0,False
MCH5897,3,43230.05,3,0,1.0,16937.48,14410.016666666668,0.3333333333333333,0.3917987603530414,1.0,0.0,LIVE,MEDICAL_STORE,5912,False
MCH5898,2,18883.09,2,0,0.0,0.0,9441.545,0.0,0.0,1.0,0.0,ENABLED,CLOTHS,5699,True
MCH5899,2,25982.25,2,0,0.0,0.0,12991.125,0.0,0.0,1.0,0.0,,,,
MCH5900,1,13009.32,0,0,0.0,0.0,13009.32,0.0,0.0,0.0,0.0,ENABLED,PHARMACY,5912,False
MCH5901,3,50285.28,3,0,1.0,6345.72,16761.76,0.3333333333333333,0.1261943853151459,1.0,0.0,,,,
MCH5902,2,19011.64,2,0,0.0,0.0,9505.82,0.0,0.0,1.0,0.0,ACTIVE,DEPARTMENT STORE,5311,False
MCH5903,2,3842.3199999999997,2,0,0.0,0.0,1921.1599999999999,0.0,0.0,1.0,0.0,,,,
MCH5904,4,47543.28,2,2,0.0,0.0,11885.82,0.0,0.0,0.5,0.5,ENABLED,FASHION,5699.0,False
MCH5905,1,1896.19,1,0,0.0,0.0,1896.19,0.0,0.0,1.0,0.0,ENABLED,RESTAURANTS,5812,True
MCH5906,1,1372.95,1,0,0.0,0.0,1372.95,0.0,0.0,1.0,0.0,,,,
MCH5907,2,15712.6,1,1,0.0,0.0,7856.3,0.0,0.0,0.5,0.5,,,,
MCH5908,1,6025.41,1,0,0.0,0.0,6025.41,0.0,0.0,1.0,0.0,,,,
MCH5909,2,5959.4,1,1,1.0,3784.33,2979.7,0.5,0.6350186260361782,0.5,0.5,,,,
MCH5910,1,23765.34,1,0,0.0,0.0,23765.34,0.0,0.0,1.0,0.0,,,,
MCH5911,2,7554.41,2,0,0.0,0.0,3777.205,0.0,0.0,1.0,0.0,LIVE,RETAIL,5311,False
MCH5912,2,32001.14,2,0,0.0,0.0,16000.57,0.0,0.0,1.0,0.0,ACTIVE,MOBILE RECHARGE,4814,True
MCH5913,1,5994.22,1,0,0.0,0.0,5994.22,0.0,0.0,1.0,0.0,,,,
MCH5914,1,5837.36,1,0,0.0,0.0,5837.36,0.0,0.0,1.0,0.0,ENABLED,DEPT_STORE,5311,True
MCH5915,2,28158.04,2,0,0.0,0.0,14079.02,0.0,0.0,1.0,0.0,LIVE,TRANSPORT,4131,False
MCH5916,3,55056.79,3,0,0.0,0.0,18352.263333333332,0.0,0.0,1.0,0.0,,,,
MCH5917,3,41981.979999999996,2,0,2.0,27364.86,13993.993333333332,0.6666666666666666,0.6518239492277401,0.6666666666666666,0.0,SUSPENDED,PHARMACIES,5912,False
MCH5918,3,60292.6,3,0,0.0,0.0,20097.533333333333,0.0,0.0,1.0,0.0,LIVE,GARMENTS,5699,False
MCH5919,1,-9084.68,1,0,0.0,0.0,-9084.68,0.0,0.0,1.0,0.0,,,,
MCH5920,3,52198.67,2,0,1.0,1247.52,17399.556666666667,0.3333333333333333,0.023899459507301622,0.6666666666666666,0.0,,,,
MCH5921,3,38800.05,3,0,1.0,2576.33,12933.35,0.3333333333333333,0.06640017216472659,1.0,0.0,INACTIVE,HOTEL,7011,False
MCH5922,6,74928.95,6,0,3.0,7584.43,12488.158333333333,0.5,0.10122162395175698,1.0,0.0,,,,
MCH5923,3,31178.2,3,0,0.0,0.0,10392.733333333334,0.0,0.0,1.0,0.0,DISABLED,MOBILE RECHARGE,4814,True
MCH5924,2,34642.36,1,1,0.0,0.0,17321.18,0.0,0.0,0.5,0.5,LIVE,PHONE SERVICE,4814,False
MCH5925,5,50918.52,5,0,1.0,2179.89,10183.704,0.2,0.042811338585646244,1.0,0.0,,,,
MCH5926,3,38329.32,2,0,0.0,0.0,12776.44,0.0,0.0,0.6666666666666666,0.0,,,,
MCH5927,2,26066.149999999998,2,0,0.0,0.0,13033.074999999999,0.0,0.0,1.0,0.0,ACTIVE,GARMENTS,5699,False
MCH5928,1,13456.99,1,0,0.0,0.0,13456.99,0.0,0.0,1.0,0.0,,,,
MCH5929,3,32428.76,3,0,0.0,0.0,10809.586666666666,0.0,0.0,1.0,0.0,ENABLED,HOTELS,7011,True
MCH5930,2,27013.66,1,1,0.0,0.0,13506.83,0.0,0.0,0.5,0.5,,,,
MCH5931,1,11141.39,1,0,0.0,0.0,11141.39,0.0,0.0,1.0,0.0,,,,
MCH5932,1,21312.45,1,0,1.0,1208.71,21312.45,1.0,0.056713798742049834,1.0,0.0,INACTIVE,TELECOM,4814,False
MCH5933,2,-15716.259999999998,2,0,1.0,508.21,-7858.129999999999,0.5,0.0,1.0,0.0,ACTIVE,RETAIL OTHER,5999,False
MCH5934,2,30624.72,2,0,0.0,0.0,15312.36,0.0,0.0,1.0,0.0,LIVE,TRANSPORT,4131.0,True
MCH5935,3,34423.59,2,1,0.0,0.0,11474.529999999999,0.0,0.0,0.6666666666666666,0.3333333333333333,,,,
MCH5936,2,13045.59,2,0,0.0,0.0,6522.795,0.0,0.0,1.0,0.0,,,,
MCH5937,2,42721.41,2,0,0.0,0.0,21360.705,0.0,0.0,1.0,0.0,DISABLED,GROCERY,5411,False
MCH5938,2,20615.98,1,1,1.0,1061.55,10307.99,0.5,0.051491609906490016,0.5,0.5,ACTIVE,OTHER,5999,True
MCH5940,4,68697.02,3,1,2.0,863.79,17174.255,0.5,0.012573907863834558,0.75,0.25,,,,
MCH5941,2,17094.89,1,0,1.0,2316.9,8547.445,0.5,0.13553172907225494,0.5,0.0,INACTIVE,BOOKS,5942,False
MCH5942,1,13234.46,1,0,0.0,0.0,13234.46,0.0,0.0,1.0,0.0,,,,
MCH5943,1,9126.91,1,0,0.0,0.0,9126.91,0.0,0.0,1.0,0.0,,,,
MCH5944,1,20049.83,1,0,0.0,0.0,20049.83,0.0,0.0,1.0,0.0,ACTIVE,TRANSPRT,4131,True
MCH5945,1,13492.19,0,0,0.0,0.0,13492.19,0.0,0.0,0.0,0.0,,,,
MCH5946,2,31068.480000000003,1,1,1.0,14158.32,15534.240000000002,0.5,0.45571331458764636,0.5,0.5,,,,
MCH5947,4,59662.32,4,0,0.0,0.0,14915.58,0.0,0.0,1.0,0.0,,,,
MCH5948,2,35685.57,2,0,0.0,0.0,17842.785,0.0,0.0,1.0,0.0,,,,
MCH5950,1,5468.77,1,0,0.0,0.0,5468.77,0.0,0.0,1.0,0.0,ACTIVE,RETAIL OTHER,5999,True
MCH5951,2,29687.829999999998,2,0,0.0,0.0,14843.914999999999,0.0,0.0,1.0,0.0,ACTIVE,DEPARTMENT STORE,5311,False
MCH5952,2,24312.370000000003,2,0,0.0,0.0,12156.185000000001,0.0,0.0,1.0,0.0,,,,
MCH5953,2,19787.04,2,0,2.0,4655.030000000001,9893.52,1.0,0.2352565113326703,1.0,0.0,LIVE,GARMENTS,5699,False
MCH5954,2,28731.989999999998,2,0,0.0,0.0,14365.994999999999,0.0,0.0,1.0,0.0,ACTIVE,RESTAURANT,UNKNOWN,False
MCH5955,2,18332.15,2,0,1.0,5092.34,9166.075,0.5,0.277781929560908,1.0,0.0,LIVE,MOBILE RECHARGE,4814,True
MCH5956,1,14467.76,1,0,0.0,0.0,14467.76,0.0,0.0,1.0,0.0,,,,
MCH5957,2,14425.630000000001,2,0,0.0,0.0,7212.8150000000005,0.0,0.0,1.0,0.0,DISABLED,BOOKS_STATIONERY,5942,False
MCH5958,1,9288.06,1,0,0.0,0.0,9288.06,0.0,0.0,1.0,0.0,CLOSED,RESTAURANTS,5812,False
MCH5959,5,63464.840000000004,4,1,1.0,4452.54,12692.968,0.2,0.07015758646835003,0.8,0.2,INACTIVE,BOOK STORE,5942,False
MCH5960,2,13505.52,1,1,0.0,0.0,6752.76,0.0,0.0,0.5,0.5,,,,
MCH5961,2,14426.49,2,0,0.0,0.0,7213.245,0.0,0.0,1.0,0.0,LIVE,RESTAURANT,5812,False
MCH5962,1,22038.0,1,0,0.0,0.0,22038.0,0.0,0.0,1.0,0.0,,,,
MCH5963,6,63845.68000000001,6,0,1.0,-326.69,10640.946666666669,0.16666666666666666,-0.0051168693011022824,1.0,0.0,LIVE,RESTAURANTS,5812,True
MCH5964,3,40698.979999999996,2,1,0.0,0.0,13566.326666666666,0.0,0.0,0.6666666666666666,0.3333333333333333,,,,
MCH5965,1,11211.49,1,0,1.0,1590.47,11211.49,1.0,0.14186071610463907,1.0,0.0,ACTIVE,PHONE SERVICE,4814,False
MCH5966,2,32440.47,2,0,1.0,3918.28,16220.235,0.5,0.12078370011285287,1.0,0.0,LIVE,GROCERY STORES,misc,False
MCH5967,3,42831.79,3,0,0.0,0.0,14277.263333333334,0.0,0.0,1.0,0.0,,,,
MCH5968,1,12052.46,1,0,1.0,475.0,12052.46,1.0,0.039411041397357884,1.0,0.0,ACTIVE,DEPT_STORE,5311,False
MCH5969,1,13660.73,1,0,0.0,0.0,13660.73,0.0,0.0,1.0,0.0,,,,
MCH5970,1,22050.24,1,0,0.0,0.0,22050.24,0.0,0.0,1.0,0.0,INACTIVE,CLOTHING,5699,False
MCH5971,6,55184.1,5,0,0.0,0.0,9197.35,0.0,0.0,0.8333333333333334,0.0,,,,
MCH5972,2,28369.949999999997,1,1,1.0,613.06,14184.974999999999,0.5,0.021609484683617702,0.5,0.5,ENABLED,BOOKS_STATIONERY,5942,True
MCH5973,1,12227.56,1,0,0.0,0.0,12227.56,0.0,0.0,1.0,0.0,LIVE,FASHION,5699,False
MCH5975,3,58798.51,3,0,1.0,3023.77,19599.503333333334,0.3333333333333333,0.05142596300484485,1.0,0.0,,,,
MCH5976,3,38331.94,1,0,0.0,0.0,12777.313333333334,0.0,0.0,0.3333333333333333,0.0,,,,
MCH5977,1,10043.34,1,0,0.0,0.0,10043.34,0.0,0.0,1.0,0.0,,,,
MCH5978,1,7061.64,1,0,0.0,0.0,7061.64,0.0,0.0,1.0,0.0,,,,
MCH5980,2,25578.03,1,1,0.0,0.0,12789.015,0.0,0.0,0.5,0.5,ACTIVE,TRANSPRT,4131,True
MCH5981,2,2775.390000000003,2,0,1.0,0.0,1387.6950000000015,0.5,0.0,1.0,0.0,,,,
MCH5982,1,24121.0,0,0,0.0,0.0,24121.0,0.0,0.0,0.0,0.0,,,,
MCH5983,4,28406.85,4,0,0.0,0.0,7101.7125,0.0,0.0,1.0,0.0,LIVE,DEPARTMENT STORE,5311,False
MCH5984,2,22635.64,2,0,0.0,0.0,11317.82,0.0,0.0,1.0,0.0,LIVE,OTHER,5999,True
MCH5985,2,24743.36,2,0,1.0,1190.0,12371.68,0.5,0.048093710797563465,1.0,0.0,,,,
MCH5986,1,21950.58,1,0,0.0,0.0,21950.58,0.0,0.0,1.0,0.0,,,,
MCH5987,3,31947.14,3,0,0.0,0.0,10649.046666666667,0.0,0.0,1.0,0.0,,,,
MCH5988,3,35708.76,3,0,0.0,0.0,11902.92,0.0,0.0,1.0,0.0,,,,
MCH5989,2,20595.72,2,0,0.0,0.0,10297.86,0.0,0.0,1.0,0.0,,,,
MCH5990,3,33411.72,2,0,0.0,0.0,11137.24,0.0,0.0,0.6666666666666666,0.0,,,,
MCH5992,1,2451.7,1,0,0.0,0.0,2451.7,0.0,0.0,1.0,0.0,ACTIVE,CHEMIST,5912,False
MCH5993,1,2946.37,1,0,0.0,0.0,2946.37,0.0,0.0,1.0,0.0,,,,
MCH5994,1,12886.23,1,0,0.0,0.0,12886.23,0.0,0.0,1.0,0.0,,,,
MCH5995,2,10318.01,0,2,0.0,0.0,5159.005,0.0,0.0,0.0,1.0,LIVE,EATING PLACE,5812,True
MCH5996,1,21183.95,0,0,0.0,0.0,21183.95,0.0,0.0,0.0,0.0,,,,
MCH5997,3,35326.94,3,0,0.0,0.0,11775.646666666667,0.0,0.0,1.0,0.0,INACTIVE,MEDICAL,5912,False
MCH6000,2,22819.0,1,0,0.0,0.0,11409.5,0.0,0.0,0.5,0.0,,,,
MCH6001,2,15812.44,2,0,0.0,0.0,7906.22,0.0,0.0,1.0,0.0,ACTIVE,HOTELS,7011,False
MCH6002,5,49695.100000000006,4,0,0.0,0.0,9939.02,0.0,0.0,0.8,0.0,ACTIVE,MEDICAL_STORE,5912,True
MCH6003,1,7307.43,1,0,0.0,0.0,7307.43,0.0,0.0,1.0,0.0,,,,
MCH6004,3,42943.01,3,0,1.0,648.02,14314.336666666668,0.3333333333333333,0.015090232380077688,1.0,0.0,ACTIVE,EATING PLACE,5812,False
MCH6005,3,48640.69,3,0,0.0,0.0,16213.563333333334,0.0,0.0,1.0,0.0,,,,
MCH6006,3,48242.29,3,0,0.0,0.0,16080.763333333334,0.0,0.0,1.0,0.0,,,,
MCH6007,2,36546.259999999995,2,0,1.0,4079.0,18273.129999999997,0.5,0.11161196795513414,1.0,0.0,,,,
MCH6008,4,53630.119999999995,4,0,0.0,0.0,13407.529999999999,0.0,0.0,1.0,0.0,,,,
MCH6009,4,79151.28,3,0,0.0,0.0,19787.82,0.0,0.0,0.75,0.0,ACTIVE,STATIONERY,UNKNOWN,False
MCH6010,2,15629.36,1,1,1.0,-2284.5,7814.68,0.5,-0.14616721350074474,0.5,0.5,ACTIVE,PHARMACIES,5912,False
MCH6011,3,36839.35,3,0,0.0,0.0,12279.783333333333,0.0,0.0,1.0,0.0,,,,
MCH6012,4,51536.64,2,2,0.0,0.0,12884.16,0.0,0.0,0.5,0.5,,,,
MCH6013,1,16712.0,1,0,0.0,0.0,16712.0,0.0,0.0,1.0,0.0,DISABLED,APPAREL,5699,False
MCH6014,3,47907.78,3,0,0.0,0.0,15969.26,0.0,0.0,1.0,0.0,,,,
MCH6015,4,47991.58,4,0,1.0,4533.6,11997.895,0.25,0.09446657101099819,1.0,0.0,,,,
MCH6016,3,59739.4,3,0,0.0,0.0,19913.133333333335,0.0,0.0,1.0,0.0,LIVE,BOOK STORE,5942,True
MCH6017,2,24051.76,2,0,0.0,0.0,12025.88,0.0,0.0,1.0,0.0,INACTIVE,TELECOM,4814,True
MCH6018,2,10827.029999999999,2,0,0.0,0.0,5413.514999999999,0.0,0.0,1.0,0.0,,,,
MCH6019,1,8306.1,1,0,0.0,0.0,8306.1,0.0,0.0,1.0,0.0,ENABLED,FOOD,UNKNOWN,False
MCH6020,2,25247.52,2,0,0.0,0.0,12623.76,0.0,0.0,1.0,0.0,ACTIVE,BOOKS,5942,False
MCH6021,2,20441.8,2,0,0.0,0.0,10220.9,0.0,0.0,1.0,0.0,,,,
MCH6022,2,21491.18,2,0,1.0,0.0,10745.59,0.5,0.0,1.0,0.0,,,,
MCH6023,3,47262.619999999995,3,0,1.0,216.49,15754.206666666665,0.3333333333333333,0.004580575516126699,1.0,0.0,ACTIVE,KIRANA,5411,False
MCH6024,2,38978.68,2,0,0.0,0.0,19489.34,0.0,0.0,1.0,0.0,LIVE,RESTAURANTS,5812,True
MCH6026,2,36214.04,2,0,0.0,0.0,18107.02,0.0,0.0,1.0,0.0,ENABLED,BOOKS,5942,False
MCH6027,1,7542.61,1,0,0.0,0.0,7542.61,0.0,0.0,1.0,0.0,,,,
MCH6028,5,76647.63,5,0,0.0,0.0,15329.526000000002,0.0,0.0,1.0,0.0,ACTIVE,HOSPITALITY,7011,False
MCH6029,2,13792.49,2,0,0.0,0.0,6896.245,0.0,0.0,1.0,0.0,,,,
MCH6030,1,11137.53,1,0,0.0,0.0,11137.53,0.0,0.0,1.0,0.0,ACTIVE,MISCELLANEOUS,5999,False
MCH6031,1,16115.51,1,0,0.0,0.0,16115.51,0.0,0.0,1.0,0.0,ENABLED,CLOTHS,5699,False
MCH6032,2,13992.88,1,0,0.0,0.0,6996.44,0.0,0.0,0.5,0.0,,,,
MCH6033,3,47718.09,2,1,1.0,6758.4,15906.029999999999,0.3333333333333333,0.14163182139100705,0.6666666666666666,0.3333333333333333,ACTIVE,OTHER,5999,True
MCH6034,2,9189.49,1,1,0.0,0.0,4594.745,0.0,0.0,0.5,0.5,ACTIVE,MEDICAL_STORE,5912,False
MCH6035,1,6154.0,1,0,0.0,0.0,6154.0,0.0,0.0,1.0,0.0,ENABLED,EATING PLACE,5812,True
MCH6036,3,45139.6,3,0,0.0,0.0,15046.533333333333,0.0,0.0,1.0,0.0,ACTIVE,FASHION,5699,False
MCH6037,2,15174.99,2,0,0.0,0.0,7587.495,0.0,0.0,1.0,0.0,,,,
MCH6039,2,17896.07,2,0,0.0,0.0,8948.035,0.0,0.0,1.0,0.0,ACTIVE,TELECOM,4814,False
MCH6040,1,1598.32,1,0,1.0,958.61,1598.32,1.0,0.5997609990490015,1.0,0.0,,,,
MCH6041,1,886.84,1,0,0.0,0.0,886.84,0.0,0.0,1.0,0.0,,,,
MCH6042,1,4476.0,0,1,0.0,0.0,4476.0,0.0,0.0,0.0,1.0,,,,
MCH6043,1,-19877.34,1,0,0.0,0.0,-19877.34,0.0,0.0,1.0,0.0,ACTIVE,GROCERIES,5411,True
MCH6044,2,15816.18,2,0,0.0,0.0,7908.09,0.0,0.0,1.0,0.0,LIVE,HOSPITALITY,7011,False
MCH6045,2,37079.62,2,0,0.0,0.0,18539.81,0.0,0.0,1.0,0.0,ACTIVE,PHARMACY,5912,False
MCH6046,1,18227.89,1,0,0.0,0.0,18227.89,0.0,0.0,1.0,0.0,ACTIVE,OTHER,5999,False
MCH6049,2,17206.94,1,1,1.0,15432.0,8603.47,0.5,0.8968474348140926,0.5,0.5,,,,
MCH6050,4,35028.17,4,0,0.0,0.0,8757.0425,0.0,0.0,1.0,0.0,ACTIVE,RESTAURANTS,5812,False
MCH6051,3,28452.31,3,0,1.0,3052.0,9484.103333333334,0.3333333333333333,0.10726721310150213,1.0,0.0,ENABLED,DEPARTMENT STORES,5311,False
MCH6052,1,9370.0,1,0,0.0,0.0,9370.0,0.0,0.0,1.0,0.0,LIVE,PHARMACY,5912,False
MCH6053,3,40250.24,3,0,0.0,0.0,13416.746666666666,0.0,0.0,1.0,0.0,LIVE,RETAIL OTHER,5999,True
MCH6055,5,73393.19,5,0,0.0,0.0,14678.638,0.0,0.0,1.0,0.0,,,,
MCH6056,3,38215.25,3,0,0.0,0.0,12738.416666666666,0.0,0.0,1.0,0.0,ENABLED,TRANSPORT,4131,False
MCH6060,1,23524.74,1,0,0.0,0.0,23524.74,0.0,0.0,1.0,0.0,DISABLED,TRANSPORTATION,4131.0,False
MCH6061,5,87402.38,3,2,0.0,0.0,17480.476000000002,0.0,0.0,0.6,0.4,ACTIVE,MEDICAL,5912,True
MCH6062,3,68486.63,2,1,0.0,0.0,22828.876666666667,0.0,0.0,0.6666666666666666,0.3333333333333333,LIVE,CLOTHING,5699,True
MCH6063,3,54277.78,3,0,0.0,0.0,18092.593333333334,0.0,0.0,1.0,0.0,,,,
MCH6064,2,32178.59,2,0,2.0,5203.32,16089.295,1.0,0.1617013051224432,1.0,0.0,ACTIVE,FOOD_SERVICES,5812,True
MCH6065,3,32116.17,3,0,0.0,0.0,10705.39,0.0,0.0,1.0,0.0,,,,
MCH6066,2,22638.82,2,0,0.0,0.0,11319.41,0.0,0.0,1.0,0.0,,,,
MCH6067,3,21674.510000000002,2,1,0.0,0.0,7224.836666666667,0.0,0.0,0.6666666666666666,0.3333333333333333,INACTIVE,HOSPITALITY,UNKNOWN,False
MCH6068,3,30275.47,3,0,1.0,3888.0,10091.823333333334,0.3333333333333333,0.12842079743105556,1.0,0.0,,,,
MCH6069,4,64493.42,4,0,1.0,0.0,16123.355,0.25,0.0,1.0,0.0,ACTIVE,FASHION,,False
MCH6070,1,18525.19,1,0,0.0,0.0,18525.19,0.0,0.0,1.0,0.0,,,,
MCH6071,4,67951.02,4,0,0.0,0.0,16987.755,0.0,0.0,1.0,0.0,ACTIVE,DEPT_STORE,5311,False
MCH6072,2,31081.989999999998,2,0,0.0,0.0,15540.994999999999,0.0,0.0,1.0,0.0,LIVE,OTHER,misc,False
MCH6073,1,5964.86,1,0,0.0,0.0,5964.86,0.0,0.0,1.0,0.0,,,,
MCH6074,5,68051.73,5,0,0.0,0.0,13610.346,0.0,0.0,1.0,0.0,,,,
MCH6075,4,65545.48999999999,3,1,2.0,427.33,16386.372499999998,0.5,0.006519594254311014,0.75,0.25,LIVE,MOBILE RECHARGE,4814,False
MCH6076,1,19234.93,1,0,0.0,0.0,19234.93,0.0,0.0,1.0,0.0,,,,
MCH6077,2,19137.72,1,0,0.0,0.0,9568.86,0.0,0.0,0.5,0.0,,,,
MCH6078,2,28511.45,2,0,0.0,0.0,14255.725,0.0,0.0,1.0,0.0,ACTIVE,TELECOM,4814,False
MCH6079,1,3565.73,1,0,1.0,16936.0,3565.73,1.0,4.7496585551906625,1.0,0.0,ACTIVE,TRANSPORT,4131,True
MCH6080,5,63965.83,3,2,0.0,0.0,12793.166000000001,0.0,0.0,0.6,0.4,INACTIVE,GROCERY_STORE,5411,False
MCH6081,4,54433.33,4,0,0.0,0.0,13608.3325,0.0,0.0,1.0,0.0,,,,
MCH6082,1,20954.5,1,0,0.0,0.0,20954.5,0.0,0.0,1.0,0.0,,,,
MCH6083,2,41086.59,2,0,0.0,0.0,20543.295,0.0,0.0,1.0,0.0,ENABLED,GROCERY_STORE,5411,False
MCH6084,3,42265.14,3,0,1.0,2419.56,14088.38,0.3333333333333333,0.05724717817094655,1.0,0.0,ACTIVE,BUS/TAXI,UNKNOWN,True
MCH6085,1,22425.91,1,0,0.0,0.0,22425.91,0.0,0.0,1.0,0.0,,,,
MCH6086,1,23204.02,1,0,1.0,-759.33,23204.02,1.0,-0.03272407108768222,1.0,0.0,,,,
MCH6087,4,31022.219999999998,4,0,1.0,2431.27,7755.554999999999,0.25,0.07837188956818694,1.0,0.0,,,,
MCH6089,2,12850.460000000001,1,1,0.0,0.0,6425.2300000000005,0.0,0.0,0.5,0.5,,,,
MCH6090,3,31298.62,2,0,2.0,4972.63,10432.873333333333,0.6666666666666666,0.15887697285056018,0.6666666666666666,0.0,LIVE,HOTEL,7011,True
MCH6091,2,35475.17,2,0,1.0,5740.0,17737.585,0.5,0.1618033120066796,1.0,0.0,ACTIVE,STATIONERY,5942,True
MCH6092,4,57861.87,4,0,3.0,-4355.85,14465.4675,0.75,-0.075280145629583,1.0,0.0,,,,
MCH6093,2,22930.07,2,0,0.0,0.0,11465.035,0.0,0.0,1.0,0.0,,,,
MCH6094,5,64330.64,5,0,0.0,0.0,12866.128,0.0,0.0,1.0,0.0,,,,
MCH6095,3,31648.78,3,0,3.0,3415.46,10549.593333333332,1.0,0.10791758797653496,1.0,0.0,LIVE,STATIONERY,,False
MCH6096,2,13964.42,0,1,0.0,0.0,6982.21,0.0,0.0,0.0,0.5,,,,
MCH6097,3,21691.57,3,0,1.0,1890.0,7230.5233333333335,0.3333333333333333,0.0871306226335853,1.0,0.0,LIVE,RESTAURANT,5812.0,False
MCH6098,2,33141.11,1,1,1.0,1625.15,16570.555,0.5,0.04903728330161543,0.5,0.5,,,,
MCH6100,2,14318.66,2,0,0.0,0.0,7159.33,0.0,0.0,1.0,0.0,ENABLED,BOOKS_STATIONERY,5942,False
MCH6101,4,32959.26,4,0,0.0,0.0,8239.815,0.0,0.0,1.0,0.0,ACTIVE,MEDICAL,5912.0,True
MCH6102,1,23989.24,1,0,0.0,0.0,23989.24,0.0,0.0,1.0,0.0,ACTIVE,HOTEL,7011,True
MCH6103,2,22607.43,2,0,2.0,6166.88,11303.715,1.0,0.2727811166505879,1.0,0.0,,,,
MCH6104,1,16349.42,1,0,0.0,0.0,16349.42,0.0,0.0,1.0,0.0,INACTIVE,DEPARTMENT STORE,5311,False
MCH6105,4,52477.229999999996,4,0,1.0,562.29,13119.307499999999,0.25,0.010714932933769562,1.0,0.0,ACTIVE,HOTELS,7011,True
MCH6106,1,10229.09,1,0,1.0,12509.66,10229.09,1.0,1.2229494510264354,1.0,0.0,,,,
MCH6107,4,55056.65,4,0,1.0,1852.28,13764.1625,0.25,0.03364316572112542,1.0,0.0,ACTIVE,OTHER,5999,True
MCH6108,1,17394.0,1,0,0.0,0.0,17394.0,0.0,0.0,1.0,0.0,,,,
MCH6109,4,49605.78,2,2,0.0,0.0,12401.445,0.0,0.0,0.5,0.5,ACTIVE,TELECOM,4814,False
MCH6110,1,18192.56,1,0,0.0,0.0,18192.56,0.0,0.0,1.0,0.0,,,,
MCH6111,2,22517.93,1,1,0.0,0.0,11258.965,0.0,0.0,0.5,0.5,,,,
MCH6112,3,40914.67,2,1,0.0,0.0,13638.223333333333,0.0,0.0,0.6666666666666666,0.3333333333333333,LIVE,BOOKS,5942,False
MCH6113,1,20288.53,1,0,0.0,0.0,20288.53,0.0,0.0,1.0,0.0,ENABLED,BOOKS_STATIONERY,5942,True
MCH6114,5,67000.56,3,2,2.0,639.1699999999998,13400.112,0.4,0.00953977101086916,0.6,0.4,ACTIVE,MOBILE RECHARGE,,False
MCH6115,3,48368.51,3,0,0.0,0.0,16122.836666666668,0.0,0.0,1.0,0.0,INACTIVE,RETAIL,misc,False
MCH6116,4,63654.97,4,0,1.0,519.97,15913.7425,0.25,0.008168568770042623,1.0,0.0,ENABLED,TRANSPORT,4131,False
MCH6117,1,4828.12,1,0,0.0,0.0,4828.12,0.0,0.0,1.0,0.0,,,,
MCH6118,2,28169.07,2,0,0.0,0.0,14084.535,0.0,0.0,1.0,0.0,ACTIVE,DEPT_STORE,5311,False
MCH6119,2,15397.07,2,0,0.0,0.0,7698.535,0.0,0.0,1.0,0.0,LIVE,PHARMACIES,5912,True
MCH6121,3,52390.0,1,2,0.0,0.0,17463.333333333332,0.0,0.0,0.3333333333333333,0.6666666666666666,ACTIVE,RETAIL,5311,True
MCH6122,3,50738.32,3,0,2.0,4616.97,16912.773333333334,0.6666666666666666,0.09099572078854799,1.0,0.0,INACTIVE,TRANSPORT,4131,True
MCH6124,2,26505.44,1,0,0.0,0.0,13252.72,0.0,0.0,0.5,0.0,,,,
MCH6125,1,10464.89,1,0,0.0,0.0,10464.89,0.0,0.0,1.0,0.0,,,,
MCH6126,2,32437.9,2,0,1.0,415.04,16218.95,0.5,0.012794909658146798,1.0,0.0,,,,
MCH6127,2,44407.85,1,1,0.0,0.0,22203.925,0.0,0.0,0.5,0.5,,,,
MCH6128,3,60212.509999999995,2,0,0.0,0.0,20070.836666666666,0.0,0.0,0.6666666666666666,0.0,,,,
MCH6129,2,24912.440000000002,2,0,0.0,0.0,12456.220000000001,0.0,0.0,1.0,0.0,,,,
MCH6130,2,5288.98,2,0,0.0,0.0,2644.49,0.0,0.0,1.0,0.0,,,,
MCH6131,3,28818.11,3,0,0.0,0.0,9606.036666666667,0.0,0.0,1.0,0.0,ACTIVE,CLOTHS,,True
MCH6132,1,3809.97,1,0,1.0,-2911.37,3809.97,1.0,-0.7641451245022927,1.0,0.0,,,,
MCH6133,2,39623.34,2,0,0.0,0.0,19811.67,0.0,0.0,1.0,0.0,,,,
MCH6134,5,21745.87,5,0,1.0,0.0,4349.174,0.2,0.0,1.0,0.0,,,,
MCH6136,2,7452.02,1,1,0.0,0.0,3726.01,0.0,0.0,0.5,0.5,,,,
MCH6137,4,32959.08,3,1,0.0,0.0,8239.77,0.0,0.0,0.75,0.25,ACTIVE,FOOD,5812,True
MCH6138,4,20103.68,4,0,0.0,0.0,5025.92,0.0,0.0,1.0,0.0,,,,
MCH6140,4,55718.66,4,0,0.0,0.0,13929.665,0.0,0.0,1.0,0.0,,,,
MCH6141,2,41348.740000000005,2,0,0.0,0.0,20674.370000000003,0.0,0.0,1.0,0.0,,,,
MCH6142,2,22635.25,2,0,1.0,1166.57,11317.625,0.5,0.05153775637556466,1.0,0.0,,,,
MCH6143,1,2971.38,1,0,0.0,0.0,2971.38,0.0,0.0,1.0,0.0,ENABLED,KIRANA,5411,True
MCH6144,1,42.0,1,0,0.0,0.0,42.0,0.0,0.0,1.0,0.0,ACTIVE,CHEMIST,5912,False
MCH6145,4,60120.36,3,1,0.0,0.0,15030.09,0.0,0.0,0.75,0.25,,,,
MCH6146,2,11028.329999999998,1,1,0.0,0.0,5514.164999999999,0.0,0.0,0.5,0.5,ENABLED,MEDICAL_STORE,5912,False
MCH6148,2,9130.49,2,0,0.0,0.0,4565.245,0.0,0.0,1.0,0.0,DISABLED,DEPT_STORE,5311,True
MCH6150,1,75.78,1,0,0.0,0.0,75.78,0.0,0.0,1.0,0.0,INACTIVE,MOBILE RECHARGE,4814.0,True
MCH6151,2,26622.489999999998,2,0,0.0,0.0,13311.244999999999,0.0,0.0,1.0,0.0,,,,
MCH6152,4,39301.240000000005,3,0,0.0,0.0,9825.310000000001,0.0,0.0,0.75,0.0,ACTIVE,STATIONERY,5942,True
MCH6153,2,17843.64,2,0,0.0,0.0,8921.82,0.0,0.0,1.0,0.0,,,,
MCH6154,3,16622.35,3,0,0.0,0.0,5540.783333333333,0.0,0.0,1.0,0.0,,,,
MCH6155,3,48091.770000000004,3,0,1.0,1147.39,16030.590000000002,0.3333333333333333,0.023858344161589395,1.0,0.0,ACTIVE,GROCERY STORES,5411,True
MCH6156,3,40890.49,3,0,0.0,0.0,13630.163333333332,0.0,0.0,1.0,0.0,,,,
MCH6157,4,65816.19,3,1,0.0,0.0,16454.0475,0.0,0.0,0.75,0.25,,,,
MCH6158,2,42004.7,2,0,0.0,0.0,21002.35,0.0,0.0,1.0,0.0,ACTIVE,BUS/TAXI,4131,False
MCH6159,2,44587.009999999995,2,0,0.0,0.0,22293.504999999997,0.0,0.0,1.0,0.0,,,,
MCH6160,1,8125.52,1,0,0.0,0.0,8125.52,0.0,0.0,1.0,0.0,,,,
MCH6161,2,46899.91,2,0,0.0,0.0,23449.955,0.0,0.0,1.0,0.0,ACTIVE,TELECOM,misc,True
MCH6162,2,26268.120000000003,2,0,0.0,0.0,13134.060000000001,0.0,0.0,1.0,0.0,ENABLED,BUS/TAXI,4131,False
MCH6163,2,26217.36,2,0,0.0,0.0,13108.68,0.0,0.0,1.0,0.0,ENABLED,BOOK STORE,5942,True
MCH6164,1,18543.53,1,0,0.0,0.0,18543.53,0.0,0.0,1.0,0.0,LIVE,PHARMACY,,False
MCH6165,2,6611.76,1,1,1.0,3487.78,3305.88,0.5,0.5275115854174985,0.5,0.5,ACTIVE,HOSPITALITY,UNKNOWN,True
MCH6166,1,18164.28,0,1,0.0,0.0,18164.28,0.0,0.0,0.0,1.0,,,,
MCH6167,2,26373.15,2,0,0.0,0.0,13186.575,0.0,0.0,1.0,0.0,ACTIVE,TELECOM,4814,False
MCH6168,3,51208.380000000005,2,1,0.0,0.0,17069.460000000003,0.0,0.0,0.6666666666666666,0.3333333333333333,ACTIVE,BUS/TAXI,4131,False
MCH6169,1,20146.04,1,0,1.0,2059.37,20146.04,1.0,0.1022220744126389,1.0,0.0,,,,
MCH6170,3,32268.42,3,0,0.0,0.0,10756.14,0.0,0.0,1.0,0.0,ACTIVE,MISCELLANEOUS,5999,False
MCH6171,2,42861.28999999999,2,0,0.0,0.0,21430.644999999997,0.0,0.0,1.0,0.0,CLOSED,RESTAURANT,5812,False
MCH6172,3,28662.29,3,0,0.0,0.0,9554.096666666666,0.0,0.0,1.0,0.0,ENABLED,FOOD,5812,False
MCH6174,3,10255.58,3,0,0.0,0.0,3418.5266666666666,0.0,0.0,1.0,0.0,,,,
MCH6175,1,14820.54,1,0,0.0,0.0,14820.54,0.0,0.0,1.0,0.0,,,,
MCH6176,4,62024.13,3,1,0.0,0.0,15506.0325,0.0,0.0,0.75,0.25,ENABLED,TRAVEL,4131,False
MCH6177,1,19026.73,1,0,0.0,0.0,19026.73,0.0,0.0,1.0,0.0,,,,
MCH6178,6,48195.130000000005,5,1,0.0,0.0,8032.521666666667,0.0,0.0,0.8333333333333334,0.16666666666666666,,,,
MCH6179,2,21480.5,1,1,0.0,0.0,10740.25,0.0,0.0,0.5,0.5,,,,
MCH6180,3,42612.93,2,0,0.0,0.0,14204.31,0.0,0.0,0.6666666666666666,0.0,ACTIVE,APPAREL,5699.0,False
MCH6181,3,28746.23,3,0,1.0,431.5,9582.076666666666,0.3333333333333333,0.015010664007071536,1.0,0.0,,,,
MCH6182,1,4152.09,1,0,0.0,0.0,4152.09,0.0,0.0,1.0,0.0,,,,
MCH6183,3,53359.229999999996,3,0,0.0,0.0,17786.41,0.0,0.0,1.0,0.0,ACTIVE,GROCERY,5411,True
MCH6184,3,41720.54,2,1,0.0,0.0,13906.846666666666,0.0,0.0,0.6666666666666666,0.3333333333333333,ACTIVE,BUS/TAXI,4131,False
MCH6185,1,8224.15,0,1,0.0,0.0,8224.15,0.0,0.0,0.0,1.0,,,,
MCH6186,1,6638.06,1,0,0.0,0.0,6638.06,0.0,0.0,1.0,0.0,,,,
MCH6187,2,7283.299999999999,1,1,0.0,0.0,3641.6499999999996,0.0,0.0,0.5,0.5,ACTIVE,TRAVEL,4131,False
MCH6188,2,8855.279999999999,1,1,0.0,0.0,4427.639999999999,0.0,0.0,0.5,0.5,ACTIVE,TRANSPRT,4131,True
MCH6189,2,44133.53,2,0,0.0,0.0,22066.765,0.0,0.0,1.0,0.0,,,,
MCH6190,3,32642.39,3,0,1.0,923.46,10880.796666666667,0.3333333333333333,0.028290207916760998,1.0,0.0,LIVE,CLOTHS,5699.0,False
MCH6191,1,7930.5,1,0,0.0,0.0,7930.5,0.0,0.0,1.0,0.0,,,,
MCH6192,1,22281.82,1,0,0.0,0.0,22281.82,0.0,0.0,1.0,0.0,,,,
MCH6193,2,32250.83,2,0,1.0,177.16,16125.415,0.5,0.005493191958160456,1.0,0.0,,,,
MCH6194,2,18150.72,1,1,0.0,0.0,9075.36,0.0,0.0,0.5,0.5,,,,
MCH6195,2,19723.7,2,0,0.0,0.0,9861.85,0.0,0.0,1.0,0.0,,,,
MCH6196,2,35400.09,1,1,0.0,0.0,17700.045,0.0,0.0,0.5,0.5,,,,
MCH6197,3,33356.98,1,2,0.0,0.0,11118.993333333334,0.0,0.0,0.3333333333333333,0.6666666666666666,ENABLED,TRANSPRT,4131,True
MCH6198,2,16912.28,1,1,0.0,0.0,8456.14,0.0,0.0,0.5,0.5,LIVE,RETAIL,5311,False
MCH6199,2,32002.95,1,1,1.0,0.0,16001.475,0.5,0.0,0.5,0.5,,,,
MCH6200,1,12749.14,1,0,1.0,-768.89,12749.14,1.0,-0.06030916595158575,1.0,0.0,LIVE,TRAVEL,4131,True
MCH6201,2,3748.12,2,0,0.0,0.0,1874.06,0.0,0.0,1.0,0.0,,,,
MCH6202,2,20765.75,2,0,0.0,0.0,10382.875,0.0,0.0,1.0,0.0,,,,
MCH6203,4,41491.75,4,0,2.0,1770.35,10372.9375,0.5,0.04266751824157814,1.0,0.0,,,,
MCH6204,1,15308.03,1,0,0.0,0.0,15308.03,0.0,0.0,1.0,0.0,,,,
MCH6207,2,32828.08,1,1,1.0,-3839.34,16414.04,0.5,-0.11695292566607611,0.5,0.5,ACTIVE,PHARMACY,5912,False
MCH6208,1,19170.12,1,0,0.0,0.0,19170.12,0.0,0.0,1.0,0.0,SUSPENDED,TELECOM,4814,False
MCH6209,3,38354.130000000005,2,1,2.0,4182.9400000000005,12784.710000000001,0.6666666666666666,0.1090610059464261,0.6666666666666666,0.3333333333333333,,,,
MCH6210,2,41193.380000000005,2,0,0.0,0.0,20596.690000000002,0.0,0.0,1.0,0.0,ACTIVE,EATING PLACE,5812,False
MCH6211,3,51501.72,1,2,0.0,0.0,17167.24,0.0,0.0,0.3333333333333333,0.6666666666666666,,,,
MCH6212,1,6172.97,1,0,0.0,0.0,6172.97,0.0,0.0,1.0,0.0,,,,
MCH6214,3,32275.1,2,0,1.0,624.0,10758.366666666667,0.3333333333333333,0.019333789825593105,0.6666666666666666,0.0,,,,
MCH6215,2,15420.789999999999,1,1,0.0,0.0,7710.3949999999995,0.0,0.0,0.5,0.5,,,,
MCH6216,1,13342.38,1,0,0.0,0.0,13342.38,0.0,0.0,1.0,0.0,ACTIVE,GROCERY,5411,True
MCH6217,3,18375.53,2,1,1.0,1538.91,6125.176666666666,0.3333333333333333,0.08374778849916166,0.6666666666666666,0.3333333333333333,,,,
MCH6219,5,72436.34,5,0,1.0,536.94,14487.268,0.2,0.007412577719967631,1.0,0.0,ACTIVE,MEDICAL_STORE,5912,False
MCH6222,2,38001.229999999996,2,0,0.0,0.0,19000.614999999998,0.0,0.0,1.0,0.0,,,,
MCH6223,1,487.97,1,0,0.0,0.0,487.97,0.0,0.0,1.0,0.0,ACTIVE,TRAVEL,4131,False
MCH6224,1,11769.0,1,0,0.0,0.0,11769.0,0.0,0.0,1.0,0.0,ACTIVE,CHEMIST,5912,True
MCH6225,3,10962.94,3,0,1.0,1984.96,3654.3133333333335,0.3333333333333333,0.1810609197897644,1.0,0.0,ENABLED,GROCERY,5411,False
MCH6226,3,51107.590000000004,3,0,1.0,1016.01,17035.863333333335,0.3333333333333333,0.019879826068887222,1.0,0.0,,,,
MCH6227,2,10053.06,2,0,0.0,0.0,5026.53,0.0,0.0,1.0,0.0,,,,
MCH6228,3,30369.72,2,1,1.0,3537.13,10123.24,0.3333333333333333,0.1164689697501327,0.6666666666666666,0.3333333333333333,ACTIVE,EATING PLACE,5812,True
MCH6229,1,6722.29,1,0,0.0,0.0,6722.29,0.0,0.0,1.0,0.0,,,,
MCH6230,3,39502.06,2,1,0.0,0.0,13167.353333333333,0.0,0.0,0.6666666666666666,0.3333333333333333,,,,
MCH6231,1,15241.53,1,0,0.0,0.0,15241.53,0.0,0.0,1.0,0.0,LIVE,FOOD_SERVICES,5812,False
MCH6232,5,48271.590000000004,5,0,0.0,0.0,9654.318000000001,0.0,0.0,1.0,0.0,,,,
MCH6233,2,44930.3,2,0,0.0,0.0,22465.15,0.0,0.0,1.0,0.0,LIVE,BOOKS,5942,True
MCH6234,6,63748.75,4,2,0.0,0.0,10624.791666666666,0.0,0.0,0.6666666666666666,0.3333333333333333,,,,
MCH6235,2,35286.78,2,0,0.0,0.0,17643.39,0.0,0.0,1.0,0.0,,,,
MCH6236,6,54648.4,6,0,0.0,0.0,9108.066666666668,0.0,0.0,1.0,0.0,,,,
MCH6237,3,29319.370000000003,3,0,0.0,0.0,9773.123333333335,0.0,0.0,1.0,0.0,,,,
MCH6238,3,29537.579999999998,3,0,0.0,0.0,9845.859999999999,0.0,0.0,1.0,0.0,,,,
MCH6239,4,26388.65,4,0,2.0,-1307.73,6597.1625,0.5,-0.04955653282756033,1.0,0.0,ACTIVE,CLOTHING,5699,True
MCH6240,6,51698.29,6,0,1.0,669.96,8616.381666666666,0.16666666666666666,0.012959035975851426,1.0,0.0,ENABLED,EATING PLACE,5812,True
MCH6241,1,7236.56,1,0,0.0,0.0,7236.56,0.0,0.0,1.0,0.0,,,,
MCH6243,4,72059.19,4,0,0.0,0.0,18014.7975,0.0,0.0,1.0,0.0,,,,
MCH6244,1,15962.47,1,0,0.0,0.0,15962.47,0.0,0.0,1.0,0.0,DISABLED,RETAIL,5311,True
MCH6245,9,117893.73999999999,8,1,0.0,0.0,13099.304444444444,0.0,0.0,0.8888888888888888,0.1111111111111111,,,,
MCH6246,6,57670.439999999995,6,0,0.0,0.0,9611.74,0.0,0.0,1.0,0.0,ACTIVE,APPAREL,5699,True
MCH6247,2,10790.89,2,0,0.0,0.0,5395.445,0.0,0.0,1.0,0.0,LIVE,PHONE SERVICE,4814,False
MCH6248,1,7576.16,1,0,0.0,0.0,7576.16,0.0,0.0,1.0,0.0,,,,
MCH6249,2,26986.489999999998,2,0,0.0,0.0,13493.244999999999,0.0,0.0,1.0,0.0,,,,
MCH6250,5,86276.76999999999,5,0,0.0,0.0,17255.354,0.0,0.0,1.0,0.0,,,,
MCH6252,1,14091.13,0,1,0.0,0.0,14091.13,0.0,0.0,0.0,1.0,,,,
MCH6253,3,45386.64,3,0,1.0,-3952.26,15128.88,0.3333333333333333,-0.0870798102701588,1.0,0.0,,,,
MCH6254,1,24731.51,1,0,1.0,996.14,24731.51,1.0,0.04027817145010556,1.0,0.0,INACTIVE,TELECOM,4814,False
MCH6255,2,25309.79,0,1,0.0,0.0,12654.895,0.0,0.0,0.0,0.5,LIVE,HOSPITALITY,7011,False
MCH6256,1,506.8,1,0,0.0,0.0,506.8,0.0,0.0,1.0,0.0,INACTIVE,RESTAURANTS,5812,True
MCH6257,5,43168.16,4,0,3.0,4467.04,8633.632000000001,0.6,0.10347997227586257,0.8,0.0,ACTIVE,FOOD_SERVICES,5812,True
MCH6258,6,24327.26,4,2,0.0,0.0,4054.543333333333,0.0,0.0,0.6666666666666666,0.3333333333333333,ACTIVE,PHARMACIES,,False
MCH6259,4,47346.39,2,2,0.0,0.0,11836.5975,0.0,0.0,0.5,0.5,,,,
MCH6260,2,21970.09,2,0,0.0,0.0,10985.045,0.0,0.0,1.0,0.0,LIVE,PHARMACY,5912,False
MCH6261,2,23633.75,2,0,0.0,0.0,11816.875,0.0,0.0,1.0,0.0,,,,
MCH6262,3,11171.689999999999,3,0,0.0,0.0,3723.896666666666,0.0,0.0,1.0,0.0,INACTIVE,DEPARTMENT STORE,5311,False
MCH6263,5,61514.67,5,0,1.0,11124.0,12302.934,0.2,0.18083491303781685,1.0,0.0,INACTIVE,BOOKS,5942,False
MCH6264,2,46204.0,2,0,0.0,0.0,23102.0,0.0,0.0,1.0,0.0,,,,
MCH6266,3,18991.05,3,0,2.0,6795.34,6330.349999999999,0.6666666666666666,0.357818024806422,1.0,0.0,,,,
MCH6267,3,48354.88,3,0,0.0,0.0,16118.293333333333,0.0,0.0,1.0,0.0,ACTIVE,PHONE SERVICE,4814,False
MCH6268,1,17795.95,1,0,1.0,15201.89,17795.95,1.0,0.8542331260764386,1.0,0.0,ACTIVE,GROCERY STORES,5411,True
MCH6269,2,13265.0,1,0,0.0,0.0,6632.5,0.0,0.0,0.5,0.0,,,,
MCH6270,2,22205.199999999997,1,1,0.0,0.0,11102.599999999999,0.0,0.0,0.5,0.5,,,,
MCH6271,2,13916.49,2,0,0.0,0.0,6958.245,0.0,0.0,1.0,0.0,,,,
MCH6272,3,36167.479999999996,2,1,0.0,0.0,12055.826666666666,0.0,0.0,0.6666666666666666,0.3333333333333333,,,,
MCH6274,5,87186.42,5,0,1.0,2150.18,17437.284,0.2,0.024661868212962523,1.0,0.0,ACTIVE,HOTEL_LODGING,7011,False
MCH6275,2,10276.05,1,1,0.0,0.0,5138.025,0.0,0.0,0.5,0.5,ACTIVE,MOBILE RECHARGE,4814,False
MCH6276,1,21165.3,1,0,0.0,0.0,21165.3,0.0,0.0,1.0,0.0,,,,
MCH6277,2,41574.58,2,0,0.0,0.0,20787.29,0.0,0.0,1.0,0.0,ACTIVE,HOSPITALITY,7011,True
MCH6278,1,4380.29,1,0,1.0,856.42,4380.29,1.0,0.19551673519333193,1.0,0.0,ENABLED,MEDICAL,5912,False
MCH6279,1,21750.53,1,0,0.0,0.0,21750.53,0.0,0.0,1.0,0.0,,,,
MCH6280,4,39886.62,3,0,0.0,0.0,9971.655,0.0,0.0,0.75,0.0,ENABLED,GARMENTS,5699,False
MCH6281,3,45328.83,3,0,0.0,0.0,15109.61,0.0,0.0,1.0,0.0,,,,
MCH6282,1,17089.48,1,0,0.0,0.0,17089.48,0.0,0.0,1.0,0.0,ENABLED,GROCERY_STORE,5411,True
MCH6284,2,22692.29,2,0,0.0,0.0,11346.145,0.0,0.0,1.0,0.0,LIVE,HOTELS,7011,True
MCH6285,3,18967.079999999998,3,0,1.0,860.0,6322.36,0.3333333333333333,0.045341718387859394,1.0,0.0,ACTIVE,HOTEL,7011,False
MCH6286,3,-467.8700000000008,3,0,0.0,0.0,-155.95666666666693,0.0,0.0,1.0,0.0,,,,
MCH6287,4,56632.26,2,1,1.0,807.97,14158.065,0.25,0.014266956678048871,0.5,0.25,,,,
MCH6290,2,37132.29,2,0,0.0,0.0,18566.145,0.0,0.0,1.0,0.0,DISABLED,RETAIL OTHER,5999,False
MCH6291,4,45390.47,4,0,0.0,0.0,11347.6175,0.0,0.0,1.0,0.0,SUSPENDED,RETAIL,5311,True
MCH6292,4,44704.09,4,0,0.0,0.0,11176.0225,0.0,0.0,1.0,0.0,,,,
MCH6293,4,10394.79,3,1,0.0,0.0,2598.6975,0.0,0.0,0.75,0.25,LIVE,DEPARTMENT STORE,5311,False
MCH6294,5,30700.14,5,0,1.0,386.01,6140.028,0.2,0.012573558296476824,1.0,0.0,,,,
MCH6295,4,31734.93,4,0,0.0,0.0,7933.7325,0.0,0.0,1.0,0.0,,,,
MCH6296,1,20560.86,0,1,0.0,0.0,20560.86,0.0,0.0,0.0,1.0,LIVE,GROCERY_STORE,5411,False
MCH6297,3,30470.76,3,0,0.0,0.0,10156.92,0.0,0.0,1.0,0.0,,,,
MCH6298,3,17533.44,3,0,0.0,0.0,5844.48,0.0,0.0,1.0,0.0,,,,
MCH6300,1,9046.79,1,0,0.0,0.0,9046.79,0.0,0.0,1.0,0.0,ACTIVE,CLOTHS,5699.0,False
MCH6301,2,9061.25,2,0,0.0,0.0,4530.625,0.0,0.0,1.0,0.0,ACTIVE,TELECOM,4814,False
MCH6302,7,37726.57,6,0,1.0,3717.71,5389.51,0.14285714285714285,0.09854354636533351,0.8571428571428571,0.0,ACTIVE,TRANSPRT,4131,False
MCH6303,1,3052.58,1,0,0.0,0.0,3052.58,0.0,0.0,1.0,0.0,,,,
MCH6304,2,46594.97,1,1,0.0,0.0,23297.485,0.0,0.0,0.5,0.5,,,,
MCH6305,3,34186.42,2,0,1.0,-2769.32,11395.473333333333,0.3333333333333333,-0.08100643471881526,0.6666666666666666,0.0,ACTIVE,TRANSPORT,4131,False
MCH6306,1,8718.9,0,1,1.0,2539.68,8718.9,1.0,0.2912844510201975,0.0,1.0,ACTIVE,TRANSPORT,4131,False
MCH6307,2,23881.920000000002,2,0,0.0,0.0,11940.960000000001,0.0,0.0,1.0,0.0,,,,
MCH6308,3,52626.869999999995,3,0,0.0,0.0,17542.289999999997,0.0,0.0,1.0,0.0,ACTIVE,FASHION,5699,True
MCH6309,1,16853.76,1,0,0.0,0.0,16853.76,0.0,0.0,1.0,0.0,,,,
MCH6310,1,20430.03,1,0,0.0,0.0,20430.03,0.0,0.0,1.0,0.0,,,,
MCH6311,3,11715.44,2,1,1.0,-1498.49,3905.146666666667,0.3333333333333333,-0.12790727450270753,0.6666666666666666,0.3333333333333333,,,,
MCH6312,1,10895.23,1,0,0.0,0.0,10895.23,0.0,0.0,1.0,0.0,,,,
MCH6313,2,19349.64,1,1,0.0,0.0,9674.82,0.0,0.0,0.5,0.5,ACTIVE,GROCERY,UNKNOWN,False
MCH6314,3,60741.47,3,0,0.0,0.0,20247.156666666666,0.0,0.0,1.0,0.0,LIVE,CLOTHS,5699.0,True
MCH6315,3,37428.34,3,0,0.0,0.0,12476.113333333333,0.0,0.0,1.0,0.0,LIVE,HOTEL_LODGING,7011,True
MCH6316,3,33060.93,3,0,2.0,19217.31,11020.31,0.6666666666666666,0.5812694924189973,1.0,0.0,,,,
MCH6317,2,38899.79,1,0,0.0,0.0,19449.895,0.0,0.0,0.5,0.0,,,,
MCH6318,4,69722.98999999999,3,1,1.0,2164.0,17430.747499999998,0.25,0.031037108420049114,0.75,0.25,,,,
MCH6320,1,6049.36,1,0,0.0,0.0,6049.36,0.0,0.0,1.0,0.0,,,,
MCH6322,3,31682.83,3,0,1.0,794.23,10560.943333333335,0.3333333333333333,0.02506815205586117,1.0,0.0,,,,
MCH6323,4,54074.45,4,0,0.0,0.0,13518.6125,0.0,0.0,1.0,0.0,,,,
MCH6325,2,27547.920000000002,2,0,0.0,0.0,13773.960000000001,0.0,0.0,1.0,0.0,LIVE,DEPARTMENT STORE,5311,True
MCH6326,1,371.62,1,0,0.0,0.0,371.62,0.0,0.0,1.0,0.0,ENABLED,BOOKS_STATIONERY,5942,True
MCH6327,2,15612.16,2,0,0.0,0.0,7806.08,0.0,0.0,1.0,0.0,,,,
MCH6328,4,22486.02,2,2,0.0,0.0,5621.505,0.0,0.0,0.5,0.5,ACTIVE,PHONE SERVICE,4814,False
MCH6329,2,19086.82,1,1,0.0,0.0,9543.41,0.0,0.0,0.5,0.5,ACTIVE,MEDICAL_STORE,,False
MCH6330,3,37892.56,3,0,1.0,122.0,12630.853333333333,0.3333333333333333,0.0032196293942663152,1.0,0.0,,,,
MCH6331,2,22220.3,2,0,0.0,0.0,11110.15,0.0,0.0,1.0,0.0,LIVE,MEDICAL_STORE,5912,True
MCH6332,2,15366.08,2,0,0.0,0.0,7683.04,0.0,0.0,1.0,0.0,ACTIVE,DEPARTMENT STORE,5311,True
MCH6333,4,25510.23,4,0,0.0,0.0,6377.5575,0.0,0.0,1.0,0.0,ACTIVE,GARMENTS,5699,False
MCH6334,5,66042.88,4,0,1.0,786.31,13208.576000000001,0.2,0.01190605255252345,0.8,0.0,,,,
MCH6335,3,41957.92,2,1,1.0,1290.35,13985.973333333333,0.3333333333333333,0.030753431056639604,0.6666666666666666,0.3333333333333333,,,,
MCH6336,4,28311.18,4,0,1.0,2366.0,7077.795,0.25,0.08357122521915371,1.0,0.0,ENABLED,TRANSPRT,,False
MCH6337,3,52245.05,3,0,0.0,0.0,17415.016666666666,0.0,0.0,1.0,0.0,LIVE,PHARMACIES,5912.0,False
MCH6338,2,17456.22,2,0,0.0,0.0,8728.11,0.0,0.0,1.0,0.0,ENABLED,DEPT_STORE,5311,False
MCH6339,3,25752.84,3,0,0.0,0.0,8584.28,0.0,0.0,1.0,0.0,,,,
MCH6340,2,23008.37,2,0,1.0,1274.21,11504.185,0.5,0.05538028117593728,1.0,0.0,,,,
MCH6341,1,1061.91,1,0,0.0,0.0,1061.91,0.0,0.0,1.0,0.0,,,,
MCH6342,6,86157.92,5,0,1.0,6616.61,14359.653333333334,0.16666666666666666,0.07679630613181006,0.8333333333333334,0.0,,,,
MCH6343,2,26568.55,2,0,0.0,0.0,13284.275,0.0,0.0,1.0,0.0,DISABLED,GROCERY,5411,True
MCH6344,1,19022.43,1,0,0.0,0.0,19022.43,0.0,0.0,1.0,0.0,,,,
MCH6345,2,14858.63,1,1,0.0,0.0,7429.315,0.0,0.0,0.5,0.5,ACTIVE,OTHER,5999,False
MCH6346,2,40573.32,2,0,0.0,0.0,20286.66,0.0,0.0,1.0,0.0,,,,
MCH6347,5,51485.87,4,1,1.0,1419.0,10297.174,0.2,0.027560959929394217,0.8,0.2,,,,
MCH6348,1,832.64,1,0,0.0,0.0,832.64,0.0,0.0,1.0,0.0,,,,
MCH6349,1,17370.0,1,0,0.0,0.0,17370.0,0.0,0.0,1.0,0.0,,,,
MCH6351,3,62508.869999999995,3,0,0.0,0.0,20836.289999999997,0.0,0.0,1.0,0.0,ACTIVE,RESTAURANT,5812,False
MCH6352,1,21781.4,1,0,0.0,0.0,21781.4,0.0,0.0,1.0,0.0,LIVE,CLOTHS,5699,True
MCH6353,1,6085.68,1,0,0.0,0.0,6085.68,0.0,0.0,1.0,0.0,,,,
MCH6354,1,3691.06,1,0,0.0,0.0,3691.06,0.0,0.0,1.0,0.0,ACTIVE,RESTAURANTS,5812,False
MCH6355,1,4611.41,0,1,0.0,0.0,4611.41,0.0,0.0,0.0,1.0,LIVE,CLOTHS,5699,False
MCH6356,2,21715.23,2,0,1.0,5154.73,10857.615,0.5,0.23737855873504446,1.0,0.0,DISABLED,HOSPITALITY,7011,False
MCH6357,3,63158.92,3,0,0.0,0.0,21052.97333333333,0.0,0.0,1.0,0.0,,,,
MCH6358,2,12369.09,2,0,0.0,0.0,6184.545,0.0,0.0,1.0,0.0,,,,
MCH6359,2,23408.8,2,0,0.0,0.0,11704.4,0.0,0.0,1.0,0.0,LIVE,TRAVEL,,False
MCH6360,3,7916.879999999999,3,0,0.0,0.0,2638.9599999999996,0.0,0.0,1.0,0.0,INACTIVE,HOTEL,7011,True
MCH6361,2,7317.09,2,0,0.0,0.0,3658.545,0.0,0.0,1.0,0.0,LIVE,HOTEL,7011,False
MCH6362,2,32511.29,2,0,0.0,0.0,16255.645,0.0,0.0,1.0,0.0,,,,
MCH6363,2,13360.0,2,0,0.0,0.0,6680.0,0.0,0.0,1.0,0.0,,,,
MCH6364,3,26539.96,2,1,1.0,903.47,8846.653333333334,0.3333333333333333,0.0340418749689148,0.6666666666666666,0.3333333333333333,,,,
MCH6365,1,23854.3,0,0,1.0,6019.31,23854.3,1.0,0.2523364760231908,0.0,0.0,ACTIVE,DEPARTMENT STORES,5311,True
MCH6366,4,53357.549999999996,2,2,0.0,0.0,13339.387499999999,0.0,0.0,0.5,0.5,ACTIVE,MOBILE RECHARGE,4814,False
MCH6367,1,21876.0,1,0,1.0,1825.45,21876.0,1.0,0.08344532821356739,1.0,0.0,,,,
MCH6368,4,60931.53,4,0,0.0,0.0,15232.8825,0.0,0.0,1.0,0.0,,,,
MCH6369,3,54123.22,3,0,0.0,0.0,18041.073333333334,0.0,0.0,1.0,0.0,DISABLED,TRANSPORTATION,4131,False
MCH6370,4,29376.93,4,0,0.0,0.0,7344.2325,0.0,0.0,1.0,0.0,LIVE,FOOD_SERVICES,5812,False
MCH6371,2,28629.46,1,1,1.0,1546.48,14314.73,0.5,0.05401708589683494,0.5,0.5,,,,
MCH6372,1,18438.41,1,0,0.0,0.0,18438.41,0.0,0.0,1.0,0.0,ACTIVE,APPAREL,5699.0,True
MCH6373,2,19075.56,2,0,0.0,0.0,9537.78,0.0,0.0,1.0,0.0,,,,
MCH6374,2,22339.25,2,0,0.0,0.0,11169.625,0.0,0.0,1.0,0.0,,,,
MCH6375,1,2224.12,1,0,0.0,0.0,2224.12,0.0,0.0,1.0,0.0,,,,
MCH6376,3,38198.29,3,0,0.0,0.0,12732.763333333334,0.0,0.0,1.0,0.0,LIVE,BOOKS,5942,True
MCH6377,3,20775.14,3,0,0.0,0.0,6925.046666666666,0.0,0.0,1.0,0.0,ACTIVE,MEDICAL_STORE,5912,True
MCH6378,3,30642.18,2,1,1.0,2534.0,10214.06,0.3333333333333333,0.0826964661130507,0.6666666666666666,0.3333333333333333,,,,
MCH6379,3,18104.39,2,1,0.0,0.0,6034.796666666666,0.0,0.0,0.6666666666666666,0.3333333333333333,LIVE,BOOKS_STATIONERY,5942,False
MCH6380,4,55580.58,3,1,1.0,1458.95,13895.145,0.25,0.02624927627599424,0.75,0.25,SUSPENDED,OTHER,5999,False
MCH6381,3,49200.04,3,0,0.0,0.0,16400.013333333332,0.0,0.0,1.0,0.0,,,,
MCH6382,2,13437.8,2,0,0.0,0.0,6718.9,0.0,0.0,1.0,0.0,,,,
MCH6383,3,16355.84,3,0,0.0,0.0,5451.946666666667,0.0,0.0,1.0,0.0,ACTIVE,MOBILE RECHARGE,4814,True
MCH6385,1,20189.71,1,0,1.0,732.66,20189.71,1.0,0.03628878275121337,1.0,0.0,,,,
MCH6386,2,21520.14,2,0,1.0,2000.05,10760.07,0.5,0.09293852177541596,1.0,0.0,ACTIVE,RETAIL,5311,False
MCH6387,2,22096.28,1,1,0.0,0.0,11048.14,0.0,0.0,0.5,0.5,,,,
MCH6389,2,25565.29,2,0,1.0,3871.95,12782.645,0.5,0.1514533963823606,1.0,0.0,,,,
MCH6391,1,1067.95,1,0,0.0,0.0,1067.95,0.0,0.0,1.0,0.0,LIVE,TELECOM,4814,True
MCH6393,2,32861.14,2,0,1.0,1816.0,16430.57,0.5,0.05526284237248008,1.0,0.0,,,,
MCH6394,3,42155.36,3,0,0.0,0.0,14051.786666666667,0.0,0.0,1.0,0.0,ACTIVE,CLOTHS,5699.0,False
MCH6395,4,47374.51,4,0,1.0,26842.07,11843.6275,0.25,0.5665930898282642,1.0,0.0,,,,
MCH6396,3,47570.93,1,2,0.0,0.0,15856.976666666667,0.0,0.0,0.3333333333333333,0.6666666666666666,LIVE,RETAIL OTHER,5999.0,True
MCH6397,3,29053.91,3,0,0.0,0.0,9684.636666666667,0.0,0.0,1.0,0.0,ENABLED,PHARMACIES,5912,True
MCH6398,4,55452.2,3,0,1.0,862.23,13863.05,0.25,0.015549067485149374,0.75,0.0,,,,
MCH6399,3,27916.65,2,1,0.0,0.0,9305.550000000001,0.0,0.0,0.6666666666666666,0.3333333333333333,,,,
MCH6400,2,37867.36,2,0,0.0,0.0,18933.68,0.0,0.0,1.0,0.0,ACTIVE,GROCERY STORES,5411,False
MCH6401,2,24048.32,2,0,0.0,0.0,12024.16,0.0,0.0,1.0,0.0,LIVE,TELECOM,4814,True
MCH6402,5,67001.51,5,0,1.0,3043.82,13400.302,0.2,0.04542912540329316,1.0,0.0,,,,
MCH6404,3,47193.51,2,0,0.0,0.0,15731.17,0.0,0.0,0.6666666666666666,0.0,SUSPENDED,OTHER,5999,False
MCH6405,2,20438.010000000002,2,0,0.0,0.0,10219.005000000001,0.0,0.0,1.0,0.0,ACTIVE,GROCERIES,5411,False
MCH6406,5,64500.22,5,0,0.0,0.0,12900.044,0.0,0.0,1.0,0.0,,,,
MCH6407,1,3172.35,1,0,0.0,0.0,3172.35,0.0,0.0,1.0,0.0,,,,
MCH6408,2,15783.11,2,0,0.0,0.0,7891.555,0.0,0.0,1.0,0.0,ACTIVE,BOOKS,5942,False
MCH6409,3,36191.3,3,0,1.0,1986.27,12063.766666666668,0.3333333333333333,0.05488252701616134,1.0,0.0,SUSPENDED,CLOTHING,5699,False
MCH6410,2,17090.31,2,0,0.0,0.0,8545.155,0.0,0.0,1.0,0.0,ENABLED,CLOTHING,5699,False
MCH6411,3,66768.89,2,1,0.0,0.0,22256.296666666665,0.0,0.0,0.6666666666666666,0.3333333333333333,,,,
MCH6412,2,20054.82,1,1,0.0,0.0,10027.41,0.0,0.0,0.5,0.5,,,,
MCH6413,2,25301.27,2,0,0.0,0.0,12650.635,0.0,0.0,1.0,0.0,,,,
MCH6414,3,30455.719999999998,2,0,2.0,3046.37,10151.906666666666,0.6666666666666666,0.10002620197453878,0.6666666666666666,0.0,,,,
MCH6415,3,24228.85,2,1,0.0,0.0,8076.283333333333,0.0,0.0,0.6666666666666666,0.3333333333333333,,,,
MCH6416,2,11148.300000000001,2,0,0.0,0.0,5574.150000000001,0.0,0.0,1.0,0.0,,,,
MCH6417,1,7852.53,1,0,0.0,0.0,7852.53,0.0,0.0,1.0,0.0,,,,
MCH6418,3,28119.22,3,0,1.0,3142.0,9373.073333333334,0.3333333333333333,0.11173851906276205,1.0,0.0,ACTIVE,HOTELS,7011,False
MCH6419,2,16283.259999999998,2,0,0.0,0.0,8141.629999999999,0.0,0.0,1.0,0.0,ACTIVE,MEDICAL,,False
MCH6420,5,60292.520000000004,5,0,1.0,3352.04,12058.504,0.2,0.0555962829219943,1.0,0.0,ENABLED,MEDICAL,5912,False
MCH6421,4,59115.25,4,0,1.0,-1971.85,14778.8125,0.25,-0.03335602911262322,1.0,0.0,ENABLED,APPAREL,5699,False
MCH6422,2,16457.760000000002,2,0,0.0,0.0,8228.880000000001,0.0,0.0,1.0,0.0,INACTIVE,HOTEL,7011,True
MCH6423,2,21316.97,2,0,1.0,4835.58,10658.485,0.5,0.22684180725497102,1.0,0.0,,,,
MCH6424,3,18557.620000000003,2,1,0.0,0.0,6185.873333333334,0.0,0.0,0.6666666666666666,0.3333333333333333,,,,
MCH6425,1,17296.09,1,0,0.0,0.0,17296.09,0.0,0.0,1.0,0.0,ACTIVE,BOOKS_STATIONERY,5942,False
MCH6426,2,20807.5,1,1,0.0,0.0,10403.75,0.0,0.0,0.5,0.5,,,,
MCH6427,3,40761.58,3,0,0.0,0.0,13587.193333333335,0.0,0.0,1.0,0.0,CLOSED,MISC RETAIL,5999,False
MCH6428,2,35144.37,2,0,0.0,0.0,17572.185,0.0,0.0,1.0,0.0,,,,
MCH6429,4,52214.64,4,0,1.0,972.0,13053.66,0.25,0.018615468765081977,1.0,0.0,LIVE,APPAREL,5699,False
MCH6430,1,-20266.99,1,0,0.0,0.0,-20266.99,0.0,0.0,1.0,0.0,SUSPENDED,TELECOM,4814,False
MCH6431,2,16265.89,2,0,0.0,0.0,8132.945,0.0,0.0,1.0,0.0,INACTIVE,HOTELS,7011,False
MCH6433,2,-3821.6399999999994,2,0,1.0,-3106.54,-1910.8199999999997,0.5,0.0,1.0,0.0,INACTIVE,TELECOM,4814,False
MCH6435,3,17387.85,2,1,1.0,7755.19,5795.95,0.3333333333333333,0.44601201413630787,0.6666666666666666,0.3333333333333333,,,,
MCH6436,3,35718.85,1,0,0.0,0.0,11906.283333333333,0.0,0.0,0.3333333333333333,0.0,,,,
MCH6437,3,30373.55,3,0,0.0,0.0,10124.516666666666,0.0,0.0,1.0,0.0,,,,
MCH6439,1,8568.0,1,0,1.0,896.7,8568.0,1.0,0.10465686274509804,1.0,0.0,,,,
MCH6440,3,54498.51,1,1,1.0,8317.58,18166.170000000002,0.3333333333333333,0.1526203193445105,0.3333333333333333,0.3333333333333333,ENABLED,DEPT_STORE,5311,True
MCH6441,4,29667.3,3,1,1.0,1500.59,7416.825,0.25,0.05058060558257745,0.75,0.25,ACTIVE,MOBILE RECHARGE,4814,True
MCH6442,3,41267.31,2,0,1.0,4563.14,13755.769999999999,0.3333333333333333,0.11057517439348483,0.6666666666666666,0.0,,,,
MCH6443,2,11090.789999999999,2,0,0.0,0.0,5545.3949999999995,0.0,0.0,1.0,0.0,,,,
MCH6444,2,21882.84,2,0,1.0,-1382.96,10941.42,0.5,-0.06319837827265565,1.0,0.0,,,,
MCH6445,1,24135.06,0,1,2.0,3936.95,24135.06,2.0,0.16312161643683504,0.0,1.0,ACTIVE,MEDICAL,5912,False
MCH6446,4,20472.980000000003,3,1,0.0,0.0,5118.245000000001,0.0,0.0,0.75,0.25,ACTIVE,DEPT_STORE,5311,True
MCH6447,1,24415.67,1,0,1.0,6694.94,24415.67,1.0,0.27420668775421686,1.0,0.0,ACTIVE,RESTAURANT,5812,True
MCH6448,2,22221.82,2,0,0.0,0.0,11110.91,0.0,0.0,1.0,0.0,SUSPENDED,GARMENTS,5699,True
MCH6449,1,23404.71,1,0,0.0,0.0,23404.71,0.0,0.0,1.0,0.0,ACTIVE,FOOD_SERVICES,5812,True
MCH6450,1,10397.37,1,0,0.0,0.0,10397.37,0.0,0.0,1.0,0.0,SUSPENDED,CLOTHS,5699,True
MCH6451,2,32473.08,1,1,1.0,-2480.91,16236.54,0.5,-0.07639897416567815,0.5,0.5,INACTIVE,DEPARTMENT STORE,5311,True
MCH6452,3,35667.04,2,0,0.0,0.0,11889.013333333334,0.0,0.0,0.6666666666666666,0.0,,,,
MCH6453,5,51601.06,5,0,1.0,766.94,10320.212,0.2,0.014862872971989337,1.0,0.0,,,,
MCH6454,7,79263.32,6,1,1.0,4923.1,11323.33142857143,0.14285714285714285,0.06211069634731424,0.8571428571428571,0.14285714285714285,INACTIVE,GARMENTS,5699,False
MCH6455,3,42895.16,2,1,0.0,0.0,14298.386666666667,0.0,0.0,0.6666666666666666,0.3333333333333333,ENABLED,MISCELLANEOUS,5999,False
MCH6456,4,90257.92,3,0,0.0,0.0,22564.48,0.0,0.0,0.75,0.0,,,,
MCH6457,3,33472.58,3,0,0.0,0.0,11157.526666666667,0.0,0.0,1.0,0.0,,,,
MCH6458,3,41202.060000000005,2,1,1.0,9039.58,13734.020000000002,0.3333333333333333,0.21939631173781113,0.6666666666666666,0.3333333333333333,,,,
MCH6460,2,1393.8600000000006,2,0,0.0,0.0,696.9300000000003,0.0,0.0,1.0,0.0,ENABLED,RETAIL,5311.0,False
MCH6461,1,3912.25,1,0,0.0,0.0,3912.25,0.0,0.0,1.0,0.0,,,,
MCH6463,1,12809.13,1,0,0.0,0.0,12809.13,0.0,0.0,1.0,0.0,,,,
MCH6465,2,18864.6,1,0,0.0,0.0,9432.3,0.0,0.0,0.5,0.0,ACTIVE,MEDICAL_STORE,5912,True
MCH6466,5,71213.66,5,0,1.0,-798.72,14242.732,0.2,-0.011215825727816826,1.0,0.0,ACTIVE,RETAIL,5311,False
MCH6467,2,40169.04,2,0,0.0,0.0,20084.52,0.0,0.0,1.0,0.0,,,,
MCH6468,3,34973.990000000005,2,1,1.0,1245.84,11657.996666666668,0.3333333333333333,0.03562190073251578,0.6666666666666666,0.3333333333333333,ACTIVE,TRANSPORTATION,4131,False
MCH6469,4,73674.77,2,1,1.0,1495.59,18418.6925,0.25,0.020299893708524638,0.5,0.25,LIVE,DEPARTMENT STORE,5311,False
MCH6471,4,42004.95,3,1,2.0,21547.4,10501.2375,0.5,0.5129728758158265,0.75,0.25,,,,
MCH6473,4,39771.95,4,0,0.0,0.0,9942.9875,0.0,0.0,1.0,0.0,SUSPENDED,RESTAURANTS,5812,False
MCH6474,2,45134.18,2,0,0.0,0.0,22567.09,0.0,0.0,1.0,0.0,ENABLED,MEDICAL,5912,True
MCH6475,4,43078.54,3,0,0.0,0.0,10769.635,0.0,0.0,0.75,0.0,,,,
MCH6476,3,28188.32,2,1,0.0,0.0,9396.106666666667,0.0,0.0,0.6666666666666666,0.3333333333333333,,,,
MCH6477,5,64217.850000000006,5,0,0.0,0.0,12843.570000000002,0.0,0.0,1.0,0.0,ACTIVE,CLOTHING,5699,False
MCH6478,2,37893.06,1,1,0.0,0.0,18946.53,0.0,0.0,0.5,0.5,,,,
MCH6479,5,85662.55,4,0,0.0,0.0,17132.510000000002,0.0,0.0,0.8,0.0,,,,
MCH6480,1,3186.71,1,0,0.0,0.0,3186.71,0.0,0.0,1.0,0.0,ACTIVE,APPAREL,5699,False
MCH6481,2,20426.45,1,1,1.0,1773.89,10213.225,0.5,0.08684279451397575,0.5,0.5,ENABLED,TRANSPRT,4131,True
MCH6482,3,28169.260000000002,1,1,0.0,0.0,9389.753333333334,0.0,0.0,0.3333333333333333,0.3333333333333333,INACTIVE,DEPARTMENT STORE,5311,False
MCH6483,2,30021.54,2,0,1.0,342.0,15010.77,0.5,0.01139182067275696,1.0,0.0,,,,
MCH6484,3,32052.64,2,0,1.0,681.66,10684.213333333333,0.3333333333333333,0.02126689096436362,0.6666666666666666,0.0,,,,
MCH6485,2,15926.28,1,1,0.0,0.0,7963.14,0.0,0.0,0.5,0.5,,,,
MCH6486,2,6993.5599999999995,1,1,1.0,1552.99,3496.7799999999997,0.5,0.2220600094944492,0.5,0.5,,,,
MCH6487,6,74197.43000000001,3,2,1.0,1768.72,12366.238333333335,0.16666666666666666,0.02383802242207041,0.5,0.3333333333333333,,,,
MCH6488,2,21090.72,2,0,0.0,0.0,10545.36,0.0,0.0,1.0,0.0,ENABLED,GARMENTS,misc,False
MCH6489,1,9948.13,1,0,0.0,0.0,9948.13,0.0,0.0,1.0,0.0,,,,
MCH6491,2,26241.82,2,0,1.0,4608.17,13120.91,0.5,0.17560405490167985,1.0,0.0,,,,
MCH6492,1,4539.0,1,0,0.0,0.0,4539.0,0.0,0.0,1.0,0.0,ACTIVE,PHARMACIES,5912,False
MCH6493,4,20363.43,4,0,0.0,0.0,5090.8575,0.0,0.0,1.0,0.0,INACTIVE,BUS/TAXI,,False
MCH6494,2,37717.97,2,0,0.0,0.0,18858.985,0.0,0.0,1.0,0.0,,,,
MCH6495,2,27161.68,1,1,0.0,0.0,13580.84,0.0,0.0,0.5,0.5,,,,
MCH6496,2,39667.65,1,1,0.0,0.0,19833.825,0.0,0.0,0.5,0.5,,,,
MCH6498,3,38279.45,3,0,1.0,1942.12,12759.816666666666,0.3333333333333333,0.05073531620752127,1.0,0.0,ACTIVE,EATING PLACE,5812,True
MCH6499,5,55761.97,4,1,0.0,0.0,11152.394,0.0,0.0,0.8,0.2,,,,
MCH6500,2,20578.12,1,0,0.0,0.0,10289.06,0.0,0.0,0.5,0.0,,,,
MCH6501,1,4581.24,1,0,0.0,0.0,4581.24,0.0,0.0,1.0,0.0,ENABLED,CLOTHING,,False
MCH6502,1,45.69,1,0,2.0,1246.53,45.69,2.0,27.282337491792514,1.0,0.0,INACTIVE,RETAIL OTHER,5999,False
MCH6504,3,49603.36,2,1,0.0,0.0,16534.453333333335,0.0,0.0,0.6666666666666666,0.3333333333333333,ACTIVE,STATIONERY,5942,False
MCH6505,2,14810.7,2,0,0.0,0.0,7405.35,0.0,0.0,1.0,0.0,,,,
MCH6506,1,10342.51,1,0,0.0,0.0,10342.51,0.0,0.0,1.0,0.0,,,,
MCH6507,1,22532.47,1,0,0.0,0.0,22532.47,0.0,0.0,1.0,0.0,ACTIVE,BUS/TAXI,4131,True
MCH6508,5,78513.84,4,1,0.0,0.0,15702.768,0.0,0.0,0.8,0.2,ACTIVE,PHARMACIES,5912,True
MCH6509,3,53218.84,2,0,1.0,0.0,17739.61333333333,0.3333333333333333,0.0,0.6666666666666666,0.0,,,,
MCH6510,4,52511.880000000005,3,0,1.0,0.0,13127.970000000001,0.25,0.0,0.75,0.0,,,,
MCH6511,4,58516.49,4,0,0.0,0.0,14629.1225,0.0,0.0,1.0,0.0,ENABLED,KIRANA,5411,False
MCH6512,3,52674.72,3,0,0.0,0.0,17558.24,0.0,0.0,1.0,0.0,LIVE,MOBILE RECHARGE,,False
MCH6513,1,6337.44,1,0,0.0,0.0,6337.44,0.0,0.0,1.0,0.0,ENABLED,DEPT_STORE,5311,True
MCH6514,3,32789.7,2,1,0.0,0.0,10929.9,0.0,0.0,0.6666666666666666,0.3333333333333333,ACTIVE,RESTAURANTS,5812,False
MCH6515,2,12358.029999999999,2,0,0.0,0.0,6179.014999999999,0.0,0.0,1.0,0.0,,,,
MCH6517,2,29909.579999999998,2,0,0.0,0.0,14954.789999999999,0.0,0.0,1.0,0.0,ENABLED,CLOTHS,5699,False
MCH6518,5,19935.19,4,1,2.0,7008.2699999999995,3987.0379999999996,0.4,0.35155270654556087,0.8,0.2,,,,
MCH6519,2,48921.16,2,0,0.0,0.0,24460.58,0.0,0.0,1.0,0.0,ENABLED,CLOTHS,5699,True
MCH6520,1,3740.05,1,0,0.0,0.0,3740.05,0.0,0.0,1.0,0.0,ACTIVE,MEDICAL_STORE,5912,False
MCH6521,2,29407.34,2,0,0.0,0.0,14703.67,0.0,0.0,1.0,0.0,,,,
MCH6522,1,14787.65,1,0,0.0,0.0,14787.65,0.0,0.0,1.0,0.0,,,,
MCH6523,2,21015.079999999998,2,0,2.0,-3214.54,10507.539999999999,1.0,-0.152963490978859,1.0,0.0,ACTIVE,OTHER,5999,False
MCH6524,3,38642.369999999995,2,0,0.0,0.0,12880.789999999999,0.0,0.0,0.6666666666666666,0.0,DISABLED,HOTELS,7011.0,False
MCH6525,1,20485.15,1,0,0.0,0.0,20485.15,0.0,0.0,1.0,0.0,,,,
MCH6526,2,32475.800000000003,2,0,0.0,0.0,16237.900000000001,0.0,0.0,1.0,0.0,,,,
MCH6527,3,28916.8,1,0,2.0,25248.56,9638.933333333332,0.6666666666666666,0.8731450229624302,0.3333333333333333,0.0,ACTIVE,GROCERY STORES,5411,True
MCH6528,3,24104.27,3,0,0.0,0.0,8034.756666666667,0.0,0.0,1.0,0.0,,,,
MCH6529,2,22952.46,2,0,0.0,0.0,11476.23,0.0,0.0,1.0,0.0,,,,
MCH6530,4,43882.0,4,0,0.0,0.0,10970.5,0.0,0.0,1.0,0.0,ACTIVE,CLOTHS,5699,True
MCH6531,3,7613.6,2,1,0.0,0.0,2537.866666666667,0.0,0.0,0.6666666666666666,0.3333333333333333,,,,
MCH6532,1,10658.77,1,0,0.0,0.0,10658.77,0.0,0.0,1.0,0.0,,,,
MCH6533,1,12239.92,1,0,0.0,0.0,12239.92,0.0,0.0,1.0,0.0,,,,
MCH6535,3,19828.76,1,1,0.0,0.0,6609.586666666666,0.0,0.0,0.3333333333333333,0.3333333333333333,LIVE,GROCERY,5411,False
MCH6536,3,40779.39,3,0,1.0,585.31,13593.13,0.3333333333333333,0.014353083751375388,1.0,0.0,,,,
MCH6537,4,38426.86,3,1,1.0,3272.08,9606.715,0.25,0.08515085541727843,0.75,0.25,,,,
MCH6538,4,55870.07,4,0,3.0,5015.36,13967.5175,0.75,0.08976827843602128,1.0,0.0,,,,
MCH6539,3,-4694.59,2,1,0.0,0.0,-1564.8633333333335,0.0,0.0,0.6666666666666666,0.3333333333333333,,,,
MCH6540,1,9747.54,1,0,0.0,0.0,9747.54,0.0,0.0,1.0,0.0,,,,
MCH6541,2,19902.19,2,0,0.0,0.0,9951.095,0.0,0.0,1.0,0.0,ACTIVE,CHEMIST,5912,False
MCH6542,2,36227.0,2,0,0.0,0.0,18113.5,0.0,0.0,1.0,0.0,ACTIVE,RETAIL,5311,False
MCH6543,3,28209.42,2,1,0.0,0.0,9403.14,0.0,0.0,0.6666666666666666,0.3333333333333333,ENABLED,CLOTHS,5699,True
MCH6544,3,54654.7,2,0,0.0,0.0,18218.233333333334,0.0,0.0,0.6666666666666666,0.0,,,,
MCH6545,3,44658.32,3,0,0.0,0.0,14886.106666666667,0.0,0.0,1.0,0.0,ACTIVE,FASHION,5699,True
MCH6546,3,42981.2,3,0,1.0,1362.36,14327.066666666666,0.3333333333333333,0.03169664876736806,1.0,0.0,,,,
MCH6547,2,19908.54,2,0,0.0,0.0,9954.27,0.0,0.0,1.0,0.0,DISABLED,BOOKS,5942,False
MCH6549,2,14344.52,1,0,0.0,0.0,7172.26,0.0,0.0,0.5,0.0,,,,
MCH6550,1,2587.64,1,0,0.0,0.0,2587.64,0.0,0.0,1.0,0.0,,,,
MCH6551,1,13712.82,0,1,0.0,0.0,13712.82,0.0,0.0,0.0,1.0,ACTIVE,HOTEL_LODGING,7011,True
MCH6552,2,20373.9,2,0,1.0,1592.73,10186.95,0.5,0.07817501803778364,1.0,0.0,,,,
MCH6553,3,17548.51,2,0,2.0,10824.869999999999,5849.503333333333,0.6666666666666666,0.6168540804888848,0.6666666666666666,0.0,,,,
MCH6554,3,37465.05,2,1,0.0,0.0,12488.35,0.0,0.0,0.6666666666666666,0.3333333333333333,INACTIVE,HOSPITALITY,7011,False
MCH6555,3,19289.07,3,0,1.0,-1184.71,6429.69,0.3333333333333333,-0.061418720550031704,1.0,0.0,HOLD,RETAIL,5311,False
MCH6556,2,32470.18,2,0,0.0,0.0,16235.09,0.0,0.0,1.0,0.0,LIVE,OTHER,5999,True
MCH6557,2,13522.52,2,0,0.0,0.0,6761.26,0.0,0.0,1.0,0.0,,,,
MCH6558,1,4249.83,0,1,0.0,0.0,4249.83,0.0,0.0,0.0,1.0,,,,
MCH6560,2,22742.91,2,0,1.0,3058.22,11371.455,0.5,0.1344691598392642,1.0,0.0,ACTIVE,PHONE SERVICE,4814,False
MCH6561,3,21432.690000000002,2,1,0.0,0.0,7144.2300000000005,0.0,0.0,0.6666666666666666,0.3333333333333333,,,,
MCH6562,2,10563.74,2,0,0.0,0.0,5281.87,0.0,0.0,1.0,0.0,ACTIVE,HOTEL_LODGING,7011,False
MCH6563,1,18844.12,1,0,0.0,0.0,18844.12,0.0,0.0,1.0,0.0,ENABLED,TRAVEL,4131,True
MCH6564,3,27838.52,2,1,0.0,0.0,9279.506666666666,0.0,0.0,0.6666666666666666,0.3333333333333333,,,,
MCH6566,4,52022.56,3,0,0.0,0.0,13005.64,0.0,0.0,0.75,0.0,CLOSED,MOBILE RECHARGE,4814,True
MCH6567,3,43695.64,3,0,1.0,-211.84,14565.213333333333,0.3333333333333333,-0.004848080952699171,1.0,0.0,,,,
MCH6568,5,73044.55,5,0,0.0,0.0,14608.91,0.0,0.0,1.0,0.0,ENABLED,HOTEL_LODGING,7011,False
MCH6569,2,20314.09,1,0,0.0,0.0,10157.045,0.0,0.0,0.5,0.0,,,,
MCH6570,1,4324.0,0,1,0.0,0.0,4324.0,0.0,0.0,0.0,1.0,ACTIVE,MEDICAL,5912,False
MCH6571,3,30083.14,3,0,0.0,0.0,10027.713333333333,0.0,0.0,1.0,0.0,,,,
MCH6572,2,40212.21,1,1,0.0,0.0,20106.105,0.0,0.0,0.5,0.5,ENABLED,DEPT_STORE,5311,True
MCH6573,3,41606.54,2,1,0.0,0.0,13868.846666666666,0.0,0.0,0.6666666666666666,0.3333333333333333,,,,
MCH6575,5,72664.93,4,1,1.0,3582.55,14532.985999999999,0.2,0.0493023250693285,0.8,0.2,ACTIVE,BOOK STORE,5942,True
MCH6576,4,78164.26,4,0,0.0,0.0,19541.065,0.0,0.0,1.0,0.0,,,,
MCH6577,1,458.77,1,0,0.0,0.0,458.77,0.0,0.0,1.0,0.0,ENABLED,CLOTHS,5699,False
MCH6578,3,58722.17999999999,2,1,0.0,0.0,19574.059999999998,0.0,0.0,0.6666666666666666,0.3333333333333333,ACTIVE,BUS/TAXI,4131.0,True
MCH6579,3,38889.63,1,2,0.0,0.0,12963.21,0.0,0.0,0.3333333333333333,0.6666666666666666,,,,
MCH6580,3,24897.62,1,0,0.0,0.0,8299.206666666667,0.0,0.0,0.3333333333333333,0.0,,,,
MCH6581,3,35549.630000000005,3,0,0.0,0.0,11849.876666666669,0.0,0.0,1.0,0.0,,,,
MCH6582,1,10176.16,1,0,0.0,0.0,10176.16,0.0,0.0,1.0,0.0,ACTIVE,PHARMACIES,5912,True
MCH6583,1,17735.93,1,0,1.0,318.65,17735.93,1.0,0.017966354174830414,1.0,0.0,ACTIVE,PHARMACIES,5912,True
MCH6584,2,45246.08,2,0,1.0,788.58,22623.04,0.5,0.017428692165155524,1.0,0.0,,,,
MCH6585,5,30022.77,5,0,0.0,0.0,6004.554,0.0,0.0,1.0,0.0,INACTIVE,KIRANA,5411,True
MCH6586,1,18706.56,1,0,0.0,0.0,18706.56,0.0,0.0,1.0,0.0,ACTIVE,MISCELLANEOUS,5999,False
MCH6587,2,-12662.14,2,0,0.0,0.0,-6331.07,0.0,0.0,1.0,0.0,,,,
MCH6588,3,26616.14,3,0,0.0,0.0,8872.046666666667,0.0,0.0,1.0,0.0,,,,
MCH6591,2,38440.83,2,0,0.0,0.0,19220.415,0.0,0.0,1.0,0.0,,,,
MCH6593,5,58094.31,5,0,1.0,3089.13,11618.862,0.2,0.053174398663139305,1.0,0.0,LIVE,KIRANA,5411,True
MCH6594,3,39012.75,2,1,2.0,4775.919999999999,13004.25,0.6666666666666666,0.12241946543117312,0.6666666666666666,0.3333333333333333,ACTIVE,GROCERY_STORE,5411,False
MCH6595,3,31534.489999999998,1,2,0.0,0.0,10511.496666666666,0.0,0.0,0.3333333333333333,0.6666666666666666,ACTIVE,HOTEL,7011,False
MCH6596,4,32610.19,3,1,0.0,0.0,8152.5475,0.0,0.0,0.75,0.25,,,,
MCH6597,4,50106.759999999995,3,0,0.0,0.0,12526.689999999999,0.0,0.0,0.75,0.0,,,,
MCH6598,4,41953.5,4,0,0.0,0.0,10488.375,0.0,0.0,1.0,0.0,INACTIVE,HOTEL_LODGING,7011,True
MCH6600,1,21917.5,1,0,0.0,0.0,21917.5,0.0,0.0,1.0,0.0,LIVE,HOTEL_LODGING,7011,False
MCH6603,2,26872.22,2,0,1.0,-2807.75,13436.11,0.5,-0.10448522675089739,1.0,0.0,ACTIVE,HOTELS,7011,False
MCH6604,2,26045.05,1,1,0.0,0.0,13022.525,0.0,0.0,0.5,0.5,,,,
MCH6605,2,30200.5,1,1,0.0,0.0,15100.25,0.0,0.0,0.5,0.5,,,,
MCH6606,2,18191.44,2,0,1.0,-1640.31,9095.72,0.5,-0.09016933238929958,1.0,0.0,,,,
MCH6607,4,30458.93,4,0,0.0,0.0,7614.7325,0.0,0.0,1.0,0.0,LIVE,FOOD,5812,False
MCH6608,3,52049.0,2,1,0.0,0.0,17349.666666666668,0.0,0.0,0.6666666666666666,0.3333333333333333,ACTIVE,KIRANA,,False
MCH6609,2,20714.97,2,0,0.0,0.0,10357.485,0.0,0.0,1.0,0.0,,,,
MCH6610,1,21946.97,1,0,0.0,0.0,21946.97,0.0,0.0,1.0,0.0,,,,
MCH6611,2,17543.57,2,0,1.0,1724.56,8771.785,0.5,0.09830154295847424,1.0,0.0,ACTIVE,GROCERY_STORE,5411,False
MCH6613,10,100417.72,9,1,0.0,0.0,10041.772,0.0,0.0,0.9,0.1,,,,
MCH6614,2,44104.91,2,0,0.0,0.0,22052.455,0.0,0.0,1.0,0.0,,,,
MCH6615,3,45660.05,2,1,0.0,0.0,15220.016666666668,0.0,0.0,0.6666666666666666,0.3333333333333333,SUSPENDED,BOOK STORE,5942,False
MCH6616,3,39561.770000000004,3,0,0.0,0.0,13187.256666666668,0.0,0.0,1.0,0.0,,,,
MCH6617,3,29956.629999999997,3,0,0.0,0.0,9985.543333333333,0.0,0.0,1.0,0.0,LIVE,CLOTHS,5699,True
MCH6618,2,18957.73,1,0,0.0,0.0,9478.865,0.0,0.0,0.5,0.0,,,,
MCH6620,1,4820.4,1,0,0.0,0.0,4820.4,0.0,0.0,1.0,0.0,,,,
MCH6621,3,45528.68000000001,3,0,2.0,18916.34,15176.22666666667,0.6666666666666666,0.41548184572888996,1.0,0.0,,,,
MCH6622,1,11784.6,0,0,0.0,0.0,11784.6,0.0,0.0,0.0,0.0,,,,
MCH6623,2,29277.17,2,0,0.0,0.0,14638.585,0.0,0.0,1.0,0.0,ENABLED,PHARMACY,5912,False
MCH6624,5,61292.75,5,0,0.0,0.0,12258.55,0.0,0.0,1.0,0.0,,,,
MCH6625,3,-7194.51,3,0,0.0,0.0,-2398.17,0.0,0.0,1.0,0.0,,,,
MCH6626,2,41895.85,1,1,0.0,0.0,20947.925,0.0,0.0,0.5,0.5,INACTIVE,PHARMACY,5912,False
MCH6627,1,2947.61,1,0,0.0,0.0,2947.61,0.0,0.0,1.0,0.0,,,,
MCH6628,2,36218.22,2,0,0.0,0.0,18109.11,0.0,0.0,1.0,0.0,ACTIVE,PHONE SERVICE,,False
MCH6629,3,39778.78,3,0,0.0,0.0,13259.593333333332,0.0,0.0,1.0,0.0,,,,
MCH6630,3,51887.14,1,2,0.0,0.0,17295.713333333333,0.0,0.0,0.3333333333333333,0.6666666666666666,ACTIVE,STATIONERY,5942,False
MCH6631,1,14714.95,1,0,0.0,0.0,14714.95,0.0,0.0,1.0,0.0,,,,
MCH6632,4,54321.72,4,0,0.0,0.0,13580.43,0.0,0.0,1.0,0.0,HOLD,BUS/TAXI,UNKNOWN,False
MCH6633,1,1475.13,1,0,0.0,0.0,1475.13,0.0,0.0,1.0,0.0,,,,
MCH6635,1,22896.2,1,0,0.0,0.0,22896.2,0.0,0.0,1.0,0.0,ACTIVE,EATING PLACE,5812,False
MCH6636,2,27836.03,2,0,0.0,0.0,13918.015,0.0,0.0,1.0,0.0,,,,
MCH6637,2,15939.93,2,0,1.0,818.66,7969.965,0.5,0.05135907121298525,1.0,0.0,LIVE,RETAIL,5311.0,False
MCH6638,2,22398.98,1,0,0.0,0.0,11199.49,0.0,0.0,0.5,0.0,,,,
MCH6639,1,1430.41,1,0,0.0,0.0,1430.41,0.0,0.0,1.0,0.0,ACTIVE,EATING PLACE,5812,False
MCH6640,4,55528.65,4,0,0.0,0.0,13882.1625,0.0,0.0,1.0,0.0,,,,
MCH6641,2,19087.39,2,0,0.0,0.0,9543.695,0.0,0.0,1.0,0.0,ACTIVE,KIRANA,5411,False
MCH6642,2,-4731.49,2,0,0.0,0.0,-2365.745,0.0,0.0,1.0,0.0,,,,
MCH6643,3,52910.32,2,0,0.0,0.0,17636.773333333334,0.0,0.0,0.6666666666666666,0.0,ACTIVE,STATIONERY,5942,False
MCH6644,1,3223.15,1,0,0.0,0.0,3223.15,0.0,0.0,1.0,0.0,,,,
MCH6645,2,26892.27,2,0,0.0,0.0,13446.135,0.0,0.0,1.0,0.0,ACTIVE,CLOTHS,UNKNOWN,True
MCH6646,3,32740.8,3,0,0.0,0.0,10913.6,0.0,0.0,1.0,0.0,,,,
MCH6647,5,56422.82,4,1,0.0,0.0,11284.564,0.0,0.0,0.8,0.2,,,,
MCH6648,1,21098.55,0,1,0.0,0.0,21098.55,0.0,0.0,0.0,1.0,,,,
MCH6649,1,7269.68,1,0,0.0,0.0,7269.68,0.0,0.0,1.0,0.0,,,,
MCH6650,1,8323.09,1,0,0.0,0.0,8323.09,0.0,0.0,1.0,0.0,INACTIVE,STATIONERY,5942.0,True
MCH6651,3,34526.56,2,1,2.0,1654.78,11508.853333333333,0.6666666666666666,0.04792774026720299,0.6666666666666666,0.3333333333333333,ACTIVE,HOTEL,7011,True
MCH6652,2,31801.91,2,0,0.0,0.0,15900.955,0.0,0.0,1.0,0.0,,,,
MCH6653,3,24757.43,3,0,1.0,2178.8,8252.476666666667,0.3333333333333333,0.08800590368224813,1.0,0.0,,,,
MCH6654,1,21115.46,1,0,0.0,0.0,21115.46,0.0,0.0,1.0,0.0,ACTIVE,HOTELS,7011,True
MCH6655,2,21332.78,2,0,1.0,4064.18,10666.39,0.5,0.19051337894076628,1.0,0.0,,,,
MCH6656,4,30974.02,4,0,0.0,0.0,7743.505,0.0,0.0,1.0,0.0,ACTIVE,FOOD_SERVICES,5812.0,False
MCH6657,4,35709.5,4,0,0.0,0.0,8927.375,0.0,0.0,1.0,0.0,ENABLED,GROCERY,5411,False
MCH6658,5,54749.21,5,0,1.0,3481.55,10949.842,0.2,0.06359087190481835,1.0,0.0,,,,
MCH6659,3,28554.63,3,0,2.0,1847.8100000000002,9518.210000000001,0.6666666666666666,0.0647113970659049,1.0,0.0,,,,
MCH6661,3,25133.18,1,1,0.0,0.0,8377.726666666667,0.0,0.0,0.3333333333333333,0.3333333333333333,,,,
MCH6662,2,26108.66,2,0,1.0,739.17,13054.33,0.5,0.02831129594548322,1.0,0.0,ACTIVE,MISC RETAIL,5999,False
MCH6664,3,37860.34,3,0,1.0,3491.72,12620.113333333333,0.3333333333333333,0.09222632443343087,1.0,0.0,,,,
MCH6665,4,49183.67,4,0,0.0,0.0,12295.9175,0.0,0.0,1.0,0.0,ACTIVE,DEPARTMENT STORE,5311.0,False
MCH6666,2,22897.18,2,0,0.0,0.0,11448.59,0.0,0.0,1.0,0.0,ACTIVE,CLOTHING,5699,True
MCH6667,2,43853.14,2,0,0.0,0.0,21926.57,0.0,0.0,1.0,0.0,ACTIVE,PHARMACY,5912,False
MCH6669,2,20920.989999999998,1,1,0.0,0.0,10460.494999999999,0.0,0.0,0.5,0.5,,,,
MCH6670,1,9972.59,1,0,0.0,0.0,9972.59,0.0,0.0,1.0,0.0,LIVE,GROCERY STORES,5411,False
MCH6671,2,5709.9,1,1,0.0,0.0,2854.95,0.0,0.0,0.5,0.5,ACTIVE,CLOTHING,5699.0,False
MCH6672,3,31170.420000000002,2,1,0.0,0.0,10390.140000000001,0.0,0.0,0.6666666666666666,0.3333333333333333,LIVE,RESTAURANTS,5812,True
MCH6673,1,10556.64,1,0,0.0,0.0,10556.64,0.0,0.0,1.0,0.0,,,,
MCH6674,5,41501.25,4,0,0.0,0.0,8300.25,0.0,0.0,0.8,0.0,,,,
MCH6675,2,39390.81,0,1,0.0,0.0,19695.405,0.0,0.0,0.0,0.5,LIVE,CLOTHS,,False
MCH6676,2,31066.690000000002,2,0,1.0,2850.0,15533.345000000001,0.5,0.09173812852286484,1.0,0.0,ACTIVE,TRANSPORT,4131,False
MCH6677,5,58642.07,3,1,1.0,2349.32,11728.414,0.2,0.04006202373142695,0.6,0.2,DISABLED,MEDICAL_STORE,5912.0,False
MCH6678,4,68884.54000000001,3,1,3.0,10586.9,17221.135000000002,0.75,0.1536905087846997,0.75,0.25,,,,
MCH6679,5,56239.78,4,0,1.0,2144.03,11247.956,0.2,0.03812301541720114,0.8,0.0,,,,
MCH6680,2,32707.27,2,0,0.0,0.0,16353.635,0.0,0.0,1.0,0.0,ENABLED,MISC RETAIL,5999,False
MCH6681,3,45056.39,3,0,0.0,0.0,15018.796666666667,0.0,0.0,1.0,0.0,INACTIVE,BUS/TAXI,4131,False
MCH6682,3,61925.31,2,1,1.0,1112.83,20641.77,0.3333333333333333,0.017970519646974718,0.6666666666666666,0.3333333333333333,,,,
MCH6684,1,5270.57,0,1,0.0,0.0,5270.57,0.0,0.0,0.0,1.0,,,,
MCH6685,2,43334.35,2,0,0.0,0.0,21667.175,0.0,0.0,1.0,0.0,,,,
MCH6687,3,42639.03,3,0,1.0,237.88,14213.01,0.3333333333333333,0.0055789261622508765,1.0,0.0,,,,
MCH6688,3,47361.64,3,0,1.0,3125.63,15787.213333333333,0.3333333333333333,0.06599496976878334,1.0,0.0,,,,
MCH6690,2,30541.48,2,0,1.0,6490.82,15270.74,0.5,0.2125247368496877,1.0,0.0,,,,
MCH6693,4,25451.85,4,0,1.0,-1194.2,6362.9625,0.25,-0.04691996848952041,1.0,0.0,,,,
MCH6694,3,26454.18,3,0,1.0,1328.22,8818.06,0.3333333333333333,0.05020832246548561,1.0,0.0,,,,
MCH6695,2,21042.54,1,1,0.0,0.0,10521.27,0.0,0.0,0.5,0.5,,,,
MCH6696,4,67663.66,4,0,0.0,0.0,16915.915,0.0,0.0,1.0,0.0,,,,
MCH6697,3,32083.22,2,0,0.0,0.0,10694.406666666668,0.0,0.0,0.6666666666666666,0.0,ENABLED,TELECOM,4814,True
MCH6698,3,33691.97,3,0,1.0,6328.27,11230.656666666668,0.3333333333333333,0.18782724785757557,1.0,0.0,,,,
MCH6699,3,32627.61,3,0,0.0,0.0,10875.87,0.0,0.0,1.0,0.0,,,,
MCH6700,2,19730.06,1,0,0.0,0.0,9865.03,0.0,0.0,0.5,0.0,ENABLED,TELECOM,4814,False
MCH6701,3,38379.86,3,0,3.0,13326.189999999999,12793.286666666667,1.0,0.3472183066848081,1.0,0.0,,,,
MCH6702,1,22708.13,1,0,0.0,0.0,22708.13,0.0,0.0,1.0,0.0,,,,
MCH6705,6,85831.91,4,1,1.0,0.0,14305.318333333335,0.16666666666666666,0.0,0.6666666666666666,0.16666666666666666,,,,
MCH6706,2,42837.97,1,1,1.0,4857.19,21418.985,0.5,0.11338515807355015,0.5,0.5,,,,
MCH6707,3,45986.770000000004,3,0,0.0,0.0,15328.923333333334,0.0,0.0,1.0,0.0,ACTIVE,MOBILE RECHARGE,4814,True
MCH6708,3,19754.65,1,1,0.0,0.0,6584.883333333334,0.0,0.0,0.3333333333333333,0.3333333333333333,ENABLED,MEDICAL_STORE,5912,True
MCH6709,2,40394.07,2,0,0.0,0.0,20197.035,0.0,0.0,1.0,0.0,,,,
MCH6710,2,26460.97,1,1,0.0,0.0,13230.485,0.0,0.0,0.5,0.5,,,,
MCH6711,2,36122.94,1,1,1.0,338.23,18061.47,0.5,0.009363302101102512,0.5,0.5,DISABLED,GROCERY,5411,False
MCH6712,2,23782.39,1,1,0.0,0.0,11891.195,0.0,0.0,0.5,0.5,,,,
MCH6714,3,64128.4,3,0,0.0,0.0,21376.133333333335,0.0,0.0,1.0,0.0,,,,
MCH6715,2,6114.09,2,0,2.0,9753.64,3057.045,1.0,1.5952725589580787,1.0,0.0,,,,
MCH6716,4,40129.77,4,0,1.0,0.0,10032.4425,0.25,0.0,1.0,0.0,ACTIVE,GARMENTS,5699,False
MCH6717,3,26358.690000000002,3,0,1.0,589.03,8786.230000000001,0.3333333333333333,0.022346709946510997,1.0,0.0,,,,
MCH6718,3,7073.980000000001,3,0,0.0,0.0,2357.993333333334,0.0,0.0,1.0,0.0,ACTIVE,PHONE SERVICE,4814,False
MCH6719,2,13969.68,1,1,0.0,0.0,6984.84,0.0,0.0,0.5,0.5,,,,
MCH6720,3,56489.03,2,1,1.0,2703.0,18829.676666666666,0.3333333333333333,0.04784999848643179,0.6666666666666666,0.3333333333333333,LIVE,MEDICAL,5912,False
MCH6721,2,9992.34,2,0,0.0,0.0,4996.17,0.0,0.0,1.0,0.0,LIVE,PHARMACIES,5912,True
MCH6722,2,44381.2,1,0,0.0,0.0,22190.6,0.0,0.0,0.5,0.0,ACTIVE,MEDICAL_STORE,5912,True
MCH6723,1,1382.07,1,0,0.0,0.0,1382.07,0.0,0.0,1.0,0.0,,,,
MCH6724,1,12364.33,1,0,1.0,2014.01,12364.33,1.0,0.16288872911027125,1.0,0.0,,,,
MCH6725,3,54811.75,3,0,0.0,0.0,18270.583333333332,0.0,0.0,1.0,0.0,,,,
MCH6726,3,31913.47,2,1,2.0,1724.94,10637.823333333334,0.6666666666666666,0.054050531014020096,0.6666666666666666,0.3333333333333333,SUSPENDED,HOTELS,7011,False
MCH6727,4,48172.06,3,0,1.0,0.0,12043.015,0.25,0.0,0.75,0.0,,,,
MCH6728,1,8998.29,1,0,1.0,881.56,8998.29,1.0,0.0979697253589293,1.0,0.0,,,,
MCH6730,1,10407.61,1,0,0.0,0.0,10407.61,0.0,0.0,1.0,0.0,ACTIVE,CHEMIST,5912,False
MCH6731,1,7032.3,1,0,0.0,0.0,7032.3,0.0,0.0,1.0,0.0,ENABLED,EATING PLACE,5812,True
MCH6732,1,22433.09,1,0,0.0,0.0,22433.09,0.0,0.0,1.0,0.0,,,,
MCH6733,3,36490.909999999996,3,0,0.0,0.0,12163.636666666665,0.0,0.0,1.0,0.0,,,,
MCH6734,3,24083.66,2,1,1.0,2488.0,8027.886666666666,0.3333333333333333,0.1033065572259366,0.6666666666666666,0.3333333333333333,,,,
MCH6735,6,60074.689999999995,5,0,1.0,1977.08,10012.448333333332,0.16666666666666666,0.03291036541345448,0.8333333333333334,0.0,,,,
MCH6736,4,52959.4,3,1,1.0,3615.07,13239.85,0.25,0.06826115854786875,0.75,0.25,,,,
MCH6737,2,14310.689999999999,2,0,0.0,0.0,7155.344999999999,0.0,0.0,1.0,0.0,LIVE,BOOKS_STATIONERY,5942,True
MCH6738,2,17941.62,2,0,1.0,426.17,8970.81,0.5,0.023753150495886104,1.0,0.0,INACTIVE,TELECOM,4814.0,True
MCH6739,1,23347.13,1,0,0.0,0.0,23347.13,0.0,0.0,1.0,0.0,,,,
MCH6740,3,26829.829999999998,2,1,1.0,740.0,8943.276666666667,0.3333333333333333,0.0275812407309327,0.6666666666666666,0.3333333333333333,,,,
MCH6742,2,17144.99,2,0,0.0,0.0,8572.495,0.0,0.0,1.0,0.0,LIVE,PHONE SERVICE,4814,True
MCH6744,5,72947.8,5,0,1.0,665.91,14589.560000000001,0.2,0.009128582356150562,1.0,0.0,ACTIVE,MISCELLANEOUS,5999,False
MCH6745,3,43210.18,3,0,0.0,0.0,14403.393333333333,0.0,0.0,1.0,0.0,INACTIVE,HOSPITALITY,7011,False
MCH6746,2,18912.93,1,0,2.0,7268.68,9456.465,1.0,0.3843233174341575,0.5,0.0,ACTIVE,GROCERY STORES,5411.0,False
MCH6747,1,16587.43,0,1,0.0,0.0,16587.43,0.0,0.0,0.0,1.0,,,,
MCH6748,1,15457.63,1,0,0.0,0.0,15457.63,0.0,0.0,1.0,0.0,INACTIVE,GROCERY STORES,5411,False
MCH6749,2,33637.66,2,0,0.0,0.0,16818.83,0.0,0.0,1.0,0.0,,,,
MCH6750,4,51952.79,4,0,0.0,0.0,12988.1975,0.0,0.0,1.0,0.0,,,,
MCH6751,2,5607.54,1,0,0.0,0.0,2803.77,0.0,0.0,0.5,0.0,ACTIVE,BOOK STORE,5942,False
MCH6752,4,23522.87,3,1,1.0,2601.86,5880.7175,0.25,0.11060980229028176,0.75,0.25,,,,
MCH6753,4,68330.48,4,0,0.0,0.0,17082.62,0.0,0.0,1.0,0.0,,,,
MCH6754,1,18639.0,0,1,1.0,1851.93,18639.0,1.0,0.09935779816513762,0.0,1.0,,,,
MCH6755,1,10572.94,1,0,0.0,0.0,10572.94,0.0,0.0,1.0,0.0,LIVE,HOSPITALITY,7011,False
MCH6756,3,37034.51,2,1,0.0,0.0,12344.836666666668,0.0,0.0,0.6666666666666666,0.3333333333333333,ACTIVE,RESTAURANTS,5812,False
MCH6757,2,36763.58,2,0,0.0,0.0,18381.79,0.0,0.0,1.0,0.0,ACTIVE,BOOKS,5942,False
MCH6758,2,19594.69,2,0,0.0,0.0,9797.345,0.0,0.0,1.0,0.0,ACTIVE,CHEMIST,5912,False
MCH6760,2,38694.46,2,0,0.0,0.0,19347.23,0.0,0.0,1.0,0.0,,,,
MCH6761,2,16563.51,1,1,1.0,1026.98,8281.755,0.5,0.062002558636424294,0.5,0.5,,,,
MCH6762,5,64939.229999999996,4,1,1.0,0.0,12987.846,0.2,0.0,0.8,0.2,,,,
MCH6763,1,23643.0,1,0,0.0,0.0,23643.0,0.0,0.0,1.0,0.0,,,,
MCH6764,2,15854.73,2,0,1.0,-2520.29,7927.365,0.5,-0.1589613951167885,1.0,0.0,ACTIVE,TRANSPRT,4131,False
MCH6765,2,38555.86,2,0,1.0,3377.0,19277.93,0.5,0.08758720464282213,1.0,0.0,ACTIVE,CHEMIST,5912,True
MCH6767,2,12198.74,2,0,0.0,0.0,6099.37,0.0,0.0,1.0,0.0,,,,
MCH6768,1,21830.25,1,0,0.0,0.0,21830.25,0.0,0.0,1.0,0.0,,,,
MCH6769,2,22394.75,2,0,0.0,0.0,11197.375,0.0,0.0,1.0,0.0,,,,
MCH6771,2,27443.2,2,0,1.0,-4189.62,13721.6,0.5,-0.1526651410914179,1.0,0.0,,,,
MCH6772,6,36474.33,3,2,1.0,2995.87,6079.055,0.16666666666666666,0.08213639565140743,0.5,0.3333333333333333,INACTIVE,GROCERIES,5411,False
MCH6773,4,68131.54,3,1,1.0,1946.17,17032.885,0.25,0.02856489079800633,0.75,0.25,ENABLED,MISCELLANEOUS,5999,False
MCH6774,2,12507.91,1,0,1.0,554.76,6253.955,0.5,0.04435273359018413,0.5,0.0,LIVE,CLOTHS,5699,False
MCH6775,2,1831.73,2,0,0.0,0.0,915.865,0.0,0.0,1.0,0.0,INACTIVE,RETAIL OTHER,5999,False
MCH6776,1,947.84,1,0,0.0,0.0,947.84,0.0,0.0,1.0,0.0,INACTIVE,TRANSPORT,4131,True
MCH6777,3,41714.04,3,0,0.0,0.0,13904.68,0.0,0.0,1.0,0.0,ENABLED,GROCERIES,5411,False
MCH6778,1,14782.35,1,0,0.0,0.0,14782.35,0.0,0.0,1.0,0.0,,,,
MCH6779,1,12980.62,0,1,0.0,0.0,12980.62,0.0,0.0,0.0,1.0,,,,
MCH6780,4,29465.32,3,1,2.0,3747.46,7366.33,0.5,0.1271820567365296,0.75,0.25,ACTIVE,RETAIL OTHER,5999,False
MCH6781,3,38068.22,2,1,0.0,0.0,12689.406666666668,0.0,0.0,0.6666666666666666,0.3333333333333333,,,,
MCH6782,3,30498.690000000002,3,0,0.0,0.0,10166.230000000001,0.0,0.0,1.0,0.0,ACTIVE,HOTEL_LODGING,7011,True
MCH6783,2,47109.79,1,1,0.0,0.0,23554.895,0.0,0.0,0.5,0.5,LIVE,MEDICAL,5912,True
MCH6784,2,20900.22,2,0,0.0,0.0,10450.11,0.0,0.0,1.0,0.0,,,,
MCH6785,2,25379.120000000003,2,0,0.0,0.0,12689.560000000001,0.0,0.0,1.0,0.0,ACTIVE,HOTEL_LODGING,7011,False
MCH6786,2,30422.63,2,0,0.0,0.0,15211.315,0.0,0.0,1.0,0.0,,,,
MCH6787,6,55838.740000000005,5,1,0.0,0.0,9306.456666666667,0.0,0.0,0.8333333333333334,0.16666666666666666,,,,
MCH6788,2,30384.39,1,1,1.0,16164.46,15192.195,0.5,0.5319988322951358,0.5,0.5,,,,
MCH6789,1,6357.99,1,0,0.0,0.0,6357.99,0.0,0.0,1.0,0.0,LIVE,APPAREL,5699,False
MCH6790,3,50346.03999999999,3,0,0.0,0.0,16782.013333333332,0.0,0.0,1.0,0.0,,,,
MCH6791,2,12528.0,1,0,0.0,0.0,6264.0,0.0,0.0,0.5,0.0,,,,
MCH6792,1,15969.25,0,1,0.0,0.0,15969.25,0.0,0.0,0.0,1.0,,,,
MCH6793,3,40350.29,1,2,0.0,0.0,13450.096666666666,0.0,0.0,0.3333333333333333,0.6666666666666666,,,,
MCH6794,3,31806.56,3,0,0.0,0.0,10602.186666666666,0.0,0.0,1.0,0.0,,,,
MCH6795,2,11297.65,1,1,0.0,0.0,5648.825,0.0,0.0,0.5,0.5,LIVE,MISC RETAIL,5999,False
MCH6796,4,57133.97,3,1,2.0,3320.47,14283.4925,0.5,0.058117263687434986,0.75,0.25,,,,
MCH6799,4,47141.82,4,0,0.0,0.0,11785.455,0.0,0.0,1.0,0.0,,,,
MCH6800,1,3530.31,0,1,0.0,0.0,3530.31,0.0,0.0,0.0,1.0,,,,
MCH6801,4,43808.21,4,0,0.0,0.0,10952.0525,0.0,0.0,1.0,0.0,,,,
MCH6802,2,24732.71,1,0,0.0,0.0,12366.355,0.0,0.0,0.5,0.0,ACTIVE,DEPARTMENT STORE,5311.0,False
MCH6803,4,58258.130000000005,4,0,0.0,0.0,14564.532500000001,0.0,0.0,1.0,0.0,ACTIVE,STATIONERY,5942,False
MCH6804,1,18102.98,1,0,0.0,0.0,18102.98,0.0,0.0,1.0,0.0,INACTIVE,CLOTHS,5699,False
MCH6805,4,48468.62,3,1,1.0,2209.68,12117.155,0.25,0.04558990951258773,0.75,0.25,ACTIVE,DEPARTMENT STORE,5311,False
MCH6806,3,62316.729999999996,3,0,0.0,0.0,20772.243333333332,0.0,0.0,1.0,0.0,ACTIVE,HOSPITALITY,7011,True
MCH6807,1,17555.82,1,0,0.0,0.0,17555.82,0.0,0.0,1.0,0.0,,,,
MCH6809,3,28079.12,2,0,0.0,0.0,9359.706666666667,0.0,0.0,0.6666666666666666,0.0,ACTIVE,CLOTHING,,False
MCH6810,2,47939.0,2,0,1.0,1647.57,23969.5,0.5,0.03436805106489497,1.0,0.0,,,,
MCH6812,3,47160.67,3,0,0.0,0.0,15720.223333333333,0.0,0.0,1.0,0.0,ACTIVE,MOBILE RECHARGE,4814,False
MCH6814,2,27790.61,2,0,0.0,0.0,13895.305,0.0,0.0,1.0,0.0,ACTIVE,TELECOM,4814,False
MCH6815,4,35092.399999999994,3,0,0.0,0.0,8773.099999999999,0.0,0.0,0.75,0.0,ENABLED,TELECOM,4814.0,False
MCH6816,2,22446.84,2,0,0.0,0.0,11223.42,0.0,0.0,1.0,0.0,SUSPENDED,BOOK STORE,,False
MCH6817,2,19945.3,1,1,0.0,0.0,9972.65,0.0,0.0,0.5,0.5,,,,
MCH6818,5,39918.77,3,1,1.0,328.81,7983.753999999999,0.2,0.008236977241533244,0.6,0.2,ACTIVE,DEPARTMENT STORES,5311,True
MCH6822,4,69872.15,3,0,2.0,14621.36,17468.0375,0.5,0.2092587676205756,0.75,0.0,CLOSED,TELECOM,4814,False
MCH6823,3,-3768.5099999999993,2,1,0.0,0.0,-1256.1699999999998,0.0,0.0,0.6666666666666666,0.3333333333333333,,,,
MCH6824,7,102401.95,7,0,0.0,0.0,14628.85,0.0,0.0,1.0,0.0,ACTIVE,BOOKS_STATIONERY,,False
MCH6825,3,27820.8,3,0,0.0,0.0,9273.6,0.0,0.0,1.0,0.0,HOLD,OTHER,5999,True
MCH6826,4,42697.31,3,0,0.0,0.0,10674.3275,0.0,0.0,0.75,0.0,,,,
MCH6827,2,16373.38,2,0,0.0,0.0,8186.69,0.0,0.0,1.0,0.0,ENABLED,CHEMIST,5912,False
MCH6828,1,3412.99,1,0,0.0,0.0,3412.99,0.0,0.0,1.0,0.0,ACTIVE,TELECOM,4814,False
MCH6829,1,19573.0,1,0,0.0,0.0,19573.0,0.0,0.0,1.0,0.0,LIVE,MEDICAL_STORE,5912.0,False
MCH6830,1,12769.41,1,0,0.0,0.0,12769.41,0.0,0.0,1.0,0.0,,,,
MCH6831,2,14948.32,2,0,1.0,755.08,7474.16,0.5,0.05051269975488885,1.0,0.0,ACTIVE,TRANSPORTATION,4131,True
MCH6832,1,17415.71,1,0,0.0,0.0,17415.71,0.0,0.0,1.0,0.0,INACTIVE,RESTAURANT,5812,False
MCH6833,3,58479.84,1,2,0.0,0.0,19493.28,0.0,0.0,0.3333333333333333,0.6666666666666666,,,,
MCH6834,3,55449.2,2,0,2.0,1537.5,18483.066666666666,0.6666666666666666,0.027728082641408715,0.6666666666666666,0.0,,,,
MCH6835,1,4077.1,1,0,1.0,1444.28,4077.1,1.0,0.35424198572514776,1.0,0.0,,,,
MCH6836,2,31767.19,1,1,0.0,0.0,15883.595,0.0,0.0,0.5,0.5,SUSPENDED,MISCELLANEOUS,5999,False
MCH6837,1,10275.32,1,0,0.0,0.0,10275.32,0.0,0.0,1.0,0.0,HOLD,GROCERY STORES,5411,True
MCH6838,3,27027.83,3,0,2.0,1302.0,9009.276666666667,0.6666666666666666,0.04817256879298116,1.0,0.0,LIVE,CHEMIST,5912,False
MCH6839,1,4893.61,1,0,0.0,0.0,4893.61,0.0,0.0,1.0,0.0,ACTIVE,GROCERIES,5411,True
MCH6840,3,43769.57,3,0,0.0,0.0,14589.856666666667,0.0,0.0,1.0,0.0,ACTIVE,GROCERY,5411.0,False
MCH6841,4,63631.31,3,0,0.0,0.0,15907.8275,0.0,0.0,0.75,0.0,,,,
MCH6843,3,32024.39,3,0,0.0,0.0,10674.796666666667,0.0,0.0,1.0,0.0,ENABLED,APPAREL,5699,True
MCH6845,2,37506.72,1,1,0.0,0.0,18753.36,0.0,0.0,0.5,0.5,,,,
MCH6846,2,24569.03,2,0,0.0,0.0,12284.515,0.0,0.0,1.0,0.0,,,,
MCH6847,3,42308.75,3,0,0.0,0.0,14102.916666666666,0.0,0.0,1.0,0.0,,,,
MCH6848,5,79757.69,5,0,2.0,8214.17,15951.538,0.4,0.10298906600730287,1.0,0.0,ACTIVE,DEPARTMENT STORE,5311,False
MCH6850,1,11825.11,0,1,0.0,0.0,11825.11,0.0,0.0,0.0,1.0,,,,
MCH6851,1,4668.63,1,0,0.0,0.0,4668.63,0.0,0.0,1.0,0.0,ACTIVE,TRANSPRT,4131,False
MCH6852,3,32217.11,3,0,0.0,0.0,10739.036666666667,0.0,0.0,1.0,0.0,ACTIVE,TELECOM,4814,False
MCH6853,3,12663.04,2,0,0.0,0.0,4221.013333333333,0.0,0.0,0.6666666666666666,0.0,LIVE,HOTEL,7011,False
MCH6854,1,21259.44,1,0,0.0,0.0,21259.44,0.0,0.0,1.0,0.0,LIVE,BOOKS_STATIONERY,5942,False
MCH6855,3,34068.86,3,0,0.0,0.0,11356.286666666667,0.0,0.0,1.0,0.0,ACTIVE,GROCERIES,5411.0,False
MCH6856,1,16154.71,1,0,0.0,0.0,16154.71,0.0,0.0,1.0,0.0,ACTIVE,HOSPITALITY,7011,False
MCH6857,2,14627.990000000002,0,1,0.0,0.0,7313.995000000001,0.0,0.0,0.0,0.5,ACTIVE,HOTEL,7011,False
MCH6858,3,16224.96,3,0,3.0,23194.36,5408.32,1.0,1.4295480543557582,1.0,0.0,,,,
MCH6859,1,23604.92,1,0,0.0,0.0,23604.92,0.0,0.0,1.0,0.0,,,,
MCH6860,3,29429.15,3,0,0.0,0.0,9809.716666666667,0.0,0.0,1.0,0.0,ENABLED,APPAREL,5699,False
MCH6861,2,32659.72,2,0,0.0,0.0,16329.86,0.0,0.0,1.0,0.0,ENABLED,OTHER,5999,True
MCH6863,1,2853.0,1,0,0.0,0.0,2853.0,0.0,0.0,1.0,0.0,ENABLED,DEPT_STORE,5311,False
MCH6864,1,1516.08,1,0,0.0,0.0,1516.08,0.0,0.0,1.0,0.0,,,,
MCH6867,4,43754.76,3,0,0.0,0.0,10938.69,0.0,0.0,0.75,0.0,,,,
MCH6868,2,38706.380000000005,2,0,0.0,0.0,19353.190000000002,0.0,0.0,1.0,0.0,ACTIVE,RETAIL,5311,False
MCH6869,4,66677.78,3,1,1.0,305.0,16669.445,0.25,0.004574237474612982,0.75,0.25,ACTIVE,TRANSPRT,4131,False
MCH6870,1,17662.24,1,0,0.0,0.0,17662.24,0.0,0.0,1.0,0.0,ACTIVE,PHONE SERVICE,4814,False
MCH6871,2,21836.35,1,0,0.0,0.0,10918.175,0.0,0.0,0.5,0.0,,,,
MCH6872,2,27016.53,2,0,0.0,0.0,13508.265,0.0,0.0,1.0,0.0,,,,
MCH6873,4,47709.28,4,0,0.0,0.0,11927.32,0.0,0.0,1.0,0.0,ACTIVE,DEPARTMENT STORE,5311,False
MCH6874,1,15602.4,0,1,0.0,0.0,15602.4,0.0,0.0,0.0,1.0,,,,
MCH6875,1,15031.86,1,0,0.0,0.0,15031.86,0.0,0.0,1.0,0.0,ACTIVE,HOTEL,7011,True
MCH6876,2,42406.11,1,0,0.0,0.0,21203.055,0.0,0.0,0.5,0.0,,,,
MCH6877,1,13.37,1,0,0.0,0.0,13.37,0.0,0.0,1.0,0.0,ACTIVE,KIRANA,UNKNOWN,True
MCH6878,1,15174.72,1,0,0.0,0.0,15174.72,0.0,0.0,1.0,0.0,,,,
MCH6879,1,22360.8,1,0,0.0,0.0,22360.8,0.0,0.0,1.0,0.0,,,,
MCH6880,2,27113.65,2,0,1.0,10229.48,13556.825,0.5,0.37728155375613387,1.0,0.0,,,,
MCH6881,4,58005.380000000005,2,1,0.0,0.0,14501.345000000001,0.0,0.0,0.5,0.25,,,,
MCH6882,1,304.38,1,0,0.0,0.0,304.38,0.0,0.0,1.0,0.0,INACTIVE,TRANSPORT,4131,False
MCH6883,1,23065.87,1,0,0.0,0.0,23065.87,0.0,0.0,1.0,0.0,,,,
MCH6884,1,18279.59,1,0,0.0,0.0,18279.59,0.0,0.0,1.0,0.0,,,,
MCH6885,2,29854.78,2,0,1.0,2008.0,14927.39,0.5,0.06725891130331559,1.0,0.0,,,,
MCH6886,2,3420.73,2,0,0.0,0.0,1710.365,0.0,0.0,1.0,0.0,,,,
MCH6887,1,11736.43,1,0,0.0,0.0,11736.43,0.0,0.0,1.0,0.0,,,,
MCH6888,1,8749.08,1,0,1.0,692.55,8749.08,1.0,0.07915689421059129,1.0,0.0,,,,
MCH6889,4,53844.75,2,1,0.0,0.0,13461.1875,0.0,0.0,0.5,0.25,LIVE,DEPARTMENT STORES,5311,True
MCH6890,1,14449.76,1,0,0.0,0.0,14449.76,0.0,0.0,1.0,0.0,CLOSED,HOTEL,7011,True
MCH6891,3,48757.7,3,0,1.0,782.96,16252.566666666666,0.3333333333333333,0.016058181579524877,1.0,0.0,,,,
MCH6892,1,15938.74,1,0,0.0,0.0,15938.74,0.0,0.0,1.0,0.0,LIVE,PHARMACIES,5912,False
MCH6893,3,36756.08,2,1,0.0,0.0,12252.026666666667,0.0,0.0,0.6666666666666666,0.3333333333333333,,,,
MCH6894,2,3606.08,2,0,0.0,0.0,1803.04,0.0,0.0,1.0,0.0,,,,
MCH6896,4,44322.0,3,0,0.0,0.0,11080.5,0.0,0.0,0.75,0.0,ENABLED,TELECOM,4814,True
MCH6897,5,58986.14,4,1,1.0,1719.63,11797.228,0.2,0.029153119698966574,0.8,0.2,,,,
MCH6898,1,565.29,0,0,0.0,0.0,565.29,0.0,0.0,0.0,0.0,,,,
MCH6899,4,50301.619999999995,3,1,0.0,0.0,12575.404999999999,0.0,0.0,0.75,0.25,,,,
MCH6900,3,33096.71,2,1,0.0,0.0,11032.236666666666,0.0,0.0,0.6666666666666666,0.3333333333333333,,,,
MCH6901,4,56950.24,3,1,1.0,1213.34,14237.56,0.25,0.021305265789924678,0.75,0.25,,,,
MCH6902,2,32762.74,1,1,0.0,0.0,16381.37,0.0,0.0,0.5,0.5,,,,
MCH6903,1,3074.0,1,0,1.0,3489.66,3074.0,1.0,1.1352179570592063,1.0,0.0,ACTIVE,MEDICAL,5912.0,True
MCH6904,3,57863.619999999995,3,0,2.0,2687.42,19287.873333333333,0.6666666666666666,0.046444035129499336,1.0,0.0,INACTIVE,HOTEL,7011,True
MCH6905,5,64554.65,4,1,0.0,0.0,12910.93,0.0,0.0,0.8,0.2,,,,
MCH6906,2,13952.35,2,0,0.0,0.0,6976.175,0.0,0.0,1.0,0.0,,,,
MCH6907,5,46037.869999999995,5,0,1.0,-1016.94,9207.573999999999,0.2,-0.022089206125305107,1.0,0.0,ACTIVE,RESTAURANTS,5812.0,False
MCH6908,1,11264.27,1,0,0.0,0.0,11264.27,0.0,0.0,1.0,0.0,,,,
MCH6909,3,34941.89,1,2,1.0,5443.0,11647.296666666667,0.3333333333333333,0.1557729132568387,0.3333333333333333,0.6666666666666666,,,,
MCH6910,5,47057.520000000004,4,1,1.0,20286.73,9411.504,0.2,0.4311049541072287,0.8,0.2,,,,
MCH6912,3,28711.89,3,0,0.0,0.0,9570.63,0.0,0.0,1.0,0.0,,,,
MCH6913,2,29363.32,2,0,0.0,0.0,14681.66,0.0,0.0,1.0,0.0,,,,
MCH6914,6,66902.01000000001,6,0,0.0,0.0,11150.335000000001,0.0,0.0,1.0,0.0,,,,
MCH6916,2,40859.69,2,0,0.0,0.0,20429.845,0.0,0.0,1.0,0.0,,,,
MCH6917,3,24124.44,2,1,1.0,7477.0,8041.48,0.3333333333333333,0.3099346554780132,0.6666666666666666,0.3333333333333333,ACTIVE,PHONE SERVICE,4814,False
MCH6918,4,67125.96,3,1,0.0,0.0,16781.49,0.0,0.0,0.75,0.25,ACTIVE,TRANSPORTATION,4131,False
MCH6919,2,6240.66,2,0,1.0,3677.06,3120.33,0.5,0.5892101155967477,1.0,0.0,ACTIVE,OTHER,5999,False
MCH6920,2,7857.6900000000005,2,0,1.0,8988.28,3928.8450000000003,0.5,1.1438832532207304,1.0,0.0,LIVE,DEPARTMENT STORES,5311.0,False
MCH6921,4,47919.5,2,2,1.0,287.95,11979.875,0.25,0.006009035987437264,0.5,0.5,,,,
MCH6922,3,25854.379999999997,3,0,0.0,0.0,8618.126666666665,0.0,0.0,1.0,0.0,ACTIVE,CLOTHING,5699,True
MCH6923,3,46497.479999999996,3,0,0.0,0.0,15499.159999999998,0.0,0.0,1.0,0.0,DISABLED,BOOKS_STATIONERY,5942,False
MCH6924,4,46423.95,4,0,3.0,9248.74,11605.9875,0.75,0.1992234611660576,1.0,0.0,,,,
MCH6925,3,50746.51,3,0,0.0,0.0,16915.503333333334,0.0,0.0,1.0,0.0,,,,
MCH6926,3,51462.76,3,0,0.0,0.0,17154.253333333334,0.0,0.0,1.0,0.0,ACTIVE,MEDICAL_STORE,misc,False
MCH6927,2,30151.08,2,0,1.0,877.69,15075.54,0.5,0.029109736699315582,1.0,0.0,,,,
MCH6928,2,25043.27,1,1,0.0,0.0,12521.635,0.0,0.0,0.5,0.5,ACTIVE,CHEMIST,5912,True
MCH6929,5,54395.15,5,0,0.0,0.0,10879.03,0.0,0.0,1.0,0.0,,,,
MCH6930,4,15635.26,3,1,1.0,9968.68,3908.815,0.25,0.6375768615296452,0.75,0.25,ACTIVE,TRANSPRT,4131,True
MCH6931,4,47223.880000000005,4,0,0.0,0.0,11805.970000000001,0.0,0.0,1.0,0.0,,,,
MCH6932,5,37432.26,5,0,0.0,0.0,7486.452,0.0,0.0,1.0,0.0,,,,
MCH6933,1,15459.27,1,0,1.0,979.0,15459.27,1.0,0.06332769917337623,1.0,0.0,,,,
MCH6934,3,29354.739999999998,3,0,0.0,0.0,9784.913333333332,0.0,0.0,1.0,0.0,,,,
MCH6935,3,11581.239999999998,3,0,0.0,0.0,3860.4133333333325,0.0,0.0,1.0,0.0,LIVE,PHARMACY,5912,False
MCH6936,3,46806.12,3,0,0.0,0.0,15602.04,0.0,0.0,1.0,0.0,,,,
MCH6937,5,68160.35,5,0,0.0,0.0,13632.070000000002,0.0,0.0,1.0,0.0,,,,
MCH6939,2,10895.880000000001,2,0,2.0,2111.05,5447.9400000000005,1.0,0.19374754494359336,1.0,0.0,ACTIVE,MISC RETAIL,5999,True
MCH6940,2,38464.09,2,0,0.0,0.0,19232.045,0.0,0.0,1.0,0.0,LIVE,TRANSPORT,4131,False
MCH6941,2,36403.5,1,1,0.0,0.0,18201.75,0.0,0.0,0.5,0.5,,,,
MCH6942,1,17050.81,1,0,0.0,0.0,17050.81,0.0,0.0,1.0,0.0,,,,
MCH6943,1,17932.5,1,0,0.0,0.0,17932.5,0.0,0.0,1.0,0.0,LIVE,GARMENTS,5699,False
MCH6944,6,67260.09,6,0,1.0,258.0,11210.015,0.16666666666666666,0.003835855705813061,1.0,0.0,ACTIVE,BUS/TAXI,4131,True
MCH6945,3,58426.33,3,0,0.0,0.0,19475.443333333333,0.0,0.0,1.0,0.0,LIVE,RETAIL,5311.0,False
MCH6947,1,5759.97,1,0,1.0,2406.47,5759.97,1.0,0.4177921065561105,1.0,0.0,ACTIVE,MEDICAL,5912,True
MCH6948,6,70960.56,3,2,2.0,9084.37,11826.76,0.3333333333333333,0.12801998744091087,0.5,0.3333333333333333,ACTIVE,PHONE SERVICE,4814,False
MCH6949,1,7929.66,1,0,0.0,0.0,7929.66,0.0,0.0,1.0,0.0,ACTIVE,HOTEL_LODGING,7011,False
MCH6950,3,24289.16,3,0,0.0,0.0,8096.386666666666,0.0,0.0,1.0,0.0,ACTIVE,PHARMACY,5912,False
MCH6951,3,43890.35,3,0,0.0,0.0,14630.116666666667,0.0,0.0,1.0,0.0,,,,
MCH6952,2,35823.2,2,0,1.0,276.74,17911.6,0.5,0.007725161347953283,1.0,0.0,,,,
MCH6953,2,14834.01,2,0,0.0,0.0,7417.005,0.0,0.0,1.0,0.0,ACTIVE,BOOKS,,False
MCH6954,2,25546.51,1,1,0.0,0.0,12773.255,0.0,0.0,0.5,0.5,,,,
MCH6955,1,7187.44,1,0,0.0,0.0,7187.44,0.0,0.0,1.0,0.0,,,,
MCH6956,2,39806.259999999995,2,0,0.0,0.0,19903.129999999997,0.0,0.0,1.0,0.0,,,,
MCH6957,1,2877.4,1,0,0.0,0.0,2877.4,0.0,0.0,1.0,0.0,,,,
MCH6958,2,18984.34,2,0,1.0,2142.0,9492.17,0.5,0.11282983764513278,1.0,0.0,,,,
MCH6959,3,51488.78,3,0,0.0,0.0,17162.926666666666,0.0,0.0,1.0,0.0,LIVE,HOTELS,7011,False
MCH6960,5,66207.0,3,0,3.0,-970.5200000000004,13241.4,0.6,-0.014658872928844388,0.6,0.0,ACTIVE,FOOD_SERVICES,misc,False
MCH6961,5,39816.59,5,0,1.0,16352.81,7963.317999999999,0.2,0.4107034278927452,1.0,0.0,,,,
MCH6962,3,45297.35,3,0,0.0,0.0,15099.116666666667,0.0,0.0,1.0,0.0,,,,
MCH6963,3,32493.960000000003,3,0,2.0,-1181.0100000000002,10831.320000000002,0.6666666666666666,-0.0363455239065968,1.0,0.0,,,,
MCH6964,3,18178.43,1,2,0.0,0.0,6059.4766666666665,0.0,0.0,0.3333333333333333,0.6666666666666666,,,,
MCH6965,2,41906.86,2,0,0.0,0.0,20953.43,0.0,0.0,1.0,0.0,ACTIVE,MEDICAL,5912,False
MCH6966,4,45300.53,2,1,0.0,0.0,11325.1325,0.0,0.0,0.5,0.25,LIVE,BOOKS_STATIONERY,5942,False
MCH6967,2,15664.26,2,0,0.0,0.0,7832.13,0.0,0.0,1.0,0.0,,,,
MCH6968,3,36566.61,3,0,0.0,0.0,12188.87,0.0,0.0,1.0,0.0,,,,
MCH6969,1,20562.33,1,0,1.0,397.91,20562.33,1.0,0.01935140618791742,1.0,0.0,,,,
MCH6970,4,67959.25,4,0,1.0,-1426.33,16989.8125,0.25,-0.020988018555237145,1.0,0.0,LIVE,GROCERY STORES,5411,True
MCH6971,4,55887.69,4,0,0.0,0.0,13971.9225,0.0,0.0,1.0,0.0,,,,
MCH6972,3,49916.810000000005,3,0,2.0,2251.36,16638.93666666667,0.6666666666666666,0.04510224110875675,1.0,0.0,ENABLED,HOTELS,7011,False
MCH6973,6,91999.81,6,0,3.0,10427.3,15333.301666666666,0.5,0.11334045146397584,1.0,0.0,,,,
MCH6974,3,35216.45,3,0,1.0,634.21,11738.816666666666,0.3333333333333333,0.018008913448118707,1.0,0.0,LIVE,DEPARTMENT STORES,5311,False
MCH6976,6,64158.38,5,1,0.0,0.0,10693.063333333334,0.0,0.0,0.8333333333333334,0.16666666666666666,,,,
MCH6977,2,10591.91,2,0,0.0,0.0,5295.955,0.0,0.0,1.0,0.0,LIVE,BOOK STORE,5942,False
MCH6978,2,25385.7,2,0,0.0,0.0,12692.85,0.0,0.0,1.0,0.0,,,,
MCH6979,2,24690.68,1,1,0.0,0.0,12345.34,0.0,0.0,0.5,0.5,INACTIVE,CHEMIST,,True
MCH6980,4,39059.74,3,1,0.0,0.0,9764.935,0.0,0.0,0.75,0.25,ENABLED,MISC RETAIL,5999,False
MCH6981,1,9645.22,1,0,0.0,0.0,9645.22,0.0,0.0,1.0,0.0,,,,
MCH6982,4,39755.229999999996,4,0,0.0,0.0,9938.807499999999,0.0,0.0,1.0,0.0,HOLD,STATIONERY,5942,True
MCH6983,3,45316.22,2,1,0.0,0.0,15105.406666666668,0.0,0.0,0.6666666666666666,0.3333333333333333,LIVE,DEPARTMENT STORES,5311.0,False
MCH6984,2,6651.280000000001,2,0,0.0,0.0,3325.6400000000003,0.0,0.0,1.0,0.0,ACTIVE,GROCERY STORES,5411,False
MCH6985,3,39138.68,2,1,0.0,0.0,13046.226666666667,0.0,0.0,0.6666666666666666,0.3333333333333333,ACTIVE,STATIONERY,5942,False
MCH6986,3,27476.78,2,0,1.0,3037.16,9158.926666666666,0.3333333333333333,0.11053551398671897,0.6666666666666666,0.0,ACTIVE,KIRANA,5411,True
MCH6987,3,30705.449999999997,3,0,0.0,0.0,10235.15,0.0,0.0,1.0,0.0,,,,
MCH6988,5,61763.47,4,0,1.0,422.45,12352.694,0.2,0.00683980352787821,0.8,0.0,,,,
MCH6989,1,17088.83,1,0,0.0,0.0,17088.83,0.0,0.0,1.0,0.0,DISABLED,CLOTHING,5699,False
MCH6990,3,21896.13,3,0,0.0,0.0,7298.71,0.0,0.0,1.0,0.0,ENABLED,TRANSPRT,4131,False
MCH6991,3,23993.21,3,0,0.0,0.0,7997.736666666667,0.0,0.0,1.0,0.0,ACTIVE,BUS/TAXI,UNKNOWN,False
MCH6992,1,1843.37,0,0,0.0,0.0,1843.37,0.0,0.0,0.0,0.0,ACTIVE,RESTAURANT,5812,False
MCH6993,1,23229.33,1,0,0.0,0.0,23229.33,0.0,0.0,1.0,0.0,,,,
MCH6994,1,18650.46,1,0,2.0,4181.36,18650.46,2.0,0.2241960788098524,1.0,0.0,,,,
MCH6995,1,24298.13,1,0,0.0,0.0,24298.13,0.0,0.0,1.0,0.0,,,,
MCH6996,3,21076.77,3,0,0.0,0.0,7025.59,0.0,0.0,1.0,0.0,,,,
MCH6998,1,11866.13,1,0,0.0,0.0,11866.13,0.0,0.0,1.0,0.0,ACTIVE,DEPT_STORE,5311,False
MCH6999,1,24965.3,1,0,0.0,0.0,24965.3,0.0,0.0,1.0,0.0,ENABLED,HOTEL,7011,True
MCH7000,3,64250.850000000006,3,0,0.0,0.0,21416.95,0.0,0.0,1.0,0.0,,,,
MCH7001,3,41071.72,3,0,0.0,0.0,13690.573333333334,0.0,0.0,1.0,0.0,ENABLED,TELECOM,4814.0,False
MCH7002,3,40051.96,3,0,3.0,-1306.7099999999998,13350.653333333334,1.0,-0.03262536964483136,1.0,0.0,,,,
MCH7003,1,118.95,1,0,0.0,0.0,118.95,0.0,0.0,1.0,0.0,DISABLED,RETAIL OTHER,5999,True
MCH7005,1,10217.25,1,0,0.0,0.0,10217.25,0.0,0.0,1.0,0.0,,,,
MCH7006,1,5283.06,1,0,1.0,-3415.3,5283.06,1.0,-0.6464624668279368,1.0,0.0,,,,
MCH7007,4,51395.87,2,1,0.0,0.0,12848.9675,0.0,0.0,0.5,0.25,DISABLED,HOTELS,7011,False
MCH7008,3,31710.78,2,1,0.0,0.0,10570.26,0.0,0.0,0.6666666666666666,0.3333333333333333,,,,
MCH7010,1,21162.84,1,0,0.0,0.0,21162.84,0.0,0.0,1.0,0.0,SUSPENDED,KIRANA,5411,False
MCH7011,1,4321.0,1,0,0.0,0.0,4321.0,0.0,0.0,1.0,0.0,,,,
MCH7012,3,18231.96,3,0,0.0,0.0,6077.32,0.0,0.0,1.0,0.0,,,,
MCH7013,4,13699.900000000001,3,0,1.0,1198.29,3424.9750000000004,0.25,0.08746706180337081,0.75,0.0,ACTIVE,MEDICAL_STORE,5912,True
MCH7014,1,19364.19,1,0,1.0,1124.0,19364.19,1.0,0.05804528875207277,1.0,0.0,,,,
MCH7015,2,25569.02,1,0,0.0,0.0,12784.51,0.0,0.0,0.5,0.0,,,,
MCH7016,4,26075.08,4,0,2.0,13265.87,6518.77,0.5,0.5087566366047582,1.0,0.0,ENABLED,TRAVEL,4131,False
MCH7018,2,26386.7,1,0,0.0,0.0,13193.35,0.0,0.0,0.5,0.0,,,,
MCH7019,1,21840.15,1,0,0.0,0.0,21840.15,0.0,0.0,1.0,0.0,,,,
MCH7020,2,26187.0,2,0,1.0,1098.78,13093.5,0.5,0.041958987283766756,1.0,0.0,ACTIVE,DEPARTMENT STORE,5311,False
MCH7021,1,4693.41,0,1,0.0,0.0,4693.41,0.0,0.0,0.0,1.0,ACTIVE,HOTELS,7011,False
MCH7022,1,1933.73,1,0,0.0,0.0,1933.73,0.0,0.0,1.0,0.0,,,,
MCH7023,4,28845.7,3,0,0.0,0.0,7211.425,0.0,0.0,0.75,0.0,ENABLED,DEPARTMENT STORE,5311,True
MCH7024,3,24730.27,2,1,1.0,1019.25,8243.423333333334,0.3333333333333333,0.04121467335374826,0.6666666666666666,0.3333333333333333,ACTIVE,BOOKS_STATIONERY,5942.0,False
MCH7025,1,17549.54,1,0,0.0,0.0,17549.54,0.0,0.0,1.0,0.0,ACTIVE,RETAIL OTHER,5999,False
MCH7026,3,21721.54,3,0,0.0,0.0,7240.513333333333,0.0,0.0,1.0,0.0,LIVE,HOTEL,7011,False
MCH7027,2,22439.66,2,0,0.0,0.0,11219.83,0.0,0.0,1.0,0.0,ACTIVE,DEPARTMENT STORE,5311,False
MCH7028,2,-2445.6899999999996,2,0,0.0,0.0,-1222.8449999999998,0.0,0.0,1.0,0.0,ACTIVE,MEDICAL,5912,True
MCH7029,2,29479.7,2,0,0.0,0.0,14739.85,0.0,0.0,1.0,0.0,DISABLED,MOBILE RECHARGE,4814,True
MCH7030,4,56084.64,3,1,1.0,4511.29,14021.16,0.25,0.08043717495556715,0.75,0.25,SUSPENDED,DEPT_STORE,5311,False
MCH7031,3,45838.06,3,0,0.0,0.0,15279.353333333333,0.0,0.0,1.0,0.0,ACTIVE,TELECOM,4814,False
MCH7032,2,46838.28,0,2,0.0,0.0,23419.14,0.0,0.0,0.0,1.0,LIVE,HOTELS,7011,False
MCH7033,5,93932.12,4,1,1.0,1085.0,18786.424,0.2,0.011550894411836973,0.8,0.2,ACTIVE,APPAREL,5699,False
MCH7034,2,17396.33,2,0,0.0,0.0,8698.165,0.0,0.0,1.0,0.0,LIVE,BOOKS_STATIONERY,5942,True
MCH7035,2,25526.2,2,0,0.0,0.0,12763.1,0.0,0.0,1.0,0.0,,,,
MCH7036,3,47914.0,3,0,0.0,0.0,15971.333333333334,0.0,0.0,1.0,0.0,,,,
MCH7037,2,31540.57,1,0,1.0,0.0,15770.285,0.5,0.0,0.5,0.0,,,,
MCH7038,2,27361.149999999998,2,0,0.0,0.0,13680.574999999999,0.0,0.0,1.0,0.0,CLOSED,BOOKS,5942,False
MCH7039,3,28668.940000000002,3,0,2.0,5148.1900000000005,9556.313333333334,0.6666666666666666,0.1795737826372374,1.0,0.0,,,,
MCH7040,2,32652.839999999997,2,0,0.0,0.0,16326.419999999998,0.0,0.0,1.0,0.0,SUSPENDED,STATIONERY,5942,False
MCH7041,1,6431.24,1,0,0.0,0.0,6431.24,0.0,0.0,1.0,0.0,,,,
MCH7045,4,54489.72,4,0,2.0,8004.21,13622.43,0.5,0.14689394623426216,1.0,0.0,,,,
MCH7046,1,17678.71,1,0,0.0,0.0,17678.71,0.0,0.0,1.0,0.0,,,,
MCH7047,3,58828.0,2,0,0.0,0.0,19609.333333333332,0.0,0.0,0.6666666666666666,0.0,ACTIVE,PHONE SERVICE,4814,False
MCH7048,2,30106.85,2,0,0.0,0.0,15053.425,0.0,0.0,1.0,0.0,ACTIVE,BOOKS,5942,False
MCH7050,1,23232.0,1,0,0.0,0.0,23232.0,0.0,0.0,1.0,0.0,ENABLED,PHARMACY,5912,False
MCH7051,1,13564.83,1,0,0.0,0.0,13564.83,0.0,0.0,1.0,0.0,LIVE,EATING PLACE,5812,False
MCH7052,3,44548.990000000005,3,0,0.0,0.0,14849.663333333336,0.0,0.0,1.0,0.0,,,,
MCH7053,2,24356.010000000002,1,0,0.0,0.0,12178.005000000001,0.0,0.0,0.5,0.0,,,,
MCH7054,2,31999.190000000002,2,0,1.0,374.0,15999.595000000001,0.5,0.011687795847332384,1.0,0.0,,,,
MCH7055,3,35379.54,3,0,0.0,0.0,11793.18,0.0,0.0,1.0,0.0,,,,
MCH7056,3,47865.91,3,0,0.0,0.0,15955.303333333335,0.0,0.0,1.0,0.0,,,,
MCH7057,3,33012.89,1,1,0.0,0.0,11004.296666666667,0.0,0.0,0.3333333333333333,0.3333333333333333,ACTIVE,TELECOM,4814.0,False
MCH7058,3,41498.14,3,0,1.0,12640.85,13832.713333333333,0.3333333333333333,0.3046124476904266,1.0,0.0,ENABLED,DEPARTMENT STORE,5311.0,True
MCH7059,2,21180.93,2,0,0.0,0.0,10590.465,0.0,0.0,1.0,0.0,,,,
MCH7060,2,10950.9,2,0,0.0,0.0,5475.45,0.0,0.0,1.0,0.0,ACTIVE,PHARMACIES,,False
MCH7061,3,42352.87,2,0,1.0,-1637.49,14117.623333333335,0.3333333333333333,-0.038663023308691945,0.6666666666666666,0.0,ACTIVE,HOSPITALITY,7011,False
MCH7062,1,18950.86,1,0,0.0,0.0,18950.86,0.0,0.0,1.0,0.0,CLOSED,MISCELLANEOUS,5999,True
MCH7063,1,1147.0,1,0,0.0,0.0,1147.0,0.0,0.0,1.0,0.0,ACTIVE,TELECOM,4814,True
MCH7064,2,36096.93,2,0,0.0,0.0,18048.465,0.0,0.0,1.0,0.0,,,,
MCH7065,1,21873.3,1,0,0.0,0.0,21873.3,0.0,0.0,1.0,0.0,,,,
MCH7066,2,36312.05,2,0,0.0,0.0,18156.025,0.0,0.0,1.0,0.0,,,,
MCH7067,1,17867.75,1,0,0.0,0.0,17867.75,0.0,0.0,1.0,0.0,,,,
MCH7068,3,32755.51,2,1,1.0,1820.07,10918.503333333332,0.3333333333333333,0.0555653079436101,0.6666666666666666,0.3333333333333333,,,,
MCH7069,4,28135.18,3,1,1.0,590.13,7033.795,0.25,0.020974808051698976,0.75,0.25,,,,
MCH7070,2,23549.7,1,0,0.0,0.0,11774.85,0.0,0.0,0.5,0.0,,,,
MCH7071,4,35095.8,4,0,0.0,0.0,8773.95,0.0,0.0,1.0,0.0,,,,
MCH7072,2,19123.21,2,0,0.0,0.0,9561.605,0.0,0.0,1.0,0.0,,,,
MCH7073,1,19507.29,1,0,0.0,0.0,19507.29,0.0,0.0,1.0,0.0,,,,
MCH7074,4,55769.43,3,0,0.0,0.0,13942.3575,0.0,0.0,0.75,0.0,ACTIVE,TRAVEL,4131,True
MCH7076,1,762.3,1,0,0.0,0.0,762.3,0.0,0.0,1.0,0.0,LIVE,MISCELLANEOUS,5999.0,False
MCH7077,1,16550.64,1,0,0.0,0.0,16550.64,0.0,0.0,1.0,0.0,HOLD,HOTEL_LODGING,7011.0,True
MCH7078,3,39115.51,3,0,2.0,-17972.629999999997,13038.503333333334,0.6666666666666666,-0.45947579361741664,1.0,0.0,ACTIVE,FASHION,5699,True
MCH7079,2,2529.96,2,0,0.0,0.0,1264.98,0.0,0.0,1.0,0.0,,,,
MCH7080,2,45202.41,2,0,0.0,0.0,22601.205,0.0,0.0,1.0,0.0,,,,
MCH7081,2,8291.18,2,0,0.0,0.0,4145.59,0.0,0.0,1.0,0.0,,,,
MCH7082,2,20028.7,2,0,0.0,0.0,10014.35,0.0,0.0,1.0,0.0,,,,
MCH7083,1,16708.64,1,0,1.0,5669.05,16708.64,1.0,0.33928853575156326,1.0,0.0,,,,
MCH7084,2,19251.73,2,0,0.0,0.0,9625.865,0.0,0.0,1.0,0.0,,,,
MCH7085,2,33965.71,1,1,1.0,-3121.8,16982.855,0.5,-0.09191034134131158,0.5,0.5,,,,
MCH7086,3,39942.770000000004,3,0,0.0,0.0,13314.256666666668,0.0,0.0,1.0,0.0,,,,
MCH7087,3,54664.149999999994,3,0,0.0,0.0,18221.38333333333,0.0,0.0,1.0,0.0,ENABLED,DEPARTMENT STORE,5311,False
MCH7088,1,13855.92,1,0,0.0,0.0,13855.92,0.0,0.0,1.0,0.0,CLOSED,DEPT_STORE,5311,False
MCH7089,2,13233.260000000002,2,0,0.0,0.0,6616.630000000001,0.0,0.0,1.0,0.0,INACTIVE,MEDICAL,5912.0,False
MCH7090,3,30936.4,2,1,2.0,1272.27,10312.133333333333,0.6666666666666666,0.041125341022226244,0.6666666666666666,0.3333333333333333,,,,
MCH7091,2,21145.06,1,1,0.0,0.0,10572.53,0.0,0.0,0.5,0.5,,,,
MCH7092,4,56864.18,4,0,1.0,595.88,14216.045,0.25,0.01047900453325802,1.0,0.0,,,,
MCH7093,3,20981.46,3,0,0.0,0.0,6993.82,0.0,0.0,1.0,0.0,SUSPENDED,HOTEL,7011,False
MCH7094,2,19838.15,1,1,0.0,0.0,9919.075,0.0,0.0,0.5,0.5,ACTIVE,GROCERIES,5411,True
MCH7095,1,18607.21,1,0,0.0,0.0,18607.21,0.0,0.0,1.0,0.0,ENABLED,RESTAURANTS,5812,True
MCH7096,2,30633.74,1,0,0.0,0.0,15316.87,0.0,0.0,0.5,0.0,ACTIVE,FOOD_SERVICES,5812,True
MCH7097,1,2106.0,1,0,1.0,2136.49,2106.0,1.0,1.014477682811016,1.0,0.0,,,,
MCH7098,2,32606.690000000002,2,0,0.0,0.0,16303.345000000001,0.0,0.0,1.0,0.0,ACTIVE,BUS/TAXI,4131,True
MCH7099,6,66430.5,5,1,1.0,-893.52,11071.75,0.16666666666666666,-0.013450448212793821,0.8333333333333334,0.16666666666666666,,,,
MCH7101,1,982.95,0,1,0.0,0.0,982.95,0.0,0.0,0.0,1.0,,,,
MCH7102,3,29330.170000000002,3,0,0.0,0.0,9776.723333333333,0.0,0.0,1.0,0.0,,,,
MCH7104,1,24804.03,1,0,0.0,0.0,24804.03,0.0,0.0,1.0,0.0,LIVE,PHONE SERVICE,4814.0,False
MCH7105,1,13083.67,0,1,1.0,1707.0,13083.67,1.0,0.1304679803143919,0.0,1.0,ENABLED,BOOKS_STATIONERY,5942,True
MCH7106,2,24077.53,2,0,1.0,-2970.62,12038.765,0.5,-0.12337727333326966,1.0,0.0,ACTIVE,CLOTHS,5699,True
MCH7108,4,52245.11,4,0,1.0,1582.6,13061.2775,0.25,0.03029183018276734,1.0,0.0,LIVE,GROCERY STORES,5411,False
MCH7109,3,17605.92,2,0,1.0,0.0,5868.639999999999,0.3333333333333333,0.0,0.6666666666666666,0.0,,,,
MCH7110,3,26935.48,1,0,0.0,0.0,8978.493333333334,0.0,0.0,0.3333333333333333,0.0,,,,
MCH7111,2,27120.940000000002,2,0,0.0,0.0,13560.470000000001,0.0,0.0,1.0,0.0,ACTIVE,KIRANA,5411,False
MCH7112,1,10845.23,1,0,0.0,0.0,10845.23,0.0,0.0,1.0,0.0,,,,
MCH7113,3,30436.19,3,0,0.0,0.0,10145.396666666666,0.0,0.0,1.0,0.0,SUSPENDED,BOOKS_STATIONERY,5942,False
MCH7114,3,29425.65,1,2,0.0,0.0,9808.550000000001,0.0,0.0,0.3333333333333333,0.6666666666666666,,,,
MCH7115,4,37757.86,3,1,0.0,0.0,9439.465,0.0,0.0,0.75,0.25,,,,
MCH7116,1,9649.45,0,0,0.0,0.0,9649.45,0.0,0.0,0.0,0.0,,,,
MCH7118,1,4284.0,1,0,0.0,0.0,4284.0,0.0,0.0,1.0,0.0,ACTIVE,RETAIL,5311,False
MCH7119,7,106591.03,5,1,2.0,5531.01,15227.289999999999,0.2857142857142857,0.05189001363435554,0.7142857142857143,0.14285714285714285,,,,
MCH7121,1,3750.44,1,0,0.0,0.0,3750.44,0.0,0.0,1.0,0.0,ACTIVE,OTHER,5999,False
MCH7122,5,80870.54,4,1,0.0,0.0,16174.107999999998,0.0,0.0,0.8,0.2,,,,
MCH7123,1,7541.43,1,0,0.0,0.0,7541.43,0.0,0.0,1.0,0.0,,,,
MCH7124,4,20051.25,4,0,1.0,8430.86,5012.8125,0.25,0.4204655570101615,1.0,0.0,,,,
MCH7125,1,13317.0,0,0,0.0,0.0,13317.0,0.0,0.0,0.0,0.0,,,,
MCH7126,2,31941.73,2,0,0.0,0.0,15970.865,0.0,0.0,1.0,0.0,ACTIVE,TRANSPORT,4131,True
MCH7127,1,17568.96,1,0,0.0,0.0,17568.96,0.0,0.0,1.0,0.0,LIVE,APPAREL,5699,True
MCH7128,3,52051.5,2,1,0.0,0.0,17350.5,0.0,0.0,0.6666666666666666,0.3333333333333333,ENABLED,CHEMIST,5912,False
MCH7129,3,36989.759999999995,3,0,0.0,0.0,12329.919999999998,0.0,0.0,1.0,0.0,,,,
MCH7130,1,4205.64,1,0,0.0,0.0,4205.64,0.0,0.0,1.0,0.0,,,,
MCH7131,2,28014.41,2,0,1.0,5678.98,14007.205,0.5,0.20271638774473563,1.0,0.0,,,,
MCH7132,2,13528.310000000001,1,0,0.0,0.0,6764.155000000001,0.0,0.0,0.5,0.0,,,,
MCH7133,1,12522.63,1,0,1.0,1094.0,12522.63,1.0,0.08736184012463837,1.0,0.0,INACTIVE,KIRANA,5411,False
MCH7134,2,193.34999999999945,1,1,0.0,0.0,96.67499999999973,0.0,0.0,0.5,0.5,,,,
MCH7136,3,16850.07,3,0,0.0,0.0,5616.69,0.0,0.0,1.0,0.0,,,,
MCH7137,2,23979.19,1,1,0.0,0.0,11989.595,0.0,0.0,0.5,0.5,LIVE,TELECOM,4814,True
MCH7138,4,59167.15,4,0,0.0,0.0,14791.7875,0.0,0.0,1.0,0.0,LIVE,GROCERY STORES,5411,False
MCH7139,2,23232.68,1,1,1.0,6879.04,11616.34,0.5,0.29609326173304157,0.5,0.5,,,,
MCH7140,4,61700.16,3,1,1.0,6485.64,15425.04,0.25,0.10511544864713479,0.75,0.25,,,,
MCH7141,2,31212.25,2,0,1.0,946.11,15606.125,0.5,0.030312137061570377,1.0,0.0,,,,
MCH7143,3,21278.5,3,0,0.0,0.0,7092.833333333333,0.0,0.0,1.0,0.0,,,,
MCH7144,2,24709.69,2,0,0.0,0.0,12354.845,0.0,0.0,1.0,0.0,DISABLED,MISCELLANEOUS,5999,False
MCH7145,1,12599.3,1,0,1.0,1130.39,12599.3,1.0,0.08971847642329336,1.0,0.0,ACTIVE,KIRANA,,False
MCH7147,1,12638.33,1,0,0.0,0.0,12638.33,0.0,0.0,1.0,0.0,,,,
MCH7148,1,16206.47,1,0,0.0,0.0,16206.47,0.0,0.0,1.0,0.0,,,,
MCH7149,5,45991.54,4,0,0.0,0.0,9198.308,0.0,0.0,0.8,0.0,SUSPENDED,TRANSPORTATION,4131,True
MCH7151,2,-188.3199999999997,2,0,0.0,0.0,-94.15999999999985,0.0,0.0,1.0,0.0,,,,
MCH7153,2,-2878.0999999999995,2,0,0.0,0.0,-1439.0499999999997,0.0,0.0,1.0,0.0,,,,
MCH7155,2,33000.880000000005,1,1,1.0,683.69,16500.440000000002,0.5,0.02071732632584343,0.5,0.5,,,,
MCH7156,5,78965.06,5,0,0.0,0.0,15793.011999999999,0.0,0.0,1.0,0.0,LIVE,DEPT_STORE,misc,True
MCH7157,2,32751.48,2,0,0.0,0.0,16375.74,0.0,0.0,1.0,0.0,ACTIVE,MOBILE RECHARGE,,False
MCH7159,3,45533.91,3,0,0.0,0.0,15177.970000000001,0.0,0.0,1.0,0.0,,,,
MCH7160,2,11593.92,1,0,0.0,0.0,5796.96,0.0,0.0,0.5,0.0,,,,
MCH7161,2,5950.410000000001,2,0,0.0,0.0,2975.2050000000004,0.0,0.0,1.0,0.0,,,,
MCH7162,1,3526.38,1,0,0.0,0.0,3526.38,0.0,0.0,1.0,0.0,ENABLED,GARMENTS,5699,True
MCH7163,2,27061.620000000003,2,0,0.0,0.0,13530.810000000001,0.0,0.0,1.0,0.0,ENABLED,TRANSPORTATION,4131,False
MCH7164,2,11448.75,2,0,1.0,2761.55,5724.375,0.5,0.24120973905448195,1.0,0.0,ACTIVE,BUS/TAXI,4131,True
MCH7166,2,14418.77,2,0,0.0,0.0,7209.385,0.0,0.0,1.0,0.0,,,,
MCH7167,2,28732.96,2,0,1.0,0.0,14366.48,0.5,0.0,1.0,0.0,ACTIVE,STATIONERY,5942,False
MCH7168,2,33422.59,2,0,0.0,0.0,16711.295,0.0,0.0,1.0,0.0,,,,
MCH7170,3,18435.52,3,0,0.0,0.0,6145.173333333333,0.0,0.0,1.0,0.0,,,,
MCH7171,3,42523.759999999995,2,0,0.0,0.0,14174.586666666664,0.0,0.0,0.6666666666666666,0.0,,,,
MCH7172,2,9731.600000000002,2,0,0.0,0.0,4865.800000000001,0.0,0.0,1.0,0.0,ENABLED,DEPARTMENT STORES,5311,False
MCH7173,1,155.04,1,0,0.0,0.0,155.04,0.0,0.0,1.0,0.0,,,,
MCH7174,1,16552.6,1,0,0.0,0.0,16552.6,0.0,0.0,1.0,0.0,,,,
MCH7175,1,-22832.01,1,0,0.0,0.0,-22832.01,0.0,0.0,1.0,0.0,,,,
MCH7176,1,4142.61,1,0,0.0,0.0,4142.61,0.0,0.0,1.0,0.0,ENABLED,TRAVEL,4131,False
MCH7177,4,45022.38,3,0,0.0,0.0,11255.595,0.0,0.0,0.75,0.0,,,,
MCH7178,1,13159.0,1,0,0.0,0.0,13159.0,0.0,0.0,1.0,0.0,CLOSED,GROCERY_STORE,5411.0,False
MCH7179,5,56890.01,4,1,1.0,689.0,11378.002,0.2,0.01211108945138171,0.8,0.2,,,,
MCH7180,1,23235.11,1,0,0.0,0.0,23235.11,0.0,0.0,1.0,0.0,,,,
MCH7181,1,10745.77,1,0,0.0,0.0,10745.77,0.0,0.0,1.0,0.0,LIVE,TRANSPRT,4131,False
MCH7182,3,49137.19,3,0,0.0,0.0,16379.063333333334,0.0,0.0,1.0,0.0,,,,
MCH7183,3,71273.07,2,1,1.0,1020.66,23757.690000000002,0.3333333333333333,0.014320415831673868,0.6666666666666666,0.3333333333333333,,,,
MCH7184,1,7594.72,1,0,0.0,0.0,7594.72,0.0,0.0,1.0,0.0,LIVE,GROCERY_STORE,,False
MCH7185,5,39207.18,5,0,0.0,0.0,7841.436,0.0,0.0,1.0,0.0,ENABLED,DEPARTMENT STORE,5311,True
MCH7186,5,65275.130000000005,4,1,0.0,0.0,13055.026000000002,0.0,0.0,0.8,0.2,,,,
MCH7187,5,33870.1,5,0,0.0,0.0,6774.0199999999995,0.0,0.0,1.0,0.0,LIVE,RESTAURANT,5812,False
MCH7188,1,10800.0,1,0,0.0,0.0,10800.0,0.0,0.0,1.0,0.0,,,,
MCH7189,3,36825.979999999996,3,0,0.0,0.0,12275.326666666666,0.0,0.0,1.0,0.0,,,,
MCH7190,4,36016.93,4,0,0.0,0.0,9004.2325,0.0,0.0,1.0,0.0,ENABLED,CLOTHS,5699.0,False
MCH7191,2,41278.03,1,1,0.0,0.0,20639.015,0.0,0.0,0.5,0.5,CLOSED,BOOKS_STATIONERY,5942,False
MCH7192,1,7427.04,1,0,0.0,0.0,7427.04,0.0,0.0,1.0,0.0,ENABLED,BOOK STORE,5942,True
MCH7193,3,45167.84,3,0,0.0,0.0,15055.946666666665,0.0,0.0,1.0,0.0,,,,
MCH7194,1,18138.05,1,0,1.0,518.38,18138.05,1.0,0.02857969847916397,1.0,0.0,LIVE,TRANSPORT,4131,False
MCH7195,2,29806.03,2,0,0.0,0.0,14903.015,0.0,0.0,1.0,0.0,ACTIVE,MISCELLANEOUS,5999,False
MCH7196,1,23532.84,0,1,1.0,4556.84,23532.84,1.0,0.19363748701814146,0.0,1.0,SUSPENDED,RETAIL,5311,True
MCH7199,6,75561.27,4,1,0.0,0.0,12593.545,0.0,0.0,0.6666666666666666,0.16666666666666666,ENABLED,BOOKS,5942,False
MCH7200,7,65369.64000000001,6,1,1.0,-2766.56,9338.52,0.14285714285714285,-0.04232178730064904,0.8571428571428571,0.14285714285714285,ACTIVE,FASHION,5699,False
MCH7201,3,22065.15,2,1,2.0,9520.57,7355.05,0.6666666666666666,0.43147542618110457,0.6666666666666666,0.3333333333333333,ACTIVE,MISCELLANEOUS,5999,False
MCH7202,5,67346.54,4,1,1.0,2733.0,13469.307999999999,0.2,0.0405811493805027,0.8,0.2,DISABLED,TRANSPORTATION,4131,False
MCH7204,1,11732.99,0,1,0.0,0.0,11732.99,0.0,0.0,0.0,1.0,ACTIVE,STATIONERY,,False
MCH7205,1,24940.73,1,0,1.0,895.1,24940.73,1.0,0.03588908584472066,1.0,0.0,ACTIVE,CHEMIST,5912,False
MCH7206,1,19220.68,1,0,0.0,0.0,19220.68,0.0,0.0,1.0,0.0,LIVE,KIRANA,5411,False
MCH7207,4,57559.51,3,1,0.0,0.0,14389.8775,0.0,0.0,0.75,0.25,,,,
MCH7208,4,63924.91,3,0,0.0,0.0,15981.2275,0.0,0.0,0.75,0.0,,,,
MCH7209,2,20286.56,2,0,0.0,0.0,10143.28,0.0,0.0,1.0,0.0,,,,
MCH7210,4,63632.95,4,0,0.0,0.0,15908.2375,0.0,0.0,1.0,0.0,,,,
MCH7211,2,28806.61,2,0,0.0,0.0,14403.305,0.0,0.0,1.0,0.0,LIVE,BOOKS_STATIONERY,5942.0,True
MCH7212,1,2202.06,1,0,0.0,0.0,2202.06,0.0,0.0,1.0,0.0,,,,
MCH7213,3,43636.47,3,0,1.0,3314.0,14545.49,0.3333333333333333,0.0759456482158158,1.0,0.0,,,,
MCH7214,2,26409.29,2,0,0.0,0.0,13204.645,0.0,0.0,1.0,0.0,,,,
MCH7215,2,33953.509999999995,1,0,0.0,0.0,16976.754999999997,0.0,0.0,0.5,0.0,ENABLED,RETAIL,5311,False
MCH7216,1,9919.52,1,0,0.0,0.0,9919.52,0.0,0.0,1.0,0.0,LIVE,MOBILE RECHARGE,4814,False
MCH7217,1,12369.71,1,0,0.0,0.0,12369.71,0.0,0.0,1.0,0.0,,,,
MCH7218,2,16236.55,2,0,1.0,10354.45,8118.275,0.5,0.6377247629576481,1.0,0.0,ACTIVE,HOSPITALITY,7011,False
MCH7220,3,49214.19,3,0,0.0,0.0,16404.73,0.0,0.0,1.0,0.0,ACTIVE,RESTAURANTS,5812,False
MCH7221,5,52846.33,5,0,0.0,0.0,10569.266,0.0,0.0,1.0,0.0,,,,
MCH7222,3,31389.72,3,0,0.0,0.0,10463.24,0.0,0.0,1.0,0.0,DISABLED,TELECOM,4814,False
MCH7223,4,44026.76,4,0,1.0,723.24,11006.69,0.25,0.016427281953066725,1.0,0.0,,,,
MCH7224,2,17285.93,2,0,0.0,0.0,8642.965,0.0,0.0,1.0,0.0,,,,
MCH7225,3,25013.94,1,1,0.0,0.0,8337.98,0.0,0.0,0.3333333333333333,0.3333333333333333,ACTIVE,FOOD_SERVICES,5812,False
MCH7226,1,10974.67,1,0,0.0,0.0,10974.67,0.0,0.0,1.0,0.0,ACTIVE,BOOKS,5942,False
MCH7227,1,14276.23,1,0,0.0,0.0,14276.23,0.0,0.0,1.0,0.0,,,,
MCH7228,2,46595.75,2,0,0.0,0.0,23297.875,0.0,0.0,1.0,0.0,ACTIVE,TELECOM,,False
MCH7229,2,16745.010000000002,1,1,0.0,0.0,8372.505000000001,0.0,0.0,0.5,0.5,ENABLED,MOBILE RECHARGE,4814,False
MCH7230,3,52377.46,3,0,0.0,0.0,17459.153333333332,0.0,0.0,1.0,0.0,,,,
MCH7231,2,46993.72,2,0,0.0,0.0,23496.86,0.0,0.0,1.0,0.0,,,,
MCH7233,1,10203.04,0,1,1.0,-4153.73,10203.04,1.0,-0.40710709749251195,0.0,1.0,ENABLED,APPAREL,5699,True
MCH7234,4,45455.97,4,0,0.0,0.0,11363.9925,0.0,0.0,1.0,0.0,,,,
MCH7236,3,29240.43,3,0,0.0,0.0,9746.81,0.0,0.0,1.0,0.0,LIVE,FASHION,5699,True
MCH7237,3,40638.16,3,0,0.0,0.0,13546.053333333335,0.0,0.0,1.0,0.0,LIVE,RESTAURANTS,UNKNOWN,False
MCH7238,1,14337.11,1,0,0.0,0.0,14337.11,0.0,0.0,1.0,0.0,,,,
MCH7239,1,14927.82,0,0,0.0,0.0,14927.82,0.0,0.0,0.0,0.0,ACTIVE,HOTEL,7011,True
MCH7240,4,33960.87,3,1,0.0,0.0,8490.2175,0.0,0.0,0.75,0.25,,,,
MCH7241,2,21909.879999999997,1,1,0.0,0.0,10954.939999999999,0.0,0.0,0.5,0.5,,,,
MCH7242,2,16528.22,2,0,0.0,0.0,8264.11,0.0,0.0,1.0,0.0,,,,
MCH7243,3,41518.520000000004,2,1,0.0,0.0,13839.506666666668,0.0,0.0,0.6666666666666666,0.3333333333333333,,,,
MCH7244,2,33224.6,1,1,0.0,0.0,16612.3,0.0,0.0,0.5,0.5,ACTIVE,TRANSPORT,,False
MCH7245,2,37883.43,2,0,0.0,0.0,18941.715,0.0,0.0,1.0,0.0,,,,
MCH7246,3,24930.260000000002,3,0,0.0,0.0,8310.086666666668,0.0,0.0,1.0,0.0,ACTIVE,CLOTHS,5699,False
MCH7247,5,51207.54,5,0,0.0,0.0,10241.508,0.0,0.0,1.0,0.0,,,,
MCH7248,1,15719.49,1,0,1.0,861.86,15719.49,1.0,0.05482747849962054,1.0,0.0,ACTIVE,HOTELS,7011,False
MCH7249,2,21988.84,2,0,0.0,0.0,10994.42,0.0,0.0,1.0,0.0,ENABLED,RESTAURANTS,5812,False
MCH7250,2,30585.54,2,0,0.0,0.0,15292.77,0.0,0.0,1.0,0.0,,,,
MCH7251,3,30422.18,1,1,0.0,0.0,10140.726666666667,0.0,0.0,0.3333333333333333,0.3333333333333333,,,,
MCH7252,2,15325.09,2,0,0.0,0.0,7662.545,0.0,0.0,1.0,0.0,ACTIVE,BOOK STORE,5942,False
MCH7254,2,19562.64,2,0,0.0,0.0,9781.32,0.0,0.0,1.0,0.0,,,,
MCH7255,5,23262.81,4,1,0.0,0.0,4652.562,0.0,0.0,0.8,0.2,,,,
MCH7256,2,46885.55,2,0,0.0,0.0,23442.775,0.0,0.0,1.0,0.0,ACTIVE,TRANSPRT,4131,False
MCH7257,2,14381.73,1,0,0.0,0.0,7190.865,0.0,0.0,0.5,0.0,ENABLED,MISCELLANEOUS,5999,False
MCH7258,3,63175.8,3,0,0.0,0.0,21058.600000000002,0.0,0.0,1.0,0.0,INACTIVE,APPAREL,5699,False
MCH7259,1,12118.23,1,0,0.0,0.0,12118.23,0.0,0.0,1.0,0.0,,,,
MCH7261,3,50081.05,2,0,1.0,1671.67,16693.683333333334,0.3333333333333333,0.03337929216739665,0.6666666666666666,0.0,,,,
MCH7262,1,312.59,1,0,0.0,0.0,312.59,0.0,0.0,1.0,0.0,ACTIVE,TELECOM,4814,False
MCH7265,4,53491.72,3,0,0.0,0.0,13372.93,0.0,0.0,0.75,0.0,,,,
MCH7267,1,24276.75,1,0,0.0,0.0,24276.75,0.0,0.0,1.0,0.0,,,,
MCH7268,1,17529.67,1,0,0.0,0.0,17529.67,0.0,0.0,1.0,0.0,ACTIVE,PHARMACIES,5912,False
MCH7269,6,36847.22,4,1,2.0,3596.18,6141.203333333334,0.3333333333333333,0.09759705074087,0.6666666666666666,0.16666666666666666,ACTIVE,TELECOM,4814,False
MCH7270,1,23759.99,1,0,0.0,0.0,23759.99,0.0,0.0,1.0,0.0,ACTIVE,HOTELS,7011,False
MCH7271,2,12047.43,2,0,0.0,0.0,6023.715,0.0,0.0,1.0,0.0,,,,
MCH7272,2,13745.01,2,0,1.0,4251.73,6872.505,0.5,0.3093289855736736,1.0,0.0,CLOSED,TRAVEL,4131,True
MCH7273,2,29531.16,1,1,2.0,9916.58,14765.58,1.0,0.3358005577837105,0.5,0.5,ACTIVE,BUS/TAXI,4131,True
MCH7274,1,13010.56,1,0,0.0,0.0,13010.56,0.0,0.0,1.0,0.0,,,,
MCH7275,3,36164.63,2,0,0.0,0.0,12054.876666666665,0.0,0.0,0.6666666666666666,0.0,,,,
MCH7276,5,48349.880000000005,5,0,0.0,0.0,9669.976,0.0,0.0,1.0,0.0,LIVE,BUS/TAXI,4131,False
MCH7278,5,58225.86,2,1,1.0,929.69,11645.172,0.2,0.0159669603849561,0.4,0.2,,,,
MCH7279,1,15166.74,1,0,0.0,0.0,15166.74,0.0,0.0,1.0,0.0,LIVE,RETAIL OTHER,5999,True
MCH7280,3,38455.31,3,0,0.0,0.0,12818.436666666666,0.0,0.0,1.0,0.0,LIVE,GROCERIES,5411,True
MCH7282,2,25837.89,2,0,0.0,0.0,12918.945,0.0,0.0,1.0,0.0,ENABLED,KIRANA,5411,False
MCH7283,1,15938.4,1,0,0.0,0.0,15938.4,0.0,0.0,1.0,0.0,,,,
MCH7284,3,51355.3,3,0,0.0,0.0,17118.433333333334,0.0,0.0,1.0,0.0,,,,
MCH7285,1,3827.23,1,0,0.0,0.0,3827.23,0.0,0.0,1.0,0.0,,,,
MCH7286,2,21786.77,2,0,0.0,0.0,10893.385,0.0,0.0,1.0,0.0,,,,
MCH7288,1,22030.92,0,0,0.0,0.0,22030.92,0.0,0.0,0.0,0.0,ACTIVE,RESTAURANT,5812.0,True
MCH7289,2,41328.07,2,0,0.0,0.0,20664.035,0.0,0.0,1.0,0.0,ACTIVE,APPAREL,5699,True
MCH7290,2,30555.1,2,0,0.0,0.0,15277.55,0.0,0.0,1.0,0.0,LIVE,CLOTHING,5699,False
MCH7291,1,19057.07,1,0,0.0,0.0,19057.07,0.0,0.0,1.0,0.0,,,,
MCH7292,2,28961.23,2,0,0.0,0.0,14480.615,0.0,0.0,1.0,0.0,,,,
MCH7293,2,27301.63,0,2,0.0,0.0,13650.815,0.0,0.0,0.0,1.0,,,,
MCH7294,2,26103.879999999997,2,0,0.0,0.0,13051.939999999999,0.0,0.0,1.0,0.0,ACTIVE,MEDICAL,5912,True
MCH7296,1,9455.92,1,0,0.0,0.0,9455.92,0.0,0.0,1.0,0.0,,,,
MCH7297,3,12530.91,2,1,2.0,8611.05,4176.97,0.6666666666666666,0.6871847296006435,0.6666666666666666,0.3333333333333333,ACTIVE,DEPARTMENT STORE,5311,True
MCH7298,2,40870.77,2,0,0.0,0.0,20435.385,0.0,0.0,1.0,0.0,ACTIVE,GROCERIES,5411,False
MCH7299,5,43898.25,5,0,0.0,0.0,8779.65,0.0,0.0,1.0,0.0,,,,
MCH7300,1,1537.0,1,0,0.0,0.0,1537.0,0.0,0.0,1.0,0.0,,,,
MCH7301,2,21903.68,1,1,0.0,0.0,10951.84,0.0,0.0,0.5,0.5,,,,
MCH7302,2,29282.379999999997,1,1,0.0,0.0,14641.189999999999,0.0,0.0,0.5,0.5,ACTIVE,GROCERY,5411,False
MCH7303,1,20554.36,1,0,0.0,0.0,20554.36,0.0,0.0,1.0,0.0,,,,
MCH7304,6,70057.22,5,1,1.0,3800.84,11676.203333333333,0.16666666666666666,0.05425336603422174,0.8333333333333334,0.16666666666666666,,,,
MCH7305,6,53218.22,5,0,1.0,0.0,8869.703333333333,0.16666666666666666,0.0,0.8333333333333334,0.0,ACTIVE,APPAREL,5699,False
MCH7306,4,94863.98,3,1,0.0,0.0,23715.995,0.0,0.0,0.75,0.25,ACTIVE,TRANSPORTATION,4131,False
MCH7307,1,21587.0,0,1,0.0,0.0,21587.0,0.0,0.0,0.0,1.0,,,,
MCH7308,5,35490.04,2,3,1.0,3661.74,7098.008,0.2,0.10317655319633338,0.4,0.6,,,,
MCH7310,2,-3036.8099999999995,2,0,0.0,0.0,-1518.4049999999997,0.0,0.0,1.0,0.0,CLOSED,CLOTHING,5699,False
MCH7312,1,10747.12,1,0,0.0,0.0,10747.12,0.0,0.0,1.0,0.0,ENABLED,RETAIL,5311,False
MCH7313,6,64286.310000000005,5,0,0.0,0.0,10714.385,0.0,0.0,0.8333333333333334,0.0,ACTIVE,TELECOM,4814,True
MCH7314,3,43568.520000000004,3,0,0.0,0.0,14522.840000000002,0.0,0.0,1.0,0.0,ACTIVE,RETAIL OTHER,5999,True
MCH7315,2,23196.65,1,0,0.0,0.0,11598.325,0.0,0.0,0.5,0.0,,,,
MCH7316,4,67461.73000000001,4,0,1.0,4262.78,16865.432500000003,0.25,0.06318812162095457,1.0,0.0,ENABLED,STATIONERY,,False
MCH7317,3,62780.39,3,0,0.0,0.0,20926.796666666665,0.0,0.0,1.0,0.0,,,,
MCH7318,2,23902.11,1,1,0.0,0.0,11951.055,0.0,0.0,0.5,0.5,ACTIVE,TELECOM,UNKNOWN,False
MCH7319,4,31848.940000000002,4,0,0.0,0.0,7962.235000000001,0.0,0.0,1.0,0.0,,,,
MCH7320,4,53082.58,4,0,1.0,0.0,13270.645,0.25,0.0,1.0,0.0,,,,
MCH7321,1,14575.91,1,0,0.0,0.0,14575.91,0.0,0.0,1.0,0.0,ACTIVE,MISCELLANEOUS,UNKNOWN,False
MCH7322,2,22416.1,2,0,0.0,0.0,11208.05,0.0,0.0,1.0,0.0,,,,
MCH7323,1,16409.43,0,1,0.0,0.0,16409.43,0.0,0.0,0.0,1.0,ACTIVE,EATING PLACE,5812,True
MCH7324,1,-22456.75,1,0,0.0,0.0,-22456.75,0.0,0.0,1.0,0.0,SUSPENDED,STATIONERY,5942,False
MCH7325,2,26026.6,1,1,0.0,0.0,13013.3,0.0,0.0,0.5,0.5,ACTIVE,MISC RETAIL,misc,False
MCH7326,2,31902.54,2,0,0.0,0.0,15951.27,0.0,0.0,1.0,0.0,ACTIVE,HOSPITALITY,7011,False
MCH7327,2,37030.770000000004,1,1,0.0,0.0,18515.385000000002,0.0,0.0,0.5,0.5,ACTIVE,TELECOM,4814,True
MCH7328,3,6030.239999999998,2,0,0.0,0.0,2010.0799999999992,0.0,0.0,0.6666666666666666,0.0,,,,
MCH7329,4,35433.59,3,1,0.0,0.0,8858.3975,0.0,0.0,0.75,0.25,,,,
MCH7330,1,1630.69,1,0,0.0,0.0,1630.69,0.0,0.0,1.0,0.0,,,,
MCH7331,2,15846.64,1,1,1.0,0.0,7923.32,0.5,0.0,0.5,0.5,ENABLED,RETAIL,5311,True
MCH7332,1,4850.99,1,0,0.0,0.0,4850.99,0.0,0.0,1.0,0.0,ACTIVE,DEPARTMENT STORES,5311,False
MCH7333,3,23853.92,3,0,0.0,0.0,7951.306666666666,0.0,0.0,1.0,0.0,,,,
MCH7334,4,35168.979999999996,4,0,0.0,0.0,8792.244999999999,0.0,0.0,1.0,0.0,,,,
MCH7335,1,16849.23,0,1,0.0,0.0,16849.23,0.0,0.0,0.0,1.0,ACTIVE,FOOD,5812,True
MCH7336,2,18255.71,2,0,1.0,4273.42,9127.855,0.5,0.23408675970422407,1.0,0.0,ACTIVE,EATING PLACE,5812.0,False
MCH7337,2,36690.3,2,0,0.0,0.0,18345.15,0.0,0.0,1.0,0.0,ACTIVE,CLOTHS,5699,True
MCH7338,4,61506.72,2,2,0.0,0.0,15376.68,0.0,0.0,0.5,0.5,ACTIVE,MEDICAL,,False
MCH7339,5,71763.88,5,0,0.0,0.0,14352.776000000002,0.0,0.0,1.0,0.0,ACTIVE,GROCERY STORES,5411,False
MCH7340,1,9935.62,0,1,0.0,0.0,9935.62,0.0,0.0,0.0,1.0,ACTIVE,CLOTHS,,False
MCH7341,3,46518.5,3,0,1.0,6612.88,15506.166666666666,0.3333333333333333,0.14215591646334255,1.0,0.0,LIVE,HOTEL_LODGING,7011,False
MCH7342,2,12420.550000000001,2,0,0.0,0.0,6210.275000000001,0.0,0.0,1.0,0.0,,,,
MCH7343,3,51983.43,3,0,0.0,0.0,17327.81,0.0,0.0,1.0,0.0,ACTIVE,PHARMACY,5912,False
MCH7344,5,68458.41,3,1,0.0,0.0,13691.682,0.0,0.0,0.6,0.2,SUSPENDED,TRANSPORT,4131,True
MCH7345,1,2020.28,1,0,0.0,0.0,2020.28,0.0,0.0,1.0,0.0,,,,
MCH7346,2,15230.810000000001,2,0,0.0,0.0,7615.405000000001,0.0,0.0,1.0,0.0,,,,
MCH7347,4,34622.87,3,1,1.0,486.0,8655.7175,0.25,0.014036964584391761,0.75,0.25,,,,
MCH7348,2,46869.68,2,0,0.0,0.0,23434.84,0.0,0.0,1.0,0.0,,,,
MCH7349,3,22458.25,3,0,1.0,2589.0,7486.083333333333,0.3333333333333333,0.11528057618024556,1.0,0.0,,,,
MCH7350,1,7888.86,1,0,0.0,0.0,7888.86,0.0,0.0,1.0,0.0,ACTIVE,CLOTHS,5699,True
MCH7351,4,34403.63,2,0,0.0,0.0,8600.9075,0.0,0.0,0.5,0.0,,,,
MCH7352,2,43097.33,2,0,0.0,0.0,21548.665,0.0,0.0,1.0,0.0,,,,
MCH7353,1,14125.38,0,1,0.0,0.0,14125.38,0.0,0.0,0.0,1.0,ACTIVE,MOBILE RECHARGE,4814.0,True
MCH7354,3,28602.949999999997,2,0,0.0,0.0,9534.316666666666,0.0,0.0,0.6666666666666666,0.0,ACTIVE,FASHION,,False
MCH7355,2,35015.05,1,1,2.0,8687.98,17507.525,1.0,0.24812130783762978,0.5,0.5,ENABLED,MOBILE RECHARGE,4814,True
MCH7357,4,42882.259999999995,3,0,0.0,0.0,10720.564999999999,0.0,0.0,0.75,0.0,ACTIVE,HOTELS,7011,False
MCH7358,1,2144.22,1,0,0.0,0.0,2144.22,0.0,0.0,1.0,0.0,ACTIVE,MISC RETAIL,5999,False
MCH7359,3,19452.89,3,0,0.0,0.0,6484.296666666666,0.0,0.0,1.0,0.0,ENABLED,MEDICAL,5912,True
MCH7360,2,36365.09,2,0,0.0,0.0,18182.545,0.0,0.0,1.0,0.0,INACTIVE,PHONE SERVICE,,False
MCH7361,3,41927.45,3,0,0.0,0.0,13975.816666666666,0.0,0.0,1.0,0.0,,,,
MCH7362,4,21952.55,4,0,0.0,0.0,5488.1375,0.0,0.0,1.0,0.0,ACTIVE,BOOKS,5942,True
MCH7363,2,36242.16,2,0,1.0,-700.6,18121.08,0.5,-0.019331077397152927,1.0,0.0,ACTIVE,MISC RETAIL,5999,False
MCH7364,1,15654.85,1,0,0.0,0.0,15654.85,0.0,0.0,1.0,0.0,ACTIVE,HOTEL_LODGING,7011,False
MCH7365,2,24462.33,2,0,0.0,0.0,12231.165,0.0,0.0,1.0,0.0,,,,
MCH7366,2,31549.940000000002,1,1,2.0,6210.740000000001,15774.970000000001,1.0,0.19685425709208956,0.5,0.5,SUSPENDED,KIRANA,5411,True
MCH7367,4,48752.25,4,0,1.0,911.59,12188.0625,0.25,0.018698419047326022,1.0,0.0,,,,
MCH7368,2,18637.59,1,1,1.0,3450.0,9318.795,0.5,0.18510977009366555,0.5,0.5,,,,
MCH7369,2,39037.229999999996,1,1,0.0,0.0,19518.614999999998,0.0,0.0,0.5,0.5,,,,
MCH7370,4,38478.229999999996,4,0,0.0,0.0,9619.557499999999,0.0,0.0,1.0,0.0,ACTIVE,BUS/TAXI,4131.0,False
MCH7371,3,37360.07,3,0,1.0,1565.13,12453.356666666667,0.3333333333333333,0.041893122791258154,1.0,0.0,ACTIVE,MEDICAL_STORE,5912,True
MCH7372,3,36886.91,3,0,0.0,0.0,12295.636666666667,0.0,0.0,1.0,0.0,,,,
MCH7373,2,19931.410000000003,2,0,0.0,0.0,9965.705000000002,0.0,0.0,1.0,0.0,,,,
MCH7374,3,31197.8,3,0,0.0,0.0,10399.266666666666,0.0,0.0,1.0,0.0,,,,
MCH7376,3,24314.129999999997,3,0,0.0,0.0,8104.709999999999,0.0,0.0,1.0,0.0,,,,
MCH7377,1,12342.79,1,0,0.0,0.0,12342.79,0.0,0.0,1.0,0.0,,,,
MCH7379,5,63310.47,4,1,1.0,381.32,12662.094000000001,0.2,0.00602301641418868,0.8,0.2,ACTIVE,MEDICAL,5912.0,True
MCH7380,4,22984.36,2,1,1.0,1231.74,5746.09,0.25,0.05359035448452774,0.5,0.25,CLOSED,MISC RETAIL,5999,False
MCH7381,2,11927.869999999999,2,0,1.0,3732.8,5963.9349999999995,0.5,0.31294774339425235,1.0,0.0,,,,
MCH7382,2,37550.57,2,0,0.0,0.0,18775.285,0.0,0.0,1.0,0.0,,,,
MCH7383,2,30901.72,1,0,0.0,0.0,15450.86,0.0,0.0,0.5,0.0,ACTIVE,GARMENTS,5699,True
MCH7384,1,16112.7,1,0,1.0,1744.0,16112.7,1.0,0.10823760139517274,1.0,0.0,LIVE,TELECOM,4814,True
MCH7385,1,17695.0,1,0,0.0,0.0,17695.0,0.0,0.0,1.0,0.0,,,,
MCH7387,2,35173.71,2,0,0.0,0.0,17586.855,0.0,0.0,1.0,0.0,ACTIVE,RESTAURANT,5812,False
MCH7388,4,53786.06,4,0,0.0,0.0,13446.515,0.0,0.0,1.0,0.0,,,,
MCH7389,1,24891.17,1,0,0.0,0.0,24891.17,0.0,0.0,1.0,0.0,ACTIVE,EATING PLACE,5812,False
MCH7390,3,41603.57,3,0,1.0,5802.45,13867.856666666667,0.3333333333333333,0.13947000221375233,1.0,0.0,,,,
MCH7391,1,24023.39,1,0,0.0,0.0,24023.39,0.0,0.0,1.0,0.0,INACTIVE,GROCERIES,5411,False
MCH7392,3,28050.52,3,0,0.0,0.0,9350.173333333334,0.0,0.0,1.0,0.0,,,,
MCH7393,1,15358.51,0,0,0.0,0.0,15358.51,0.0,0.0,0.0,0.0,,,,
MCH7394,3,41638.950000000004,3,0,0.0,0.0,13879.650000000001,0.0,0.0,1.0,0.0,LIVE,FOOD_SERVICES,5812,True
MCH7395,6,107812.65,4,2,0.0,0.0,17968.774999999998,0.0,0.0,0.6666666666666666,0.3333333333333333,ACTIVE,HOTEL_LODGING,7011,True
MCH7396,3,30437.039999999997,3,0,1.0,1214.71,10145.679999999998,0.3333333333333333,0.03990893989691508,1.0,0.0,,,,
MCH7397,4,62661.3,3,1,0.0,0.0,15665.325,0.0,0.0,0.75,0.25,,,,
MCH7398,4,53410.96,3,1,0.0,0.0,13352.74,0.0,0.0,0.75,0.25,ACTIVE,DEPT_STORE,5311,False
MCH7399,3,32835.229999999996,3,0,0.0,0.0,10945.076666666666,0.0,0.0,1.0,0.0,,,,
MCH7401,5,62812.11,4,1,0.0,0.0,12562.422,0.0,0.0,0.8,0.2,,,,
MCH7402,1,21216.21,1,0,1.0,2932.55,21216.21,1.0,0.13822214240903538,1.0,0.0,,,,
MCH7403,4,55160.54,3,0,0.0,0.0,13790.135,0.0,0.0,0.75,0.0,INACTIVE,BOOKS_STATIONERY,5942,True
MCH7404,2,19564.43,2,0,0.0,0.0,9782.215,0.0,0.0,1.0,0.0,,,,
MCH7405,5,23821.7,5,0,0.0,0.0,4764.34,0.0,0.0,1.0,0.0,,,,
MCH7406,3,49302.630000000005,3,0,0.0,0.0,16434.210000000003,0.0,0.0,1.0,0.0,,,,
MCH7407,5,72642.56,5,0,2.0,3674.5199999999995,14528.511999999999,0.4,0.05058356974203552,1.0,0.0,,,,
MCH7408,3,41807.95,1,0,2.0,4010.97,13935.983333333332,0.6666666666666666,0.09593797351939046,0.3333333333333333,0.0,ACTIVE,RETAIL OTHER,,False
MCH7409,1,23316.88,1,0,0.0,0.0,23316.88,0.0,0.0,1.0,0.0,,,,
MCH7410,3,43014.5,3,0,0.0,0.0,14338.166666666666,0.0,0.0,1.0,0.0,,,,
MCH7411,5,71437.49,3,2,1.0,2563.38,14287.498000000001,0.2,0.03588283966863897,0.6,0.4,ACTIVE,MOBILE RECHARGE,4814,True
MCH7413,4,40734.15,4,0,1.0,2302.0,10183.5375,0.25,0.05651277858995462,1.0,0.0,LIVE,DEPT_STORE,,False
MCH7414,1,17315.4,1,0,0.0,0.0,17315.4,0.0,0.0,1.0,0.0,,,,
MCH7415,3,35932.07,2,1,1.0,8304.41,11977.356666666667,0.3333333333333333,0.23111415512660416,0.6666666666666666,0.3333333333333333,,,,
MCH7416,1,4797.91,1,0,1.0,1650.21,4797.91,1.0,0.3439435087360955,1.0,0.0,,,,
MCH7417,2,21429.02,2,0,0.0,0.0,10714.51,0.0,0.0,1.0,0.0,,,,
MCH7418,4,35541.28,2,1,0.0,0.0,8885.32,0.0,0.0,0.5,0.25,,,,
MCH7419,1,24691.82,1,0,0.0,0.0,24691.82,0.0,0.0,1.0,0.0,ACTIVE,CLOTHING,5699.0,False
MCH7420,2,34853.2,2,0,0.0,0.0,17426.6,0.0,0.0,1.0,0.0,,,,
MCH7421,1,20223.37,1,0,0.0,0.0,20223.37,0.0,0.0,1.0,0.0,,,,
MCH7423,1,14353.64,1,0,0.0,0.0,14353.64,0.0,0.0,1.0,0.0,,,,
MCH7424,3,20371.65,3,0,1.0,996.0,6790.55,0.3333333333333333,0.048891474181030986,1.0,0.0,,,,
MCH7425,4,17525.9,2,0,1.0,2083.96,4381.475,0.25,0.11890744555201159,0.5,0.0,,,,
MCH7426,2,24581.76,2,0,0.0,0.0,12290.88,0.0,0.0,1.0,0.0,,,,
MCH7427,6,49794.450000000004,5,1,1.0,1383.39,8299.075,0.16666666666666666,0.027782011850718304,0.8333333333333334,0.16666666666666666,,,,
MCH7429,1,13056.87,1,0,0.0,0.0,13056.87,0.0,0.0,1.0,0.0,LIVE,HOTEL_LODGING,7011,False
MCH7430,3,23163.8,3,0,0.0,0.0,7721.266666666666,0.0,0.0,1.0,0.0,ACTIVE,DEPARTMENT STORE,5311,True
MCH7431,2,17901.4,2,0,0.0,0.0,8950.7,0.0,0.0,1.0,0.0,ENABLED,HOTEL,7011,False
MCH7432,1,13041.28,0,1,1.0,1623.96,13041.28,1.0,0.12452458654365216,0.0,1.0,ACTIVE,RESTAURANT,5812,True
MCH7433,2,28536.07,2,0,1.0,3107.14,14268.035,0.5,0.10888465019885359,1.0,0.0,ACTIVE,MISC RETAIL,5999,False
MCH7434,1,5545.31,1,0,0.0,0.0,5545.31,0.0,0.0,1.0,0.0,,,,
MCH7435,1,19813.49,1,0,0.0,0.0,19813.49,0.0,0.0,1.0,0.0,SUSPENDED,MEDICAL,5912,False
MCH7436,2,28191.399999999998,2,0,3.0,6717.460000000001,14095.699999999999,1.5,0.23828046851167384,1.0,0.0,ACTIVE,MEDICAL_STORE,5912,False
MCH7437,5,64591.83,5,0,0.0,0.0,12918.366,0.0,0.0,1.0,0.0,,,,
MCH7438,3,59249.66,1,2,1.0,3182.0,19749.88666666667,0.3333333333333333,0.053704949530512074,0.3333333333333333,0.6666666666666666,,,,
MCH7439,2,22917.43,1,1,0.0,0.0,11458.715,0.0,0.0,0.5,0.5,ENABLED,HOSPITALITY,7011.0,False
MCH7441,3,20684.57,3,0,1.0,2154.46,6894.856666666667,0.3333333333333333,0.10415783359286657,1.0,0.0,,,,
MCH7442,4,51570.92,3,0,1.0,2069.43,12892.73,0.25,0.04012784724414457,0.75,0.0,ACTIVE,MISCELLANEOUS,5999,True
MCH7443,2,24812.92,2,0,1.0,2865.75,12406.46,0.5,0.11549426669654358,1.0,0.0,ACTIVE,TRANSPRT,4131,False
MCH7444,5,59809.22,4,1,2.0,695.9,11961.844000000001,0.4,0.011635329803665722,0.8,0.2,LIVE,FASHION,5699,False
MCH7446,2,15994.43,2,0,0.0,0.0,7997.215,0.0,0.0,1.0,0.0,INACTIVE,BOOKS_STATIONERY,5942,False
MCH7447,2,25396.48,1,1,1.0,806.29,12698.24,0.5,0.03174810052416713,0.5,0.5,,,,
MCH7448,2,32336.649999999998,2,0,1.0,440.57,16168.324999999999,0.5,0.013624478726151287,1.0,0.0,CLOSED,PHONE SERVICE,4814,False
MCH7450,3,17019.08,3,0,0.0,0.0,5673.026666666668,0.0,0.0,1.0,0.0,,,,
MCH7451,6,71596.89,5,1,1.0,729.47,11932.815,0.16666666666666666,0.010188571039887347,0.8333333333333334,0.16666666666666666,,,,
MCH7452,2,18557.57,2,0,0.0,0.0,9278.785,0.0,0.0,1.0,0.0,LIVE,DEPARTMENT STORE,5311,True
MCH7453,5,43329.03,5,0,1.0,2130.14,8665.806,0.2,0.049161959083782854,1.0,0.0,,,,
MCH7454,1,10346.93,1,0,0.0,0.0,10346.93,0.0,0.0,1.0,0.0,,,,
MCH7456,3,30446.93,2,1,0.0,0.0,10148.976666666667,0.0,0.0,0.6666666666666666,0.3333333333333333,,,,
MCH7457,4,28826.15,4,0,0.0,0.0,7206.5375,0.0,0.0,1.0,0.0,,,,
MCH7459,2,5362.7,1,1,1.0,-4809.04,2681.35,0.5,-0.8967572304995618,0.5,0.5,LIVE,HOTEL_LODGING,7011,False
MCH7460,3,22666.71,2,0,0.0,0.0,7555.57,0.0,0.0,0.6666666666666666,0.0,,,,
MCH7461,3,41398.619999999995,3,0,1.0,6597.26,13799.539999999999,0.3333333333333333,0.15935941826080197,1.0,0.0,,,,
MCH7462,2,23412.73,2,0,0.0,0.0,11706.365,0.0,0.0,1.0,0.0,ENABLED,GROCERY_STORE,5411,False
MCH7463,1,7092.0,1,0,0.0,0.0,7092.0,0.0,0.0,1.0,0.0,ACTIVE,MEDICAL_STORE,5912,False
MCH7464,3,47746.009999999995,1,2,0.0,0.0,15915.336666666664,0.0,0.0,0.3333333333333333,0.6666666666666666,LIVE,TRAVEL,4131,False
MCH7466,3,21007.559999999998,2,1,0.0,0.0,7002.5199999999995,0.0,0.0,0.6666666666666666,0.3333333333333333,,,,
MCH7467,1,8421.74,1,0,0.0,0.0,8421.74,0.0,0.0,1.0,0.0,,,,
MCH7468,2,30063.72,2,0,1.0,1370.91,15031.86,0.5,0.045600145291401065,1.0,0.0,,,,
MCH7469,2,46672.38,2,0,0.0,0.0,23336.19,0.0,0.0,1.0,0.0,INACTIVE,RESTAURANTS,5812.0,False
MCH7470,2,18235.0,1,1,0.0,0.0,9117.5,0.0,0.0,0.5,0.5,ACTIVE,GARMENTS,misc,True
MCH7471,2,21362.58,2,0,0.0,0.0,10681.29,0.0,0.0,1.0,0.0,ACTIVE,RESTAURANT,5812,False
MCH7472,4,45293.96,3,1,1.0,1500.0,11323.49,0.25,0.03311699838124112,0.75,0.25,,,,
MCH7473,7,68345.88,6,0,1.0,0.0,9763.697142857143,0.14285714285714285,0.0,0.8571428571428571,0.0,DISABLED,RETAIL,5311.0,True
MCH7474,2,44791.490000000005,2,0,0.0,0.0,22395.745000000003,0.0,0.0,1.0,0.0,,,,
MCH7475,1,5827.16,1,0,0.0,0.0,5827.16,0.0,0.0,1.0,0.0,,,,
MCH7476,2,14838.52,1,1,0.0,0.0,7419.26,0.0,0.0,0.5,0.5,LIVE,GROCERY,5411,False
MCH7477,1,11411.44,1,0,0.0,0.0,11411.44,0.0,0.0,1.0,0.0,,,,
MCH7478,1,19882.0,1,0,0.0,0.0,19882.0,0.0,0.0,1.0,0.0,CLOSED,CLOTHING,5699,False
MCH7479,1,21470.52,1,0,0.0,0.0,21470.52,0.0,0.0,1.0,0.0,LIVE,RETAIL,5311,False
MCH7480,1,20842.91,1,0,0.0,0.0,20842.91,0.0,0.0,1.0,0.0,,,,
MCH7481,3,37966.45,3,0,1.0,793.0,12655.483333333332,0.3333333333333333,0.020886861953119135,1.0,0.0,,,,
MCH7482,4,62145.76,4,0,0.0,0.0,15536.44,0.0,0.0,1.0,0.0,ENABLED,CLOTHING,5699,False
MCH7484,2,20586.53,2,0,0.0,0.0,10293.265,0.0,0.0,1.0,0.0,,,,
MCH7485,2,21971.85,2,0,0.0,0.0,10985.925,0.0,0.0,1.0,0.0,,,,
MCH7486,3,20596.07,3,0,0.0,0.0,6865.356666666667,0.0,0.0,1.0,0.0,,,,
MCH7487,2,25466.589999999997,2,0,0.0,0.0,12733.294999999998,0.0,0.0,1.0,0.0,,,,
MCH7488,3,51812.479999999996,3,0,1.0,0.0,17270.826666666664,0.3333333333333333,0.0,1.0,0.0,,,,
MCH7489,1,19750.0,1,0,0.0,0.0,19750.0,0.0,0.0,1.0,0.0,LIVE,MISC RETAIL,5999,False
MCH7490,5,72107.29000000001,4,1,0.0,0.0,14421.458000000002,0.0,0.0,0.8,0.2,ENABLED,PHARMACY,5912,False
MCH7491,1,20919.4,1,0,0.0,0.0,20919.4,0.0,0.0,1.0,0.0,,,,
MCH7492,2,24964.16,2,0,0.0,0.0,12482.08,0.0,0.0,1.0,0.0,,,,
MCH7493,3,33055.14,2,1,1.0,1274.1,11018.38,0.3333333333333333,0.03854468624244217,0.6666666666666666,0.3333333333333333,INACTIVE,CLOTHS,5699,True
MCH7494,2,26617.21,2,0,0.0,0.0,13308.605,0.0,0.0,1.0,0.0,,,,
MCH7495,1,18325.99,1,0,0.0,0.0,18325.99,0.0,0.0,1.0,0.0,CLOSED,GROCERY STORES,5411,True
MCH7496,3,32836.74,2,0,0.0,0.0,10945.58,0.0,0.0,0.6666666666666666,0.0,,,,
MCH7497,3,46352.28,2,1,1.0,3336.7,15450.76,0.3333333333333333,0.07198567147074535,0.6666666666666666,0.3333333333333333,,,,
MCH7498,1,14431.17,1,0,0.0,0.0,14431.17,0.0,0.0,1.0,0.0,,,,
MCH7499,3,43771.68,2,0,1.0,3309.0,14590.56,0.3333333333333333,0.07559682424800693,0.6666666666666666,0.0,,,,
MCH7500,1,22703.01,1,0,0.0,0.0,22703.01,0.0,0.0,1.0,0.0,,,,
MCH7501,4,41641.24,2,2,0.0,0.0,10410.31,0.0,0.0,0.5,0.5,ENABLED,DEPARTMENT STORE,5311,False
MCH7502,5,67212.36,5,0,0.0,0.0,13442.472,0.0,0.0,1.0,0.0,ACTIVE,DEPT_STORE,5311,False
MCH7503,1,7256.06,0,0,0.0,0.0,7256.06,0.0,0.0,0.0,0.0,ENABLED,GROCERY,5411,True
MCH7504,1,9185.67,1,0,0.0,0.0,9185.67,0.0,0.0,1.0,0.0,ACTIVE,HOSPITALITY,7011,True
MCH7505,1,6047.62,1,0,0.0,0.0,6047.62,0.0,0.0,1.0,0.0,,,,
MCH7506,4,43363.72,4,0,0.0,0.0,10840.93,0.0,0.0,1.0,0.0,,,,
MCH7507,4,15134.640000000001,4,0,1.0,3905.0,3783.6600000000003,0.25,0.2580173694253712,1.0,0.0,,,,
MCH7509,4,56922.19,4,0,1.0,509.0,14230.5475,0.25,0.008942031218405335,1.0,0.0,ACTIVE,GARMENTS,5699,False
MCH7511,3,36313.79,3,0,0.0,0.0,12104.596666666666,0.0,0.0,1.0,0.0,,,,
MCH7513,4,43339.04,4,0,0.0,0.0,10834.76,0.0,0.0,1.0,0.0,ACTIVE,FOOD,5812.0,False
MCH7514,3,57363.7,3,0,0.0,0.0,19121.233333333334,0.0,0.0,1.0,0.0,ACTIVE,RETAIL,5311,False
MCH7515,1,15939.37,1,0,0.0,0.0,15939.37,0.0,0.0,1.0,0.0,,,,
MCH7516,2,40179.01,2,0,0.0,0.0,20089.505,0.0,0.0,1.0,0.0,,,,
MCH7517,4,50341.68,4,0,2.0,9060.0,12585.42,0.5,0.17997015594235233,1.0,0.0,ACTIVE,CLOTHS,5699,False
MCH7518,5,81702.08,5,0,1.0,325.93,16340.416000000001,0.2,0.0039892497228956715,1.0,0.0,,,,
MCH7519,4,39908.42,2,2,1.0,1486.0,9977.105,0.25,0.037235250105115664,0.5,0.5,INACTIVE,BUS/TAXI,4131,False
MCH7520,4,58492.41,4,0,1.0,252.18,14623.1025,0.25,0.004311328598018102,1.0,0.0,,,,
MCH7521,2,32266.379999999997,2,0,0.0,0.0,16133.189999999999,0.0,0.0,1.0,0.0,ACTIVE,BUS/TAXI,4131.0,True
MCH7522,3,45280.64,2,1,0.0,0.0,15093.546666666667,0.0,0.0,0.6666666666666666,0.3333333333333333,,,,
MCH7523,1,259.13,1,0,0.0,0.0,259.13,0.0,0.0,1.0,0.0,ACTIVE,TRANSPORT,4131,True
MCH7524,4,54880.380000000005,4,0,1.0,335.78,13720.095000000001,0.25,0.006118397868236334,1.0,0.0,ACTIVE,HOSPITALITY,7011,True
MCH7526,4,51706.17,3,1,2.0,1843.51,12926.5425,0.5,0.03565357867349293,0.75,0.25,,,,
MCH7528,2,28682.910000000003,0,0,0.0,0.0,14341.455000000002,0.0,0.0,0.0,0.0,,,,
MCH7530,1,20911.0,0,1,1.0,498.7,20911.0,1.0,0.02384869207594089,0.0,1.0,,,,
MCH7531,1,7147.79,1,0,0.0,0.0,7147.79,0.0,0.0,1.0,0.0,,,,
MCH7532,1,10086.16,1,0,0.0,0.0,10086.16,0.0,0.0,1.0,0.0,,,,
MCH7533,1,11600.9,1,0,0.0,0.0,11600.9,0.0,0.0,1.0,0.0,ACTIVE,CLOTHING,,False
MCH7534,3,16297.619999999999,3,0,0.0,0.0,5432.54,0.0,0.0,1.0,0.0,,,,
MCH7535,3,57394.47,3,0,1.0,7765.0,19131.49,0.3333333333333333,0.13529177985265828,1.0,0.0,,,,
MCH7536,4,25939.47,2,2,1.0,2479.92,6484.8675,0.25,0.09560411218887664,0.5,0.5,ACTIVE,DEPT_STORE,5311,False
MCH7537,1,1881.65,0,0,1.0,782.28,1881.65,1.0,0.41574150346770117,0.0,0.0,,,,
MCH7538,2,45028.19,2,0,0.0,0.0,22514.095,0.0,0.0,1.0,0.0,,,,
MCH7539,4,16459.87,2,2,0.0,0.0,4114.9675,0.0,0.0,0.5,0.5,ACTIVE,RETAIL,5311,False
MCH7540,1,9097.1,1,0,0.0,0.0,9097.1,0.0,0.0,1.0,0.0,ACTIVE,DEPT_STORE,5311,True
MCH7541,1,14915.9,1,0,0.0,0.0,14915.9,0.0,0.0,1.0,0.0,,,,
MCH7542,1,11920.0,1,0,0.0,0.0,11920.0,0.0,0.0,1.0,0.0,,,,
MCH7543,4,57264.8,4,0,1.0,714.0,14316.2,0.25,0.01246839245051061,1.0,0.0,,,,
MCH7544,2,26094.260000000002,2,0,1.0,1530.6,13047.130000000001,0.5,0.05865657811334753,1.0,0.0,INACTIVE,TRANSPRT,4131,True
MCH7545,2,15720.94,1,0,0.0,0.0,7860.47,0.0,0.0,0.5,0.0,,,,
MCH7546,1,6144.0,1,0,0.0,0.0,6144.0,0.0,0.0,1.0,0.0,ACTIVE,PHARMACIES,5912,False
MCH7547,2,35348.520000000004,2,0,0.0,0.0,17674.260000000002,0.0,0.0,1.0,0.0,,,,
MCH7548,2,16756.63,2,0,0.0,0.0,8378.315,0.0,0.0,1.0,0.0,SUSPENDED,PHONE SERVICE,4814,True
MCH7549,6,61273.83,4,1,1.0,8967.32,10212.305,0.16666666666666666,0.1463482860464247,0.6666666666666666,0.16666666666666666,CLOSED,HOTELS,7011,False
MCH7550,1,24934.55,1,0,1.0,2097.39,24934.55,1.0,0.08411581520420461,1.0,0.0,,,,
MCH7551,1,14268.12,1,0,0.0,0.0,14268.12,0.0,0.0,1.0,0.0,,,,
MCH7552,1,21553.48,0,0,1.0,2047.46,21553.48,1.0,0.09499440461586714,0.0,0.0,ACTIVE,TELECOM,4814,False
MCH7553,3,51112.62,2,0,1.0,2615.98,17037.54,0.3333333333333333,0.051180706447840084,0.6666666666666666,0.0,,,,
MCH7555,1,12283.55,1,0,0.0,0.0,12283.55,0.0,0.0,1.0,0.0,,,,
MCH7557,7,103061.57,6,0,0.0,0.0,14723.08142857143,0.0,0.0,0.8571428571428571,0.0,,,,
MCH7558,4,59175.78,3,0,1.0,1285.39,14793.945,0.25,0.02172155567700164,0.75,0.0,ENABLED,HOTEL_LODGING,7011,True
MCH7559,5,62639.0,4,0,1.0,987.42,12527.8,0.2,0.01576366161656476,0.8,0.0,,,,
MCH7560,3,14069.31,3,0,0.0,0.0,4689.7699999999995,0.0,0.0,1.0,0.0,ACTIVE,DEPARTMENT STORE,,False
MCH7561,1,17203.88,1,0,0.0,0.0,17203.88,0.0,0.0,1.0,0.0,,,,
MCH7562,1,11871.03,0,0,0.0,0.0,11871.03,0.0,0.0,0.0,0.0,,,,
MCH7563,1,23238.93,1,0,0.0,0.0,23238.93,0.0,0.0,1.0,0.0,ACTIVE,HOTELS,7011,False
MCH7564,2,16109.85,2,0,1.0,1512.54,8054.925,0.5,0.09388914235700518,1.0,0.0,ENABLED,BOOKS_STATIONERY,,False
MCH7565,1,13434.83,1,0,0.0,0.0,13434.83,0.0,0.0,1.0,0.0,,,,
MCH7566,1,5496.65,1,0,0.0,0.0,5496.65,0.0,0.0,1.0,0.0,INACTIVE,PHARMACY,5912,True
MCH7567,3,39629.82,3,0,0.0,0.0,13209.94,0.0,0.0,1.0,0.0,ACTIVE,GARMENTS,5699,True
MCH7568,5,88760.45999999999,5,0,0.0,0.0,17752.091999999997,0.0,0.0,1.0,0.0,LIVE,HOTELS,7011,True
MCH7569,1,7143.34,1,0,0.0,0.0,7143.34,0.0,0.0,1.0,0.0,,,,
MCH7570,4,38938.39,4,0,0.0,0.0,9734.5975,0.0,0.0,1.0,0.0,,,,
MCH7571,3,17589.8,3,0,1.0,3723.0,5863.266666666666,0.3333333333333333,0.21165675561973418,1.0,0.0,,,,
MCH7572,4,62025.78,3,0,0.0,0.0,15506.445,0.0,0.0,0.75,0.0,ENABLED,FASHION,5699,False
MCH7573,3,37892.68,3,0,0.0,0.0,12630.893333333333,0.0,0.0,1.0,0.0,,,,
MCH7574,5,36138.55,4,0,1.0,3060.38,7227.710000000001,0.2,0.08468463731942759,0.8,0.0,ACTIVE,DEPT_STORE,,True
MCH7575,4,72203.84,4,0,1.0,-3192.45,18050.96,0.25,-0.04421440743317807,1.0,0.0,,,,
MCH7576,2,36852.770000000004,2,0,0.0,0.0,18426.385000000002,0.0,0.0,1.0,0.0,ACTIVE,HOSPITALITY,7011,False
MCH7577,5,56449.44,5,0,0.0,0.0,11289.888,0.0,0.0,1.0,0.0,ACTIVE,CLOTHING,5699,False
MCH7578,3,35438.91,3,0,1.0,1176.91,11812.970000000001,0.3333333333333333,0.03320954284429177,1.0,0.0,,,,
MCH7579,1,24540.45,1,0,1.0,1883.55,24540.45,1.0,0.0767528712798665,1.0,0.0,,,,
MCH7581,1,21364.34,1,0,0.0,0.0,21364.34,0.0,0.0,1.0,0.0,ACTIVE,CLOTHING,5699,False
MCH7583,7,109506.37,6,1,1.0,4972.38,15643.767142857143,0.14285714285714285,0.04540722151597209,0.8571428571428571,0.14285714285714285,,,,
MCH7584,5,39334.38,5,0,0.0,0.0,7866.875999999999,0.0,0.0,1.0,0.0,,,,
MCH7585,1,5687.51,1,0,0.0,0.0,5687.51,0.0,0.0,1.0,0.0,ACTIVE,CLOTHING,5699,False
MCH7586,2,20561.16,2,0,0.0,0.0,10280.58,0.0,0.0,1.0,0.0,ACTIVE,DEPARTMENT STORE,5311,True
MCH7587,1,22204.07,1,0,0.0,0.0,22204.07,0.0,0.0,1.0,0.0,,,,
MCH7588,3,28333.120000000003,3,0,1.0,0.0,9444.373333333335,0.3333333333333333,0.0,1.0,0.0,,,,
MCH7589,6,94522.56,5,1,0.0,0.0,15753.76,0.0,0.0,0.8333333333333334,0.16666666666666666,ACTIVE,TRANSPORTATION,4131,True
MCH7590,1,22125.99,1,0,0.0,0.0,22125.99,0.0,0.0,1.0,0.0,,,,
MCH7591,5,81625.16,5,0,0.0,0.0,16325.032000000001,0.0,0.0,1.0,0.0,ACTIVE,FOOD_SERVICES,5812.0,False
MCH7592,3,22412.67,2,0,0.0,0.0,7470.889999999999,0.0,0.0,0.6666666666666666,0.0,,,,
MCH7593,7,82001.68,6,1,1.0,3962.0,11714.525714285714,0.14285714285714285,0.048316083280245,0.8571428571428571,0.14285714285714285,,,,
MCH7594,2,15983.37,2,0,0.0,0.0,7991.685,0.0,0.0,1.0,0.0,,,,
MCH7595,2,34389.56,1,0,1.0,963.14,17194.78,0.5,0.028006755538599507,0.5,0.0,ACTIVE,KIRANA,misc,False
MCH7596,2,14925.15,2,0,0.0,0.0,7462.575,0.0,0.0,1.0,0.0,SUSPENDED,TELECOM,4814,False
MCH7597,3,31125.43,3,0,0.0,0.0,10375.143333333333,0.0,0.0,1.0,0.0,LIVE,BUS/TAXI,,False
MCH7598,2,624.6100000000006,2,0,1.0,1887.02,312.3050000000003,0.5,3.0211171771185192,1.0,0.0,,,,
MCH7599,2,33425.0,1,0,0.0,0.0,16712.5,0.0,0.0,0.5,0.0,,,,
MCH7600,2,24796.5,2,0,0.0,0.0,12398.25,0.0,0.0,1.0,0.0,LIVE,RETAIL,5311.0,True
MCH7601,2,22383.84,2,0,0.0,0.0,11191.92,0.0,0.0,1.0,0.0,,,,
MCH7602,2,23379.2,2,0,0.0,0.0,11689.6,0.0,0.0,1.0,0.0,,,,
MCH7604,2,11054.8,2,0,0.0,0.0,5527.4,0.0,0.0,1.0,0.0,ACTIVE,KIRANA,5411,False
MCH7605,1,1336.29,1,0,0.0,0.0,1336.29,0.0,0.0,1.0,0.0,INACTIVE,RETAIL,5311,True
MCH7606,3,23341.05,2,1,1.0,0.0,7780.349999999999,0.3333333333333333,0.0,0.6666666666666666,0.3333333333333333,ACTIVE,MISC RETAIL,5999,False
MCH7607,6,64887.54,5,1,2.0,16627.47,10814.59,0.3333333333333333,0.25625058370220233,0.8333333333333334,0.16666666666666666,ACTIVE,BOOKS_STATIONERY,,False
MCH7608,2,7478.5599999999995,2,0,0.0,0.0,3739.2799999999997,0.0,0.0,1.0,0.0,,,,
MCH7609,1,24956.74,1,0,0.0,0.0,24956.74,0.0,0.0,1.0,0.0,ENABLED,MEDICAL_STORE,5912,True
MCH7610,4,69504.48999999999,4,0,0.0,0.0,17376.122499999998,0.0,0.0,1.0,0.0,,,,
MCH7611,3,36869.88,3,0,0.0,0.0,12289.96,0.0,0.0,1.0,0.0,,,,
MCH7613,2,15932.02,2,0,0.0,0.0,7966.01,0.0,0.0,1.0,0.0,ACTIVE,APPAREL,5699,False
MCH7614,2,20467.44,2,0,1.0,1047.52,10233.72,0.5,0.05117982512712875,1.0,0.0,ACTIVE,GARMENTS,5699,False
MCH7615,2,19005.13,2,0,0.0,0.0,9502.565,0.0,0.0,1.0,0.0,DISABLED,EATING PLACE,5812,False
MCH7618,2,13526.259999999998,2,0,0.0,0.0,6763.129999999999,0.0,0.0,1.0,0.0,ACTIVE,HOTEL_LODGING,7011,True
MCH7619,2,24373.760000000002,2,0,0.0,0.0,12186.880000000001,0.0,0.0,1.0,0.0,ACTIVE,DEPARTMENT STORES,5311,False
MCH7620,1,12833.41,1,0,0.0,0.0,12833.41,0.0,0.0,1.0,0.0,ACTIVE,BOOKS,5942,True
MCH7622,4,57648.82,3,1,0.0,0.0,14412.205,0.0,0.0,0.75,0.25,ACTIVE,TRANSPRT,4131,True
MCH7624,2,25991.579999999998,2,0,0.0,0.0,12995.789999999999,0.0,0.0,1.0,0.0,,,,
MCH7625,2,33104.36,2,0,0.0,0.0,16552.18,0.0,0.0,1.0,0.0,,,,
MCH7626,2,18142.22,2,0,0.0,0.0,9071.11,0.0,0.0,1.0,0.0,,,,
MCH7627,3,27560.38,2,0,0.0,0.0,9186.793333333333,0.0,0.0,0.6666666666666666,0.0,ACTIVE,TRANSPORT,4131,True
MCH7628,3,25185.300000000003,3,0,0.0,0.0,8395.1,0.0,0.0,1.0,0.0,SUSPENDED,PHONE SERVICE,4814,True
MCH7630,3,13391.140000000003,3,0,0.0,0.0,4463.713333333334,0.0,0.0,1.0,0.0,ACTIVE,TRANSPRT,4131,False
MCH7631,3,7180.73,3,0,1.0,3223.69,2393.5766666666664,0.3333333333333333,0.44893625021411476,1.0,0.0,ACTIVE,TRAVEL,4131,True
MCH7632,1,19148.81,0,1,0.0,0.0,19148.81,0.0,0.0,0.0,1.0,,,,
MCH7633,4,49021.25,3,1,0.0,0.0,12255.3125,0.0,0.0,0.75,0.25,,,,
MCH7634,2,9012.970000000001,1,1,0.0,0.0,4506.485000000001,0.0,0.0,0.5,0.5,,,,
MCH7635,2,14845.09,2,0,0.0,0.0,7422.545,0.0,0.0,1.0,0.0,SUSPENDED,TELECOM,4814,True
MCH7636,2,38075.77,1,1,0.0,0.0,19037.885,0.0,0.0,0.5,0.5,ENABLED,CLOTHS,5699,False
MCH7638,5,69287.41,3,2,1.0,5747.29,13857.482,0.2,0.08294854721802994,0.6,0.4,,,,
MCH7639,3,35180.9,3,0,1.0,2154.73,11726.966666666667,0.3333333333333333,0.06124715399549187,1.0,0.0,ACTIVE,OTHER,5999,True
MCH7640,2,37975.31,2,0,0.0,0.0,18987.655,0.0,0.0,1.0,0.0,,,,
MCH7641,2,14335.259999999998,2,0,0.0,0.0,7167.629999999999,0.0,0.0,1.0,0.0,,,,
MCH7642,1,9653.0,1,0,0.0,0.0,9653.0,0.0,0.0,1.0,0.0,,,,
MCH7643,2,36421.2,0,2,0.0,0.0,18210.6,0.0,0.0,0.0,1.0,,,,
MCH7644,1,1965.27,1,0,1.0,2786.42,1965.27,1.0,1.4178306288703333,1.0,0.0,LIVE,HOSPITALITY,7011,False
MCH7645,3,39616.4,3,0,0.0,0.0,13205.466666666667,0.0,0.0,1.0,0.0,ENABLED,MEDICAL_STORE,5912,False
MCH7646,2,14566.99,2,0,0.0,0.0,7283.495,0.0,0.0,1.0,0.0,,,,
MCH7647,3,50584.56,3,0,0.0,0.0,16861.52,0.0,0.0,1.0,0.0,DISABLED,MEDICAL,5912,False
MCH7648,1,12019.86,1,0,0.0,0.0,12019.86,0.0,0.0,1.0,0.0,SUSPENDED,RETAIL OTHER,,False
MCH7649,3,47974.9,3,0,1.0,2032.79,15991.633333333333,0.3333333333333333,0.04237194866482265,1.0,0.0,,,,
MCH7650,1,23696.94,1,0,0.0,0.0,23696.94,0.0,0.0,1.0,0.0,,,,
MCH7651,3,4675.86,3,0,1.0,276.61,1558.62,0.3333333333333333,0.059157032075382934,1.0,0.0,LIVE,MEDICAL,5912,False
MCH7652,3,24122.34,2,0,0.0,0.0,8040.78,0.0,0.0,0.6666666666666666,0.0,,,,
MCH7653,3,36534.05,3,0,0.0,0.0,12178.016666666668,0.0,0.0,1.0,0.0,ACTIVE,FASHION,5699,True
MCH7654,2,28077.91,2,0,0.0,0.0,14038.955,0.0,0.0,1.0,0.0,ACTIVE,GARMENTS,5699,False
MCH7655,4,30660.33,4,0,0.0,0.0,7665.0825,0.0,0.0,1.0,0.0,,,,
MCH7656,7,103869.61,6,1,0.0,0.0,14838.515714285715,0.0,0.0,0.8571428571428571,0.14285714285714285,,,,
MCH7657,1,338.2,1,0,0.0,0.0,338.2,0.0,0.0,1.0,0.0,,,,
MCH7658,4,53437.83,4,0,0.0,0.0,13359.4575,0.0,0.0,1.0,0.0,,,,
MCH7659,2,34078.479999999996,2,0,0.0,0.0,17039.239999999998,0.0,0.0,1.0,0.0,ACTIVE,TRANSPORT,4131,True
MCH7661,1,24245.83,1,0,0.0,0.0,24245.83,0.0,0.0,1.0,0.0,ACTIVE,HOTEL_LODGING,7011,True
MCH7662,1,2976.54,1,0,1.0,1061.09,2976.54,1.0,0.35648437447506165,1.0,0.0,,,,
MCH7663,2,11403.32,2,0,1.0,0.0,5701.66,0.5,0.0,1.0,0.0,,,,
MCH7664,1,24102.32,1,0,0.0,0.0,24102.32,0.0,0.0,1.0,0.0,ACTIVE,TRAVEL,UNKNOWN,False
MCH7666,2,25450.1,2,0,0.0,0.0,12725.05,0.0,0.0,1.0,0.0,,,,
MCH7667,2,19443.98,2,0,0.0,0.0,9721.99,0.0,0.0,1.0,0.0,LIVE,TELECOM,4814,True
MCH7668,1,7061.85,1,0,0.0,0.0,7061.85,0.0,0.0,1.0,0.0,,,,
MCH7669,3,30613.489999999998,3,0,1.0,1779.0,10204.496666666666,0.3333333333333333,0.05811163640604192,1.0,0.0,,,,
MCH7670,5,51761.09,3,1,0.0,0.0,10352.217999999999,0.0,0.0,0.6,0.2,,,,
MCH7671,4,52985.649999999994,3,0,2.0,1757.24,13246.412499999999,0.5,0.033164451129692664,0.75,0.0,,,,
MCH7672,2,6162.48,2,0,1.0,1586.53,3081.24,0.5,0.25744992275837003,1.0,0.0,,,,
MCH7673,2,19697.65,2,0,0.0,0.0,9848.825,0.0,0.0,1.0,0.0,,,,
MCH7674,1,18319.82,1,0,0.0,0.0,18319.82,0.0,0.0,1.0,0.0,,,,
MCH7675,2,45071.59,1,1,0.0,0.0,22535.795,0.0,0.0,0.5,0.5,LIVE,BUS/TAXI,4131,False
MCH7676,2,25327.61,1,1,0.0,0.0,12663.805,0.0,0.0,0.5,0.5,,,,
MCH7678,4,43289.409999999996,4,0,1.0,9493.15,10822.352499999999,0.25,0.219294973066161,1.0,0.0,,,,
MCH7680,1,5168.47,1,0,0.0,0.0,5168.47,0.0,0.0,1.0,0.0,,,,
MCH7681,2,20415.9,2,0,1.0,1866.96,10207.95,0.5,0.09144637268011696,1.0,0.0,ACTIVE,RETAIL,5311,True
MCH7682,4,56131.2,3,1,2.0,-2844.19,14032.8,0.5,-0.05067039364916482,0.75,0.25,,,,
MCH7683,3,41316.89,2,1,1.0,6642.41,13772.296666666667,0.3333333333333333,0.1607674246536949,0.6666666666666666,0.3333333333333333,,,,
MCH7684,2,5249.01,2,0,0.0,0.0,2624.505,0.0,0.0,1.0,0.0,,,,
MCH7685,3,45787.36,3,0,0.0,0.0,15262.453333333333,0.0,0.0,1.0,0.0,DISABLED,DEPARTMENT STORES,5311.0,False
MCH7686,1,24235.31,1,0,0.0,0.0,24235.31,0.0,0.0,1.0,0.0,,,,
MCH7687,3,63538.87,3,0,0.0,0.0,21179.623333333333,0.0,0.0,1.0,0.0,ACTIVE,FASHION,5699,True
MCH7688,2,19450.84,2,0,0.0,0.0,9725.42,0.0,0.0,1.0,0.0,ACTIVE,MEDICAL_STORE,5912,False
MCH7689,1,7561.75,1,0,0.0,0.0,7561.75,0.0,0.0,1.0,0.0,,,,
MCH7690,2,28906.160000000003,2,0,0.0,0.0,14453.080000000002,0.0,0.0,1.0,0.0,,,,
MCH7691,3,28069.239999999998,3,0,1.0,2351.11,9356.413333333332,0.3333333333333333,0.08376108508816058,1.0,0.0,,,,
MCH7692,2,24838.39,2,0,0.0,0.0,12419.195,0.0,0.0,1.0,0.0,ACTIVE,DEPT_STORE,5311,False
MCH7694,1,5642.0,1,0,0.0,0.0,5642.0,0.0,0.0,1.0,0.0,,,,
MCH7695,1,22647.18,0,1,1.0,4101.89,22647.18,1.0,0.18112144646706566,0.0,1.0,,,,
MCH7696,3,48229.8,3,0,0.0,0.0,16076.6,0.0,0.0,1.0,0.0,,,,
MCH7697,8,114188.04000000001,6,1,3.0,7609.26,14273.505000000001,0.375,0.06663797714716882,0.75,0.125,,,,
MCH7698,5,73752.62000000001,4,1,3.0,2132.25,14750.524000000001,0.6,0.028910837337032903,0.8,0.2,ACTIVE,MISC RETAIL,5999,True
MCH7699,1,14673.3,1,0,0.0,0.0,14673.3,0.0,0.0,1.0,0.0,ACTIVE,HOSPITALITY,7011,True
MCH7700,1,14323.1,1,0,0.0,0.0,14323.1,0.0,0.0,1.0,0.0,INACTIVE,EATING PLACE,5812,False
MCH7701,1,13655.15,1,0,0.0,0.0,13655.15,0.0,0.0,1.0,0.0,ENABLED,GROCERY_STORE,5411,False
MCH7702,2,33225.07,2,0,0.0,0.0,16612.535,0.0,0.0,1.0,0.0,SUSPENDED,GROCERY,5411,False
MCH7704,2,23028.239999999998,1,1,0.0,0.0,11514.119999999999,0.0,0.0,0.5,0.5,,,,
MCH7705,2,20172.18,2,0,0.0,0.0,10086.09,0.0,0.0,1.0,0.0,,,,
MCH7706,1,620.0,1,0,0.0,0.0,620.0,0.0,0.0,1.0,0.0,,,,
MCH7707,3,50223.75,3,0,0.0,0.0,16741.25,0.0,0.0,1.0,0.0,,,,
MCH7708,1,13566.0,1,0,0.0,0.0,13566.0,0.0,0.0,1.0,0.0,,,,
MCH7709,1,23573.31,1,0,0.0,0.0,23573.31,0.0,0.0,1.0,0.0,ACTIVE,TRANSPORT,4131,True
MCH7710,2,-14659.42,2,0,0.0,0.0,-7329.71,0.0,0.0,1.0,0.0,,,,
MCH7712,1,21003.53,1,0,0.0,0.0,21003.53,0.0,0.0,1.0,0.0,LIVE,KIRANA,5411.0,False
MCH7713,3,-3755.579999999998,2,1,1.0,1749.52,-1251.8599999999994,0.3333333333333333,0.0,0.6666666666666666,0.3333333333333333,,,,
MCH7714,2,10419.57,2,0,0.0,0.0,5209.785,0.0,0.0,1.0,0.0,ACTIVE,TELECOM,4814,False
MCH7715,4,57753.89,4,0,0.0,0.0,14438.4725,0.0,0.0,1.0,0.0,CLOSED,RETAIL OTHER,5999,True
MCH7716,2,-868.9099999999999,1,0,0.0,0.0,-434.4549999999999,0.0,0.0,0.5,0.0,,,,
MCH7717,1,7460.59,0,1,0.0,0.0,7460.59,0.0,0.0,0.0,1.0,,,,
MCH7718,2,45519.270000000004,1,1,0.0,0.0,22759.635000000002,0.0,0.0,0.5,0.5,,,,
MCH7719,1,20293.0,1,0,0.0,0.0,20293.0,0.0,0.0,1.0,0.0,,,,
MCH7720,3,39049.45,2,0,0.0,0.0,13016.483333333332,0.0,0.0,0.6666666666666666,0.0,ACTIVE,HOTEL_LODGING,7011,True
MCH7721,1,16598.97,1,0,0.0,0.0,16598.97,0.0,0.0,1.0,0.0,,,,
MCH7722,1,13256.91,0,1,0.0,0.0,13256.91,0.0,0.0,0.0,1.0,,,,
MCH7723,2,12549.830000000002,2,0,0.0,0.0,6274.915000000001,0.0,0.0,1.0,0.0,LIVE,GARMENTS,5699,False
MCH7724,3,48120.68,3,0,0.0,0.0,16040.226666666667,0.0,0.0,1.0,0.0,ACTIVE,GROCERY,5411,True
MCH7725,2,5133.79,0,2,0.0,0.0,2566.895,0.0,0.0,0.0,1.0,,,,
MCH7726,5,86287.74,5,0,1.0,687.06,17257.548000000003,0.2,0.00796242896151875,1.0,0.0,ACTIVE,DEPARTMENT STORE,5311,False
MCH7728,2,24781.329999999998,1,1,0.0,0.0,12390.664999999999,0.0,0.0,0.5,0.5,ACTIVE,HOTEL,7011,True
MCH7729,4,45250.66,4,0,0.0,0.0,11312.665,0.0,0.0,1.0,0.0,ACTIVE,GROCERY,5411,True
MCH7730,3,61426.65,3,0,0.0,0.0,20475.55,0.0,0.0,1.0,0.0,,,,
MCH7731,3,27511.55,2,1,0.0,0.0,9170.516666666666,0.0,0.0,0.6666666666666666,0.3333333333333333,LIVE,HOSPITALITY,7011,True
MCH7732,1,15854.92,1,0,0.0,0.0,15854.92,0.0,0.0,1.0,0.0,,,,
MCH7733,2,32749.88,2,0,0.0,0.0,16374.94,0.0,0.0,1.0,0.0,ACTIVE,TELECOM,,False
MCH7734,4,45698.76,3,1,0.0,0.0,11424.69,0.0,0.0,0.75,0.25,,,,
MCH7735,6,78576.7,5,0,0.0,0.0,13096.116666666667,0.0,0.0,0.8333333333333334,0.0,LIVE,MISC RETAIL,5999,True
MCH7736,2,30445.41,2,0,0.0,0.0,15222.705,0.0,0.0,1.0,0.0,ACTIVE,CLOTHING,5699,False
MCH7737,4,37168.55,4,0,1.0,-1120.78,9292.1375,0.25,-0.03015398771273025,1.0,0.0,ACTIVE,TRANSPRT,4131.0,True
MCH7738,1,19926.85,1,0,0.0,0.0,19926.85,0.0,0.0,1.0,0.0,,,,
MCH7739,2,5141.2,1,0,0.0,0.0,2570.6,0.0,0.0,0.5,0.0,,,,
MCH7740,1,10071.26,1,0,0.0,0.0,10071.26,0.0,0.0,1.0,0.0,,,,
MCH7741,2,17931.58,1,1,0.0,0.0,8965.79,0.0,0.0,0.5,0.5,,,,
MCH7742,1,8252.1,1,0,0.0,0.0,8252.1,0.0,0.0,1.0,0.0,,,,
MCH7744,4,19654.41,4,0,0.0,0.0,4913.6025,0.0,0.0,1.0,0.0,ENABLED,RETAIL,5311,False
MCH7746,1,16073.45,1,0,0.0,0.0,16073.45,0.0,0.0,1.0,0.0,ACTIVE,CLOTHS,5699,True
MCH7747,2,10920.71,1,1,0.0,0.0,5460.355,0.0,0.0,0.5,0.5,,,,
MCH7748,2,21932.089999999997,1,1,0.0,0.0,10966.044999999998,0.0,0.0,0.5,0.5,ACTIVE,FOOD_SERVICES,5812,False
MCH7749,3,47604.64,3,0,0.0,0.0,15868.213333333333,0.0,0.0,1.0,0.0,ACTIVE,TRANSPRT,4131,True
MCH7750,3,40599.96,1,2,1.0,702.0,13533.32,0.3333333333333333,0.017290657429219144,0.3333333333333333,0.6666666666666666,ENABLED,TRAVEL,UNKNOWN,False
MCH7751,3,43296.66,3,0,0.0,0.0,14432.220000000001,0.0,0.0,1.0,0.0,SUSPENDED,RETAIL,5311,False
MCH7752,1,2974.91,1,0,0.0,0.0,2974.91,0.0,0.0,1.0,0.0,,,,
MCH7753,3,39332.56,3,0,0.0,0.0,13110.853333333333,0.0,0.0,1.0,0.0,,,,
MCH7754,3,38698.53,0,3,0.0,0.0,12899.51,0.0,0.0,0.0,1.0,,,,
MCH7755,3,42583.05,3,0,0.0,0.0,14194.35,0.0,0.0,1.0,0.0,,,,
MCH7756,3,47363.490000000005,2,1,0.0,0.0,15787.830000000002,0.0,0.0,0.6666666666666666,0.3333333333333333,,,,
MCH7757,2,31366.489999999998,1,1,1.0,0.0,15683.244999999999,0.5,0.0,0.5,0.5,LIVE,PHONE SERVICE,4814,False
MCH7759,3,31722.329999999998,3,0,0.0,0.0,10574.109999999999,0.0,0.0,1.0,0.0,ACTIVE,APPAREL,5699,False
MCH7761,2,27984.35,2,0,0.0,0.0,13992.175,0.0,0.0,1.0,0.0,,,,
MCH7762,2,22006.190000000002,2,0,0.0,0.0,11003.095000000001,0.0,0.0,1.0,0.0,,,,
MCH7763,2,30389.97,2,0,0.0,0.0,15194.985,0.0,0.0,1.0,0.0,ENABLED,MEDICAL,5912,False
MCH7764,4,36891.31,4,0,1.0,743.0,9222.8275,0.25,0.02014024440986238,1.0,0.0,,,,
MCH7765,1,12761.46,1,0,0.0,0.0,12761.46,0.0,0.0,1.0,0.0,ACTIVE,EATING PLACE,5812,False
MCH7766,1,4029.9,1,0,0.0,0.0,4029.9,0.0,0.0,1.0,0.0,,,,
MCH7767,5,65688.18,5,0,1.0,852.14,13137.635999999999,0.2,0.012972501293231143,1.0,0.0,LIVE,HOSPITALITY,7011,False
MCH7768,2,23545.659999999996,2,0,1.0,5937.26,11772.829999999998,0.5,0.25215942131161334,1.0,0.0,HOLD,BUS/TAXI,4131,False
MCH7769,6,59494.24,6,0,1.0,1257.85,9915.706666666667,0.16666666666666666,0.021142382859248222,1.0,0.0,ACTIVE,TELECOM,4814,False
MCH7770,5,69248.67,5,0,0.0,0.0,13849.734,0.0,0.0,1.0,0.0,,,,
MCH7771,5,71861.99,4,0,0.0,0.0,14372.398000000001,0.0,0.0,0.8,0.0,,,,
MCH7772,3,4186.900000000001,0,1,0.0,0.0,1395.6333333333334,0.0,0.0,0.0,0.3333333333333333,LIVE,DEPT_STORE,5311,False
MCH7774,2,-14003.86,1,1,0.0,0.0,-7001.93,0.0,0.0,0.5,0.5,,,,
MCH7775,2,30572.68,1,1,0.0,0.0,15286.34,0.0,0.0,0.5,0.5,,,,
MCH7776,4,34776.86,2,2,0.0,0.0,8694.215,0.0,0.0,0.5,0.5,,,,
MCH7777,5,41851.25000000001,3,1,0.0,0.0,8370.250000000002,0.0,0.0,0.6,0.2,,,,
MCH7778,4,69198.65,4,0,1.0,725.45,17299.6625,0.25,0.010483586023715782,1.0,0.0,,,,
MCH7779,2,30004.55,1,1,0.0,0.0,15002.275,0.0,0.0,0.5,0.5,ACTIVE,CLOTHING,5699,False
MCH7780,4,62417.08,4,0,0.0,0.0,15604.27,0.0,0.0,1.0,0.0,INACTIVE,MEDICAL_STORE,5912,True
MCH7781,3,51425.1,2,1,1.0,-6649.93,17141.7,0.3333333333333333,-0.12931292306675146,0.6666666666666666,0.3333333333333333,,,,
MCH7782,3,20630.75,3,0,1.0,1505.0,6876.916666666667,0.3333333333333333,0.07294935957248282,1.0,0.0,,,,
MCH7783,5,74547.95,3,1,0.0,0.0,14909.59,0.0,0.0,0.6,0.2,,,,
MCH7784,4,32821.88,4,0,0.0,0.0,8205.47,0.0,0.0,1.0,0.0,ENABLED,MEDICAL,5912,True
MCH7785,5,36067.39,5,0,1.0,-15519.36,7213.478,0.2,-0.4302878583673507,1.0,0.0,,,,
MCH7786,3,49929.55,2,1,2.0,3051.0499999999997,16643.183333333334,0.6666666666666666,0.061107099903764395,0.6666666666666666,0.3333333333333333,,,,
MCH7787,4,72767.06999999999,3,1,0.0,0.0,18191.767499999998,0.0,0.0,0.75,0.25,,,,
MCH7788,2,7501.07,2,0,0.0,0.0,3750.535,0.0,0.0,1.0,0.0,,,,
MCH7789,4,45607.11,3,0,1.0,-2100.66,11401.7775,0.25,-0.04605992355139363,0.75,0.0,,,,
MCH7790,1,12056.21,0,1,1.0,397.0,12056.21,1.0,0.03292908799697417,0.0,1.0,LIVE,BOOK STORE,5942,False
MCH7791,2,15156.740000000002,1,0,0.0,0.0,7578.370000000001,0.0,0.0,0.5,0.0,,,,
MCH7792,5,85047.88,2,2,0.0,0.0,17009.576,0.0,0.0,0.4,0.4,,,,
MCH7793,2,23050.93,2,0,0.0,0.0,11525.465,0.0,0.0,1.0,0.0,,,,
MCH7794,1,24693.18,1,0,0.0,0.0,24693.18,0.0,0.0,1.0,0.0,ACTIVE,MEDICAL_STORE,5912,False
MCH7795,3,31475.04,3,0,1.0,1592.55,10491.68,0.3333333333333333,0.05059723514251292,1.0,0.0,ACTIVE,TRAVEL,4131,True
MCH7796,4,65108.43,4,0,0.0,0.0,16277.1075,0.0,0.0,1.0,0.0,ENABLED,KIRANA,5411.0,True
MCH7797,3,45046.74,2,1,1.0,2956.42,15015.58,0.3333333333333333,0.06563005447231032,0.6666666666666666,0.3333333333333333,,,,
MCH7798,2,24796.86,2,0,0.0,0.0,12398.43,0.0,0.0,1.0,0.0,,,,
MCH7799,3,11969.15,2,1,0.0,0.0,3989.7166666666667,0.0,0.0,0.6666666666666666,0.3333333333333333,,,,
MCH7800,4,47761.35,3,0,1.0,7081.78,11940.3375,0.25,0.14827428454178954,0.75,0.0,,,,
MCH7801,2,14781.95,2,0,0.0,0.0,7390.975,0.0,0.0,1.0,0.0,,,,
MCH7802,4,64309.240000000005,3,1,0.0,0.0,16077.310000000001,0.0,0.0,0.75,0.25,ACTIVE,MEDICAL,5912,True
MCH7803,2,16722.54,1,1,0.0,0.0,8361.27,0.0,0.0,0.5,0.5,ACTIVE,TELECOM,4814,True
MCH7804,3,27048.61,2,1,0.0,0.0,9016.203333333333,0.0,0.0,0.6666666666666666,0.3333333333333333,ACTIVE,BOOKS,5942.0,True
MCH7806,2,17703.99,2,0,0.0,0.0,8851.995,0.0,0.0,1.0,0.0,LIVE,TRANSPORT,,False
MCH7807,1,15356.13,0,1,0.0,0.0,15356.13,0.0,0.0,0.0,1.0,,,,
MCH7808,3,16259.65,2,1,0.0,0.0,5419.883333333333,0.0,0.0,0.6666666666666666,0.3333333333333333,,,,
MCH7809,4,54805.99,3,1,0.0,0.0,13701.4975,0.0,0.0,0.75,0.25,,,,
MCH7810,4,27856.21,2,2,1.0,-5894.84,6964.0525,0.25,-0.2116167274729764,0.5,0.5,CLOSED,BOOKS,5942,True
MCH7811,2,10616.18,2,0,0.0,0.0,5308.09,0.0,0.0,1.0,0.0,,,,
MCH7812,1,8408.6,0,0,0.0,0.0,8408.6,0.0,0.0,0.0,0.0,,,,
MCH7813,1,16230.8,0,1,0.0,0.0,16230.8,0.0,0.0,0.0,1.0,,,,
MCH7814,2,11435.57,1,0,1.0,2940.2,5717.785,0.5,0.2571100522317646,0.5,0.0,ENABLED,RESTAURANT,5812,False
MCH7815,6,49151.119999999995,6,0,2.0,12848.74,8191.853333333333,0.3333333333333333,0.2614129647503455,1.0,0.0,,,,
MCH7816,4,5110.379999999997,3,0,0.0,0.0,1277.5949999999993,0.0,0.0,0.75,0.0,,,,
MCH7817,3,24410.74,3,0,0.0,0.0,8136.913333333334,0.0,0.0,1.0,0.0,INACTIVE,FOOD_SERVICES,5812,False
MCH7818,3,55521.19,2,1,0.0,0.0,18507.063333333335,0.0,0.0,0.6666666666666666,0.3333333333333333,,,,
MCH7819,2,34534.17,1,1,0.0,0.0,17267.085,0.0,0.0,0.5,0.5,,,,
MCH7820,2,20798.010000000002,2,0,0.0,0.0,10399.005000000001,0.0,0.0,1.0,0.0,,,,
MCH7821,2,21040.04,2,0,0.0,0.0,10520.02,0.0,0.0,1.0,0.0,ACTIVE,OTHER,,False
MCH7822,2,30947.0,1,1,0.0,0.0,15473.5,0.0,0.0,0.5,0.5,,,,
MCH7823,3,51962.88,3,0,0.0,0.0,17320.96,0.0,0.0,1.0,0.0,,,,
MCH7824,1,23864.6,1,0,0.0,0.0,23864.6,0.0,0.0,1.0,0.0,,,,
MCH7825,1,1696.89,1,0,0.0,0.0,1696.89,0.0,0.0,1.0,0.0,,,,
MCH7826,3,43438.83,3,0,0.0,0.0,14479.61,0.0,0.0,1.0,0.0,,,,
MCH7827,2,19336.29,2,0,0.0,0.0,9668.145,0.0,0.0,1.0,0.0,,,,
MCH7828,1,2142.83,1,0,0.0,0.0,2142.83,0.0,0.0,1.0,0.0,ACTIVE,GARMENTS,5699.0,True
MCH7829,2,35697.06,2,0,0.0,0.0,17848.53,0.0,0.0,1.0,0.0,ACTIVE,TRAVEL,4131,True
MCH7830,3,60983.47,3,0,1.0,1370.0,20327.823333333334,0.3333333333333333,0.022465104068364754,1.0,0.0,SUSPENDED,PHARMACIES,5912,True
MCH7831,1,15536.0,1,0,0.0,0.0,15536.0,0.0,0.0,1.0,0.0,,,,
MCH7832,2,11072.43,2,0,0.0,0.0,5536.215,0.0,0.0,1.0,0.0,LIVE,MISC RETAIL,5999,True
MCH7833,4,29625.62,3,0,0.0,0.0,7406.405,0.0,0.0,0.75,0.0,SUSPENDED,BOOKS,5942,False
MCH7834,3,68011.31,3,0,0.0,0.0,22670.436666666665,0.0,0.0,1.0,0.0,,,,
MCH7835,3,31262.56,2,1,0.0,0.0,10420.853333333334,0.0,0.0,0.6666666666666666,0.3333333333333333,SUSPENDED,HOSPITALITY,7011,False
MCH7836,3,31975.170000000002,3,0,0.0,0.0,10658.390000000001,0.0,0.0,1.0,0.0,,,,
MCH7837,1,12558.27,1,0,0.0,0.0,12558.27,0.0,0.0,1.0,0.0,ACTIVE,MISCELLANEOUS,,True
MCH7838,2,10403.91,2,0,0.0,0.0,5201.955,0.0,0.0,1.0,0.0,LIVE,FOOD_SERVICES,5812.0,False
MCH7839,2,21065.48,1,1,0.0,0.0,10532.74,0.0,0.0,0.5,0.5,ENABLED,APPAREL,5699,True
MCH7840,1,9765.51,1,0,0.0,0.0,9765.51,0.0,0.0,1.0,0.0,ACTIVE,DEPARTMENT STORE,5311,False
MCH7841,4,48739.25,3,0,0.0,0.0,12184.8125,0.0,0.0,0.75,0.0,ACTIVE,BOOK STORE,5942,False
MCH7842,1,19969.0,1,0,0.0,0.0,19969.0,0.0,0.0,1.0,0.0,INACTIVE,RESTAURANTS,5812,False
MCH7843,3,10685.25,3,0,0.0,0.0,3561.75,0.0,0.0,1.0,0.0,ACTIVE,RESTAURANT,5812,False
MCH7844,1,10363.37,1,0,0.0,0.0,10363.37,0.0,0.0,1.0,0.0,ACTIVE,GROCERY_STORE,,False
MCH7845,1,5406.3,1,0,0.0,0.0,5406.3,0.0,0.0,1.0,0.0,ENABLED,PHONE SERVICE,4814,False
MCH7846,3,49412.26,2,1,1.0,2379.68,16470.753333333334,0.3333333333333333,0.04815970773245344,0.6666666666666666,0.3333333333333333,ACTIVE,MISCELLANEOUS,,False
MCH7847,3,38264.67,2,0,0.0,0.0,12754.89,0.0,0.0,0.6666666666666666,0.0,ACTIVE,GROCERIES,5411,False
MCH7848,1,265.74,1,0,0.0,0.0,265.74,0.0,0.0,1.0,0.0,,,,
MCH7849,2,10387.49,2,0,0.0,0.0,5193.745,0.0,0.0,1.0,0.0,ACTIVE,DEPT_STORE,5311,False
MCH7850,1,19691.0,1,0,0.0,0.0,19691.0,0.0,0.0,1.0,0.0,ACTIVE,CLOTHING,5699,False
MCH7851,1,11034.31,1,0,0.0,0.0,11034.31,0.0,0.0,1.0,0.0,ENABLED,PHONE SERVICE,4814,False
MCH7852,4,30960.63,3,1,0.0,0.0,7740.1575,0.0,0.0,0.75,0.25,HOLD,HOTEL,UNKNOWN,False
MCH7853,2,43161.81,2,0,1.0,4194.32,21580.905,0.5,0.09717664759656743,1.0,0.0,,,,
MCH7854,3,40882.66,3,0,0.0,0.0,13627.553333333335,0.0,0.0,1.0,0.0,,,,
MCH7855,3,40243.99,3,0,0.0,0.0,13414.663333333332,0.0,0.0,1.0,0.0,,,,
MCH7856,5,70365.86,4,0,0.0,0.0,14073.172,0.0,0.0,0.8,0.0,LIVE,HOTELS,7011,False
MCH7857,3,34712.450000000004,2,1,0.0,0.0,11570.816666666668,0.0,0.0,0.6666666666666666,0.3333333333333333,,,,
MCH7858,2,34097.41,2,0,0.0,0.0,17048.705,0.0,0.0,1.0,0.0,,,,
MCH7860,4,63874.44,3,1,1.0,666.32,15968.61,0.25,0.010431715722282653,0.75,0.25,LIVE,MISC RETAIL,5999,False
MCH7861,2,45117.46000000001,2,0,0.0,0.0,22558.730000000003,0.0,0.0,1.0,0.0,,,,
MCH7862,2,15042.47,2,0,0.0,0.0,7521.235,0.0,0.0,1.0,0.0,ENABLED,MEDICAL_STORE,5912,False
MCH7863,1,14421.79,1,0,0.0,0.0,14421.79,0.0,0.0,1.0,0.0,LIVE,EATING PLACE,5812,True
MCH7864,2,8847.76,1,1,0.0,0.0,4423.88,0.0,0.0,0.5,0.5,LIVE,TRAVEL,4131,True
MCH7865,1,6640.45,1,0,0.0,0.0,6640.45,0.0,0.0,1.0,0.0,ENABLED,DEPARTMENT STORE,,False
MCH7866,2,34717.74,2,0,0.0,0.0,17358.87,0.0,0.0,1.0,0.0,ACTIVE,DEPARTMENT STORES,5311,True
MCH7867,2,14197.86,2,0,0.0,0.0,7098.93,0.0,0.0,1.0,0.0,,,,
MCH7868,1,5124.96,1,0,0.0,0.0,5124.96,0.0,0.0,1.0,0.0,ACTIVE,DEPARTMENT STORES,5311,True
MCH7869,3,21532.51,3,0,1.0,767.56,7177.503333333333,0.3333333333333333,0.03564656419525638,1.0,0.0,,,,
MCH7870,1,5905.16,0,1,0.0,0.0,5905.16,0.0,0.0,0.0,1.0,LIVE,PHARMACIES,5912,True
MCH7871,2,6227.889999999999,2,0,0.0,0.0,3113.9449999999997,0.0,0.0,1.0,0.0,LIVE,CLOTHS,5699,False
MCH7872,2,6085.45,1,1,0.0,0.0,3042.725,0.0,0.0,0.5,0.5,,,,
MCH7873,2,30429.13,1,1,1.0,2152.04,15214.565,0.5,0.07072302099994314,0.5,0.5,,,,
MCH7874,6,84608.48,5,0,0.0,0.0,14101.413333333332,0.0,0.0,0.8333333333333334,0.0,,,,
MCH7875,1,4221.18,1,0,0.0,0.0,4221.18,0.0,0.0,1.0,0.0,ACTIVE,KIRANA,5411,False
MCH7876,1,20213.42,1,0,0.0,0.0,20213.42,0.0,0.0,1.0,0.0,ACTIVE,STATIONERY,5942,True
MCH7877,1,18585.45,1,0,0.0,0.0,18585.45,0.0,0.0,1.0,0.0,ACTIVE,BOOK STORE,5942,True
MCH7878,3,24427.15,2,1,0.0,0.0,8142.383333333334,0.0,0.0,0.6666666666666666,0.3333333333333333,,,,
MCH7879,2,14535.550000000001,1,1,1.0,2017.17,7267.775000000001,0.5,0.1387749345569999,0.5,0.5,ACTIVE,TELECOM,4814,False
MCH7880,2,31772.91,1,0,1.0,1405.08,15886.455,0.5,0.044222578290751456,0.5,0.0,ACTIVE,TRANSPORTATION,4131,True
MCH7881,3,49142.03,1,1,0.0,0.0,16380.676666666666,0.0,0.0,0.3333333333333333,0.3333333333333333,LIVE,DEPARTMENT STORE,5311,False
MCH7882,4,61636.5,4,0,0.0,0.0,15409.125,0.0,0.0,1.0,0.0,,,,
MCH7883,1,8873.22,0,0,0.0,0.0,8873.22,0.0,0.0,0.0,0.0,,,,
MCH7884,2,11978.98,2,0,0.0,0.0,5989.49,0.0,0.0,1.0,0.0,,,,
MCH7885,3,48071.31,3,0,0.0,0.0,16023.769999999999,0.0,0.0,1.0,0.0,ENABLED,GARMENTS,5699,True
MCH7886,3,49465.58,2,1,0.0,0.0,16488.52666666667,0.0,0.0,0.6666666666666666,0.3333333333333333,,,,
MCH7888,4,35969.71,4,0,1.0,0.0,8992.4275,0.25,0.0,1.0,0.0,,,,
MCH7889,6,71081.84,4,2,1.0,3691.3,11846.973333333333,0.16666666666666666,0.051930282052349806,0.6666666666666666,0.3333333333333333,,,,
MCH7890,1,19497.67,1,0,1.0,2637.93,19497.67,1.0,0.13529462751190272,1.0,0.0,INACTIVE,HOTEL,7011,False
MCH7891,3,41849.3,3,0,1.0,203.0,13949.766666666668,0.3333333333333333,0.004850738244128337,1.0,0.0,ENABLED,GROCERY STORES,5411,False
MCH7892,2,20689.059999999998,1,1,2.0,1884.8400000000001,10344.529999999999,1.0,0.09110322073598319,0.5,0.5,,,,
MCH7893,1,20348.0,1,0,0.0,0.0,20348.0,0.0,0.0,1.0,0.0,,,,
MCH7894,3,23907.559999999998,3,0,1.0,530.01,7969.186666666666,0.3333333333333333,0.02216913813036546,1.0,0.0,,,,
MCH7895,3,29859.68,2,1,0.0,0.0,9953.226666666667,0.0,0.0,0.6666666666666666,0.3333333333333333,ACTIVE,RETAIL OTHER,,False
MCH7896,1,4328.77,1,0,1.0,3771.28,4328.77,1.0,0.8712128387509616,1.0,0.0,HOLD,HOSPITALITY,7011,False
MCH7897,3,31150.06,2,0,0.0,0.0,10383.353333333334,0.0,0.0,0.6666666666666666,0.0,,,,
MCH7898,1,4684.22,1,0,0.0,0.0,4684.22,0.0,0.0,1.0,0.0,,,,
MCH7899,2,43861.42,2,0,0.0,0.0,21930.71,0.0,0.0,1.0,0.0,,,,
MCH7900,2,13427.0,2,0,0.0,0.0,6713.5,0.0,0.0,1.0,0.0,LIVE,TRANSPORTATION,4131,True
MCH7901,2,-15464.310000000001,2,0,0.0,0.0,-7732.155000000001,0.0,0.0,1.0,0.0,ENABLED,FOOD,5812,False
MCH7902,1,10191.82,1,0,1.0,1459.8,10191.82,1.0,0.14323251391802447,1.0,0.0,ACTIVE,BUS/TAXI,4131,False
MCH7903,4,45129.8,3,1,0.0,0.0,11282.45,0.0,0.0,0.75,0.25,,,,
MCH7904,4,42878.29,3,1,0.0,0.0,10719.5725,0.0,0.0,0.75,0.25,LIVE,BOOKS_STATIONERY,5942,False
MCH7906,1,2435.38,1,0,0.0,0.0,2435.38,0.0,0.0,1.0,0.0,ACTIVE,CHEMIST,5912,False
MCH7908,2,20192.03,1,1,0.0,0.0,10096.015,0.0,0.0,0.5,0.5,,,,
MCH7909,3,19400.45,3,0,0.0,0.0,6466.816666666667,0.0,0.0,1.0,0.0,,,,
MCH7910,3,50568.21,2,0,0.0,0.0,16856.07,0.0,0.0,0.6666666666666666,0.0,INACTIVE,FOOD_SERVICES,5812,False
MCH7911,1,24378.11,1,0,1.0,978.26,24378.11,1.0,0.040128623588949267,1.0,0.0,,,,
MCH7912,3,38758.729999999996,2,0,0.0,0.0,12919.576666666666,0.0,0.0,0.6666666666666666,0.0,ACTIVE,GARMENTS,5699,True
MCH7913,1,8043.35,1,0,0.0,0.0,8043.35,0.0,0.0,1.0,0.0,ACTIVE,MEDICAL_STORE,5912,True
MCH7914,4,52216.21,3,0,0.0,0.0,13054.0525,0.0,0.0,0.75,0.0,ACTIVE,TELECOM,4814,False
MCH7916,1,18177.23,1,0,0.0,0.0,18177.23,0.0,0.0,1.0,0.0,,,,
MCH7917,1,18283.95,1,0,1.0,5305.63,18283.95,1.0,0.29017963842605127,1.0,0.0,INACTIVE,GROCERIES,5411,False
MCH7918,3,10686.599999999999,3,0,0.0,0.0,3562.1999999999994,0.0,0.0,1.0,0.0,ACTIVE,BOOKS_STATIONERY,5942,False
MCH7919,2,10989.01,2,0,0.0,0.0,5494.505,0.0,0.0,1.0,0.0,ACTIVE,TRANSPORTATION,4131,True
MCH7920,2,13330.44,2,0,0.0,0.0,6665.22,0.0,0.0,1.0,0.0,,,,
MCH7921,1,10599.22,1,0,0.0,0.0,10599.22,0.0,0.0,1.0,0.0,,,,
MCH7922,2,37823.16,1,0,0.0,0.0,18911.58,0.0,0.0,0.5,0.0,ENABLED,FOOD_SERVICES,,False
MCH7923,4,37929.1,3,1,1.0,1770.17,9482.275,0.25,0.04667049837723542,0.75,0.25,,,,
MCH7924,3,28834.300000000003,3,0,1.0,3055.0,9611.433333333334,0.3333333333333333,0.10595020513763122,1.0,0.0,,,,
MCH7925,2,31001.789999999997,1,1,0.0,0.0,15500.894999999999,0.0,0.0,0.5,0.5,ENABLED,BUS/TAXI,4131,True
MCH7926,1,19465.07,1,0,0.0,0.0,19465.07,0.0,0.0,1.0,0.0,,,,
MCH7927,4,36307.119999999995,4,0,1.0,-1138.68,9076.779999999999,0.25,-0.031362443509702784,1.0,0.0,,,,
MCH7928,2,13639.34,2,0,0.0,0.0,6819.67,0.0,0.0,1.0,0.0,,,,
MCH7930,2,29506.0,0,1,0.0,0.0,14753.0,0.0,0.0,0.0,0.5,SUSPENDED,DEPARTMENT STORES,5311,True
MCH7931,1,3130.0,1,0,0.0,0.0,3130.0,0.0,0.0,1.0,0.0,,,,
MCH7932,7,84058.99,4,3,2.0,5375.87,12008.427142857143,0.2857142857142857,0.06395354024596298,0.5714285714285714,0.42857142857142855,ACTIVE,TELECOM,4814.0,True
MCH7933,3,29702.1,3,0,2.0,2858.83,9900.699999999999,0.6666666666666666,0.09625009679450275,1.0,0.0,INACTIVE,FOOD,5812,False
MCH7934,4,17571.8,3,0,0.0,0.0,4392.95,0.0,0.0,0.75,0.0,INACTIVE,RESTAURANTS,5812,False
MCH7935,3,48294.130000000005,3,0,0.0,0.0,16098.043333333335,0.0,0.0,1.0,0.0,,,,
MCH7936,3,53183.42,1,2,1.0,1820.01,17727.806666666667,0.3333333333333333,0.034221379520158725,0.3333333333333333,0.6666666666666666,,,,
MCH7937,4,51213.14,3,1,0.0,0.0,12803.285,0.0,0.0,0.75,0.25,,,,
MCH7938,2,34321.0,2,0,0.0,0.0,17160.5,0.0,0.0,1.0,0.0,ACTIVE,PHONE SERVICE,,False
MCH7939,3,40259.35,3,0,0.0,0.0,13419.783333333333,0.0,0.0,1.0,0.0,ENABLED,FOOD_SERVICES,5812,False
MCH7940,1,20826.61,1,0,0.0,0.0,20826.61,0.0,0.0,1.0,0.0,,,,
MCH7941,3,28414.44,3,0,0.0,0.0,9471.48,0.0,0.0,1.0,0.0,,,,
MCH7942,1,20949.33,1,0,0.0,0.0,20949.33,0.0,0.0,1.0,0.0,ACTIVE,MEDICAL_STORE,5912,False
MCH7943,1,14932.91,1,0,0.0,0.0,14932.91,0.0,0.0,1.0,0.0,LIVE,PHARMACIES,5912.0,False
MCH7944,3,24063.36,3,0,0.0,0.0,8021.12,0.0,0.0,1.0,0.0,ACTIVE,BUS/TAXI,4131,False
MCH7945,3,27155.25,3,0,0.0,0.0,9051.75,0.0,0.0,1.0,0.0,ACTIVE,CHEMIST,5912,False
MCH7946,3,51251.96,3,0,0.0,0.0,17083.986666666668,0.0,0.0,1.0,0.0,,,,
MCH7948,5,84949.79000000001,4,0,0.0,0.0,16989.958000000002,0.0,0.0,0.8,0.0,ENABLED,DEPARTMENT STORES,5311,False
MCH7949,1,8151.0,0,0,0.0,0.0,8151.0,0.0,0.0,0.0,0.0,ENABLED,TRANSPORTATION,4131,False
MCH7950,4,57804.68,3,1,0.0,0.0,14451.17,0.0,0.0,0.75,0.25,ENABLED,GROCERIES,5411,False
MCH7951,6,71437.23,6,0,2.0,5614.25,11906.205,0.3333333333333333,0.07858997332343373,1.0,0.0,ACTIVE,HOTEL_LODGING,7011,False
MCH7952,3,58359.02,3,0,0.0,0.0,19453.006666666664,0.0,0.0,1.0,0.0,,,,
MCH7953,5,63527.68,4,1,0.0,0.0,12705.536,0.0,0.0,0.8,0.2,ACTIVE,GROCERY STORES,5411,False
MCH7955,3,44604.02,3,0,0.0,0.0,14868.006666666666,0.0,0.0,1.0,0.0,LIVE,GARMENTS,5699,True
MCH7956,5,81688.73000000001,4,1,1.0,1409.0,16337.746000000003,0.2,0.01724840134006245,0.8,0.2,,,,
MCH7957,1,20576.37,1,0,0.0,0.0,20576.37,0.0,0.0,1.0,0.0,ACTIVE,HOTEL,7011,True
MCH7958,3,50585.21,3,0,0.0,0.0,16861.736666666668,0.0,0.0,1.0,0.0,,,,
MCH7960,2,7968.1,2,0,0.0,0.0,3984.05,0.0,0.0,1.0,0.0,ACTIVE,GROCERY,5411,False
MCH7961,1,12258.0,1,0,0.0,0.0,12258.0,0.0,0.0,1.0,0.0,,,,
MCH7962,4,49328.99,4,0,1.0,2605.0,12332.2475,0.25,0.05280870336084319,1.0,0.0,,,,
MCH7963,2,28841.52,2,0,0.0,0.0,14420.76,0.0,0.0,1.0,0.0,,,,
MCH7964,2,35392.2,2,0,0.0,0.0,17696.1,0.0,0.0,1.0,0.0,,,,
MCH7965,1,22226.13,1,0,0.0,0.0,22226.13,0.0,0.0,1.0,0.0,ACTIVE,DEPARTMENT STORES,5311,False
MCH7967,3,26121.090000000004,3,0,1.0,3229.57,8707.03,0.3333333333333333,0.12363840865752539,1.0,0.0,ACTIVE,CHEMIST,5912,True
MCH7968,1,-11589.95,1,0,0.0,0.0,-11589.95,0.0,0.0,1.0,0.0,,,,
MCH7969,2,17642.28,2,0,0.0,0.0,8821.14,0.0,0.0,1.0,0.0,ACTIVE,TRAVEL,4131,False
MCH7970,2,22494.78,2,0,0.0,0.0,11247.39,0.0,0.0,1.0,0.0,,,,
MCH7971,1,15949.18,1,0,0.0,0.0,15949.18,0.0,0.0,1.0,0.0,,,,
MCH7972,2,10279.29,1,1,0.0,0.0,5139.645,0.0,0.0,0.5,0.5,ACTIVE,GROCERY STORES,5411,False
MCH7973,1,24705.21,1,0,0.0,0.0,24705.21,0.0,0.0,1.0,0.0,ACTIVE,HOSPITALITY,7011,False
MCH7974,3,26813.88,3,0,0.0,0.0,8937.960000000001,0.0,0.0,1.0,0.0,ENABLED,GROCERY_STORE,5411,True
MCH7975,3,51754.53,2,1,0.0,0.0,17251.51,0.0,0.0,0.6666666666666666,0.3333333333333333,,,,
MCH7976,1,4939.0,1,0,0.0,0.0,4939.0,0.0,0.0,1.0,0.0,,,,
MCH7978,2,21564.16,2,0,1.0,4366.91,10782.08,0.5,0.20250777215527987,1.0,0.0,ACTIVE,MISC RETAIL,5999,True
MCH7979,2,14002.06,2,0,1.0,-1151.15,7001.03,0.5,-0.08221290295856468,1.0,0.0,,,,
MCH7980,5,26755.39,5,0,1.0,1526.62,5351.0779999999995,0.2,0.05705840953916201,1.0,0.0,,,,
MCH7981,1,4338.36,0,1,0.0,0.0,4338.36,0.0,0.0,0.0,1.0,ACTIVE,CLOTHS,5699,False
MCH7982,3,29815.54,3,0,3.0,1644.1,9938.513333333334,1.0,0.05514238548085998,1.0,0.0,ENABLED,DEPT_STORE,5311,False
MCH7983,4,48948.44,4,0,0.0,0.0,12237.11,0.0,0.0,1.0,0.0,ACTIVE,DEPT_STORE,5311.0,False
MCH7984,3,40087.87,3,0,0.0,0.0,13362.623333333335,0.0,0.0,1.0,0.0,,,,
MCH7985,5,49204.86,4,1,1.0,2302.66,9840.972,0.2,0.046797409849352274,0.8,0.2,ACTIVE,RESTAURANTS,5812,False
MCH7986,2,33220.770000000004,2,0,1.0,433.23,16610.385000000002,0.5,0.013040937943340866,1.0,0.0,INACTIVE,RETAIL OTHER,,False
MCH7987,1,12126.62,1,0,0.0,0.0,12126.62,0.0,0.0,1.0,0.0,ACTIVE,MEDICAL,5912,False
MCH7988,2,22746.28,1,1,0.0,0.0,11373.14,0.0,0.0,0.5,0.5,,,,
MCH7989,5,55999.37,4,1,2.0,1632.57,11199.874,0.4,0.02915336368962722,0.8,0.2,,,,
MCH7990,3,32627.91,3,0,0.0,0.0,10875.97,0.0,0.0,1.0,0.0,,,,
MCH7992,4,43224.0,4,0,1.0,988.98,10806.0,0.25,0.022880344253192672,1.0,0.0,ACTIVE,TELECOM,4814.0,False
MCH7994,1,13136.01,1,0,1.0,4246.38,13136.01,1.0,0.3232625431923392,1.0,0.0,,,,
MCH7995,2,37174.89,2,0,0.0,0.0,18587.445,0.0,0.0,1.0,0.0,,,,
MCH7996,1,6660.0,1,0,0.0,0.0,6660.0,0.0,0.0,1.0,0.0,DISABLED,MEDICAL,5912,False
MCH7997,7,45557.600000000006,6,1,0.0,0.0,6508.228571428573,0.0,0.0,0.8571428571428571,0.14285714285714285,ACTIVE,MISCELLANEOUS,5999,False
MCH7998,4,21934.21,4,0,0.0,0.0,5483.5525,0.0,0.0,1.0,0.0,,,,
MCH7999,1,20479.49,1,0,0.0,0.0,20479.49,0.0,0.0,1.0,0.0,,,,
MCH8001,2,35688.43,2,0,1.0,0.0,17844.215,0.5,0.0,1.0,0.0,,,,
MCH8002,3,36080.34,0,3,1.0,8787.96,12026.779999999999,0.3333333333333333,0.24356644089274104,0.0,1.0,,,,
MCH8003,2,31870.18,2,0,1.0,1510.93,15935.09,0.5,0.04740889445870717,1.0,0.0,LIVE,DEPT_STORE,5311,False
MCH8004,3,24993.27,3,0,0.0,0.0,8331.09,0.0,0.0,1.0,0.0,CLOSED,MISCELLANEOUS,5999,False
MCH8005,1,13330.39,1,0,0.0,0.0,13330.39,0.0,0.0,1.0,0.0,LIVE,TRANSPORTATION,4131,False
MCH8006,1,22878.31,1,0,1.0,0.0,22878.31,1.0,0.0,1.0,0.0,,,,
MCH8007,1,23916.94,1,0,0.0,0.0,23916.94,0.0,0.0,1.0,0.0,ACTIVE,GARMENTS,5699,True
MCH8008,3,44961.86,2,1,0.0,0.0,14987.286666666667,0.0,0.0,0.6666666666666666,0.3333333333333333,,,,
MCH8009,2,46551.899999999994,2,0,0.0,0.0,23275.949999999997,0.0,0.0,1.0,0.0,,,,
MCH8010,4,49295.28,3,1,1.0,635.0,12323.82,0.25,0.012881557828660269,0.75,0.25,,,,
MCH8011,1,21203.89,1,0,0.0,0.0,21203.89,0.0,0.0,1.0,0.0,,,,
MCH8012,3,40599.409999999996,3,0,0.0,0.0,13533.136666666665,0.0,0.0,1.0,0.0,,,,
MCH8014,3,44936.18,3,0,0.0,0.0,14978.726666666667,0.0,0.0,1.0,0.0,ACTIVE,PHARMACIES,5912,False
MCH8015,1,6559.73,1,0,0.0,0.0,6559.73,0.0,0.0,1.0,0.0,,,,
MCH8016,1,7887.81,1,0,0.0,0.0,7887.81,0.0,0.0,1.0,0.0,,,,
MCH8017,2,33986.12,1,1,0.0,0.0,16993.06,0.0,0.0,0.5,0.5,,,,
MCH8018,1,1291.83,0,0,0.0,0.0,1291.83,0.0,0.0,0.0,0.0,ACTIVE,KIRANA,5411.0,False
MCH8019,1,21652.94,1,0,0.0,0.0,21652.94,0.0,0.0,1.0,0.0,LIVE,BOOK STORE,5942,False
MCH8020,3,23306.33,2,1,0.0,0.0,7768.776666666668,0.0,0.0,0.6666666666666666,0.3333333333333333,,,,
MCH8021,5,29550.59,4,1,1.0,1966.13,5910.118,0.2,0.06653437376377257,0.8,0.2,,,,
MCH8022,2,10467.18,1,1,0.0,0.0,5233.59,0.0,0.0,0.5,0.5,,,,
MCH8023,2,35518.36,2,0,0.0,0.0,17759.18,0.0,0.0,1.0,0.0,LIVE,GARMENTS,5699,False
MCH8024,2,18774.75,2,0,0.0,0.0,9387.375,0.0,0.0,1.0,0.0,ENABLED,GROCERY STORES,5411,True
MCH8025,1,-9492.74,1,0,0.0,0.0,-9492.74,0.0,0.0,1.0,0.0,LIVE,PHONE SERVICE,4814,False
MCH8026,2,21559.85,1,0,0.0,0.0,10779.925,0.0,0.0,0.5,0.0,,,,
MCH8027,3,61084.85,3,0,2.0,2011.3200000000002,20361.616666666665,0.6666666666666666,0.03292665857409816,1.0,0.0,,,,
MCH8030,1,3971.82,0,0,0.0,0.0,3971.82,0.0,0.0,0.0,0.0,,,,
MCH8031,4,65948.31,2,2,0.0,0.0,16487.0775,0.0,0.0,0.5,0.5,ENABLED,HOTELS,7011,False
MCH8032,4,18970.6,3,0,0.0,0.0,4742.65,0.0,0.0,0.75,0.0,ENABLED,GARMENTS,5699,False
MCH8033,3,53210.72,3,0,0.0,0.0,17736.906666666666,0.0,0.0,1.0,0.0,SUSPENDED,DEPARTMENT STORE,5311,True
MCH8034,3,67115.2,3,0,0.0,0.0,22371.733333333334,0.0,0.0,1.0,0.0,,,,
MCH8035,1,24126.0,1,0,0.0,0.0,24126.0,0.0,0.0,1.0,0.0,LIVE,RETAIL OTHER,5999,False
MCH8036,2,22422.23,2,0,0.0,0.0,11211.115,0.0,0.0,1.0,0.0,ACTIVE,MEDICAL_STORE,5912,False
MCH8037,1,1094.48,0,1,0.0,0.0,1094.48,0.0,0.0,0.0,1.0,LIVE,PHONE SERVICE,4814,True
MCH8038,1,23633.0,0,1,0.0,0.0,23633.0,0.0,0.0,0.0,1.0,ACTIVE,PHARMACY,5912,True
MCH8039,3,45971.33,3,0,0.0,0.0,15323.776666666667,0.0,0.0,1.0,0.0,LIVE,CLOTHS,5699,False
MCH8040,1,7115.75,1,0,0.0,0.0,7115.75,0.0,0.0,1.0,0.0,,,,
MCH8041,2,30258.22,2,0,0.0,0.0,15129.11,0.0,0.0,1.0,0.0,,,,
MCH8042,1,23358.26,0,1,0.0,0.0,23358.26,0.0,0.0,0.0,1.0,,,,
MCH8043,2,14317.480000000001,2,0,0.0,0.0,7158.740000000001,0.0,0.0,1.0,0.0,ACTIVE,DEPARTMENT STORES,5311,False
MCH8044,1,8387.23,1,0,1.0,7271.24,8387.23,1.0,0.8669417674250021,1.0,0.0,ACTIVE,DEPARTMENT STORE,,False
MCH8046,2,21971.88,2,0,0.0,0.0,10985.94,0.0,0.0,1.0,0.0,ACTIVE,PHARMACY,,False
MCH8047,5,28723.32,2,3,0.0,0.0,5744.664,0.0,0.0,0.4,0.6,,,,
MCH8048,1,-3510.21,1,0,0.0,0.0,-3510.21,0.0,0.0,1.0,0.0,ENABLED,MOBILE RECHARGE,4814,False
MCH8049,2,16683.52,1,1,0.0,0.0,8341.76,0.0,0.0,0.5,0.5,ACTIVE,GARMENTS,5699,False
MCH8050,1,13620.0,1,0,0.0,0.0,13620.0,0.0,0.0,1.0,0.0,ACTIVE,DEPARTMENT STORE,5311,False
MCH8051,2,42821.97,1,1,1.0,7714.0,21410.985,0.5,0.18014117519581654,0.5,0.5,ACTIVE,BOOK STORE,5942,False
MCH8052,3,49209.71,3,0,0.0,0.0,16403.236666666668,0.0,0.0,1.0,0.0,ACTIVE,TRANSPORT,4131,False
MCH8053,1,19869.0,1,0,1.0,0.0,19869.0,1.0,0.0,1.0,0.0,ENABLED,TELECOM,4814,True
MCH8054,4,36037.78999999999,3,1,0.0,0.0,9009.447499999998,0.0,0.0,0.75,0.25,ACTIVE,TRANSPORTATION,4131,False
MCH8055,2,3060.8,2,0,0.0,0.0,1530.4,0.0,0.0,1.0,0.0,INACTIVE,RESTAURANT,5812,True
MCH8056,1,7245.67,1,0,0.0,0.0,7245.67,0.0,0.0,1.0,0.0,ACTIVE,TELECOM,4814,False
MCH8057,7,64530.979999999996,7,0,1.0,2538.7,9218.711428571429,0.14285714285714285,0.039340794142596315,1.0,0.0,ACTIVE,MEDICAL_STORE,5912.0,False
MCH8058,2,30375.52,2,0,0.0,0.0,15187.76,0.0,0.0,1.0,0.0,LIVE,PHARMACY,5912,True
MCH8059,2,28755.86,1,1,0.0,0.0,14377.93,0.0,0.0,0.5,0.5,INACTIVE,TELECOM,4814,False
MCH8060,2,31294.21,2,0,0.0,0.0,15647.105,0.0,0.0,1.0,0.0,INACTIVE,FOOD_SERVICES,5812,True
MCH8062,5,67947.39,4,0,0.0,0.0,13589.478,0.0,0.0,0.8,0.0,ACTIVE,MISC RETAIL,,False
MCH8063,4,70208.15,4,0,0.0,0.0,17552.0375,0.0,0.0,1.0,0.0,,,,
MCH8064,2,43041.79,2,0,0.0,0.0,21520.895,0.0,0.0,1.0,0.0,,,,
MCH8065,1,7149.83,1,0,0.0,0.0,7149.83,0.0,0.0,1.0,0.0,INACTIVE,BUS/TAXI,4131,True
MCH8066,3,27010.75,3,0,0.0,0.0,9003.583333333334,0.0,0.0,1.0,0.0,ACTIVE,GROCERY_STORE,5411,True
MCH8067,1,9554.67,0,1,0.0,0.0,9554.67,0.0,0.0,0.0,1.0,,,,
MCH8068,3,8065.619999999999,3,0,0.0,0.0,2688.5399999999995,0.0,0.0,1.0,0.0,LIVE,TRANSPRT,4131.0,False
MCH8069,2,14868.92,2,0,0.0,0.0,7434.46,0.0,0.0,1.0,0.0,ACTIVE,HOTEL,,False
MCH8070,3,28301.309999999998,2,1,0.0,0.0,9433.769999999999,0.0,0.0,0.6666666666666666,0.3333333333333333,,,,
MCH8071,4,75347.67,3,0,0.0,0.0,18836.9175,0.0,0.0,0.75,0.0,,,,
MCH8072,1,14770.04,1,0,0.0,0.0,14770.04,0.0,0.0,1.0,0.0,,,,
MCH8074,4,46793.369999999995,4,0,0.0,0.0,11698.342499999999,0.0,0.0,1.0,0.0,ACTIVE,TELECOM,4814,False
MCH8075,3,55960.009999999995,3,0,0.0,0.0,18653.336666666666,0.0,0.0,1.0,0.0,,,,
MCH8076,2,42663.1,2,0,0.0,0.0,21331.55,0.0,0.0,1.0,0.0,ENABLED,DEPT_STORE,5311,True
MCH8077,3,51351.78,2,0,0.0,0.0,17117.26,0.0,0.0,0.6666666666666666,0.0,,,,
MCH8078,3,32435.0,2,1,0.0,0.0,10811.666666666666,0.0,0.0,0.6666666666666666,0.3333333333333333,ACTIVE,PHARMACY,5912,False
MCH8079,2,47269.79,2,0,0.0,0.0,23634.895,0.0,0.0,1.0,0.0,,,,
MCH8080,5,36461.09,5,0,1.0,1850.41,7292.217999999999,0.2,0.05075026555706372,1.0,0.0,ACTIVE,TELECOM,4814,True
MCH8081,8,106396.54000000001,8,0,1.0,7101.31,13299.567500000001,0.125,0.0667438057666161,1.0,0.0,,,,
MCH8082,5,60655.7,3,1,0.0,0.0,12131.14,0.0,0.0,0.6,0.2,ACTIVE,HOSPITALITY,7011,False
MCH8083,4,46625.37,3,1,0.0,0.0,11656.3425,0.0,0.0,0.75,0.25,,,,
MCH8084,2,38980.34,1,1,0.0,0.0,19490.17,0.0,0.0,0.5,0.5,,,,
MCH8085,2,23350.71,2,0,0.0,0.0,11675.355,0.0,0.0,1.0,0.0,ACTIVE,STATIONERY,5942,False
MCH8086,3,14268.51,3,0,1.0,4063.03,4756.17,0.3333333333333333,0.28475503048321094,1.0,0.0,ENABLED,RESTAURANT,5812,True
MCH8087,3,56618.05,3,0,0.0,0.0,18872.683333333334,0.0,0.0,1.0,0.0,,,,
MCH8088,1,7897.53,1,0,0.0,0.0,7897.53,0.0,0.0,1.0,0.0,,,,
MCH8089,5,60969.39,4,1,0.0,0.0,12193.878,0.0,0.0,0.8,0.2,,,,
MCH8090,2,27411.7,1,1,0.0,0.0,13705.85,0.0,0.0,0.5,0.5,,,,
MCH8091,2,25244.0,1,1,0.0,0.0,12622.0,0.0,0.0,0.5,0.5,INACTIVE,RESTAURANTS,5812,True
MCH8092,1,21708.1,1,0,0.0,0.0,21708.1,0.0,0.0,1.0,0.0,,,,
MCH8094,4,51920.72,4,0,2.0,2882.4500000000003,12980.18,0.5,0.055516371883903,1.0,0.0,,,,
MCH8095,2,13044.04,2,0,0.0,0.0,6522.02,0.0,0.0,1.0,0.0,ACTIVE,CLOTHS,5699,False
MCH8096,3,31790.59,3,0,0.0,0.0,10596.863333333333,0.0,0.0,1.0,0.0,LIVE,MOBILE RECHARGE,,False
MCH8097,1,13055.99,1,0,0.0,0.0,13055.99,0.0,0.0,1.0,0.0,,,,
MCH8100,3,33662.85,3,0,1.0,316.55,11220.949999999999,0.3333333333333333,0.009403541292552473,1.0,0.0,,,,
MCH8101,4,68345.59,3,1,0.0,0.0,17086.3975,0.0,0.0,0.75,0.25,INACTIVE,CLOTHS,,False
MCH8102,1,9701.65,1,0,1.0,2926.76,9701.65,1.0,0.3016765189426541,1.0,0.0,,,,
MCH8103,2,27138.63,2,0,0.0,0.0,13569.315,0.0,0.0,1.0,0.0,,,,
MCH8104,1,11746.66,1,0,0.0,0.0,11746.66,0.0,0.0,1.0,0.0,ACTIVE,HOTEL,7011,False
MCH8105,1,738.98,1,0,0.0,0.0,738.98,0.0,0.0,1.0,0.0,,,,
MCH8106,1,8665.62,0,0,0.0,0.0,8665.62,0.0,0.0,0.0,0.0,,,,
MCH8108,1,13858.91,1,0,0.0,0.0,13858.91,0.0,0.0,1.0,0.0,,,,
MCH8109,5,57180.45,5,0,0.0,0.0,11436.09,0.0,0.0,1.0,0.0,ACTIVE,CHEMIST,5912,False
MCH8110,5,73737.98,5,0,0.0,0.0,14747.596,0.0,0.0,1.0,0.0,INACTIVE,OTHER,5999,True
MCH8111,1,7880.36,0,1,0.0,0.0,7880.36,0.0,0.0,0.0,1.0,,,,
MCH8112,3,30154.11,3,0,1.0,5099.0,10051.37,0.3333333333333333,0.1690980101883292,1.0,0.0,,,,
MCH8113,1,4696.33,1,0,0.0,0.0,4696.33,0.0,0.0,1.0,0.0,,,,
MCH8114,1,6732.15,1,0,1.0,1010.81,6732.15,1.0,0.15014668419449953,1.0,0.0,ENABLED,PHONE SERVICE,4814,False
MCH8116,3,21554.22,2,1,0.0,0.0,7184.740000000001,0.0,0.0,0.6666666666666666,0.3333333333333333,,,,
MCH8117,7,92152.05,6,0,0.0,0.0,13164.578571428572,0.0,0.0,0.8571428571428571,0.0,,,,
MCH8118,1,3508.28,1,0,0.0,0.0,3508.28,0.0,0.0,1.0,0.0,,,,
MCH8119,5,41589.33,2,2,3.0,12159.89,8317.866,0.6,0.29238004074602786,0.4,0.4,ACTIVE,BUS/TAXI,,False
MCH8121,4,72426.12,4,0,0.0,0.0,18106.53,0.0,0.0,1.0,0.0,,,,
MCH8122,3,19785.53,3,0,1.0,533.33,6595.176666666666,0.3333333333333333,0.02695555792541317,1.0,0.0,,,,
MCH8123,3,23229.45,2,0,1.0,90.88,7743.150000000001,0.3333333333333333,0.003912275150724618,0.6666666666666666,0.0,,,,
MCH8124,1,3322.39,1,0,0.0,0.0,3322.39,0.0,0.0,1.0,0.0,,,,
MCH8126,2,10282.08,2,0,1.0,836.39,5141.04,0.5,0.08134443614521575,1.0,0.0,SUSPENDED,CHEMIST,5912,True
MCH8127,1,927.67,1,0,0.0,0.0,927.67,0.0,0.0,1.0,0.0,,,,
MCH8128,3,31288.36,2,1,0.0,0.0,10429.453333333333,0.0,0.0,0.6666666666666666,0.3333333333333333,,,,
MCH8129,5,22636.08,5,0,0.0,0.0,4527.216,0.0,0.0,1.0,0.0,ENABLED,DEPARTMENT STORES,5311,False
MCH8130,7,79670.41,6,1,2.0,4311.7,11381.487142857144,0.2857142857142857,0.054119214398419685,0.8571428571428571,0.14285714285714285,ACTIVE,DEPT_STORE,,False
MCH8131,1,23872.69,1,0,0.0,0.0,23872.69,0.0,0.0,1.0,0.0,INACTIVE,OTHER,5999,False
MCH8132,3,37907.64,2,1,1.0,7272.0,12635.88,0.3333333333333333,0.1918346802913608,0.6666666666666666,0.3333333333333333,ACTIVE,GARMENTS,5699,True
MCH8133,2,4466.63,1,0,0.0,0.0,2233.315,0.0,0.0,0.5,0.0,,,,
MCH8134,4,76171.92,2,1,0.0,0.0,19042.98,0.0,0.0,0.5,0.25,,,,
MCH8135,2,44573.9,2,0,1.0,589.63,22286.95,0.5,0.013228144721462559,1.0,0.0,ACTIVE,MISCELLANEOUS,5999,False
MCH8136,4,30123.07,2,1,0.0,0.0,7530.7675,0.0,0.0,0.5,0.25,DISABLED,HOTEL,7011,False
MCH8137,2,-14600.759999999998,2,0,0.0,0.0,-7300.379999999999,0.0,0.0,1.0,0.0,ENABLED,TRAVEL,4131,True
MCH8138,2,3962.81,2,0,1.0,2898.66,1981.405,0.5,0.7314658033062398,1.0,0.0,ACTIVE,DEPARTMENT STORES,5311,True
MCH8139,3,39578.17,2,1,0.0,0.0,13192.723333333333,0.0,0.0,0.6666666666666666,0.3333333333333333,ENABLED,DEPARTMENT STORES,5311,False
MCH8140,5,94599.8,5,0,1.0,3164.0,18919.96,0.2,0.03344615950562263,1.0,0.0,ACTIVE,FOOD,5812.0,False
MCH8141,4,82891.84,3,1,0.0,0.0,20722.96,0.0,0.0,0.75,0.25,,,,
MCH8143,1,20691.25,1,0,0.0,0.0,20691.25,0.0,0.0,1.0,0.0,,,,
MCH8144,1,9317.95,1,0,0.0,0.0,9317.95,0.0,0.0,1.0,0.0,,,,
MCH8145,2,17270.52,2,0,0.0,0.0,8635.26,0.0,0.0,1.0,0.0,ACTIVE,HOTEL,7011,False
MCH8146,4,77180.47,4,0,2.0,29045.79,19295.1175,0.5,0.37633600831920305,1.0,0.0,ACTIVE,STATIONERY,5942,False
MCH8149,3,27516.350000000002,3,0,0.0,0.0,9172.116666666667,0.0,0.0,1.0,0.0,ACTIVE,FOOD_SERVICES,5812,False
MCH8150,1,2571.87,0,1,0.0,0.0,2571.87,0.0,0.0,0.0,1.0,LIVE,PHARMACY,5912,False
MCH8151,4,42068.729999999996,3,0,0.0,0.0,10517.182499999999,0.0,0.0,0.75,0.0,ENABLED,APPAREL,5699,True
MCH8152,1,16121.0,1,0,0.0,0.0,16121.0,0.0,0.0,1.0,0.0,ACTIVE,PHARMACY,5912.0,False
MCH8153,2,13318.560000000001,2,0,0.0,0.0,6659.280000000001,0.0,0.0,1.0,0.0,,,,
MCH8154,4,-1590.1100000000004,4,0,1.0,1313.0,-397.5275000000001,0.25,0.0,1.0,0.0,SUSPENDED,BUS/TAXI,,False
MCH8155,4,65653.96,3,1,0.0,0.0,16413.49,0.0,0.0,0.75,0.25,,,,
MCH8156,4,43841.92,3,1,2.0,7853.9400000000005,10960.48,0.5,0.17914224559508343,0.75,0.25,,,,
MCH8157,2,33852.0,2,0,0.0,0.0,16926.0,0.0,0.0,1.0,0.0,DISABLED,PHARMACY,,True
MCH8158,1,23450.32,1,0,0.0,0.0,23450.32,0.0,0.0,1.0,0.0,,,,
MCH8159,3,24673.34,3,0,0.0,0.0,8224.446666666667,0.0,0.0,1.0,0.0,SUSPENDED,GROCERY STORES,5411,True
MCH8160,3,21662.73,2,1,0.0,0.0,7220.91,0.0,0.0,0.6666666666666666,0.3333333333333333,ACTIVE,APPAREL,5699.0,False
MCH8161,3,44008.21000000001,2,1,0.0,0.0,14669.403333333335,0.0,0.0,0.6666666666666666,0.3333333333333333,,,,
MCH8162,3,27950.6,3,0,1.0,0.0,9316.866666666667,0.3333333333333333,0.0,1.0,0.0,,,,
MCH8165,3,36789.770000000004,2,1,1.0,3681.26,12263.256666666668,0.3333333333333333,0.10006205529417553,0.6666666666666666,0.3333333333333333,INACTIVE,RETAIL OTHER,5999,False
MCH8166,2,10651.960000000001,2,0,1.0,1691.84,5325.9800000000005,0.5,0.15882898546370808,1.0,0.0,,,,
MCH8167,2,11655.57,1,1,0.0,0.0,5827.785,0.0,0.0,0.5,0.5,,,,
MCH8168,3,23150.72,2,1,0.0,0.0,7716.906666666667,0.0,0.0,0.6666666666666666,0.3333333333333333,,,,
MCH8169,3,28984.58,3,0,0.0,0.0,9661.526666666667,0.0,0.0,1.0,0.0,ACTIVE,MISCELLANEOUS,5999,False
MCH8170,6,88160.48,4,1,0.0,0.0,14693.413333333332,0.0,0.0,0.6666666666666666,0.16666666666666666,ACTIVE,PHONE SERVICE,4814,False
MCH8171,6,65447.94,6,0,2.0,2926.63,10907.99,0.3333333333333333,0.0447169154598296,1.0,0.0,,,,
MCH8172,3,59605.66,3,0,0.0,0.0,19868.553333333333,0.0,0.0,1.0,0.0,,,,
MCH8173,3,45012.36,3,0,2.0,3250.67,15004.12,0.6666666666666666,0.07221727543279224,1.0,0.0,,,,
MCH8174,1,1718.0,1,0,0.0,0.0,1718.0,0.0,0.0,1.0,0.0,ENABLED,DEPARTMENT STORES,5311,True
MCH8175,1,24887.14,1,0,0.0,0.0,24887.14,0.0,0.0,1.0,0.0,,,,
MCH8176,2,30103.24,2,0,0.0,0.0,15051.62,0.0,0.0,1.0,0.0,ENABLED,DEPT_STORE,5311,False
MCH8177,1,7842.13,1,0,1.0,263.29,7842.13,1.0,0.03357378671355869,1.0,0.0,LIVE,FOOD,5812,True
MCH8178,3,27940.449999999997,3,0,0.0,0.0,9313.483333333332,0.0,0.0,1.0,0.0,,,,
MCH8179,1,11599.88,1,0,0.0,0.0,11599.88,0.0,0.0,1.0,0.0,,,,
MCH8180,3,24589.260000000002,3,0,1.0,608.69,8196.42,0.3333333333333333,0.024754303301522698,1.0,0.0,,,,
MCH8181,4,73551.19,4,0,1.0,1024.0,18387.7975,0.25,0.01392227644447357,1.0,0.0,ACTIVE,TRANSPORTATION,4131,False
MCH8182,1,24285.33,1,0,0.0,0.0,24285.33,0.0,0.0,1.0,0.0,,,,
MCH8184,1,119.3,1,0,0.0,0.0,119.3,0.0,0.0,1.0,0.0,,,,
MCH8185,3,22053.2,3,0,1.0,-962.34,7351.066666666667,0.3333333333333333,-0.04363720457802042,1.0,0.0,,,,
MCH8186,3,47349.74,2,0,1.0,-11598.12,15783.246666666666,0.3333333333333333,-0.2449458011807457,0.6666666666666666,0.0,,,,
MCH8187,2,30787.16,1,1,0.0,0.0,15393.58,0.0,0.0,0.5,0.5,ENABLED,TRAVEL,4131,False
MCH8188,1,16390.09,1,0,1.0,2732.12,16390.09,1.0,0.16669341046937508,1.0,0.0,INACTIVE,RETAIL OTHER,5999,False
MCH8189,4,46032.350000000006,3,0,0.0,0.0,11508.087500000001,0.0,0.0,0.75,0.0,ENABLED,BUS/TAXI,4131,False
MCH8190,2,17690.5,2,0,0.0,0.0,8845.25,0.0,0.0,1.0,0.0,,,,
MCH8191,1,6446.89,1,0,0.0,0.0,6446.89,0.0,0.0,1.0,0.0,,,,
MCH8192,4,38236.19,3,1,0.0,0.0,9559.0475,0.0,0.0,0.75,0.25,CLOSED,GROCERY STORES,5411.0,False
MCH8193,4,55111.15,3,1,1.0,4186.0,13777.7875,0.25,0.07595559156359466,0.75,0.25,,,,
MCH8194,2,19109.97,2,0,1.0,2565.94,9554.985,0.5,0.13427231963210826,1.0,0.0,,,,
MCH8195,3,45232.65,3,0,0.0,0.0,15077.550000000001,0.0,0.0,1.0,0.0,,,,
MCH8196,1,15468.44,1,0,0.0,0.0,15468.44,0.0,0.0,1.0,0.0,,,,
MCH8197,2,23370.77,2,0,0.0,0.0,11685.385,0.0,0.0,1.0,0.0,ACTIVE,CHEMIST,5912,False
MCH8198,2,37754.47,1,1,0.0,0.0,18877.235,0.0,0.0,0.5,0.5,INACTIVE,DEPARTMENT STORES,5311,True
MCH8199,2,30646.23,2,0,0.0,0.0,15323.115,0.0,0.0,1.0,0.0,,,,
MCH8200,2,34320.01,2,0,0.0,0.0,17160.005,0.0,0.0,1.0,0.0,LIVE,STATIONERY,5942,False
MCH8201,1,9229.0,1,0,0.0,0.0,9229.0,0.0,0.0,1.0,0.0,,,,
MCH8202,7,102425.44,6,1,2.0,1285.1999999999998,14632.205714285714,0.2857142857142857,0.012547663939739969,0.8571428571428571,0.14285714285714285,,,,
MCH8203,3,50144.14,3,0,0.0,0.0,16714.713333333333,0.0,0.0,1.0,0.0,ACTIVE,OTHER,,False
MCH8205,1,13264.96,0,1,0.0,0.0,13264.96,0.0,0.0,0.0,1.0,,,,
MCH8207,4,57788.97,4,0,0.0,0.0,14447.2425,0.0,0.0,1.0,0.0,,,,
MCH8208,4,37754.62,3,0,0.0,0.0,9438.655,0.0,0.0,0.75,0.0,LIVE,HOTEL,7011,False
MCH8209,1,13960.21,1,0,0.0,0.0,13960.21,0.0,0.0,1.0,0.0,LIVE,FASHION,5699,True
MCH8210,1,23562.02,1,0,0.0,0.0,23562.02,0.0,0.0,1.0,0.0,ENABLED,MEDICAL,5912,True
MCH8211,2,-22671.719999999998,2,0,0.0,0.0,-11335.859999999999,0.0,0.0,1.0,0.0,ACTIVE,MISC RETAIL,5999,True
MCH8212,1,18458.09,1,0,0.0,0.0,18458.09,0.0,0.0,1.0,0.0,CLOSED,DEPARTMENT STORE,5311,False
MCH8213,3,36648.01,3,0,0.0,0.0,12216.003333333334,0.0,0.0,1.0,0.0,,,,
MCH8214,3,44160.340000000004,3,0,1.0,0.0,14720.113333333335,0.3333333333333333,0.0,1.0,0.0,,,,
MCH8215,2,27077.57,2,0,0.0,0.0,13538.785,0.0,0.0,1.0,0.0,CLOSED,GROCERY STORES,5411,False
MCH8216,6,45342.87,6,0,0.0,0.0,7557.145,0.0,0.0,1.0,0.0,,,,
MCH8217,4,44575.71,4,0,2.0,4060.7799999999997,11143.9275,0.5,0.09109849287874494,1.0,0.0,,,,
MCH8218,1,22431.42,1,0,0.0,0.0,22431.42,0.0,0.0,1.0,0.0,,,,
MCH8219,1,2401.0,1,0,0.0,0.0,2401.0,0.0,0.0,1.0,0.0,ACTIVE,MOBILE RECHARGE,4814,False
MCH8220,3,33103.4,3,0,0.0,0.0,11034.466666666667,0.0,0.0,1.0,0.0,ACTIVE,KIRANA,5411.0,False
MCH8221,1,4081.27,0,0,0.0,0.0,4081.27,0.0,0.0,0.0,0.0,INACTIVE,BOOK STORE,5942,True
MCH8222,4,14747.140000000003,4,0,1.0,4001.0,3686.7850000000008,0.25,0.27130684322519477,1.0,0.0,,,,
MCH8223,1,5759.51,0,1,0.0,0.0,5759.51,0.0,0.0,0.0,1.0,,,,
MCH8224,4,13980.829999999998,4,0,0.0,0.0,3495.2074999999995,0.0,0.0,1.0,0.0,,,,
MCH8225,3,1227.0599999999977,3,0,1.0,-4713.91,409.01999999999924,0.3333333333333333,-3.841629586165313,1.0,0.0,ACTIVE,OTHER,misc,False
MCH8227,2,37671.25,2,0,1.0,1915.56,18835.625,0.5,0.050849387795732816,1.0,0.0,,,,
MCH8228,2,41498.04,2,0,0.0,0.0,20749.02,0.0,0.0,1.0,0.0,,,,
MCH8229,1,20258.38,1,0,0.0,0.0,20258.38,0.0,0.0,1.0,0.0,,,,
MCH8230,1,22736.64,1,0,0.0,0.0,22736.64,0.0,0.0,1.0,0.0,,,,
MCH8231,7,49305.560000000005,5,0,1.0,3188.13,7043.651428571429,0.14285714285714285,0.06466065896016594,0.7142857142857143,0.0,,,,
MCH8232,3,18917.92,3,0,2.0,5816.01,6305.973333333332,0.6666666666666666,0.3074339039386994,1.0,0.0,,,,
MCH8233,3,17437.21,3,0,0.0,0.0,5812.403333333333,0.0,0.0,1.0,0.0,LIVE,GROCERIES,5411,False
MCH8234,1,5119.11,1,0,0.0,0.0,5119.11,0.0,0.0,1.0,0.0,,,,
MCH8235,4,42337.54,3,1,0.0,0.0,10584.385,0.0,0.0,0.75,0.25,LIVE,STATIONERY,5942,False
MCH8237,2,33054.17,2,0,0.0,0.0,16527.085,0.0,0.0,1.0,0.0,,,,
MCH8238,1,732.51,1,0,0.0,0.0,732.51,0.0,0.0,1.0,0.0,LIVE,CLOTHING,5699,False
MCH8239,1,21164.9,1,0,0.0,0.0,21164.9,0.0,0.0,1.0,0.0,ACTIVE,GROCERY,5411,False
MCH8240,2,20355.02,2,0,1.0,-570.66,10177.51,0.5,-0.028035344598040187,1.0,0.0,ACTIVE,PHARMACIES,5912,False
MCH8242,2,24588.55,1,1,0.0,0.0,12294.275,0.0,0.0,0.5,0.5,LIVE,HOTEL,7011,False
MCH8244,3,44522.93,3,0,0.0,0.0,14840.976666666667,0.0,0.0,1.0,0.0,,,,
MCH8245,1,11138.54,1,0,0.0,0.0,11138.54,0.0,0.0,1.0,0.0,ACTIVE,HOTEL_LODGING,7011,True
MCH8246,5,76735.29000000001,5,0,0.0,0.0,15347.058,0.0,0.0,1.0,0.0,,,,
MCH8247,6,65294.07000000001,5,1,0.0,0.0,10882.345000000001,0.0,0.0,0.8333333333333334,0.16666666666666666,ENABLED,PHONE SERVICE,4814.0,False
MCH8248,3,43261.68,2,0,0.0,0.0,14420.56,0.0,0.0,0.6666666666666666,0.0,,,,
MCH8249,3,34056.07,3,0,1.0,1385.0,11352.023333333333,0.3333333333333333,0.04066822742612403,1.0,0.0,,,,
MCH8250,3,33581.3,2,0,0.0,0.0,11193.766666666668,0.0,0.0,0.6666666666666666,0.0,,,,
MCH8251,2,22007.78,2,0,0.0,0.0,11003.89,0.0,0.0,1.0,0.0,,,,
MCH8252,3,46301.5,2,0,0.0,0.0,15433.833333333334,0.0,0.0,0.6666666666666666,0.0,,,,
MCH8253,2,8644.2,2,0,0.0,0.0,4322.1,0.0,0.0,1.0,0.0,ACTIVE,GROCERY STORES,5411,False
MCH8254,2,35305.869999999995,2,0,1.0,-1389.07,17652.934999999998,0.5,-0.03934388247620014,1.0,0.0,,,,
MCH8255,3,47090.23,2,0,1.0,12462.99,15696.743333333334,0.3333333333333333,0.26466190545257473,0.6666666666666666,0.0,ACTIVE,FASHION,5699,True
MCH8256,5,72264.15,4,1,0.0,0.0,14452.829999999998,0.0,0.0,0.8,0.2,,,,
MCH8257,2,19299.35,2,0,0.0,0.0,9649.675,0.0,0.0,1.0,0.0,,,,
MCH8258,2,24850.219999999998,1,1,0.0,0.0,12425.109999999999,0.0,0.0,0.5,0.5,,,,
MCH8259,6,99741.78,4,1,0.0,0.0,16623.63,0.0,0.0,0.6666666666666666,0.16666666666666666,ENABLED,STATIONERY,5942.0,False
MCH8260,3,47287.6,3,0,0.0,0.0,15762.533333333333,0.0,0.0,1.0,0.0,,,,
MCH8263,2,26538.309999999998,1,1,1.0,-2505.44,13269.154999999999,0.5,-0.09440842314374956,0.5,0.5,ACTIVE,CLOTHS,5699,True
MCH8264,1,16972.61,1,0,0.0,0.0,16972.61,0.0,0.0,1.0,0.0,ACTIVE,BUS/TAXI,4131,False
MCH8265,3,66458.11,2,1,0.0,0.0,22152.703333333335,0.0,0.0,0.6666666666666666,0.3333333333333333,,,,
MCH8266,2,5677.3099999999995,2,0,1.0,2311.12,2838.6549999999997,0.5,0.4070801136453708,1.0,0.0,,,,
MCH8267,4,53189.82,4,0,2.0,1267.05,13297.455,0.5,0.023821287607290267,1.0,0.0,,,,
MCH8268,3,56257.81,3,0,0.0,0.0,18752.603333333333,0.0,0.0,1.0,0.0,ACTIVE,BOOKS,5942,False
MCH8269,3,26197.37,3,0,1.0,326.32,8732.456666666667,0.3333333333333333,0.012456212207561294,1.0,0.0,,,,
MCH8270,2,15290.029999999999,2,0,2.0,9559.32,7645.014999999999,1.0,0.6251995581434439,1.0,0.0,,,,
MCH8271,6,64815.399999999994,6,0,1.0,5179.58,10802.566666666666,0.16666666666666666,0.07991279850159068,1.0,0.0,ENABLED,CLOTHS,5699,False
MCH8272,1,651.0,1,0,0.0,0.0,651.0,0.0,0.0,1.0,0.0,ACTIVE,KIRANA,5411,True
MCH8273,5,51323.21,4,0,0.0,0.0,10264.642,0.0,0.0,0.8,0.0,,,,
MCH8275,3,24197.18,3,0,1.0,6622.0,8065.7266666666665,0.3333333333333333,0.2736682539039673,1.0,0.0,,,,
MCH8276,3,58853.21,3,0,1.0,3144.27,19617.736666666668,0.3333333333333333,0.05342563302834289,1.0,0.0,ACTIVE,EATING PLACE,5812,False
MCH8277,2,11124.55,2,0,1.0,1561.56,5562.275,0.5,0.14037062173301393,1.0,0.0,DISABLED,PHARMACIES,5912,False
MCH8278,6,72179.78,3,3,0.0,0.0,12029.963333333333,0.0,0.0,0.5,0.5,,,,
MCH8279,1,8602.12,0,0,1.0,0.0,8602.12,1.0,0.0,0.0,0.0,ACTIVE,GROCERY,5411,False
MCH8280,1,13279.77,0,0,0.0,0.0,13279.77,0.0,0.0,0.0,0.0,,,,
MCH8281,4,57378.81,4,0,0.0,0.0,14344.7025,0.0,0.0,1.0,0.0,ACTIVE,HOTELS,7011,True
MCH8282,5,63069.5,5,0,0.0,0.0,12613.9,0.0,0.0,1.0,0.0,,,,
MCH8283,3,42186.84,3,0,0.0,0.0,14062.279999999999,0.0,0.0,1.0,0.0,LIVE,TRAVEL,4131,True
MCH8284,1,293.73,1,0,0.0,0.0,293.73,0.0,0.0,1.0,0.0,,,,
MCH8285,1,5945.7,1,0,0.0,0.0,5945.7,0.0,0.0,1.0,0.0,,,,
MCH8286,1,21510.15,1,0,0.0,0.0,21510.15,0.0,0.0,1.0,0.0,ACTIVE,MEDICAL_STORE,5912,False
MCH8287,1,23990.21,1,0,2.0,11018.82,23990.21,2.0,0.4593048581067027,1.0,0.0,,,,
MCH8288,1,617.0,0,0,1.0,1122.85,617.0,1.0,1.8198541329011344,0.0,0.0,ACTIVE,DEPARTMENT STORE,5311,False
MCH8289,6,68764.28,5,1,1.0,740.63,11460.713333333333,0.16666666666666666,0.010770562856180563,0.8333333333333334,0.16666666666666666,ACTIVE,TRANSPORT,4131,False
MCH8290,1,5851.18,1,0,0.0,0.0,5851.18,0.0,0.0,1.0,0.0,,,,
MCH8291,3,44960.83,3,0,0.0,0.0,14986.943333333335,0.0,0.0,1.0,0.0,ACTIVE,HOTEL_LODGING,7011,False
MCH8292,1,16262.64,1,0,1.0,1200.13,16262.64,1.0,0.07379675132696784,1.0,0.0,,,,
MCH8293,4,29749.47,4,0,0.0,0.0,7437.3675,0.0,0.0,1.0,0.0,,,,
MCH8294,2,30346.079999999998,2,0,0.0,0.0,15173.039999999999,0.0,0.0,1.0,0.0,,,,
MCH8295,3,34585.18,3,0,0.0,0.0,11528.393333333333,0.0,0.0,1.0,0.0,LIVE,MISCELLANEOUS,5999,False
MCH8296,6,44301.07,5,0,2.0,690.6700000000001,7383.511666666666,0.3333333333333333,0.015590368359048666,0.8333333333333334,0.0,ACTIVE,GROCERIES,5411,True
MCH8297,3,54844.22,3,0,0.0,0.0,18281.406666666666,0.0,0.0,1.0,0.0,LIVE,BOOK STORE,5942,True
MCH8298,2,10966.18,1,1,0.0,0.0,5483.09,0.0,0.0,0.5,0.5,,,,
MCH8300,2,13627.25,2,0,1.0,-1985.25,6813.625,0.5,-0.1456823643801941,1.0,0.0,,,,
MCH8302,2,26556.190000000002,2,0,1.0,171.37,13278.095000000001,0.5,0.006453109425712047,1.0,0.0,,,,
MCH8303,2,23317.36,2,0,0.0,0.0,11658.68,0.0,0.0,1.0,0.0,,,,
MCH8304,1,10979.9,1,0,1.0,2784.85,10979.9,1.0,0.2536316359893988,1.0,0.0,,,,
MCH8305,4,65957.58,3,1,1.0,927.07,16489.395,0.25,0.014055549036213881,0.75,0.25,,,,
MCH8306,3,46126.22,2,0,1.0,914.0,15375.406666666668,0.3333333333333333,0.019815194047983986,0.6666666666666666,0.0,CLOSED,TRANSPORT,4131,True
MCH8307,3,14280.960000000001,2,0,1.0,1823.47,4760.320000000001,0.3333333333333333,0.12768539369902304,0.6666666666666666,0.0,,,,
MCH8308,2,43246.67,2,0,0.0,0.0,21623.335,0.0,0.0,1.0,0.0,ENABLED,HOTEL_LODGING,UNKNOWN,True
MCH8310,1,17258.93,1,0,0.0,0.0,17258.93,0.0,0.0,1.0,0.0,ENABLED,TRAVEL,4131,False
MCH8311,1,16302.82,1,0,0.0,0.0,16302.82,0.0,0.0,1.0,0.0,,,,
MCH8312,2,27732.129999999997,2,0,0.0,0.0,13866.064999999999,0.0,0.0,1.0,0.0,ENABLED,MEDICAL,5912,False
MCH8313,3,42011.03,3,0,1.0,3151.89,14003.676666666666,0.3333333333333333,0.07502529692797344,1.0,0.0,,,,
MCH8314,2,6490.74,1,1,0.0,0.0,3245.37,0.0,0.0,0.5,0.5,ACTIVE,TRANSPORTATION,4131,True
MCH8315,1,6384.63,1,0,0.0,0.0,6384.63,0.0,0.0,1.0,0.0,,,,
MCH8316,2,12956.400000000001,1,0,1.0,1778.59,6478.200000000001,0.5,0.1372750146645673,0.5,0.0,ACTIVE,RESTAURANT,5812,True
MCH8317,2,22317.16,2,0,0.0,0.0,11158.58,0.0,0.0,1.0,0.0,,,,
MCH8318,2,26080.0,1,1,0.0,0.0,13040.0,0.0,0.0,0.5,0.5,,,,
MCH8319,7,93632.82,4,2,1.0,9572.0,13376.117142857143,0.14285714285714285,0.10222911154443494,0.5714285714285714,0.2857142857142857,,,,
MCH8320,2,41073.82,2,0,0.0,0.0,20536.91,0.0,0.0,1.0,0.0,,,,
MCH8321,2,35135.66,1,0,0.0,0.0,17567.83,0.0,0.0,0.5,0.0,,,,
MCH8322,1,16348.58,1,0,1.0,1223.91,16348.58,1.0,0.07486338263017339,1.0,0.0,,,,
MCH8323,4,60591.990000000005,3,0,1.0,2582.05,15147.997500000001,0.25,0.04261371841393557,0.75,0.0,,,,
MCH8324,5,89029.59,4,0,0.0,0.0,17805.917999999998,0.0,0.0,0.8,0.0,ENABLED,HOSPITALITY,7011,False
MCH8326,2,39114.26,1,1,0.0,0.0,19557.13,0.0,0.0,0.5,0.5,ENABLED,GROCERY,5411,False
MCH8327,4,29169.26,4,0,0.0,0.0,7292.315,0.0,0.0,1.0,0.0,DISABLED,MISCELLANEOUS,,False
MCH8328,4,70378.4,2,1,0.0,0.0,17594.6,0.0,0.0,0.5,0.25,ACTIVE,GROCERY_STORE,,False
MCH8329,2,-9503.75,1,0,1.0,1413.0,-4751.875,0.5,0.0,0.5,0.0,ACTIVE,RETAIL OTHER,,False
MCH8330,3,30191.65,3,0,0.0,0.0,10063.883333333333,0.0,0.0,1.0,0.0,LIVE,TRANSPORTATION,4131,True
MCH8331,4,58668.17,4,0,0.0,0.0,14667.0425,0.0,0.0,1.0,0.0,INACTIVE,RETAIL OTHER,5999,False
MCH8332,3,49438.28,3,0,0.0,0.0,16479.426666666666,0.0,0.0,1.0,0.0,ACTIVE,HOSPITALITY,7011.0,False
MCH8333,2,8370.77,1,1,0.0,0.0,4185.385,0.0,0.0,0.5,0.5,,,,
MCH8334,2,38903.9,2,0,0.0,0.0,19451.95,0.0,0.0,1.0,0.0,ACTIVE,TRANSPORT,,False
MCH8335,6,71742.88,5,1,1.0,3343.99,11957.146666666667,0.16666666666666666,0.04661075775045551,0.8333333333333334,0.16666666666666666,DISABLED,RETAIL,,False
MCH8336,2,31772.76,1,0,1.0,1570.15,15886.38,0.5,0.049418117909807026,0.5,0.0,,,,
MCH8337,3,44377.880000000005,3,0,0.0,0.0,14792.626666666669,0.0,0.0,1.0,0.0,ACTIVE,MISC RETAIL,5999,True
MCH8338,2,39140.509999999995,2,0,0.0,0.0,19570.254999999997,0.0,0.0,1.0,0.0,ACTIVE,FOOD,5812,True
MCH8340,3,9437.0,3,0,0.0,0.0,3145.6666666666665,0.0,0.0,1.0,0.0,,,,
MCH8341,1,17769.57,1,0,0.0,0.0,17769.57,0.0,0.0,1.0,0.0,LIVE,TELECOM,4814,True
MCH8342,1,19428.46,1,0,0.0,0.0,19428.46,0.0,0.0,1.0,0.0,,,,
MCH8343,3,50991.299999999996,3,0,1.0,8382.0,16997.1,0.3333333333333333,0.16438098263821477,1.0,0.0,,,,
MCH8344,2,39923.479999999996,1,1,0.0,0.0,19961.739999999998,0.0,0.0,0.5,0.5,ACTIVE,DEPARTMENT STORE,5311.0,False
MCH8345,3,37417.02,3,0,0.0,0.0,12472.339999999998,0.0,0.0,1.0,0.0,INACTIVE,HOTEL_LODGING,7011,False
MCH8346,1,12171.86,1,0,0.0,0.0,12171.86,0.0,0.0,1.0,0.0,ACTIVE,MISC RETAIL,5999,True
MCH8347,4,58420.12,4,0,0.0,0.0,14605.03,0.0,0.0,1.0,0.0,,,,
MCH8349,1,16357.67,1,0,0.0,0.0,16357.67,0.0,0.0,1.0,0.0,,,,
MCH8350,3,54274.87,2,1,1.0,7945.0,18091.623333333333,0.3333333333333333,0.14638450538895809,0.6666666666666666,0.3333333333333333,,,,
MCH8351,1,14141.15,1,0,1.0,1755.45,14141.15,1.0,0.12413771157225545,1.0,0.0,,,,
MCH8352,3,25315.88,3,0,0.0,0.0,8438.626666666667,0.0,0.0,1.0,0.0,ENABLED,HOTEL,7011.0,False
MCH8353,5,77807.41,5,0,1.0,731.59,15561.482,0.2,0.009402574896144211,1.0,0.0,,,,
MCH8354,3,33383.61,1,0,1.0,532.41,11127.87,0.3333333333333333,0.01594824526167182,0.3333333333333333,0.0,,,,
MCH8355,2,35942.01,2,0,1.0,0.0,17971.005,0.5,0.0,1.0,0.0,DISABLED,DEPARTMENT STORES,5311,True
MCH8356,2,16343.619999999999,1,0,0.0,0.0,8171.8099999999995,0.0,0.0,0.5,0.0,,,,
MCH8357,4,49090.53,3,1,1.0,1349.33,12272.6325,0.25,0.027486564109208026,0.75,0.25,,,,
MCH8358,3,26921.47,3,0,1.0,886.36,8973.823333333334,0.3333333333333333,0.03292390794410558,1.0,0.0,SUSPENDED,CLOTHS,5699,True
MCH8359,2,19259.7,1,1,0.0,0.0,9629.85,0.0,0.0,0.5,0.5,,,,
MCH8360,3,31497.700000000004,2,0,0.0,0.0,10499.233333333335,0.0,0.0,0.6666666666666666,0.0,,,,
MCH8361,4,48204.060000000005,4,0,2.0,3886.0699999999997,12051.015000000001,0.5,0.08061706835482321,1.0,0.0,,,,
MCH8362,3,53303.96,3,0,0.0,0.0,17767.986666666668,0.0,0.0,1.0,0.0,,,,
MCH8363,1,12429.12,1,0,0.0,0.0,12429.12,0.0,0.0,1.0,0.0,ACTIVE,HOTEL_LODGING,7011,False
MCH8364,2,13369.429999999998,2,0,0.0,0.0,6684.714999999999,0.0,0.0,1.0,0.0,ACTIVE,CHEMIST,5912,False
MCH8365,4,45770.63,4,0,1.0,1207.28,11442.6575,0.25,0.02637673984386931,1.0,0.0,ACTIVE,MISCELLANEOUS,5999,True
MCH8366,2,-1834.2100000000005,2,0,1.0,3397.0,-917.1050000000002,0.5,0.0,1.0,0.0,,,,
MCH8367,1,3718.15,1,0,0.0,0.0,3718.15,0.0,0.0,1.0,0.0,,,,
MCH8368,1,19643.43,0,0,0.0,0.0,19643.43,0.0,0.0,0.0,0.0,,,,
MCH8369,4,56847.11,4,0,0.0,0.0,14211.7775,0.0,0.0,1.0,0.0,ACTIVE,APPAREL,5699,True
MCH8370,4,55750.47,3,1,0.0,0.0,13937.6175,0.0,0.0,0.75,0.25,LIVE,TRANSPORT,4131,True
MCH8371,3,45269.17,3,0,0.0,0.0,15089.723333333333,0.0,0.0,1.0,0.0,,,,
MCH8372,1,19872.29,1,0,0.0,0.0,19872.29,0.0,0.0,1.0,0.0,ACTIVE,TELECOM,4814,True
MCH8373,1,21783.21,1,0,0.0,0.0,21783.21,0.0,0.0,1.0,0.0,,,,
MCH8374,2,28370.27,2,0,1.0,1831.96,14185.135,0.5,0.06457323106195323,1.0,0.0,ACTIVE,FASHION,5699,True
MCH8375,5,53489.54,4,1,1.0,819.3,10697.908,0.2,0.015317013382429535,0.8,0.2,,,,
MCH8376,1,8119.42,0,1,0.0,0.0,8119.42,0.0,0.0,0.0,1.0,,,,
MCH8377,3,41177.09,3,0,0.0,0.0,13725.696666666665,0.0,0.0,1.0,0.0,ENABLED,DEPARTMENT STORES,5311,True
MCH8379,3,38790.9,3,0,0.0,0.0,12930.300000000001,0.0,0.0,1.0,0.0,SUSPENDED,BOOKS,5942,True
MCH8380,5,43043.61,5,0,0.0,0.0,8608.722,0.0,0.0,1.0,0.0,ACTIVE,PHONE SERVICE,4814.0,True
MCH8382,1,14757.01,1,0,0.0,0.0,14757.01,0.0,0.0,1.0,0.0,,,,
MCH8383,2,40745.86,2,0,0.0,0.0,20372.93,0.0,0.0,1.0,0.0,,,,
MCH8384,2,27584.24,2,0,0.0,0.0,13792.12,0.0,0.0,1.0,0.0,LIVE,DEPARTMENT STORES,5311,False
MCH8385,1,10890.38,1,0,0.0,0.0,10890.38,0.0,0.0,1.0,0.0,LIVE,EATING PLACE,5812,False
MCH8386,1,13901.21,1,0,0.0,0.0,13901.21,0.0,0.0,1.0,0.0,,,,
MCH8387,6,99303.82,6,0,1.0,1315.22,16550.63666666667,0.16666666666666666,0.013244404898019028,1.0,0.0,,,,
MCH8388,1,14840.6,1,0,0.0,0.0,14840.6,0.0,0.0,1.0,0.0,,,,
MCH8389,4,32484.35,4,0,0.0,0.0,8121.0875,0.0,0.0,1.0,0.0,INACTIVE,RESTAURANTS,UNKNOWN,False
MCH8390,1,21728.79,1,0,0.0,0.0,21728.79,0.0,0.0,1.0,0.0,ACTIVE,TRANSPRT,4131.0,False
MCH8391,2,40807.04,1,0,0.0,0.0,20403.52,0.0,0.0,0.5,0.0,ENABLED,GARMENTS,misc,False
MCH8392,1,644.41,1,0,0.0,0.0,644.41,0.0,0.0,1.0,0.0,,,,
MCH8394,3,35873.49,2,0,1.0,1168.0,11957.83,0.3333333333333333,0.03255886171097376,0.6666666666666666,0.0,,,,
MCH8396,3,44192.38,3,0,1.0,1552.09,14730.793333333333,0.3333333333333333,0.035121213204629395,1.0,0.0,,,,
MCH8397,2,26013.69,2,0,0.0,0.0,13006.845,0.0,0.0,1.0,0.0,,,,
MCH8398,2,33701.3,0,0,0.0,0.0,16850.65,0.0,0.0,0.0,0.0,,,,
MCH8399,5,74496.6,5,0,0.0,0.0,14899.320000000002,0.0,0.0,1.0,0.0,ACTIVE,RESTAURANTS,misc,False
MCH8400,2,30008.12,1,0,1.0,2284.0,15004.06,0.5,0.07611273215383037,0.5,0.0,LIVE,RESTAURANTS,5812,False
MCH8402,2,43010.89,2,0,0.0,0.0,21505.445,0.0,0.0,1.0,0.0,,,,
MCH8403,4,19727.48,3,1,0.0,0.0,4931.87,0.0,0.0,0.75,0.25,,,,
MCH8404,4,70770.95,3,1,0.0,0.0,17692.7375,0.0,0.0,0.75,0.25,,,,
MCH8405,4,66650.37,3,0,1.0,2157.0,16662.5925,0.25,0.032362911113621724,0.75,0.0,INACTIVE,GARMENTS,,False
MCH8406,5,46321.33,3,1,0.0,0.0,9264.266,0.0,0.0,0.6,0.2,,,,
MCH8407,3,47220.979999999996,3,0,1.0,0.0,15740.326666666666,0.3333333333333333,0.0,1.0,0.0,LIVE,TRANSPORT,4131,False
MCH8408,1,10051.0,1,0,0.0,0.0,10051.0,0.0,0.0,1.0,0.0,,,,
MCH8409,1,18927.3,1,0,1.0,666.76,18927.3,1.0,0.03522742282311793,1.0,0.0,ENABLED,TRAVEL,4131,False
MCH8410,3,45615.490000000005,3,0,1.0,1305.45,15205.163333333336,0.3333333333333333,0.028618567946984672,1.0,0.0,ACTIVE,GROCERY STORES,5411,True
MCH8411,2,44080.16,2,0,0.0,0.0,22040.08,0.0,0.0,1.0,0.0,INACTIVE,EATING PLACE,,False
MCH8412,1,18266.85,0,1,0.0,0.0,18266.85,0.0,0.0,0.0,1.0,ENABLED,DEPARTMENT STORE,5311,False
MCH8413,2,22813.14,1,1,0.0,0.0,11406.57,0.0,0.0,0.5,0.5,ENABLED,MOBILE RECHARGE,4814,False
MCH8415,2,13386.59,2,0,0.0,0.0,6693.295,0.0,0.0,1.0,0.0,,,,
MCH8416,3,19276.4,3,0,0.0,0.0,6425.466666666667,0.0,0.0,1.0,0.0,ACTIVE,KIRANA,5411,True
MCH8417,1,13413.38,1,0,0.0,0.0,13413.38,0.0,0.0,1.0,0.0,LIVE,DEPARTMENT STORE,5311,False
MCH8418,2,23573.850000000002,1,0,0.0,0.0,11786.925000000001,0.0,0.0,0.5,0.0,INACTIVE,HOTEL_LODGING,7011,False
MCH8419,1,21239.45,1,0,0.0,0.0,21239.45,0.0,0.0,1.0,0.0,LIVE,PHONE SERVICE,4814,False
MCH8420,4,63350.86,4,0,1.0,2837.81,15837.715,0.25,0.044795129853012254,1.0,0.0,,,,
MCH8422,3,50732.06,3,0,0.0,0.0,16910.686666666665,0.0,0.0,1.0,0.0,LIVE,GARMENTS,5699.0,False
MCH8423,2,20668.129999999997,2,0,0.0,0.0,10334.064999999999,0.0,0.0,1.0,0.0,ENABLED,GROCERY_STORE,5411,False
MCH8424,7,82625.27,6,0,2.0,2025.69,11803.61,0.2857142857142857,0.024516591594799023,0.8571428571428571,0.0,,,,
MCH8425,2,25517.47,1,1,0.0,0.0,12758.735,0.0,0.0,0.5,0.5,ACTIVE,HOTELS,7011,False
MCH8426,1,3280.53,1,0,1.0,-5809.0,3280.53,1.0,-1.7707504580052613,1.0,0.0,,,,
MCH8428,2,-4073.620000000001,2,0,0.0,0.0,-2036.8100000000004,0.0,0.0,1.0,0.0,ACTIVE,HOTEL,7011,False
MCH8429,3,35498.39,3,0,1.0,339.58,11832.796666666667,0.3333333333333333,0.009566067644194567,1.0,0.0,,,,
MCH8430,3,39001.479999999996,3,0,0.0,0.0,13000.493333333332,0.0,0.0,1.0,0.0,,,,
MCH8431,2,30402.309999999998,1,1,0.0,0.0,15201.154999999999,0.0,0.0,0.5,0.5,ACTIVE,TRANSPORTATION,4131,True
MCH8432,1,14645.5,1,0,0.0,0.0,14645.5,0.0,0.0,1.0,0.0,ENABLED,BOOK STORE,5942,False
MCH8433,3,43538.17,2,1,0.0,0.0,14512.723333333333,0.0,0.0,0.6666666666666666,0.3333333333333333,SUSPENDED,GROCERY,5411,False
MCH8434,3,11661.93,2,1,0.0,0.0,3887.31,0.0,0.0,0.6666666666666666,0.3333333333333333,,,,
MCH8435,1,7150.0,1,0,0.0,0.0,7150.0,0.0,0.0,1.0,0.0,ENABLED,GARMENTS,5699,False
MCH8436,2,11062.1,2,0,0.0,0.0,5531.05,0.0,0.0,1.0,0.0,ENABLED,MOBILE RECHARGE,4814,True
MCH8437,6,90150.45,6,0,1.0,696.41,15025.074999999999,0.16666666666666666,0.007724975305170413,1.0,0.0,INACTIVE,HOTEL_LODGING,7011,True
MCH8438,3,33050.93,3,0,0.0,0.0,11016.976666666667,0.0,0.0,1.0,0.0,,,,
MCH8440,1,8367.72,1,0,0.0,0.0,8367.72,0.0,0.0,1.0,0.0,ACTIVE,OTHER,5999,False
MCH8441,5,72143.09,3,1,0.0,0.0,14428.617999999999,0.0,0.0,0.6,0.2,,,,
MCH8442,1,3757.78,1,0,0.0,0.0,3757.78,0.0,0.0,1.0,0.0,,,,
MCH8443,6,73917.76999999999,4,0,0.0,0.0,12319.628333333332,0.0,0.0,0.6666666666666666,0.0,,,,
MCH8444,2,45514.66,2,0,0.0,0.0,22757.33,0.0,0.0,1.0,0.0,,,,
MCH8445,4,65188.770000000004,4,0,1.0,5021.55,16297.192500000001,0.25,0.07703090578331206,1.0,0.0,ENABLED,MISCELLANEOUS,5999,False
MCH8446,2,19527.5,2,0,0.0,0.0,9763.75,0.0,0.0,1.0,0.0,INACTIVE,PHARMACIES,5912,True
MCH8447,3,51738.19,3,0,0.0,0.0,17246.063333333335,0.0,0.0,1.0,0.0,,,,
MCH8448,2,2250.2700000000004,2,0,0.0,0.0,1125.1350000000002,0.0,0.0,1.0,0.0,ACTIVE,HOTEL_LODGING,7011,False
MCH8449,1,23155.56,1,0,0.0,0.0,23155.56,0.0,0.0,1.0,0.0,LIVE,PHARMACIES,5912,True
MCH8451,4,41658.6,3,1,0.0,0.0,10414.65,0.0,0.0,0.75,0.25,ENABLED,FOOD_SERVICES,5812,True
MCH8452,3,49730.18,2,1,1.0,2566.03,16576.726666666666,0.3333333333333333,0.051599049108609706,0.6666666666666666,0.3333333333333333,,,,
MCH8453,2,26005.86,1,1,0.0,0.0,13002.93,0.0,0.0,0.5,0.5,ACTIVE,GROCERY,5411,True
MCH8454,5,59102.06,5,0,0.0,0.0,11820.412,0.0,0.0,1.0,0.0,,,,
MCH8455,4,47803.82,3,0,0.0,0.0,11950.955,0.0,0.0,0.75,0.0,ACTIVE,DEPT_STORE,5311,False
MCH8456,3,18651.77,2,1,1.0,2740.59,6217.256666666667,0.3333333333333333,0.14693458047145125,0.6666666666666666,0.3333333333333333,LIVE,KIRANA,5411,False
MCH8458,1,20188.87,1,0,0.0,0.0,20188.87,0.0,0.0,1.0,0.0,,,,
MCH8459,2,-3049.5200000000004,2,0,0.0,0.0,-1524.7600000000002,0.0,0.0,1.0,0.0,,,,
MCH8460,2,32534.81,2,0,0.0,0.0,16267.405,0.0,0.0,1.0,0.0,ACTIVE,DEPT_STORE,misc,False
MCH8461,1,8630.6,1,0,0.0,0.0,8630.6,0.0,0.0,1.0,0.0,,,,
MCH8462,2,-816.6300000000001,2,0,0.0,0.0,-408.31500000000005,0.0,0.0,1.0,0.0,,,,
MCH8463,3,50122.600000000006,3,0,1.0,11640.86,16707.533333333336,0.3333333333333333,0.23224772856954745,1.0,0.0,,,,
MCH8465,2,18115.78,2,0,0.0,0.0,9057.89,0.0,0.0,1.0,0.0,,,,
MCH8466,3,35571.76,2,0,3.0,3523.1200000000003,11857.253333333334,1.0,0.09904261132988641,0.6666666666666666,0.0,ACTIVE,RETAIL OTHER,5999,False
MCH8467,1,3180.55,1,0,0.0,0.0,3180.55,0.0,0.0,1.0,0.0,ACTIVE,MEDICAL_STORE,5912,True
MCH8469,2,40933.33,2,0,0.0,0.0,20466.665,0.0,0.0,1.0,0.0,,,,
MCH8470,2,42550.06,2,0,0.0,0.0,21275.03,0.0,0.0,1.0,0.0,ACTIVE,TRANSPRT,,True
MCH8471,5,46887.82,4,1,1.0,1428.93,9377.564,0.2,0.030475505152510823,0.8,0.2,,,,
MCH8472,6,52080.08,5,1,1.0,2189.0,8680.013333333334,0.16666666666666666,0.042031425450959364,0.8333333333333334,0.16666666666666666,ACTIVE,PHONE SERVICE,4814.0,False
MCH8473,3,43032.53,3,0,0.0,0.0,14344.176666666666,0.0,0.0,1.0,0.0,ENABLED,PHONE SERVICE,4814,False
MCH8474,2,10538.859999999999,1,0,0.0,0.0,5269.429999999999,0.0,0.0,0.5,0.0,,,,
MCH8475,3,39410.01,3,0,0.0,0.0,13136.67,0.0,0.0,1.0,0.0,ACTIVE,STATIONERY,5942,False
MCH8476,4,41842.25,3,1,0.0,0.0,10460.5625,0.0,0.0,0.75,0.25,,,,
MCH8477,5,81908.78,5,0,1.0,4363.55,16381.756,0.2,0.05327328767441049,1.0,0.0,,,,
MCH8478,2,37277.61,1,0,0.0,0.0,18638.805,0.0,0.0,0.5,0.0,,,,
MCH8479,1,24044.44,0,1,0.0,0.0,24044.44,0.0,0.0,0.0,1.0,,,,
MCH8480,3,49478.51,3,0,0.0,0.0,16492.836666666666,0.0,0.0,1.0,0.0,LIVE,TRANSPORTATION,4131,False
MCH8481,2,18588.91,2,0,0.0,0.0,9294.455,0.0,0.0,1.0,0.0,LIVE,BUS/TAXI,4131,False
MCH8482,2,22554.48,2,0,0.0,0.0,11277.24,0.0,0.0,1.0,0.0,,,,
MCH8483,1,10890.55,1,0,0.0,0.0,10890.55,0.0,0.0,1.0,0.0,,,,
MCH8484,4,77172.54000000001,4,0,1.0,2087.83,19293.135000000002,0.25,0.027054053164506438,1.0,0.0,SUSPENDED,MEDICAL_STORE,5912,False
MCH8485,2,13766.18,1,1,0.0,0.0,6883.09,0.0,0.0,0.5,0.5,,,,
MCH8486,1,13804.93,1,0,0.0,0.0,13804.93,0.0,0.0,1.0,0.0,,,,
MCH8488,3,38953.31,2,0,2.0,5863.87,12984.436666666666,0.6666666666666666,0.15053585946868187,0.6666666666666666,0.0,,,,
MCH8489,1,18977.54,1,0,0.0,0.0,18977.54,0.0,0.0,1.0,0.0,ENABLED,HOTEL,7011,True
MCH8490,1,-18301.88,1,0,0.0,0.0,-18301.88,0.0,0.0,1.0,0.0,CLOSED,GARMENTS,5699,False
MCH8493,2,15438.94,2,0,1.0,3086.0,7719.47,0.5,0.19988418894043244,1.0,0.0,LIVE,MEDICAL_STORE,5912,False
MCH8495,5,71295.36,4,0,0.0,0.0,14259.072,0.0,0.0,0.8,0.0,,,,
MCH8496,2,27568.04,2,0,2.0,2079.3,13784.02,1.0,0.07542429566991343,1.0,0.0,INACTIVE,BOOK STORE,5942,False
MCH8498,2,39275.71,1,1,0.0,0.0,19637.855,0.0,0.0,0.5,0.5,,,,
MCH8499,5,32271.32,5,0,0.0,0.0,6454.264,0.0,0.0,1.0,0.0,,,,
MCH8500,2,28276.17,2,0,0.0,0.0,14138.085,0.0,0.0,1.0,0.0,,,,
MCH8501,3,36448.15,3,0,1.0,676.77,12149.383333333333,0.3333333333333333,0.018568020599125056,1.0,0.0,ACTIVE,HOTELS,7011,False
MCH8502,2,18557.65,1,1,1.0,1646.02,9278.825,0.5,0.08869765298946795,0.5,0.5,,,,
MCH8503,3,56111.57,3,0,0.0,0.0,18703.856666666667,0.0,0.0,1.0,0.0,,,,
MCH8504,4,34627.07,3,1,0.0,0.0,8656.7675,0.0,0.0,0.75,0.25,LIVE,GROCERIES,5411,True
MCH8505,4,35089.92,3,1,2.0,1946.37,8772.48,0.5,0.055468066042897786,0.75,0.25,ACTIVE,BOOK STORE,5942,True
MCH8506,3,34634.6,3,0,0.0,0.0,11544.866666666667,0.0,0.0,1.0,0.0,ACTIVE,TELECOM,4814,False
MCH8507,3,49754.89,3,0,0.0,0.0,16584.963333333333,0.0,0.0,1.0,0.0,,,,
MCH8508,1,19242.31,1,0,0.0,0.0,19242.31,0.0,0.0,1.0,0.0,ENABLED,OTHER,5999.0,False
MCH8509,1,12504.59,1,0,1.0,0.0,12504.59,1.0,0.0,1.0,0.0,ACTIVE,GROCERY,5411,True
MCH8510,4,47474.630000000005,4,0,2.0,6385.46,11868.657500000001,0.5,0.1345025753755216,1.0,0.0,,,,
MCH8511,2,18894.68,1,0,1.0,146.7,9447.34,0.5,0.007764090209519293,0.5,0.0,LIVE,TRAVEL,4131,True
MCH8512,2,27865.01,2,0,0.0,0.0,13932.505,0.0,0.0,1.0,0.0,ACTIVE,TRANSPORTATION,4131,False
MCH8513,5,66968.76,4,1,1.0,0.0,13393.751999999999,0.2,0.0,0.8,0.2,,,,
MCH8514,2,23525.29,2,0,0.0,0.0,11762.645,0.0,0.0,1.0,0.0,,,,
MCH8515,2,18439.12,2,0,0.0,0.0,9219.56,0.0,0.0,1.0,0.0,,,,
MCH8516,3,35089.48,3,0,0.0,0.0,11696.493333333334,0.0,0.0,1.0,0.0,,,,
MCH8517,2,5855.41,2,0,0.0,0.0,2927.705,0.0,0.0,1.0,0.0,ACTIVE,CHEMIST,5912,False
MCH8520,2,34329.31,2,0,1.0,2597.6,17164.655,0.5,0.07566711943817106,1.0,0.0,,,,
MCH8521,2,7524.66,2,0,1.0,3261.84,3762.33,0.5,0.43348669574439247,1.0,0.0,LIVE,DEPARTMENT STORES,5311,True
MCH8522,3,50936.99,2,0,0.0,0.0,16978.996666666666,0.0,0.0,0.6666666666666666,0.0,,,,
MCH8523,1,16279.77,1,0,0.0,0.0,16279.77,0.0,0.0,1.0,0.0,,,,
MCH8524,1,10788.23,1,0,0.0,0.0,10788.23,0.0,0.0,1.0,0.0,,,,
MCH8526,4,52526.68,4,0,1.0,1848.85,13131.67,0.25,0.03519830303381063,1.0,0.0,,,,
MCH8527,3,47970.88,3,0,1.0,890.07,15990.293333333333,0.3333333333333333,0.018554381324670303,1.0,0.0,ACTIVE,KIRANA,5411,True
MCH8528,1,11835.52,1,0,0.0,0.0,11835.52,0.0,0.0,1.0,0.0,,,,
MCH8529,3,63919.56,3,0,0.0,0.0,21306.52,0.0,0.0,1.0,0.0,CLOSED,PHONE SERVICE,4814,True
MCH8530,3,31755.71,3,0,0.0,0.0,10585.236666666666,0.0,0.0,1.0,0.0,ACTIVE,DEPARTMENT STORES,5311,False
MCH8531,3,50540.8,2,1,0.0,0.0,16846.933333333334,0.0,0.0,0.6666666666666666,0.3333333333333333,,,,
MCH8533,1,5617.33,1,0,0.0,0.0,5617.33,0.0,0.0,1.0,0.0,,,,
MCH8535,4,30309.31,2,2,0.0,0.0,7577.3275,0.0,0.0,0.5,0.5,,,,
MCH8536,2,32876.96,2,0,0.0,0.0,16438.48,0.0,0.0,1.0,0.0,ENABLED,TELECOM,UNKNOWN,True
MCH8537,1,4146.34,1,0,0.0,0.0,4146.34,0.0,0.0,1.0,0.0,ACTIVE,TRAVEL,4131,True
MCH8538,4,81397.44,3,0,1.0,6666.14,20349.36,0.25,0.08189618739852261,0.75,0.0,,,,
MCH8539,4,21484.95,3,0,3.0,2004.62,5371.2375,0.75,0.09330345195124959,0.75,0.0,ENABLED,APPAREL,5699,False
MCH8540,3,26648.96,3,0,3.0,22249.399999999998,8882.986666666666,1.0,0.8349068781671029,1.0,0.0,ACTIVE,OTHER,5999,False
MCH8541,4,-452.1100000000006,4,0,1.0,1706.49,-113.02750000000015,0.25,0.0,1.0,0.0,,,,
MCH8542,4,85446.94,2,1,1.0,506.14,21361.735,0.25,0.005923442079962138,0.5,0.25,,,,
MCH8543,4,57579.39,4,0,0.0,0.0,14394.8475,0.0,0.0,1.0,0.0,,,,
MCH8544,1,22717.0,1,0,0.0,0.0,22717.0,0.0,0.0,1.0,0.0,,,,
MCH8546,3,42844.29,2,1,0.0,0.0,14281.43,0.0,0.0,0.6666666666666666,0.3333333333333333,ACTIVE,DEPARTMENT STORE,5311,False
MCH8548,1,4019.96,1,0,0.0,0.0,4019.96,0.0,0.0,1.0,0.0,ENABLED,FOOD,5812,False
MCH8549,3,46608.380000000005,3,0,0.0,0.0,15536.126666666669,0.0,0.0,1.0,0.0,ENABLED,TELECOM,4814,True
MCH8550,2,44741.74,2,0,0.0,0.0,22370.87,0.0,0.0,1.0,0.0,ACTIVE,PHONE SERVICE,,False
MCH8551,2,39325.52,2,0,0.0,0.0,19662.76,0.0,0.0,1.0,0.0,LIVE,CLOTHING,5699,False
MCH8552,1,15483.13,0,0,0.0,0.0,15483.13,0.0,0.0,0.0,0.0,LIVE,TRAVEL,4131,False
MCH8553,3,22952.27,3,0,0.0,0.0,7650.756666666667,0.0,0.0,1.0,0.0,LIVE,GROCERY STORES,5411.0,True
MCH8554,2,28993.71,2,0,0.0,0.0,14496.855,0.0,0.0,1.0,0.0,INACTIVE,MISCELLANEOUS,5999,False
MCH8555,4,51577.36,3,0,1.0,0.0,12894.34,0.25,0.0,0.75,0.0,ENABLED,OTHER,5999.0,True
MCH8556,4,37191.770000000004,4,0,1.0,3170.75,9297.942500000001,0.25,0.08525407637227267,1.0,0.0,LIVE,BOOK STORE,5942,False
MCH8557,3,58565.82,3,0,0.0,0.0,19521.94,0.0,0.0,1.0,0.0,,,,
MCH8558,2,22560.63,1,1,0.0,0.0,11280.315,0.0,0.0,0.5,0.5,ENABLED,RETAIL,5311,True
MCH8559,2,11488.14,1,0,0.0,0.0,5744.07,0.0,0.0,0.5,0.0,SUSPENDED,EATING PLACE,5812,False
MCH8560,8,94134.19,6,2,1.0,0.0,11766.77375,0.125,0.0,0.75,0.25,,,,
MCH8561,2,25426.21,2,0,1.0,-4295.67,12713.105,0.5,-0.16894653194479242,1.0,0.0,ENABLED,CLOTHING,5699,True
MCH8563,2,28807.730000000003,2,0,0.0,0.0,14403.865000000002,0.0,0.0,1.0,0.0,ACTIVE,GROCERY_STORE,5411,True
MCH8564,2,-13090.68,2,0,0.0,0.0,-6545.34,0.0,0.0,1.0,0.0,,,,
MCH8565,1,6985.47,1,0,1.0,1858.07,6985.47,1.0,0.2659906921080471,1.0,0.0,ENABLED,RESTAURANTS,5812,False
MCH8566,5,79347.06999999999,4,1,1.0,1731.53,15869.413999999999,0.2,0.021822229856754638,0.8,0.2,LIVE,TRANSPRT,4131,False
MCH8567,1,2773.37,0,1,1.0,1443.54,2773.37,1.0,0.5205003299235227,0.0,1.0,,,,
MCH8568,3,25000.89,3,0,0.0,0.0,8333.63,0.0,0.0,1.0,0.0,INACTIVE,MOBILE RECHARGE,4814,False
MCH8569,2,41389.229999999996,2,0,1.0,0.0,20694.614999999998,0.5,0.0,1.0,0.0,ENABLED,FOOD,5812,False
MCH8570,3,44004.42,3,0,0.0,0.0,14668.14,0.0,0.0,1.0,0.0,ACTIVE,BOOKS_STATIONERY,5942,False
MCH8571,2,42042.34,2,0,1.0,-1274.02,21021.17,0.5,-0.03030326095074632,1.0,0.0,ACTIVE,PHONE SERVICE,4814,True
MCH8572,1,10162.81,1,0,0.0,0.0,10162.81,0.0,0.0,1.0,0.0,ENABLED,PHONE SERVICE,4814,False
MCH8573,1,16528.75,1,0,0.0,0.0,16528.75,0.0,0.0,1.0,0.0,,,,
MCH8574,2,20206.22,1,1,0.0,0.0,10103.11,0.0,0.0,0.5,0.5,CLOSED,MEDICAL_STORE,5912,False
MCH8575,3,19751.190000000002,2,1,1.0,3107.33,6583.7300000000005,0.3333333333333333,0.15732368530706248,0.6666666666666666,0.3333333333333333,ENABLED,TELECOM,4814,False
MCH8576,4,67632.61,4,0,0.0,0.0,16908.1525,0.0,0.0,1.0,0.0,,,,
MCH8577,5,35223.6,5,0,0.0,0.0,7044.719999999999,0.0,0.0,1.0,0.0,,,,
MCH8578,1,599.64,1,0,0.0,0.0,599.64,0.0,0.0,1.0,0.0,INACTIVE,TRANSPRT,4131,False
MCH8579,2,11185.75,2,0,1.0,4601.18,5592.875,0.5,0.4113430033748296,1.0,0.0,ACTIVE,DEPARTMENT STORES,5311,False
MCH8580,4,44772.689999999995,3,0,0.0,0.0,11193.172499999999,0.0,0.0,0.75,0.0,,,,
MCH8581,2,11946.8,1,1,0.0,0.0,5973.4,0.0,0.0,0.5,0.5,ACTIVE,HOTEL,7011,False
MCH8583,2,30314.219999999998,2,0,0.0,0.0,15157.109999999999,0.0,0.0,1.0,0.0,,,,
MCH8584,3,51095.89,2,1,0.0,0.0,17031.963333333333,0.0,0.0,0.6666666666666666,0.3333333333333333,,,,
MCH8585,2,26773.829999999998,1,1,0.0,0.0,13386.914999999999,0.0,0.0,0.5,0.5,,,,
MCH8586,3,46458.83,3,0,2.0,44450.57,15486.276666666667,0.6666666666666666,0.9567733410419504,1.0,0.0,,,,
MCH8587,2,15366.16,2,0,0.0,0.0,7683.08,0.0,0.0,1.0,0.0,,,,
MCH8588,2,16563.48,2,0,0.0,0.0,8281.74,0.0,0.0,1.0,0.0,ACTIVE,BUS/TAXI,,False
MCH8589,5,42263.72,4,1,0.0,0.0,8452.744,0.0,0.0,0.8,0.2,,,,
MCH8590,2,4497.400000000001,1,0,0.0,0.0,2248.7000000000003,0.0,0.0,0.5,0.0,,,,
MCH8591,2,31332.94,1,1,1.0,318.82,15666.47,0.5,0.010175234114641014,0.5,0.5,LIVE,MISC RETAIL,5999,False
MCH8592,2,24452.629999999997,2,0,0.0,0.0,12226.314999999999,0.0,0.0,1.0,0.0,LIVE,STATIONERY,5942,True
MCH8594,2,26709.17,2,0,0.0,0.0,13354.585,0.0,0.0,1.0,0.0,,,,
MCH8595,2,39506.99,2,0,0.0,0.0,19753.495,0.0,0.0,1.0,0.0,,,,
MCH8597,1,3501.62,1,0,0.0,0.0,3501.62,0.0,0.0,1.0,0.0,LIVE,FOOD,5812,False
MCH8598,2,40233.66,2,0,1.0,267.92,20116.83,0.5,0.0066591008623127996,1.0,0.0,ENABLED,FOOD_SERVICES,5812,True
MCH8599,2,33965.59,2,0,0.0,0.0,16982.795,0.0,0.0,1.0,0.0,,,,
MCH8600,2,28165.25,2,0,0.0,0.0,14082.625,0.0,0.0,1.0,0.0,ACTIVE,RESTAURANTS,5812,True
MCH8601,2,24270.87,2,0,1.0,7520.47,12135.435,0.5,0.30985580656976863,1.0,0.0,ACTIVE,FOOD,5812,False
MCH8602,1,14828.69,1,0,0.0,0.0,14828.69,0.0,0.0,1.0,0.0,LIVE,GROCERIES,5411,False
MCH8603,3,24609.7,3,0,0.0,0.0,8203.233333333334,0.0,0.0,1.0,0.0,ACTIVE,RESTAURANT,5812,True
MCH8604,2,17073.13,1,0,0.0,0.0,8536.565,0.0,0.0,0.5,0.0,,,,
MCH8605,1,1784.98,1,0,0.0,0.0,1784.98,0.0,0.0,1.0,0.0,,,,
MCH8606,1,16722.14,0,1,0.0,0.0,16722.14,0.0,0.0,0.0,1.0,ENABLED,BOOK STORE,5942,False
MCH8607,1,17196.17,1,0,0.0,0.0,17196.17,0.0,0.0,1.0,0.0,ACTIVE,TELECOM,4814,True
MCH8608,1,3414.33,1,0,0.0,0.0,3414.33,0.0,0.0,1.0,0.0,,,,
MCH8609,1,21362.19,0,0,0.0,0.0,21362.19,0.0,0.0,0.0,0.0,,,,
MCH8610,2,15828.9,2,0,1.0,2111.63,7914.45,0.5,0.1334034582314627,1.0,0.0,ACTIVE,RETAIL OTHER,5999,False
MCH8611,4,28163.08,4,0,0.0,0.0,7040.77,0.0,0.0,1.0,0.0,,,,
MCH8612,1,11310.0,1,0,1.0,-1523.73,11310.0,1.0,-0.1347241379310345,1.0,0.0,ACTIVE,EATING PLACE,5812,False
MCH8613,4,65798.75,3,1,0.0,0.0,16449.6875,0.0,0.0,0.75,0.25,SUSPENDED,RESTAURANT,5812,False
MCH8614,6,76479.17,5,1,1.0,578.72,12746.528333333334,0.16666666666666666,0.0075670277279421315,0.8333333333333334,0.16666666666666666,LIVE,TRAVEL,4131,True
MCH8615,2,5746.099999999999,0,2,0.0,0.0,2873.0499999999997,0.0,0.0,0.0,1.0,ACTIVE,BOOK STORE,5942,True
MCH8616,2,29432.519999999997,2,0,2.0,3577.6,14716.259999999998,1.0,0.1215526227451812,1.0,0.0,ACTIVE,APPAREL,5699,False
MCH8617,4,48892.549999999996,2,1,0.0,0.0,12223.137499999999,0.0,0.0,0.5,0.25,,,,
MCH8618,3,-8013.329999999998,3,0,1.0,1706.04,-2671.109999999999,0.3333333333333333,0.0,1.0,0.0,,,,
MCH8619,3,41056.81,3,0,0.0,0.0,13685.603333333333,0.0,0.0,1.0,0.0,LIVE,GROCERY,5411.0,True
MCH8620,2,39199.490000000005,2,0,0.0,0.0,19599.745000000003,0.0,0.0,1.0,0.0,,,,
MCH8621,2,31444.35,1,1,0.0,0.0,15722.175,0.0,0.0,0.5,0.5,,,,
MCH8622,2,21154.9,2,0,0.0,0.0,10577.45,0.0,0.0,1.0,0.0,ACTIVE,HOTEL_LODGING,7011,False
MCH8623,1,22683.17,1,0,0.0,0.0,22683.17,0.0,0.0,1.0,0.0,,,,
MCH8624,3,67665.87,3,0,1.0,2880.65,22555.289999999997,0.3333333333333333,0.04257168347942619,1.0,0.0,ACTIVE,PHARMACY,5912,False
MCH8625,1,5743.17,1,0,0.0,0.0,5743.17,0.0,0.0,1.0,0.0,,,,
MCH8626,2,28601.66,2,0,0.0,0.0,14300.83,0.0,0.0,1.0,0.0,,,,
MCH8627,2,17319.8,1,0,0.0,0.0,8659.9,0.0,0.0,0.5,0.0,,,,
MCH8628,2,5897.280000000001,2,0,0.0,0.0,2948.6400000000003,0.0,0.0,1.0,0.0,ENABLED,BUS/TAXI,4131,True
MCH8629,2,15156.1,2,0,0.0,0.0,7578.05,0.0,0.0,1.0,0.0,,,,
MCH8631,1,16046.94,1,0,0.0,0.0,16046.94,0.0,0.0,1.0,0.0,ACTIVE,CLOTHING,5699,False
MCH8632,1,23535.87,1,0,0.0,0.0,23535.87,0.0,0.0,1.0,0.0,ACTIVE,RESTAURANTS,5812,False
MCH8633,1,17530.43,1,0,0.0,0.0,17530.43,0.0,0.0,1.0,0.0,ACTIVE,MEDICAL,5912,False
MCH8634,1,20176.07,0,1,0.0,0.0,20176.07,0.0,0.0,0.0,1.0,ENABLED,MEDICAL,5912,False
MCH8636,2,36746.22,2,0,0.0,0.0,18373.11,0.0,0.0,1.0,0.0,ACTIVE,STATIONERY,5942,False
MCH8638,4,34067.47,3,1,0.0,0.0,8516.8675,0.0,0.0,0.75,0.25,ACTIVE,BOOK STORE,5942,True
MCH8639,1,702.86,1,0,0.0,0.0,702.86,0.0,0.0,1.0,0.0,INACTIVE,HOSPITALITY,7011,True
MCH8640,2,31557.559999999998,2,0,0.0,0.0,15778.779999999999,0.0,0.0,1.0,0.0,ACTIVE,DEPT_STORE,5311,False
MCH8641,1,2626.0,0,1,0.0,0.0,2626.0,0.0,0.0,0.0,1.0,ACTIVE,TRAVEL,4131,False
MCH8642,2,30702.75,2,0,0.0,0.0,15351.375,0.0,0.0,1.0,0.0,,,,
MCH8643,3,30959.28,3,0,0.0,0.0,10319.76,0.0,0.0,1.0,0.0,ACTIVE,CLOTHS,5699,False
MCH8644,2,27534.72,2,0,0.0,0.0,13767.36,0.0,0.0,1.0,0.0,ACTIVE,TRANSPORTATION,4131,False
MCH8645,4,38609.770000000004,4,0,1.0,534.44,9652.442500000001,0.25,0.013842092299436127,1.0,0.0,ACTIVE,MOBILE RECHARGE,4814,False
MCH8646,4,48956.509999999995,4,0,1.0,320.53,12239.127499999999,0.25,0.006547239580599189,1.0,0.0,,,,
MCH8647,1,12459.91,0,1,0.0,0.0,12459.91,0.0,0.0,0.0,1.0,,,,
MCH8648,3,24296.309999999998,3,0,0.0,0.0,8098.7699999999995,0.0,0.0,1.0,0.0,ACTIVE,CHEMIST,5912,True
MCH8649,3,20591.85,3,0,0.0,0.0,6863.95,0.0,0.0,1.0,0.0,,,,
MCH8650,1,20129.28,1,0,0.0,0.0,20129.28,0.0,0.0,1.0,0.0,ACTIVE,MISCELLANEOUS,5999,False
MCH8651,2,14996.7,2,0,0.0,0.0,7498.35,0.0,0.0,1.0,0.0,,,,
MCH8652,2,17485.67,2,0,1.0,14279.05,8742.835,0.5,0.8166144048240646,1.0,0.0,,,,
MCH8653,1,18772.25,0,0,0.0,0.0,18772.25,0.0,0.0,0.0,0.0,,,,
MCH8654,1,9893.27,1,0,0.0,0.0,9893.27,0.0,0.0,1.0,0.0,ACTIVE,GROCERY,misc,True
MCH8655,2,20186.14,2,0,0.0,0.0,10093.07,0.0,0.0,1.0,0.0,,,,
MCH8656,6,81066.84,6,0,2.0,5589.67,13511.14,0.3333333333333333,0.06895137395265438,1.0,0.0,ACTIVE,BOOKS_STATIONERY,5942,True
MCH8657,5,69835.12999999999,5,0,1.0,1996.81,13967.025999999998,0.2,0.028593202303768894,1.0,0.0,,,,
MCH8658,2,26919.95,2,0,0.0,0.0,13459.975,0.0,0.0,1.0,0.0,,,,
MCH8659,3,49007.64,3,0,1.0,8134.61,16335.88,0.3333333333333333,0.16598656862481034,1.0,0.0,ACTIVE,HOTELS,7011,False
MCH8660,1,2662.19,0,0,0.0,0.0,2662.19,0.0,0.0,0.0,0.0,LIVE,FOOD_SERVICES,5812,False
MCH8661,2,25181.03,1,1,1.0,7492.62,12590.515,0.5,0.29755017963919667,0.5,0.5,ACTIVE,TRANSPRT,,False
MCH8662,3,31558.69,3,0,0.0,0.0,10519.563333333334,0.0,0.0,1.0,0.0,,,,
MCH8663,4,79911.85,4,0,2.0,2127.67,19977.9625,0.5,0.026625212656195545,1.0,0.0,DISABLED,BOOK STORE,misc,False
MCH8664,1,20043.05,1,0,0.0,0.0,20043.05,0.0,0.0,1.0,0.0,,,,
MCH8665,1,21288.6,1,0,0.0,0.0,21288.6,0.0,0.0,1.0,0.0,,,,
MCH8666,1,4821.05,1,0,0.0,0.0,4821.05,0.0,0.0,1.0,0.0,,,,
MCH8667,5,63065.11,4,1,0.0,0.0,12613.022,0.0,0.0,0.8,0.2,,,,
MCH8668,3,6698.4800000000005,3,0,1.0,494.63,2232.826666666667,0.3333333333333333,0.07384212537769762,1.0,0.0,,,,
MCH8669,6,101216.95999999999,5,1,2.0,7245.79,16869.493333333332,0.3333333333333333,0.07158671827330124,0.8333333333333334,0.16666666666666666,,,,
MCH8670,1,22229.09,1,0,0.0,0.0,22229.09,0.0,0.0,1.0,0.0,,,,
MCH8671,3,2798.16,1,2,1.0,1248.48,932.7199999999999,0.3333333333333333,0.4461789175744061,0.3333333333333333,0.6666666666666666,,,,
MCH8672,3,56383.17,3,0,0.0,0.0,18794.39,0.0,0.0,1.0,0.0,INACTIVE,RETAIL,5311,False
MCH8673,1,7656.85,1,0,0.0,0.0,7656.85,0.0,0.0,1.0,0.0,ACTIVE,RESTAURANTS,5812,True
MCH8674,3,40246.05,3,0,2.0,2763.02,13415.35,0.6666666666666666,0.06865319702181953,1.0,0.0,LIVE,FOOD,5812,False
MCH8676,2,16664.09,2,0,0.0,0.0,8332.045,0.0,0.0,1.0,0.0,,,,
MCH8677,1,20865.95,1,0,0.0,0.0,20865.95,0.0,0.0,1.0,0.0,,,,
MCH8678,1,8358.59,1,0,0.0,0.0,8358.59,0.0,0.0,1.0,0.0,INACTIVE,HOTEL_LODGING,7011,False
MCH8679,5,73770.66,5,0,0.0,0.0,14754.132000000001,0.0,0.0,1.0,0.0,ACTIVE,PHONE SERVICE,4814,True
MCH8680,6,88639.53,6,0,1.0,50.0,14773.255,0.16666666666666666,0.0005640824133431213,1.0,0.0,ACTIVE,DEPT_STORE,5311,True
MCH8681,2,37058.850000000006,2,0,0.0,0.0,18529.425000000003,0.0,0.0,1.0,0.0,LIVE,CLOTHING,5699,False
MCH8682,1,22165.87,1,0,0.0,0.0,22165.87,0.0,0.0,1.0,0.0,,,,
MCH8683,4,27857.660000000003,3,0,0.0,0.0,6964.415000000001,0.0,0.0,0.75,0.0,,,,
MCH8684,4,24707.16,3,1,0.0,0.0,6176.79,0.0,0.0,0.75,0.25,,,,
MCH8685,4,71309.7,2,1,0.0,0.0,17827.425,0.0,0.0,0.5,0.25,,,,
MCH8687,2,20202.2,2,0,0.0,0.0,10101.1,0.0,0.0,1.0,0.0,,,,
MCH8688,3,21641.13,3,0,0.0,0.0,7213.71,0.0,0.0,1.0,0.0,,,,
MCH8689,3,19137.609999999997,2,1,1.0,1692.85,6379.203333333332,0.3333333333333333,0.08845670906659714,0.6666666666666666,0.3333333333333333,,,,
MCH8690,2,20559.949999999997,2,0,0.0,0.0,10279.974999999999,0.0,0.0,1.0,0.0,,,,
MCH8693,2,13777.65,2,0,0.0,0.0,6888.825,0.0,0.0,1.0,0.0,ACTIVE,HOTELS,7011,True
MCH8694,1,18962.51,0,1,0.0,0.0,18962.51,0.0,0.0,0.0,1.0,,,,
MCH8695,4,29371.83,3,1,0.0,0.0,7342.9575,0.0,0.0,0.75,0.25,,,,
MCH8696,2,38937.97,2,0,0.0,0.0,19468.985,0.0,0.0,1.0,0.0,,,,
MCH8697,3,14750.92,3,0,0.0,0.0,4916.973333333333,0.0,0.0,1.0,0.0,ENABLED,MISCELLANEOUS,5999,False
MCH8698,5,72541.68,5,0,1.0,1568.41,14508.336,0.2,0.02162081164924772,1.0,0.0,ENABLED,DEPARTMENT STORES,5311,False
MCH8699,6,100889.4,4,2,2.0,2128.78,16814.899999999998,0.3333333333333333,0.021100135395789848,0.6666666666666666,0.3333333333333333,,,,
MCH8700,3,33013.06,2,1,0.0,0.0,11004.353333333333,0.0,0.0,0.6666666666666666,0.3333333333333333,,,,
MCH8702,5,39282.12,4,0,0.0,0.0,7856.424000000001,0.0,0.0,0.8,0.0,,,,
MCH8704,2,31669.91,1,1,0.0,0.0,15834.955,0.0,0.0,0.5,0.5,,,,
MCH8705,4,27963.23,3,1,1.0,3498.93,6990.8075,0.25,0.1251261031003929,0.75,0.25,ENABLED,TRANSPRT,4131,True
MCH8706,2,29370.59,2,0,0.0,0.0,14685.295,0.0,0.0,1.0,0.0,,,,
MCH8707,4,39243.6,2,0,0.0,0.0,9810.9,0.0,0.0,0.5,0.0,,,,
MCH8708,4,45863.23,1,2,0.0,0.0,11465.8075,0.0,0.0,0.25,0.5,SUSPENDED,RETAIL OTHER,5999,False
MCH8709,4,54251.86,4,0,0.0,0.0,13562.965,0.0,0.0,1.0,0.0,,,,
MCH8710,5,54440.11,4,1,0.0,0.0,10888.022,0.0,0.0,0.8,0.2,,,,
MCH8711,5,37030.189999999995,3,1,0.0,0.0,7406.037999999999,0.0,0.0,0.6,0.2,,,,
MCH8712,3,34204.3,2,0,1.0,752.03,11401.433333333334,0.3333333333333333,0.021986416912493457,0.6666666666666666,0.0,,,,
MCH8713,4,92967.45,2,2,1.0,8307.14,23241.8625,0.25,0.08935536039764455,0.5,0.5,DISABLED,PHONE SERVICE,4814.0,False
MCH8714,3,51468.34,3,0,1.0,865.19,17156.11333333333,0.3333333333333333,0.016810139981200095,1.0,0.0,INACTIVE,PHARMACIES,5912,False
MCH8715,4,55812.66,4,0,2.0,5846.360000000001,13953.165,0.5,0.10474971090788363,1.0,0.0,ACTIVE,RETAIL OTHER,5999,False
MCH8716,4,51761.21000000001,4,0,0.0,0.0,12940.302500000002,0.0,0.0,1.0,0.0,LIVE,OTHER,5999,False
MCH8717,2,11069.17,1,1,0.0,0.0,5534.585,0.0,0.0,0.5,0.5,,,,
MCH8718,1,21478.35,1,0,0.0,0.0,21478.35,0.0,0.0,1.0,0.0,ACTIVE,EATING PLACE,5812,False
MCH8719,1,4164.07,1,0,0.0,0.0,4164.07,0.0,0.0,1.0,0.0,ACTIVE,DEPARTMENT STORE,5311,False
MCH8720,3,31833.379999999997,3,0,0.0,0.0,10611.126666666665,0.0,0.0,1.0,0.0,,,,
MCH8721,3,9590.89,1,2,0.0,0.0,3196.963333333333,0.0,0.0,0.3333333333333333,0.6666666666666666,LIVE,TRAVEL,4131,False
MCH8725,2,13170.970000000001,2,0,0.0,0.0,6585.485000000001,0.0,0.0,1.0,0.0,ACTIVE,HOTELS,7011,True
MCH8726,2,25759.03,1,1,0.0,0.0,12879.515,0.0,0.0,0.5,0.5,ACTIVE,MISC RETAIL,5999,False
MCH8727,2,23753.18,2,0,1.0,845.38,11876.59,0.5,0.03559018203036393,1.0,0.0,LIVE,RETAIL OTHER,5999,False
MCH8728,2,-2737.1399999999994,2,0,0.0,0.0,-1368.5699999999997,0.0,0.0,1.0,0.0,,,,
MCH8729,1,4325.0,1,0,0.0,0.0,4325.0,0.0,0.0,1.0,0.0,ACTIVE,STATIONERY,5942.0,False
MCH8730,2,21982.09,1,1,0.0,0.0,10991.045,0.0,0.0,0.5,0.5,ACTIVE,MISC RETAIL,5999,True
MCH8731,3,-48.0,3,0,0.0,0.0,-16.0,0.0,0.0,1.0,0.0,,,,
MCH8732,3,18586.019999999997,3,0,0.0,0.0,6195.339999999999,0.0,0.0,1.0,0.0,,,,
MCH8734,2,27769.18,2,0,0.0,0.0,13884.59,0.0,0.0,1.0,0.0,ACTIVE,TELECOM,4814,False
MCH8735,1,18187.66,1,0,1.0,428.88,18187.66,1.0,0.023580823481415422,1.0,0.0,ENABLED,PHONE SERVICE,4814,True
MCH8736,3,41023.39,3,0,0.0,0.0,13674.463333333333,0.0,0.0,1.0,0.0,ACTIVE,DEPARTMENT STORES,5311,True
MCH8737,1,14648.6,1,0,0.0,0.0,14648.6,0.0,0.0,1.0,0.0,,,,
MCH8738,1,22261.65,0,0,0.0,0.0,22261.65,0.0,0.0,0.0,0.0,,,,
MCH8739,5,64291.18,4,1,0.0,0.0,12858.236,0.0,0.0,0.8,0.2,,,,
MCH8740,2,6638.530000000001,1,1,0.0,0.0,3319.2650000000003,0.0,0.0,0.5,0.5,,,,
MCH8741,1,24544.37,1,0,0.0,0.0,24544.37,0.0,0.0,1.0,0.0,ACTIVE,TELECOM,4814,True
MCH8742,3,50172.53,1,1,0.0,0.0,16724.176666666666,0.0,0.0,0.3333333333333333,0.3333333333333333,,,,
MCH8743,3,34882.21,3,0,0.0,0.0,11627.403333333334,0.0,0.0,1.0,0.0,,,,
MCH8744,3,28887.829999999998,2,0,0.0,0.0,9629.276666666667,0.0,0.0,0.6666666666666666,0.0,ACTIVE,BOOK STORE,5942.0,False
MCH8746,2,-14664.91,2,0,1.0,661.74,-7332.455,0.5,0.0,1.0,0.0,LIVE,MEDICAL_STORE,5912,False
MCH8747,1,7594.56,1,0,1.0,1704.54,7594.56,1.0,0.2244422323347238,1.0,0.0,,,,
MCH8748,1,13433.0,1,0,0.0,0.0,13433.0,0.0,0.0,1.0,0.0,,,,
MCH8749,2,26745.68,2,0,0.0,0.0,13372.84,0.0,0.0,1.0,0.0,CLOSED,TRAVEL,4131,False
MCH8750,6,92470.4,6,0,0.0,0.0,15411.733333333332,0.0,0.0,1.0,0.0,ACTIVE,HOTEL_LODGING,7011,True
MCH8751,2,25614.16,0,2,1.0,13348.89,12807.08,0.5,0.5211527530084922,0.0,1.0,,,,
MCH8752,2,11503.81,2,0,0.0,0.0,5751.905,0.0,0.0,1.0,0.0,,,,
MCH8753,3,42703.090000000004,3,0,0.0,0.0,14234.363333333335,0.0,0.0,1.0,0.0,INACTIVE,TRAVEL,4131,False
MCH8754,2,38879.64,2,0,0.0,0.0,19439.82,0.0,0.0,1.0,0.0,,,,
MCH8755,2,9483.67,2,0,2.0,-2396.65,4741.835,1.0,-0.25271334831346937,1.0,0.0,HOLD,HOTEL_LODGING,7011,True
MCH8756,3,45337.74,3,0,1.0,1523.0,15112.58,0.3333333333333333,0.03359232286390985,1.0,0.0,ACTIVE,FASHION,5699.0,True
MCH8757,2,15168.09,1,1,0.0,0.0,7584.045,0.0,0.0,0.5,0.5,,,,
MCH8758,2,23027.0,2,0,1.0,2120.67,11513.5,0.5,0.09209493203630521,1.0,0.0,,,,
MCH8759,2,27610.67,1,0,0.0,0.0,13805.335,0.0,0.0,0.5,0.0,,,,
MCH8760,2,24610.41,2,0,1.0,1071.92,12305.205,0.5,0.043555552304898625,1.0,0.0,,,,
MCH8762,3,27093.44,2,1,0.0,0.0,9031.146666666666,0.0,0.0,0.6666666666666666,0.3333333333333333,ACTIVE,TRANSPORT,4131,False
MCH8763,4,67790.3,3,1,3.0,12432.57,16947.575,0.75,0.18339747722019226,0.75,0.25,,,,
MCH8764,2,33635.72,1,0,1.0,696.63,16817.86,0.5,0.02071101792974849,0.5,0.0,,,,
MCH8765,2,45971.25,2,0,1.0,4581.94,22985.625,0.5,0.09966968485738369,1.0,0.0,ACTIVE,GROCERY,5411,False
MCH8766,1,8233.28,1,0,0.0,0.0,8233.28,0.0,0.0,1.0,0.0,LIVE,MEDICAL_STORE,5912,False
MCH8767,1,6326.62,0,1,0.0,0.0,6326.62,0.0,0.0,0.0,1.0,LIVE,GARMENTS,5699,False
MCH8768,1,-9828.38,1,0,0.0,0.0,-9828.38,0.0,0.0,1.0,0.0,ACTIVE,MISCELLANEOUS,5999,True
MCH8769,4,38046.82,2,1,0.0,0.0,9511.705,0.0,0.0,0.5,0.25,ACTIVE,PHARMACIES,5912,False
MCH8770,2,12603.259999999998,2,0,1.0,8601.0,6301.629999999999,0.5,0.6824424791680883,1.0,0.0,ENABLED,OTHER,5999,False
MCH8772,1,8756.67,1,0,0.0,0.0,8756.67,0.0,0.0,1.0,0.0,,,,
MCH8773,1,19165.21,1,0,0.0,0.0,19165.21,0.0,0.0,1.0,0.0,,,,
MCH8774,3,66611.47,3,0,0.0,0.0,22203.823333333334,0.0,0.0,1.0,0.0,,,,
MCH8775,3,27190.34,3,0,1.0,879.0,9063.446666666667,0.3333333333333333,0.03232765754308332,1.0,0.0,ACTIVE,APPAREL,5699.0,False
MCH8776,4,78451.83,4,0,2.0,20294.280000000002,19612.9575,0.5,0.2586845966499443,1.0,0.0,,,,
MCH8777,3,28644.89,3,0,0.0,0.0,9548.296666666667,0.0,0.0,1.0,0.0,INACTIVE,HOTEL,7011,False
MCH8778,4,69543.83,4,0,1.0,6954.75,17385.9575,0.25,0.10000527724745674,1.0,0.0,,,,
MCH8779,6,78407.95999999999,6,0,0.0,0.0,13067.993333333332,0.0,0.0,1.0,0.0,ACTIVE,RESTAURANTS,5812,False
MCH8780,1,7700.66,1,0,0.0,0.0,7700.66,0.0,0.0,1.0,0.0,,,,
MCH8781,1,15243.01,0,1,0.0,0.0,15243.01,0.0,0.0,0.0,1.0,ACTIVE,CHEMIST,5912,False
MCH8783,1,5403.12,1,0,0.0,0.0,5403.12,0.0,0.0,1.0,0.0,,,,
MCH8786,2,29404.97,2,0,1.0,7884.27,14702.485,0.5,0.2681271227278926,1.0,0.0,,,,
MCH8788,2,24135.09,1,1,0.0,0.0,12067.545,0.0,0.0,0.5,0.5,,,,
MCH8789,3,45124.49,2,1,0.0,0.0,15041.496666666666,0.0,0.0,0.6666666666666666,0.3333333333333333,ACTIVE,FOOD_SERVICES,5812,False
MCH8790,1,20724.14,0,0,0.0,0.0,20724.14,0.0,0.0,0.0,0.0,LIVE,CHEMIST,5912,False
MCH8791,1,21697.03,1,0,0.0,0.0,21697.03,0.0,0.0,1.0,0.0,,,,
MCH8792,3,39905.61,3,0,0.0,0.0,13301.87,0.0,0.0,1.0,0.0,ENABLED,GARMENTS,5699,True
MCH8793,3,37902.09,3,0,0.0,0.0,12634.029999999999,0.0,0.0,1.0,0.0,,,,
MCH8794,1,5539.54,1,0,0.0,0.0,5539.54,0.0,0.0,1.0,0.0,INACTIVE,GROCERY,5411,True
MCH8795,5,62144.75,4,0,0.0,0.0,12428.95,0.0,0.0,0.8,0.0,DISABLED,BOOKS_STATIONERY,5942,False
MCH8796,4,46964.51,3,0,0.0,0.0,11741.1275,0.0,0.0,0.75,0.0,,,,
MCH8798,1,20313.72,0,1,0.0,0.0,20313.72,0.0,0.0,0.0,1.0,ACTIVE,DEPT_STORE,5311,True
MCH8800,2,43792.479999999996,2,0,0.0,0.0,21896.239999999998,0.0,0.0,1.0,0.0,,,,
MCH8801,1,-164.53,0,1,0.0,0.0,-164.53,0.0,0.0,0.0,1.0,ACTIVE,PHARMACY,5912.0,False
MCH8802,1,14211.03,0,1,0.0,0.0,14211.03,0.0,0.0,0.0,1.0,,,,
MCH8803,1,4252.26,1,0,0.0,0.0,4252.26,0.0,0.0,1.0,0.0,,,,
MCH8804,3,32632.79,2,0,0.0,0.0,10877.596666666666,0.0,0.0,0.6666666666666666,0.0,,,,
MCH8805,3,30155.010000000002,3,0,1.0,5071.86,10051.67,0.3333333333333333,0.1681929470426307,1.0,0.0,ENABLED,CLOTHS,5699,False
MCH8807,3,22816.71,3,0,0.0,0.0,7605.57,0.0,0.0,1.0,0.0,,,,
MCH8808,4,46952.84,2,0,0.0,0.0,11738.21,0.0,0.0,0.5,0.0,ACTIVE,STATIONERY,misc,False
MCH8809,6,71662.49,6,0,0.0,0.0,11943.748333333335,0.0,0.0,1.0,0.0,DISABLED,MOBILE RECHARGE,,True
MCH8810,5,77246.08,4,1,2.0,-4524.5,15449.216,0.4,-0.058572551513293616,0.8,0.2,,,,
MCH8811,2,34973.23,2,0,0.0,0.0,17486.615,0.0,0.0,1.0,0.0,ENABLED,OTHER,5999.0,False
MCH8812,4,21612.87,4,0,1.0,1995.0,5403.2175,0.25,0.09230611205267973,1.0,0.0,,,,
MCH8813,3,26285.550000000003,3,0,1.0,1789.71,8761.85,0.3333333333333333,0.06808721902337976,1.0,0.0,ENABLED,FOOD,5812,False
MCH8814,3,26386.23,1,2,0.0,0.0,8795.41,0.0,0.0,0.3333333333333333,0.6666666666666666,,,,
MCH8815,1,18451.32,0,0,1.0,5874.15,18451.32,1.0,0.31835933689297025,0.0,0.0,,,,
MCH8816,2,23568.38,2,0,0.0,0.0,11784.19,0.0,0.0,1.0,0.0,,,,
MCH8817,1,17116.77,1,0,0.0,0.0,17116.77,0.0,0.0,1.0,0.0,DISABLED,HOTEL_LODGING,7011,False
MCH8818,3,36466.35,2,1,0.0,0.0,12155.449999999999,0.0,0.0,0.6666666666666666,0.3333333333333333,,,,
MCH8819,2,30355.36,1,1,0.0,0.0,15177.68,0.0,0.0,0.5,0.5,ACTIVE,MEDICAL_STORE,5912,False
MCH8820,3,38257.770000000004,3,0,1.0,4980.8,12752.590000000002,0.3333333333333333,0.13019054691373805,1.0,0.0,ACTIVE,RESTAURANT,5812,True
MCH8821,1,10341.28,1,0,0.0,0.0,10341.28,0.0,0.0,1.0,0.0,ACTIVE,RESTAURANTS,5812,False
MCH8822,3,20103.37,3,0,0.0,0.0,6701.123333333333,0.0,0.0,1.0,0.0,,,,
MCH8823,3,55283.899999999994,3,0,1.0,477.68,18427.966666666664,0.3333333333333333,0.008640490269318917,1.0,0.0,SUSPENDED,CLOTHING,5699,False
MCH8824,4,74025.5,4,0,2.0,1535.06,18506.375,0.5,0.02073690822757023,1.0,0.0,ACTIVE,OTHER,5999,False
MCH8825,3,29499.519999999997,2,1,0.0,0.0,9833.173333333332,0.0,0.0,0.6666666666666666,0.3333333333333333,ENABLED,GARMENTS,5699,False
MCH8826,3,41608.28,2,1,0.0,0.0,13869.426666666666,0.0,0.0,0.6666666666666666,0.3333333333333333,ENABLED,DEPT_STORE,5311,False
MCH8827,1,-12336.68,1,0,0.0,0.0,-12336.68,0.0,0.0,1.0,0.0,,,,
MCH8828,1,11873.45,1,0,0.0,0.0,11873.45,0.0,0.0,1.0,0.0,ACTIVE,TRAVEL,4131,False
MCH8829,2,26672.03,1,0,0.0,0.0,13336.015,0.0,0.0,0.5,0.0,,,,
MCH8831,4,67924.57,2,2,0.0,0.0,16981.1425,0.0,0.0,0.5,0.5,,,,
MCH8832,3,39916.24,2,0,0.0,0.0,13305.413333333332,0.0,0.0,0.6666666666666666,0.0,LIVE,KIRANA,5411,True
MCH8833,2,24614.809999999998,1,0,1.0,928.0,12307.404999999999,0.5,0.03770088007991937,0.5,0.0,,,,
MCH8834,4,65109.62,4,0,2.0,2252.2500000000005,16277.405,0.5,0.034591662491656384,1.0,0.0,,,,
MCH8835,4,19387.28,3,0,1.0,1002.8,4846.82,0.25,0.051724635946868255,0.75,0.0,ENABLED,RETAIL OTHER,5999,False
MCH8836,2,26584.0,2,0,0.0,0.0,13292.0,0.0,0.0,1.0,0.0,,,,
MCH8837,1,3037.67,0,1,0.0,0.0,3037.67,0.0,0.0,0.0,1.0,SUSPENDED,GROCERY,5411,False
MCH8838,3,33268.45,2,0,0.0,0.0,11089.483333333332,0.0,0.0,0.6666666666666666,0.0,INACTIVE,PHARMACY,5912,False
MCH8839,1,17238.0,0,0,0.0,0.0,17238.0,0.0,0.0,0.0,0.0,,,,
MCH8840,2,10989.14,0,1,1.0,4136.0,5494.57,0.5,0.37637158139763444,0.0,0.5,ENABLED,RETAIL,5311.0,False
MCH8841,2,35187.62,2,0,0.0,0.0,17593.81,0.0,0.0,1.0,0.0,,,,
MCH8842,1,3435.12,0,1,1.0,3867.32,3435.12,1.0,1.1258180209133888,0.0,1.0,SUSPENDED,OTHER,5999,False
MCH8843,1,1523.2,1,0,0.0,0.0,1523.2,0.0,0.0,1.0,0.0,,,,
MCH8845,5,69147.31,4,1,0.0,0.0,13829.462,0.0,0.0,0.8,0.2,ACTIVE,OTHER,,True
MCH8846,6,63921.92,4,2,2.0,1230.65,10653.653333333334,0.3333333333333333,0.019252394170888486,0.6666666666666666,0.3333333333333333,,,,
MCH8847,3,38490.39,3,0,0.0,0.0,12830.13,0.0,0.0,1.0,0.0,,,,
MCH8848,1,265.0,1,0,0.0,0.0,265.0,0.0,0.0,1.0,0.0,,,,
MCH8850,5,39612.66,2,2,1.0,7884.04,7922.532000000001,0.2,0.19902829045057815,0.4,0.4,SUSPENDED,GROCERY,5411,False
MCH8851,4,61463.399999999994,3,1,1.0,0.0,15365.849999999999,0.25,0.0,0.75,0.25,SUSPENDED,RESTAURANT,5812,False
MCH8852,1,12726.82,0,1,0.0,0.0,12726.82,0.0,0.0,0.0,1.0,ACTIVE,PHARMACIES,UNKNOWN,False
MCH8853,1,14958.87,1,0,0.0,0.0,14958.87,0.0,0.0,1.0,0.0,,,,
MCH8854,1,15158.37,1,0,0.0,0.0,15158.37,0.0,0.0,1.0,0.0,ACTIVE,BUS/TAXI,4131,True
MCH8855,5,77146.3,5,0,2.0,-3174.87,15429.26,0.4,-0.04115388553955277,1.0,0.0,ACTIVE,GROCERIES,5411,False
MCH8856,3,35057.979999999996,3,0,0.0,0.0,11685.993333333332,0.0,0.0,1.0,0.0,,,,
MCH8857,2,26732.239999999998,2,0,0.0,0.0,13366.119999999999,0.0,0.0,1.0,0.0,,,,
MCH8858,4,59359.15,3,1,1.0,449.0,14839.7875,0.25,0.007564124486283917,0.75,0.25,,,,
MCH8859,2,15300.380000000001,2,0,1.0,-1478.88,7650.1900000000005,0.5,-0.09665642291237211,1.0,0.0,,,,
MCH8860,1,21306.02,1,0,0.0,0.0,21306.02,0.0,0.0,1.0,0.0,,,,
MCH8863,2,37034.86,1,0,0.0,0.0,18517.43,0.0,0.0,0.5,0.0,LIVE,TELECOM,4814.0,False
MCH8864,4,52399.89,3,1,1.0,3146.39,13099.9725,0.25,0.06004573673723361,0.75,0.25,LIVE,PHARMACIES,5912,False
MCH8865,3,38866.96,2,1,0.0,0.0,12955.653333333334,0.0,0.0,0.6666666666666666,0.3333333333333333,LIVE,BOOK STORE,5942,False
MCH8866,3,45923.76,3,0,0.0,0.0,15307.92,0.0,0.0,1.0,0.0,,,,
MCH8867,2,14482.19,1,0,0.0,0.0,7241.095,0.0,0.0,0.5,0.0,,,,
MCH8868,1,14768.84,1,0,0.0,0.0,14768.84,0.0,0.0,1.0,0.0,,,,
MCH8869,5,52804.55,5,0,2.0,17812.489999999998,10560.91,0.4,0.33732869610668015,1.0,0.0,ACTIVE,MEDICAL_STORE,5912,False
MCH8870,4,65671.55,4,0,1.0,638.04,16417.8875,0.25,0.009715622670699869,1.0,0.0,ACTIVE,TRANSPORTATION,4131,True
MCH8871,3,43501.759999999995,2,1,0.0,0.0,14500.586666666664,0.0,0.0,0.6666666666666666,0.3333333333333333,,,,
MCH8872,6,42267.16,6,0,0.0,0.0,7044.526666666668,0.0,0.0,1.0,0.0,,,,
MCH8873,2,8757.33,2,0,0.0,0.0,4378.665,0.0,0.0,1.0,0.0,ACTIVE,TRANSPRT,4131,False
MCH8874,1,16809.85,1,0,0.0,0.0,16809.85,0.0,0.0,1.0,0.0,,,,
MCH8875,2,40907.33,2,0,0.0,0.0,20453.665,0.0,0.0,1.0,0.0,,,,
MCH8876,5,50920.55,4,0,1.0,408.0,10184.11,0.2,0.00801248219039268,0.8,0.0,INACTIVE,STATIONERY,5942,True
MCH8877,3,44086.68,3,0,0.0,0.0,14695.56,0.0,0.0,1.0,0.0,,,,
MCH8878,1,-24534.77,1,0,0.0,0.0,-24534.77,0.0,0.0,1.0,0.0,ACTIVE,HOTELS,7011,False
MCH8880,2,29182.739999999998,2,0,0.0,0.0,14591.369999999999,0.0,0.0,1.0,0.0,INACTIVE,HOTEL_LODGING,UNKNOWN,True
MCH8881,4,59199.22,3,1,1.0,6017.37,14799.805,0.25,0.1016461027695973,0.75,0.25,,,,
MCH8883,1,6046.15,1,0,1.0,-1245.39,6046.15,1.0,-0.2059806653821027,1.0,0.0,,,,
MCH8884,3,19135.14,3,0,0.0,0.0,6378.38,0.0,0.0,1.0,0.0,ENABLED,STATIONERY,,False
MCH8885,4,52370.310000000005,3,1,1.0,5976.69,13092.577500000001,0.25,0.11412363226415881,0.75,0.25,ACTIVE,FASHION,5699,False
MCH8886,1,5842.55,1,0,1.0,-5520.5,5842.55,1.0,-0.9448785205090243,1.0,0.0,,,,
MCH8887,6,74158.73000000001,6,0,0.0,0.0,12359.788333333336,0.0,0.0,1.0,0.0,,,,
MCH8888,2,33261.68,1,0,0.0,0.0,16630.84,0.0,0.0,0.5,0.0,,,,
MCH8889,2,33618.81,2,0,0.0,0.0,16809.405,0.0,0.0,1.0,0.0,SUSPENDED,GARMENTS,5699,False
MCH8890,1,24602.92,1,0,1.0,2711.0,24602.92,1.0,0.11019017254862432,1.0,0.0,SUSPENDED,HOTELS,7011.0,True
MCH8891,4,44700.73,4,0,1.0,4825.86,11175.1825,0.25,0.10795931073161444,1.0,0.0,ENABLED,TELECOM,,False
MCH8892,2,16875.26,2,0,1.0,1679.19,8437.63,0.5,0.09950602242572856,1.0,0.0,,,,
MCH8893,1,19322.51,1,0,0.0,0.0,19322.51,0.0,0.0,1.0,0.0,ACTIVE,KIRANA,5411,False
MCH8894,2,28806.690000000002,2,0,1.0,4888.42,14403.345000000001,0.5,0.16969738626687064,1.0,0.0,,,,
MCH8895,2,47928.57,1,1,1.0,4988.8,23964.285,0.5,0.10408822963005156,0.5,0.5,ACTIVE,HOTELS,7011,False
MCH8896,3,21571.36,2,1,0.0,0.0,7190.453333333334,0.0,0.0,0.6666666666666666,0.3333333333333333,LIVE,TRANSPORTATION,4131,True
MCH8897,3,17516.760000000002,3,0,0.0,0.0,5838.920000000001,0.0,0.0,1.0,0.0,,,,
MCH8898,5,73432.48,4,1,1.0,0.0,14686.496,0.2,0.0,0.8,0.2,,,,
MCH8899,1,22069.72,1,0,0.0,0.0,22069.72,0.0,0.0,1.0,0.0,SUSPENDED,GARMENTS,5699,False
MCH8900,5,39344.06,4,1,1.0,573.0,7868.812,0.2,0.014563824882332937,0.8,0.2,CLOSED,FOOD,5812,True
MCH8901,1,16246.82,1,0,0.0,0.0,16246.82,0.0,0.0,1.0,0.0,ENABLED,MOBILE RECHARGE,4814,True
MCH8902,1,20169.63,1,0,1.0,3386.1,20169.63,1.0,0.16788111631199976,1.0,0.0,ACTIVE,KIRANA,5411,False
MCH8903,7,91848.11,6,0,3.0,3545.43,13121.158571428572,0.42857142857142855,0.038601012040421954,0.8571428571428571,0.0,ACTIVE,KIRANA,5411.0,False
MCH8904,2,32228.67,2,0,0.0,0.0,16114.335,0.0,0.0,1.0,0.0,,,,
MCH8905,3,32408.83,3,0,1.0,3305.27,10802.943333333335,0.3333333333333333,0.1019867116461779,1.0,0.0,,,,
MCH8906,2,28503.949999999997,2,0,0.0,0.0,14251.974999999999,0.0,0.0,1.0,0.0,,,,
MCH8907,1,19231.56,1,0,0.0,0.0,19231.56,0.0,0.0,1.0,0.0,,,,
MCH8908,2,21549.809999999998,2,0,0.0,0.0,10774.904999999999,0.0,0.0,1.0,0.0,,,,
MCH8909,2,19849.09,2,0,0.0,0.0,9924.545,0.0,0.0,1.0,0.0,ACTIVE,OTHER,5999,False
MCH8911,3,16411.32,3,0,1.0,3743.54,5470.44,0.3333333333333333,0.22810718455310117,1.0,0.0,ENABLED,BOOKS,5942,False
MCH8912,2,41248.78,2,0,0.0,0.0,20624.39,0.0,0.0,1.0,0.0,ACTIVE,KIRANA,5411,True
MCH8913,4,36427.58,4,0,0.0,0.0,9106.895,0.0,0.0,1.0,0.0,,,,
MCH8914,3,38177.56,3,0,0.0,0.0,12725.853333333333,0.0,0.0,1.0,0.0,,,,
MCH8915,3,26094.64,2,1,0.0,0.0,8698.213333333333,0.0,0.0,0.6666666666666666,0.3333333333333333,CLOSED,FOOD_SERVICES,5812,True
MCH8916,4,66667.43,4,0,2.0,4474.08,16666.8575,0.5,0.06711043158555835,1.0,0.0,,,,
MCH8917,2,8892.619999999999,1,0,0.0,0.0,4446.3099999999995,0.0,0.0,0.5,0.0,,,,
MCH8918,2,29215.129999999997,1,0,1.0,-728.36,14607.564999999999,0.5,-0.02493091764438495,0.5,0.0,ACTIVE,GARMENTS,,False
MCH8919,3,41750.52,2,0,0.0,0.0,13916.839999999998,0.0,0.0,0.6666666666666666,0.0,LIVE,TRANSPORT,,False
MCH8920,2,18085.0,2,0,0.0,0.0,9042.5,0.0,0.0,1.0,0.0,ENABLED,DEPARTMENT STORE,5311,False
MCH8921,3,30981.08,2,1,0.0,0.0,10327.026666666667,0.0,0.0,0.6666666666666666,0.3333333333333333,INACTIVE,GROCERY STORES,5411,False
MCH8922,2,27901.78,2,0,0.0,0.0,13950.89,0.0,0.0,1.0,0.0,,,,
MCH8924,5,29631.309999999998,5,0,0.0,0.0,5926.262,0.0,0.0,1.0,0.0,,,,
MCH8925,3,57001.619999999995,3,0,0.0,0.0,19000.539999999997,0.0,0.0,1.0,0.0,,,,
MCH8926,3,30138.039999999997,3,0,0.0,0.0,10046.013333333332,0.0,0.0,1.0,0.0,ENABLED,MEDICAL,5912,True
MCH8927,1,2171.25,0,0,0.0,0.0,2171.25,0.0,0.0,0.0,0.0,LIVE,OTHER,5999,False
MCH8928,2,26633.05,2,0,0.0,0.0,13316.525,0.0,0.0,1.0,0.0,ACTIVE,TRANSPORT,4131,True
MCH8929,2,34455.69,2,0,1.0,7505.86,17227.845,0.5,0.21784094296181558,1.0,0.0,ACTIVE,DEPARTMENT STORES,5311,True
MCH8930,3,49052.03,2,1,0.0,0.0,16350.676666666666,0.0,0.0,0.6666666666666666,0.3333333333333333,,,,
MCH8931,2,23326.510000000002,2,0,0.0,0.0,11663.255000000001,0.0,0.0,1.0,0.0,INACTIVE,FOOD_SERVICES,5812,True
MCH8932,1,962.91,0,1,0.0,0.0,962.91,0.0,0.0,0.0,1.0,ENABLED,OTHER,,False
MCH8933,2,17627.600000000002,2,0,1.0,-969.45,8813.800000000001,0.5,-0.054996142413034105,1.0,0.0,ACTIVE,HOTEL,7011,True
MCH8934,2,17233.329999999998,2,0,0.0,0.0,8616.664999999999,0.0,0.0,1.0,0.0,INACTIVE,GROCERIES,5411,True
MCH8935,3,32384.49,2,1,1.0,3249.99,10794.83,0.3333333333333333,0.10035637430140168,0.6666666666666666,0.3333333333333333,ACTIVE,BUS/TAXI,4131.0,False
MCH8936,5,38123.75,5,0,1.0,547.94,7624.75,0.2,0.014372667956326439,1.0,0.0,,,,
MCH8937,1,4724.0,1,0,0.0,0.0,4724.0,0.0,0.0,1.0,0.0,ACTIVE,HOTELS,7011,False
MCH8938,3,29030.239999999998,3,0,0.0,0.0,9676.746666666666,0.0,0.0,1.0,0.0,,,,
MCH8939,3,30942.260000000002,1,1,0.0,0.0,10314.086666666668,0.0,0.0,0.3333333333333333,0.3333333333333333,ACTIVE,RESTAURANTS,5812,False
MCH8940,1,21812.85,1,0,0.0,0.0,21812.85,0.0,0.0,1.0,0.0,,,,
MCH8941,6,73637.79,6,0,0.0,0.0,12272.964999999998,0.0,0.0,1.0,0.0,ENABLED,RETAIL OTHER,misc,True
MCH8942,1,12764.28,1,0,0.0,0.0,12764.28,0.0,0.0,1.0,0.0,,,,
MCH8944,2,26485.699999999997,2,0,0.0,0.0,13242.849999999999,0.0,0.0,1.0,0.0,ACTIVE,DEPARTMENT STORES,5311,False
MCH8945,2,13027.36,2,0,0.0,0.0,6513.68,0.0,0.0,1.0,0.0,ENABLED,GROCERIES,5411,True
MCH8946,2,29665.55,2,0,0.0,0.0,14832.775,0.0,0.0,1.0,0.0,,,,
MCH8947,1,13727.98,1,0,0.0,0.0,13727.98,0.0,0.0,1.0,0.0,,,,
MCH8948,2,32240.18,2,0,0.0,0.0,16120.09,0.0,0.0,1.0,0.0,,,,
MCH8950,3,41563.05,3,0,0.0,0.0,13854.35,0.0,0.0,1.0,0.0,ACTIVE,TRAVEL,4131,False
MCH8951,2,29707.43,2,0,1.0,3505.15,14853.715,0.5,0.11798900140469909,1.0,0.0,ACTIVE,PHONE SERVICE,4814,False
MCH8952,1,22599.79,1,0,0.0,0.0,22599.79,0.0,0.0,1.0,0.0,ACTIVE,MEDICAL,5912,False
MCH8953,3,40908.740000000005,2,1,0.0,0.0,13636.246666666668,0.0,0.0,0.6666666666666666,0.3333333333333333,ACTIVE,PHARMACY,5912,True
MCH8954,4,41975.990000000005,3,0,1.0,5074.67,10493.997500000001,0.25,0.12089458759638544,0.75,0.0,,,,
MCH8955,1,13672.0,1,0,1.0,19958.58,13672.0,1.0,1.4598142188414278,1.0,0.0,ACTIVE,HOTEL,7011,True
MCH8956,2,15067.91,2,0,0.0,0.0,7533.955,0.0,0.0,1.0,0.0,,,,
MCH8957,2,30368.38,2,0,1.0,1505.96,15184.19,0.5,0.04958973774695917,1.0,0.0,LIVE,APPAREL,5699,True
MCH8958,1,258.0,1,0,0.0,0.0,258.0,0.0,0.0,1.0,0.0,ACTIVE,CLOTHS,5699,False
MCH8959,1,3949.32,0,1,0.0,0.0,3949.32,0.0,0.0,0.0,1.0,,,,
MCH8960,3,41123.28,3,0,1.0,5855.28,13707.76,0.3333333333333333,0.14238358418880984,1.0,0.0,,,,
MCH8961,3,44860.19,3,0,0.0,0.0,14953.396666666667,0.0,0.0,1.0,0.0,,,,
MCH8962,5,61929.2,5,0,0.0,0.0,12385.84,0.0,0.0,1.0,0.0,,,,
MCH8963,2,33511.33,1,0,0.0,0.0,16755.665,0.0,0.0,0.5,0.0,ACTIVE,GROCERIES,5411,False
MCH8964,1,11767.81,1,0,1.0,1252.47,11767.81,1.0,0.10643186795164096,1.0,0.0,,,,
MCH8965,3,29223.33,2,0,2.0,1253.1200000000001,9741.11,0.6666666666666666,0.04288080790245328,0.6666666666666666,0.0,ACTIVE,STATIONERY,5942,True
MCH8967,5,45341.7,5,0,0.0,0.0,9068.34,0.0,0.0,1.0,0.0,ACTIVE,TELECOM,4814,True
MCH8968,3,43774.95,3,0,0.0,0.0,14591.65,0.0,0.0,1.0,0.0,INACTIVE,RESTAURANT,5812,True
MCH8969,1,2160.0,1,0,0.0,0.0,2160.0,0.0,0.0,1.0,0.0,,,,
MCH8970,2,29864.8,2,0,0.0,0.0,14932.4,0.0,0.0,1.0,0.0,,,,
MCH8971,1,4115.0,0,0,0.0,0.0,4115.0,0.0,0.0,0.0,0.0,,,,
MCH8972,3,39831.75,2,1,0.0,0.0,13277.25,0.0,0.0,0.6666666666666666,0.3333333333333333,ENABLED,GROCERY STORES,5411,False
MCH8973,2,-9712.71,1,1,0.0,0.0,-4856.355,0.0,0.0,0.5,0.5,,,,
MCH8974,1,17070.64,1,0,0.0,0.0,17070.64,0.0,0.0,1.0,0.0,ACTIVE,PHARMACY,5912,True
MCH8975,5,47864.32,5,0,0.0,0.0,9572.864,0.0,0.0,1.0,0.0,ACTIVE,TELECOM,4814,False
MCH8976,4,41511.04,4,0,0.0,0.0,10377.76,0.0,0.0,1.0,0.0,SUSPENDED,GARMENTS,5699,False
MCH8977,1,2981.39,1,0,0.0,0.0,2981.39,0.0,0.0,1.0,0.0,,,,
MCH8978,1,6032.5,1,0,0.0,0.0,6032.5,0.0,0.0,1.0,0.0,ACTIVE,STATIONERY,5942,False
MCH8979,1,13726.0,1,0,0.0,0.0,13726.0,0.0,0.0,1.0,0.0,,,,
MCH8980,2,21840.300000000003,2,0,1.0,3875.84,10920.150000000001,0.5,0.17746276378987466,1.0,0.0,LIVE,GARMENTS,,True
MCH8982,3,56533.95,3,0,0.0,0.0,18844.649999999998,0.0,0.0,1.0,0.0,ACTIVE,FOOD_SERVICES,5812,False
MCH8983,2,21530.5,2,0,0.0,0.0,10765.25,0.0,0.0,1.0,0.0,,,,
MCH8984,2,25970.32,2,0,1.0,1912.26,12985.16,0.5,0.07363251588736681,1.0,0.0,ACTIVE,FOOD,5812,False
MCH8985,4,67402.09,3,1,1.0,7674.03,16850.5225,0.25,0.11385448136697245,0.75,0.25,,,,
MCH8986,4,53119.78,4,0,0.0,0.0,13279.945,0.0,0.0,1.0,0.0,,,,
MCH8987,1,3185.14,0,0,0.0,0.0,3185.14,0.0,0.0,0.0,0.0,ACTIVE,STATIONERY,5942,False
MCH8988,4,5377.87,4,0,0.0,0.0,1344.4675,0.0,0.0,1.0,0.0,ACTIVE,STATIONERY,5942,False
MCH8989,5,44705.340000000004,5,0,0.0,0.0,8941.068000000001,0.0,0.0,1.0,0.0,,,,
MCH8992,5,61456.27,5,0,0.0,0.0,12291.253999999999,0.0,0.0,1.0,0.0,,,,
MCH8993,3,46242.51,3,0,0.0,0.0,15414.17,0.0,0.0,1.0,0.0,,,,
MCH8994,2,20371.7,2,0,1.0,306.11,10185.85,0.5,0.015026237378323851,1.0,0.0,ACTIVE,TELECOM,,False
MCH8996,1,12594.39,1,0,0.0,0.0,12594.39,0.0,0.0,1.0,0.0,ACTIVE,OTHER,UNKNOWN,False
MCH8997,6,62303.16,5,1,0.0,0.0,10383.86,0.0,0.0,0.8333333333333334,0.16666666666666666,,,,
MCH8998,5,68773.31999999999,4,0,0.0,0.0,13754.663999999999,0.0,0.0,0.8,0.0,,,,
MCH8999,5,52517.78999999999,4,0,2.0,1998.29,10503.557999999999,0.4,0.03804977322922385,0.8,0.0,LIVE,TRANSPRT,4131,True
MCH9000,5,95792.52,4,0,0.0,0.0,19158.504,0.0,0.0,0.8,0.0,,,,
MCH9002,2,10917.66,2,0,0.0,0.0,5458.83,0.0,0.0,1.0,0.0,LIVE,DEPARTMENT STORE,,False
MCH9004,4,25496.96,4,0,0.0,0.0,6374.24,0.0,0.0,1.0,0.0,LIVE,APPAREL,5699,True
MCH9006,1,7587.0,1,0,0.0,0.0,7587.0,0.0,0.0,1.0,0.0,ENABLED,GARMENTS,5699,False
MCH9007,2,32652.440000000002,1,1,0.0,0.0,16326.220000000001,0.0,0.0,0.5,0.5,,,,
MCH9008,4,71285.23999999999,4,0,1.0,6398.47,17821.309999999998,0.25,0.08975869338449308,1.0,0.0,ENABLED,GROCERY STORES,5411,False
MCH9009,5,49475.9,4,1,1.0,0.0,9895.18,0.2,0.0,0.8,0.2,INACTIVE,RETAIL,5311,True
MCH9010,2,22878.809999999998,2,0,0.0,0.0,11439.404999999999,0.0,0.0,1.0,0.0,,,,
MCH9011,3,29565.61,3,0,0.0,0.0,9855.203333333333,0.0,0.0,1.0,0.0,,,,
MCH9012,5,65538.28,4,0,0.0,0.0,13107.655999999999,0.0,0.0,0.8,0.0,DISABLED,GROCERY_STORE,5411,True
MCH9013,3,19755.52,2,1,0.0,0.0,6585.173333333333,0.0,0.0,0.6666666666666666,0.3333333333333333,,,,
MCH9014,2,4726.64,2,0,0.0,0.0,2363.32,0.0,0.0,1.0,0.0,ACTIVE,TELECOM,4814,False
MCH9015,4,36266.740000000005,2,2,1.0,0.0,9066.685000000001,0.25,0.0,0.5,0.5,LIVE,RESTAURANTS,5812,False
MCH9016,2,18036.760000000002,1,1,0.0,0.0,9018.380000000001,0.0,0.0,0.5,0.5,ENABLED,TELECOM,4814,False
MCH9017,1,15677.43,1,0,0.0,0.0,15677.43,0.0,0.0,1.0,0.0,,,,
MCH9018,1,17989.56,1,0,0.0,0.0,17989.56,0.0,0.0,1.0,0.0,ENABLED,STATIONERY,5942,True
MCH9019,3,22502.97,3,0,0.0,0.0,7500.990000000001,0.0,0.0,1.0,0.0,,,,
MCH9020,1,15147.93,1,0,0.0,0.0,15147.93,0.0,0.0,1.0,0.0,,,,
MCH9021,2,21961.949999999997,1,1,0.0,0.0,10980.974999999999,0.0,0.0,0.5,0.5,INACTIVE,TELECOM,4814,True
MCH9023,2,24584.62,1,1,0.0,0.0,12292.31,0.0,0.0,0.5,0.5,,,,
MCH9024,3,45707.4,3,0,0.0,0.0,15235.800000000001,0.0,0.0,1.0,0.0,,,,
MCH9025,1,23913.15,1,0,1.0,2423.45,23913.15,1.0,0.10134382128661426,1.0,0.0,,,,
MCH9026,2,9754.619999999999,2,0,0.0,0.0,4877.3099999999995,0.0,0.0,1.0,0.0,,,,
MCH9027,1,11637.29,1,0,0.0,0.0,11637.29,0.0,0.0,1.0,0.0,LIVE,HOTELS,7011,False
MCH9028,3,25324.920000000002,3,0,0.0,0.0,8441.640000000001,0.0,0.0,1.0,0.0,,,,
MCH9029,10,111632.97,7,2,2.0,10072.49,11163.297,0.2,0.09022863048434526,0.7,0.2,ACTIVE,RETAIL,5311,False
MCH9031,1,13771.76,1,0,0.0,0.0,13771.76,0.0,0.0,1.0,0.0,,,,
MCH9032,1,20766.28,1,0,0.0,0.0,20766.28,0.0,0.0,1.0,0.0,ACTIVE,DEPT_STORE,5311,False
MCH9033,2,21781.54,1,0,0.0,0.0,10890.77,0.0,0.0,0.5,0.0,,,,
MCH9034,4,44450.5,3,1,0.0,0.0,11112.625,0.0,0.0,0.75,0.25,,,,
MCH9037,3,49697.07,2,1,0.0,0.0,16565.69,0.0,0.0,0.6666666666666666,0.3333333333333333,ACTIVE,TRANSPORTATION,4131,False
MCH9038,3,48392.98,2,0,1.0,1445.01,16130.993333333334,0.3333333333333333,0.02985990943314505,0.6666666666666666,0.0,LIVE,GARMENTS,UNKNOWN,True
MCH9040,3,61181.54,2,1,2.0,1851.17,20393.846666666668,0.6666666666666666,0.030257002357246973,0.6666666666666666,0.3333333333333333,ACTIVE,STATIONERY,,False
MCH9041,3,55228.93,3,0,0.0,0.0,18409.643333333333,0.0,0.0,1.0,0.0,ENABLED,TRANSPRT,4131,False
MCH9042,4,35058.93,1,3,1.0,1870.83,8764.7325,0.25,0.05336243861407065,0.25,0.75,,,,
MCH9043,6,66608.36,5,0,1.0,0.0,11101.393333333333,0.16666666666666666,0.0,0.8333333333333334,0.0,ACTIVE,HOTEL,7011,False
MCH9044,5,43021.98,5,0,1.0,268.0,8604.396,0.2,0.006229373915379998,1.0,0.0,,,,
MCH9045,6,47760.22,4,2,1.0,-3671.61,7960.036666666667,0.16666666666666666,-0.07687590216292974,0.6666666666666666,0.3333333333333333,DISABLED,TELECOM,4814,False
MCH9046,4,65179.340000000004,4,0,0.0,0.0,16294.835000000001,0.0,0.0,1.0,0.0,,,,
MCH9048,2,46625.11,2,0,1.0,3087.13,23312.555,0.5,0.06621174727523431,1.0,0.0,LIVE,FOOD,5812,True
MCH9049,2,19773.11,2,0,0.0,0.0,9886.555,0.0,0.0,1.0,0.0,ACTIVE,PHARMACY,5912,True
MCH9050,3,48033.92,3,0,0.0,0.0,16011.306666666665,0.0,0.0,1.0,0.0,SUSPENDED,BUS/TAXI,4131,True
MCH9051,3,25230.91,3,0,2.0,119.0,8410.303333333333,0.6666666666666666,0.004716437100366178,1.0,0.0,ACTIVE,TELECOM,4814,False
MCH9053,2,18192.33,2,0,0.0,0.0,9096.165,0.0,0.0,1.0,0.0,,,,
MCH9054,1,9952.99,1,0,0.0,0.0,9952.99,0.0,0.0,1.0,0.0,,,,
MCH9055,1,10662.76,1,0,0.0,0.0,10662.76,0.0,0.0,1.0,0.0,,,,
MCH9056,2,14811.14,2,0,0.0,0.0,7405.57,0.0,0.0,1.0,0.0,LIVE,BOOKS,5942,False
MCH9057,4,61813.18,4,0,1.0,2938.45,15453.295,0.25,0.04753759635081062,1.0,0.0,LIVE,STATIONERY,,False
MCH9058,1,1235.85,1,0,0.0,0.0,1235.85,0.0,0.0,1.0,0.0,,,,
MCH9059,5,49118.68,5,0,0.0,0.0,9823.736,0.0,0.0,1.0,0.0,ENABLED,DEPARTMENT STORE,5311,False
MCH9060,3,38482.21,3,0,0.0,0.0,12827.403333333334,0.0,0.0,1.0,0.0,ENABLED,RETAIL OTHER,5999,False
MCH9061,2,22475.41,2,0,0.0,0.0,11237.705,0.0,0.0,1.0,0.0,,,,
MCH9062,1,9091.0,1,0,0.0,0.0,9091.0,0.0,0.0,1.0,0.0,,,,
MCH9063,3,46422.66,3,0,0.0,0.0,15474.220000000001,0.0,0.0,1.0,0.0,INACTIVE,CLOTHING,5699,False
MCH9065,1,18893.0,1,0,1.0,609.57,18893.0,1.0,0.03226433070449373,1.0,0.0,,,,
MCH9066,1,350.86,1,0,0.0,0.0,350.86,0.0,0.0,1.0,0.0,,,,
MCH9067,1,18797.44,1,0,0.0,0.0,18797.44,0.0,0.0,1.0,0.0,INACTIVE,TELECOM,4814,True
MCH9068,3,45284.119999999995,2,1,0.0,0.0,15094.706666666665,0.0,0.0,0.6666666666666666,0.3333333333333333,ACTIVE,APPAREL,5699,True
MCH9069,3,41614.04,3,0,0.0,0.0,13871.346666666666,0.0,0.0,1.0,0.0,,,,
MCH9070,2,22094.760000000002,2,0,1.0,967.0,11047.380000000001,0.5,0.04376603321330487,1.0,0.0,ENABLED,MEDICAL,5912.0,False
MCH9071,1,16085.77,1,0,0.0,0.0,16085.77,0.0,0.0,1.0,0.0,,,,
MCH9072,6,87113.65,5,1,1.0,0.0,14518.941666666666,0.16666666666666666,0.0,0.8333333333333334,0.16666666666666666,,,,
MCH9073,3,53876.65,2,1,0.0,0.0,17958.883333333335,0.0,0.0,0.6666666666666666,0.3333333333333333,,,,
MCH9074,2,9564.46,2,0,0.0,0.0,4782.23,0.0,0.0,1.0,0.0,ACTIVE,HOTELS,7011,True
MCH9075,2,33981.28,2,0,2.0,4667.629999999999,16990.64,1.0,0.13735886346835668,1.0,0.0,INACTIVE,PHONE SERVICE,4814,False
MCH9076,2,1732.01,2,0,1.0,966.31,866.005,0.5,0.5579124831842772,1.0,0.0,,,,
MCH9077,2,18714.28,1,1,0.0,0.0,9357.14,0.0,0.0,0.5,0.5,,,,
MCH9078,3,52142.19,3,0,0.0,0.0,17380.73,0.0,0.0,1.0,0.0,,,,
MCH9079,5,50915.25,4,1,0.0,0.0,10183.05,0.0,0.0,0.8,0.2,,,,
MCH9080,2,12067.83,1,1,0.0,0.0,6033.915,0.0,0.0,0.5,0.5,SUSPENDED,APPAREL,5699,True
MCH9081,2,39997.990000000005,2,0,0.0,0.0,19998.995000000003,0.0,0.0,1.0,0.0,LIVE,PHONE SERVICE,4814,False
MCH9082,2,18131.43,2,0,0.0,0.0,9065.715,0.0,0.0,1.0,0.0,INACTIVE,DEPARTMENT STORES,5311,True
MCH9084,5,50709.42,5,0,0.0,0.0,10141.884,0.0,0.0,1.0,0.0,,,,
MCH9085,1,12732.74,1,0,0.0,0.0,12732.74,0.0,0.0,1.0,0.0,,,,
MCH9086,3,30451.22,3,0,0.0,0.0,10150.406666666668,0.0,0.0,1.0,0.0,,,,
MCH9087,1,9354.73,1,0,0.0,0.0,9354.73,0.0,0.0,1.0,0.0,,,,
MCH9088,3,37492.96,3,0,0.0,0.0,12497.653333333334,0.0,0.0,1.0,0.0,ACTIVE,MISCELLANEOUS,5999,True
MCH9089,1,18805.34,1,0,0.0,0.0,18805.34,0.0,0.0,1.0,0.0,,,,
MCH9090,2,37201.95,2,0,0.0,0.0,18600.975,0.0,0.0,1.0,0.0,,,,
MCH9092,1,15048.0,1,0,0.0,0.0,15048.0,0.0,0.0,1.0,0.0,INACTIVE,HOSPITALITY,7011,True
MCH9093,2,26027.09,1,1,1.0,1552.98,13013.545,0.5,0.05966783071023307,0.5,0.5,,,,
MCH9094,1,14760.43,1,0,0.0,0.0,14760.43,0.0,0.0,1.0,0.0,SUSPENDED,PHARMACY,5912,False
MCH9095,2,22894.030000000002,2,0,0.0,0.0,11447.015000000001,0.0,0.0,1.0,0.0,SUSPENDED,MOBILE RECHARGE,4814,False
MCH9097,2,19578.420000000002,2,0,1.0,799.39,9789.210000000001,0.5,0.040830158919871976,1.0,0.0,,,,
MCH9098,1,7121.0,0,1,0.0,0.0,7121.0,0.0,0.0,0.0,1.0,ACTIVE,RESTAURANTS,5812,True
MCH9099,4,48901.69,4,0,0.0,0.0,12225.4225,0.0,0.0,1.0,0.0,,,,
MCH9100,2,13934.45,2,0,1.0,2928.89,6967.225,0.5,0.21019057085137913,1.0,0.0,ACTIVE,MISC RETAIL,5999,False
MCH9101,3,44854.57,3,0,1.0,6523.57,14951.523333333333,0.3333333333333333,0.14543824631470104,1.0,0.0,LIVE,TRANSPORT,,False
MCH9102,3,44018.59,3,0,0.0,0.0,14672.863333333333,0.0,0.0,1.0,0.0,ACTIVE,BOOKS_STATIONERY,5942.0,False
MCH9104,4,59916.76,4,0,0.0,0.0,14979.19,0.0,0.0,1.0,0.0,ENABLED,BUS/TAXI,4131,True
MCH9106,1,14371.83,1,0,0.0,0.0,14371.83,0.0,0.0,1.0,0.0,,,,
MCH9107,2,28381.09,2,0,0.0,0.0,14190.545,0.0,0.0,1.0,0.0,ENABLED,GARMENTS,5699.0,True
MCH9108,3,21953.56,3,0,1.0,843.91,7317.8533333333335,0.3333333333333333,0.03844069025706992,1.0,0.0,,,,
MCH9109,3,24458.72,3,0,0.0,0.0,8152.906666666667,0.0,0.0,1.0,0.0,LIVE,CLOTHING,5699.0,False
MCH9110,1,6233.01,1,0,0.0,0.0,6233.01,0.0,0.0,1.0,0.0,INACTIVE,HOSPITALITY,7011,False
MCH9111,3,28443.67,2,1,0.0,0.0,9481.223333333333,0.0,0.0,0.6666666666666666,0.3333333333333333,ENABLED,MISC RETAIL,5999.0,False
MCH9112,4,6900.039999999997,4,0,2.0,3420.75,1725.0099999999993,0.5,0.4957579956058228,1.0,0.0,CLOSED,DEPARTMENT STORES,5311.0,True
MCH9113,1,8086.84,1,0,0.0,0.0,8086.84,0.0,0.0,1.0,0.0,,,,
MCH9114,2,20117.81,2,0,1.0,1533.39,10058.905,0.5,0.07622052300921422,1.0,0.0,ACTIVE,APPAREL,5699.0,True
MCH9115,7,83303.06,6,1,2.0,3777.17,11900.437142857143,0.2857142857142857,0.04534251202776945,0.8571428571428571,0.14285714285714285,,,,
MCH9116,5,50580.49,4,0,3.0,6021.15,10116.098,0.6,0.11904095828253146,0.8,0.0,,,,
MCH9117,2,1727.77,1,1,0.0,0.0,863.885,0.0,0.0,0.5,0.5,HOLD,BOOK STORE,5942.0,False
MCH9118,1,13173.95,1,0,0.0,0.0,13173.95,0.0,0.0,1.0,0.0,,,,
MCH9119,4,47636.200000000004,4,0,1.0,540.0,11909.050000000001,0.25,0.011335916802767642,1.0,0.0,ACTIVE,TELECOM,4814,False
MCH9120,4,16065.94,3,1,1.0,1942.99,4016.485,0.25,0.12093845738251231,0.75,0.25,ACTIVE,HOTEL,7011,False
MCH9122,6,89710.69,6,0,1.0,846.13,14951.781666666668,0.16666666666666666,0.009431763371789918,1.0,0.0,,,,
MCH9123,5,54552.42,4,1,1.0,-12852.7,10910.484,0.2,-0.235602746862559,0.8,0.2,,,,
MCH9125,5,68745.82,5,0,1.0,-7890.76,13749.164,0.2,-0.11478166963460469,1.0,0.0,LIVE,DEPARTMENT STORES,5311,True
MCH9126,8,79211.68,8,0,1.0,-3084.74,9901.46,0.125,-0.03894299426549216,1.0,0.0,ACTIVE,GROCERY,5411,False
MCH9127,1,163.15,1,0,0.0,0.0,163.15,0.0,0.0,1.0,0.0,,,,
MCH9128,1,2955.32,1,0,1.0,865.55,2955.32,1.0,0.29287860536253263,1.0,0.0,LIVE,STATIONERY,5942,False
MCH9129,2,28034.45,1,0,0.0,0.0,14017.225,0.0,0.0,0.5,0.0,ENABLED,GROCERY,5411,False
MCH9130,1,7428.33,0,0,0.0,0.0,7428.33,0.0,0.0,0.0,0.0,ACTIVE,EATING PLACE,5812,False
MCH9131,2,13124.99,2,0,0.0,0.0,6562.495,0.0,0.0,1.0,0.0,ACTIVE,HOTEL_LODGING,7011,False
MCH9132,5,70106.35,5,0,1.0,3605.24,14021.27,0.2,0.0514252988495336,1.0,0.0,SUSPENDED,TELECOM,4814,False
MCH9133,4,20060.25,3,0,1.0,0.0,5015.0625,0.25,0.0,0.75,0.0,ENABLED,TRANSPRT,4131,False
MCH9134,4,64420.62,3,0,0.0,0.0,16105.155,0.0,0.0,0.75,0.0,ACTIVE,GARMENTS,5699,False
MCH9135,5,49592.86,5,0,1.0,4839.05,9918.572,0.2,0.09757553809157206,1.0,0.0,ACTIVE,MOBILE RECHARGE,4814,False
MCH9136,2,24526.79,2,0,1.0,3269.55,12263.395,0.5,0.1333052551923835,1.0,0.0,ACTIVE,GROCERY STORES,5411.0,False
MCH9137,3,39969.96,2,1,0.0,0.0,13323.32,0.0,0.0,0.6666666666666666,0.3333333333333333,ACTIVE,TRANSPRT,4131,False
MCH9138,1,2527.81,1,0,0.0,0.0,2527.81,0.0,0.0,1.0,0.0,,,,
MCH9139,4,7353.579999999999,4,0,1.0,6623.0,1838.3949999999998,0.25,0.9006497515495855,1.0,0.0,,,,
MCH9140,3,35281.909999999996,3,0,1.0,6862.58,11760.636666666665,0.3333333333333333,0.19450704341119857,1.0,0.0,ACTIVE,TELECOM,4814,True
MCH9141,2,26169.43,1,0,1.0,529.68,13084.715,0.5,0.020240410280239193,0.5,0.0,,,,
MCH9142,1,8898.26,1,0,0.0,0.0,8898.26,0.0,0.0,1.0,0.0,,,,
MCH9143,2,25574.469999999998,1,1,0.0,0.0,12787.234999999999,0.0,0.0,0.5,0.5,ACTIVE,RESTAURANTS,5812,True
MCH9144,2,29921.42,2,0,0.0,0.0,14960.71,0.0,0.0,1.0,0.0,,,,
MCH9145,1,24944.63,1,0,0.0,0.0,24944.63,0.0,0.0,1.0,0.0,ACTIVE,FASHION,5699.0,True
MCH9146,3,26885.719999999998,2,0,0.0,0.0,8961.906666666666,0.0,0.0,0.6666666666666666,0.0,,,,
MCH9147,2,5820.71,2,0,0.0,0.0,2910.355,0.0,0.0,1.0,0.0,ACTIVE,PHARMACIES,5912,True
MCH9150,2,21073.61,1,0,0.0,0.0,10536.805,0.0,0.0,0.5,0.0,,,,
MCH9151,2,26779.49,2,0,0.0,0.0,13389.745,0.0,0.0,1.0,0.0,INACTIVE,TRANSPORT,4131,False
MCH9152,1,20309.81,1,0,2.0,1580.77,20309.81,2.0,0.0778328305385427,1.0,0.0,ACTIVE,TELECOM,4814,False
MCH9153,1,10549.0,1,0,0.0,0.0,10549.0,0.0,0.0,1.0,0.0,LIVE,BUS/TAXI,4131,False
MCH9154,4,48608.84,3,1,0.0,0.0,12152.21,0.0,0.0,0.75,0.25,ACTIVE,RETAIL OTHER,5999.0,True
MCH9156,5,74769.73,5,0,0.0,0.0,14953.946,0.0,0.0,1.0,0.0,,,,
MCH9157,1,6701.68,1,0,0.0,0.0,6701.68,0.0,0.0,1.0,0.0,,,,
MCH9158,2,17745.52,2,0,0.0,0.0,8872.76,0.0,0.0,1.0,0.0,CLOSED,RESTAURANTS,5812,False
MCH9159,2,20346.42,2,0,0.0,0.0,10173.21,0.0,0.0,1.0,0.0,,,,
MCH9161,1,10615.48,1,0,0.0,0.0,10615.48,0.0,0.0,1.0,0.0,ACTIVE,RETAIL,5311,False
MCH9162,3,35984.03,2,0,0.0,0.0,11994.676666666666,0.0,0.0,0.6666666666666666,0.0,ACTIVE,MISCELLANEOUS,5999,False
MCH9163,1,5512.38,1,0,1.0,1881.35,5512.38,1.0,0.3412954114193869,1.0,0.0,,,,
MCH9164,3,-966.3500000000022,3,0,1.0,0.0,-322.1166666666674,0.3333333333333333,0.0,1.0,0.0,ENABLED,CLOTHS,,False
MCH9165,3,18826.489999999998,3,0,0.0,0.0,6275.496666666666,0.0,0.0,1.0,0.0,ACTIVE,GROCERY,5411,True
MCH9166,2,38052.119999999995,2,0,0.0,0.0,19026.059999999998,0.0,0.0,1.0,0.0,,,,
MCH9167,1,21066.28,0,1,0.0,0.0,21066.28,0.0,0.0,0.0,1.0,,,,
MCH9168,1,24798.25,1,0,0.0,0.0,24798.25,0.0,0.0,1.0,0.0,,,,
MCH9169,3,45154.4,3,0,0.0,0.0,15051.466666666667,0.0,0.0,1.0,0.0,,,,
MCH9170,4,51966.02,4,0,0.0,0.0,12991.505,0.0,0.0,1.0,0.0,,,,
MCH9171,4,48720.31,4,0,0.0,0.0,12180.0775,0.0,0.0,1.0,0.0,,,,
MCH9172,3,52919.63,2,1,0.0,0.0,17639.876666666667,0.0,0.0,0.6666666666666666,0.3333333333333333,,,,
MCH9173,2,45686.03,2,0,0.0,0.0,22843.015,0.0,0.0,1.0,0.0,ENABLED,MISCELLANEOUS,5999,False
MCH9174,2,20572.9,2,0,1.0,3007.22,10286.45,0.5,0.14617385006489117,1.0,0.0,ENABLED,HOSPITALITY,7011,False
MCH9175,2,20260.489999999998,2,0,0.0,0.0,10130.244999999999,0.0,0.0,1.0,0.0,ACTIVE,HOSPITALITY,7011,False
MCH9176,3,39250.909999999996,3,0,0.0,0.0,13083.636666666665,0.0,0.0,1.0,0.0,SUSPENDED,DEPARTMENT STORE,5311,False
MCH9177,4,35317.33,3,1,1.0,1087.14,8829.3325,0.25,0.030782055155358576,0.75,0.25,,,,
MCH9179,4,30528.67,4,0,0.0,0.0,7632.1675,0.0,0.0,1.0,0.0,,,,
MCH9180,1,313.74,1,0,0.0,0.0,313.74,0.0,0.0,1.0,0.0,LIVE,CLOTHS,5699.0,True
MCH9181,1,8989.88,1,0,1.0,976.66,8989.88,1.0,0.10863993735177778,1.0,0.0,,,,
MCH9182,1,11686.85,1,0,0.0,0.0,11686.85,0.0,0.0,1.0,0.0,,,,
MCH9183,3,46214.17,3,0,2.0,3467.5299999999997,15404.723333333333,0.6666666666666666,0.07503174892029868,1.0,0.0,,,,
MCH9184,4,53114.59,4,0,0.0,0.0,13278.6475,0.0,0.0,1.0,0.0,,,,
MCH9185,3,35899.5,2,0,0.0,0.0,11966.5,0.0,0.0,0.6666666666666666,0.0,CLOSED,RESTAURANTS,5812,True
MCH9186,4,30789.39,3,1,1.0,1969.23,7697.3475,0.25,0.06395807127065525,0.75,0.25,,,,
MCH9187,4,34813.12,4,0,0.0,0.0,8703.28,0.0,0.0,1.0,0.0,ACTIVE,RESTAURANTS,5812.0,False
MCH9188,3,36773.51,2,0,0.0,0.0,12257.836666666668,0.0,0.0,0.6666666666666666,0.0,ENABLED,MOBILE RECHARGE,4814,False
MCH9189,4,76733.49,3,1,2.0,3771.1499999999996,19183.3725,0.5,0.04914607689549894,0.75,0.25,,,,
MCH9191,2,23039.59,2,0,0.0,0.0,11519.795,0.0,0.0,1.0,0.0,,,,
MCH9193,4,60694.36,4,0,0.0,0.0,15173.59,0.0,0.0,1.0,0.0,ACTIVE,GARMENTS,5699,True
MCH9194,3,21976.77,2,1,0.0,0.0,7325.59,0.0,0.0,0.6666666666666666,0.3333333333333333,,,,
MCH9195,5,80460.08,3,2,0.0,0.0,16092.016,0.0,0.0,0.6,0.4,ACTIVE,DEPARTMENT STORE,5311.0,False
MCH9197,2,15948.2,1,0,0.0,0.0,7974.1,0.0,0.0,0.5,0.0,,,,
MCH9198,1,6745.0,1,0,0.0,0.0,6745.0,0.0,0.0,1.0,0.0,,,,
MCH9199,2,18458.8,1,1,1.0,1467.32,9229.4,0.5,0.079491624590981,0.5,0.5,ACTIVE,PHONE SERVICE,4814,True
MCH9200,4,38316.149999999994,3,1,1.0,7433.73,9579.037499999999,0.25,0.194010358556379,0.75,0.25,,,,
MCH9201,4,62225.770000000004,4,0,0.0,0.0,15556.442500000001,0.0,0.0,1.0,0.0,ACTIVE,PHONE SERVICE,4814,False
MCH9202,1,20865.95,1,0,0.0,0.0,20865.95,0.0,0.0,1.0,0.0,,,,
MCH9203,1,10625.61,1,0,1.0,4872.0,10625.61,1.0,0.4585148523237724,1.0,0.0,ACTIVE,HOTELS,7011,True
MCH9204,3,50744.85,2,0,1.0,2390.0,16914.95,0.3333333333333333,0.047098375500173914,0.6666666666666666,0.0,,,,
MCH9205,3,41754.6,3,0,0.0,0.0,13918.199999999999,0.0,0.0,1.0,0.0,SUSPENDED,TRANSPORT,4131,False
MCH9206,1,15292.17,1,0,0.0,0.0,15292.17,0.0,0.0,1.0,0.0,,,,
MCH9207,3,39073.68,3,0,0.0,0.0,13024.56,0.0,0.0,1.0,0.0,ENABLED,DEPT_STORE,5311.0,True
MCH9208,2,21887.829999999998,2,0,0.0,0.0,10943.914999999999,0.0,0.0,1.0,0.0,INACTIVE,BOOKS_STATIONERY,5942,False
MCH9209,3,67770.57,1,1,1.0,870.0,22590.190000000002,0.3333333333333333,0.01283743076087452,0.3333333333333333,0.3333333333333333,,,,
MCH9210,1,2900.72,1,0,0.0,0.0,2900.72,0.0,0.0,1.0,0.0,,,,
MCH9211,2,29612.07,2,0,0.0,0.0,14806.035,0.0,0.0,1.0,0.0,ENABLED,HOTEL_LODGING,7011,False
MCH9212,2,30321.120000000003,1,1,0.0,0.0,15160.560000000001,0.0,0.0,0.5,0.5,,,,
MCH9213,4,55121.83,4,0,0.0,0.0,13780.4575,0.0,0.0,1.0,0.0,,,,
MCH9214,3,17075.67,3,0,0.0,0.0,5691.889999999999,0.0,0.0,1.0,0.0,,,,
MCH9215,2,9570.16,0,1,0.0,0.0,4785.08,0.0,0.0,0.0,0.5,,,,
MCH9216,2,22377.920000000002,2,0,0.0,0.0,11188.960000000001,0.0,0.0,1.0,0.0,ACTIVE,CHEMIST,UNKNOWN,False
MCH9217,1,2537.06,1,0,0.0,0.0,2537.06,0.0,0.0,1.0,0.0,,,,
MCH9218,1,13276.17,1,0,0.0,0.0,13276.17,0.0,0.0,1.0,0.0,,,,
MCH9219,3,51591.11,2,1,1.0,-512.66,17197.036666666667,0.3333333333333333,-0.009936983329104568,0.6666666666666666,0.3333333333333333,ACTIVE,TELECOM,4814,False
MCH9220,2,28297.32,2,0,0.0,0.0,14148.66,0.0,0.0,1.0,0.0,INACTIVE,TRAVEL,4131,False
MCH9221,3,37560.26,3,0,1.0,385.53,12520.086666666668,0.3333333333333333,0.010264305944634036,1.0,0.0,,,,
MCH9222,1,10502.54,1,0,0.0,0.0,10502.54,0.0,0.0,1.0,0.0,,,,
MCH9223,1,20981.0,1,0,0.0,0.0,20981.0,0.0,0.0,1.0,0.0,ENABLED,GARMENTS,5699,True
MCH9224,4,86358.28,3,0,0.0,0.0,21589.57,0.0,0.0,0.75,0.0,,,,
MCH9225,1,7142.0,1,0,0.0,0.0,7142.0,0.0,0.0,1.0,0.0,,,,
MCH9226,4,40999.38,3,1,0.0,0.0,10249.845,0.0,0.0,0.75,0.25,ACTIVE,CLOTHING,5699,True
MCH9227,4,69887.66,3,1,3.0,-4262.35,17471.915,0.75,-0.060988592263641395,0.75,0.25,,,,
MCH9228,2,-4339.04,1,1,0.0,0.0,-2169.52,0.0,0.0,0.5,0.5,ACTIVE,OTHER,5999,False
MCH9229,2,19985.2,2,0,0.0,0.0,9992.6,0.0,0.0,1.0,0.0,DISABLED,BOOKS_STATIONERY,,False
MCH9230,3,34008.36,3,0,0.0,0.0,11336.12,0.0,0.0,1.0,0.0,,,,
MCH9231,5,81945.72,3,2,0.0,0.0,16389.144,0.0,0.0,0.6,0.4,ACTIVE,TRANSPRT,4131,False
MCH9232,3,35408.770000000004,1,1,0.0,0.0,11802.923333333334,0.0,0.0,0.3333333333333333,0.3333333333333333,LIVE,TRANSPORTATION,4131,False
MCH9233,1,24456.95,0,0,0.0,0.0,24456.95,0.0,0.0,0.0,0.0,,,,
MCH9234,2,25727.86,2,0,0.0,0.0,12863.93,0.0,0.0,1.0,0.0,ACTIVE,HOSPITALITY,7011,True
MCH9235,1,7287.82,1,0,0.0,0.0,7287.82,0.0,0.0,1.0,0.0,,,,
MCH9236,2,13343.7,2,0,1.0,165.89,6671.85,0.5,0.01243208405464751,1.0,0.0,,,,
MCH9237,3,49303.7,3,0,0.0,0.0,16434.566666666666,0.0,0.0,1.0,0.0,LIVE,MEDICAL_STORE,5912,False
MCH9238,2,-7397.610000000001,1,1,0.0,0.0,-3698.8050000000003,0.0,0.0,0.5,0.5,,,,
MCH9239,1,5022.11,1,0,0.0,0.0,5022.11,0.0,0.0,1.0,0.0,ENABLED,GROCERIES,5411,False
MCH9240,4,70618.66,4,0,0.0,0.0,17654.665,0.0,0.0,1.0,0.0,,,,
MCH9241,1,4287.91,1,0,0.0,0.0,4287.91,0.0,0.0,1.0,0.0,,,,
MCH9243,3,35799.09,2,1,0.0,0.0,11933.029999999999,0.0,0.0,0.6666666666666666,0.3333333333333333,,,,
MCH9244,2,35525.159999999996,2,0,0.0,0.0,17762.579999999998,0.0,0.0,1.0,0.0,,,,
MCH9245,4,35237.899999999994,3,1,1.0,-1273.59,8809.474999999999,0.25,-0.03614261916856567,0.75,0.25,ENABLED,RETAIL,5311,False
MCH9246,6,65914.65,6,0,0.0,0.0,10985.775,0.0,0.0,1.0,0.0,ENABLED,MOBILE RECHARGE,4814,False
MCH9247,1,8537.7,1,0,0.0,0.0,8537.7,0.0,0.0,1.0,0.0,,,,
MCH9248,3,43565.46,3,0,1.0,1700.27,14521.82,0.3333333333333333,0.039027936351412336,1.0,0.0,,,,
MCH9249,3,44297.130000000005,3,0,0.0,0.0,14765.710000000001,0.0,0.0,1.0,0.0,LIVE,GARMENTS,5699,False
MCH9250,1,4065.4,1,0,0.0,0.0,4065.4,0.0,0.0,1.0,0.0,,,,
MCH9251,1,9732.63,1,0,0.0,0.0,9732.63,0.0,0.0,1.0,0.0,ACTIVE,TRANSPRT,4131,False
MCH9253,6,96552.64,6,0,0.0,0.0,16092.106666666667,0.0,0.0,1.0,0.0,ACTIVE,CLOTHS,5699,False
MCH9254,4,39181.13,3,1,0.0,0.0,9795.2825,0.0,0.0,0.75,0.25,,,,
MCH9255,3,37647.66,2,1,0.0,0.0,12549.220000000001,0.0,0.0,0.6666666666666666,0.3333333333333333,ACTIVE,GARMENTS,5699,False
MCH9256,1,20047.99,1,0,0.0,0.0,20047.99,0.0,0.0,1.0,0.0,,,,
MCH9257,4,36513.36,4,0,0.0,0.0,9128.34,0.0,0.0,1.0,0.0,LIVE,HOTELS,7011.0,False
MCH9259,1,15194.51,1,0,0.0,0.0,15194.51,0.0,0.0,1.0,0.0,,,,
MCH9260,4,39300.32,4,0,1.0,428.55,9825.08,0.25,0.010904491362920201,1.0,0.0,,,,
MCH9261,4,53699.990000000005,4,0,0.0,0.0,13424.997500000001,0.0,0.0,1.0,0.0,ACTIVE,EATING PLACE,5812.0,False
MCH9262,2,27908.47,0,0,0.0,0.0,13954.235,0.0,0.0,0.0,0.0,,,,
MCH9263,2,-1695.0699999999997,1,1,0.0,0.0,-847.5349999999999,0.0,0.0,0.5,0.5,ACTIVE,RETAIL OTHER,5999,False
MCH9264,3,31449.29,2,1,1.0,779.81,10483.096666666666,0.3333333333333333,0.02479579030242018,0.6666666666666666,0.3333333333333333,,,,
MCH9266,2,25778.98,2,0,0.0,0.0,12889.49,0.0,0.0,1.0,0.0,ENABLED,CLOTHING,5699,True
MCH9267,5,62153.95,5,0,0.0,0.0,12430.789999999999,0.0,0.0,1.0,0.0,,,,
MCH9268,1,11337.01,1,0,1.0,1309.6,11337.01,1.0,0.11551546660010002,1.0,0.0,,,,
MCH9269,2,32549.829999999998,0,1,1.0,8720.88,16274.914999999999,0.5,0.26792397994090905,0.0,0.5,,,,
MCH9270,1,-12715.07,1,0,0.0,0.0,-12715.07,0.0,0.0,1.0,0.0,,,,
MCH9271,2,28591.53,2,0,0.0,0.0,14295.765,0.0,0.0,1.0,0.0,ACTIVE,BUS/TAXI,4131,False
MCH9272,4,38658.689999999995,3,0,0.0,0.0,9664.672499999999,0.0,0.0,0.75,0.0,,,,
MCH9273,2,29342.73,2,0,0.0,0.0,14671.365,0.0,0.0,1.0,0.0,,,,
MCH9274,3,43609.78,3,0,1.0,1284.05,14536.593333333332,0.3333333333333333,0.029444083414316695,1.0,0.0,,,,
MCH9275,5,80871.63,5,0,0.0,0.0,16174.326000000001,0.0,0.0,1.0,0.0,,,,
MCH9276,2,9627.4,2,0,2.0,16468.34,4813.7,1.0,1.7105698319380103,1.0,0.0,LIVE,CLOTHS,5699,True
MCH9277,1,13799.23,1,0,0.0,0.0,13799.23,0.0,0.0,1.0,0.0,ACTIVE,STATIONERY,5942,False
MCH9278,1,5490.19,0,0,0.0,0.0,5490.19,0.0,0.0,0.0,0.0,LIVE,STATIONERY,5942,True
MCH9279,2,37429.26,2,0,0.0,0.0,18714.63,0.0,0.0,1.0,0.0,LIVE,GROCERY STORES,5411,False
MCH9280,1,22042.07,1,0,1.0,468.43,22042.07,1.0,0.021251633807532595,1.0,0.0,,,,
MCH9281,1,24947.0,1,0,0.0,0.0,24947.0,0.0,0.0,1.0,0.0,,,,
MCH9282,3,23600.59,2,1,0.0,0.0,7866.863333333334,0.0,0.0,0.6666666666666666,0.3333333333333333,,,,
MCH9283,4,44323.479999999996,4,0,0.0,0.0,11080.869999999999,0.0,0.0,1.0,0.0,,,,
MCH9284,2,12700.630000000001,2,0,0.0,0.0,6350.3150000000005,0.0,0.0,1.0,0.0,,,,
MCH9285,1,16954.73,1,0,0.0,0.0,16954.73,0.0,0.0,1.0,0.0,,,,
MCH9286,1,18409.63,0,0,0.0,0.0,18409.63,0.0,0.0,0.0,0.0,,,,
MCH9287,3,54389.14,3,0,0.0,0.0,18129.713333333333,0.0,0.0,1.0,0.0,ACTIVE,MISC RETAIL,5999,True
MCH9288,3,25392.18,3,0,0.0,0.0,8464.06,0.0,0.0,1.0,0.0,,,,
MCH9289,3,43037.97,3,0,0.0,0.0,14345.99,0.0,0.0,1.0,0.0,LIVE,HOTEL_LODGING,7011,True
MCH9290,2,34943.67,2,0,0.0,0.0,17471.835,0.0,0.0,1.0,0.0,INACTIVE,HOSPITALITY,7011.0,False
MCH9291,3,20252.79,3,0,0.0,0.0,6750.93,0.0,0.0,1.0,0.0,INACTIVE,RETAIL,misc,True
MCH9292,2,35986.83,1,0,0.0,0.0,17993.415,0.0,0.0,0.5,0.0,,,,
MCH9293,4,40139.159999999996,4,0,0.0,0.0,10034.789999999999,0.0,0.0,1.0,0.0,,,,
MCH9294,4,39732.05,3,1,1.0,1335.62,9933.0125,0.25,0.03361568305687725,0.75,0.25,,,,
MCH9295,1,21568.23,1,0,1.0,188.6,21568.23,1.0,0.008744342952574227,1.0,0.0,,,,
MCH9297,4,73019.26,4,0,0.0,0.0,18254.815,0.0,0.0,1.0,0.0,,,,
MCH9298,1,7192.19,1,0,0.0,0.0,7192.19,0.0,0.0,1.0,0.0,ENABLED,BOOKS,5942,False
MCH9299,7,114745.70999999999,7,0,1.0,310.15,16392.244285714285,0.14285714285714285,0.0027029332948482346,1.0,0.0,LIVE,FOOD_SERVICES,5812,False
MCH9300,2,8171.11,2,0,1.0,1935.98,4085.555,0.5,0.2369298663217115,1.0,0.0,,,,
MCH9301,1,6493.63,1,0,0.0,0.0,6493.63,0.0,0.0,1.0,0.0,,,,
MCH9302,1,12941.0,1,0,0.0,0.0,12941.0,0.0,0.0,1.0,0.0,LIVE,DEPARTMENT STORES,5311,False
MCH9303,1,18883.36,1,0,0.0,0.0,18883.36,0.0,0.0,1.0,0.0,,,,
MCH9304,2,25205.46,2,0,0.0,0.0,12602.73,0.0,0.0,1.0,0.0,LIVE,MOBILE RECHARGE,4814,False
MCH9305,4,64987.64,2,2,0.0,0.0,16246.91,0.0,0.0,0.5,0.5,,,,
MCH9306,2,45913.520000000004,2,0,1.0,687.73,22956.760000000002,0.5,0.014978812341114338,1.0,0.0,ACTIVE,STATIONERY,5942,False
MCH9307,2,30007.52,2,0,0.0,0.0,15003.76,0.0,0.0,1.0,0.0,ACTIVE,EATING PLACE,misc,False
MCH9308,2,31188.67,2,0,0.0,0.0,15594.335,0.0,0.0,1.0,0.0,,,,
MCH9309,3,58597.05,3,0,1.0,642.07,19532.350000000002,0.3333333333333333,0.010957377547163211,1.0,0.0,,,,
MCH9310,1,6512.68,1,0,0.0,0.0,6512.68,0.0,0.0,1.0,0.0,ACTIVE,HOSPITALITY,7011,False
MCH9311,3,23395.449999999997,2,0,0.0,0.0,7798.483333333333,0.0,0.0,0.6666666666666666,0.0,LIVE,BOOKS,5942,True
MCH9312,2,23833.09,1,0,0.0,0.0,11916.545,0.0,0.0,0.5,0.0,,,,
MCH9313,1,1874.73,0,1,0.0,0.0,1874.73,0.0,0.0,0.0,1.0,,,,
MCH9314,3,17856.010000000002,3,0,0.0,0.0,5952.003333333334,0.0,0.0,1.0,0.0,,,,
MCH9315,1,13243.78,1,0,1.0,6441.32,13243.78,1.0,0.48636567505651707,1.0,0.0,,,,
MCH9316,6,106480.67,5,0,1.0,406.58,17746.778333333332,0.16666666666666666,0.003818345620853062,0.8333333333333334,0.0,ACTIVE,KIRANA,5411,False
MCH9317,4,60656.11,3,1,0.0,0.0,15164.0275,0.0,0.0,0.75,0.25,,,,
MCH9318,1,23268.47,1,0,0.0,0.0,23268.47,0.0,0.0,1.0,0.0,,,,
MCH9319,1,21206.6,1,0,0.0,0.0,21206.6,0.0,0.0,1.0,0.0,ENABLED,GARMENTS,5699.0,True
MCH9320,3,47410.58,3,0,2.0,4480.1900000000005,15803.526666666667,0.6666666666666666,0.09449768385031358,1.0,0.0,ACTIVE,KIRANA,5411.0,False
MCH9321,1,7969.22,1,0,0.0,0.0,7969.22,0.0,0.0,1.0,0.0,,,,
MCH9322,4,17391.13,3,1,1.0,1327.87,4347.7825,0.25,0.07635329044173667,0.75,0.25,ACTIVE,DEPARTMENT STORE,5311,False
MCH9323,1,12316.13,1,0,0.0,0.0,12316.13,0.0,0.0,1.0,0.0,,,,
MCH9324,2,18032.57,2,0,1.0,3976.68,9016.285,0.5,0.2205276341641818,1.0,0.0,,,,
MCH9325,3,36607.94,2,1,0.0,0.0,12202.646666666667,0.0,0.0,0.6666666666666666,0.3333333333333333,ACTIVE,TELECOM,4814,False
MCH9326,1,11723.65,1,0,0.0,0.0,11723.65,0.0,0.0,1.0,0.0,,,,
MCH9327,2,38846.630000000005,1,1,0.0,0.0,19423.315000000002,0.0,0.0,0.5,0.5,,,,
MCH9328,3,31151.38,3,0,0.0,0.0,10383.793333333333,0.0,0.0,1.0,0.0,,,,
MCH9329,2,24836.35,2,0,0.0,0.0,12418.175,0.0,0.0,1.0,0.0,,,,
MCH9330,4,73874.26000000001,3,1,1.0,0.0,18468.565000000002,0.25,0.0,0.75,0.25,,,,
MCH9331,2,24029.030000000002,2,0,0.0,0.0,12014.515000000001,0.0,0.0,1.0,0.0,,,,
MCH9333,2,3473.15,1,0,0.0,0.0,1736.575,0.0,0.0,0.5,0.0,,,,
MCH9334,3,31230.75,3,0,0.0,0.0,10410.25,0.0,0.0,1.0,0.0,,,,
MCH9335,3,62956.66,3,0,0.0,0.0,20985.553333333333,0.0,0.0,1.0,0.0,ACTIVE,GARMENTS,5699,True
MCH9336,1,5548.0,1,0,0.0,0.0,5548.0,0.0,0.0,1.0,0.0,,,,
MCH9337,2,7272.969999999999,2,0,0.0,0.0,3636.4849999999997,0.0,0.0,1.0,0.0,,,,
MCH9338,4,45252.79,3,1,1.0,3630.2,11313.1975,0.25,0.08022046817444846,0.75,0.25,ACTIVE,BOOKS,UNKNOWN,False
MCH9339,2,23445.629999999997,1,0,0.0,0.0,11722.814999999999,0.0,0.0,0.5,0.0,,,,
MCH9341,3,45908.47,2,1,1.0,385.0,15302.823333333334,0.3333333333333333,0.008386252035844366,0.6666666666666666,0.3333333333333333,,,,
MCH9343,2,23587.949999999997,1,0,0.0,0.0,11793.974999999999,0.0,0.0,0.5,0.0,ACTIVE,HOSPITALITY,7011,False
MCH9344,3,45052.32,3,0,0.0,0.0,15017.44,0.0,0.0,1.0,0.0,,,,
MCH9345,1,11767.92,0,1,0.0,0.0,11767.92,0.0,0.0,0.0,1.0,ACTIVE,TELECOM,4814.0,False
MCH9346,1,17855.84,0,0,0.0,0.0,17855.84,0.0,0.0,0.0,0.0,,,,
MCH9349,2,17404.12,2,0,0.0,0.0,8702.06,0.0,0.0,1.0,0.0,ACTIVE,RETAIL OTHER,5999,True
MCH9351,2,24286.809999999998,2,0,1.0,3289.2,12143.404999999999,0.5,0.13543153670654978,1.0,0.0,,,,
MCH9352,3,24882.0,3,0,2.0,7206.85,8294.0,0.6666666666666666,0.2896411060204164,1.0,0.0,ACTIVE,TRANSPORT,4131,True
MCH9353,3,24292.3,2,1,0.0,0.0,8097.433333333333,0.0,0.0,0.6666666666666666,0.3333333333333333,ACTIVE,RESTAURANTS,5812,True
MCH9354,4,59000.93,4,0,0.0,0.0,14750.2325,0.0,0.0,1.0,0.0,LIVE,HOTEL,7011,False
MCH9355,5,70100.58,5,0,0.0,0.0,14020.116,0.0,0.0,1.0,0.0,ACTIVE,PHARMACY,5912,False
MCH9356,2,44271.11,2,0,0.0,0.0,22135.555,0.0,0.0,1.0,0.0,ENABLED,GROCERIES,5411,False
MCH9357,2,6317.61,2,0,0.0,0.0,3158.805,0.0,0.0,1.0,0.0,,,,
MCH9358,4,70094.53,2,2,1.0,608.31,17523.6325,0.25,0.008678423266408948,0.5,0.5,ENABLED,DEPARTMENT STORE,5311,False
MCH9359,2,18099.97,2,0,0.0,0.0,9049.985,0.0,0.0,1.0,0.0,ACTIVE,TRANSPORT,4131,False
MCH9360,3,27384.96,2,0,0.0,0.0,9128.32,0.0,0.0,0.6666666666666666,0.0,,,,
MCH9362,3,57885.96,3,0,0.0,0.0,19295.32,0.0,0.0,1.0,0.0,ACTIVE,PHARMACIES,5912.0,False
MCH9363,1,-17108.98,0,1,0.0,0.0,-17108.98,0.0,0.0,0.0,1.0,ENABLED,TRANSPORT,4131,False
MCH9364,5,52723.630000000005,4,1,1.0,703.07,10544.726,0.2,0.013335007471981727,0.8,0.2,,,,
MCH9366,2,17694.58,2,0,1.0,-4925.7,8847.29,0.5,-0.2783733776105451,1.0,0.0,LIVE,CLOTHING,5699,False
MCH9367,3,41373.68,3,0,0.0,0.0,13791.226666666667,0.0,0.0,1.0,0.0,LIVE,BOOKS_STATIONERY,misc,False
MCH9368,4,60963.47,4,0,2.0,1564.35,15240.8675,0.5,0.02566044879007051,1.0,0.0,,,,
MCH9370,4,70363.43,4,0,0.0,0.0,17590.8575,0.0,0.0,1.0,0.0,ACTIVE,MISC RETAIL,5999,False
MCH9371,2,30017.28,2,0,0.0,0.0,15008.64,0.0,0.0,1.0,0.0,ACTIVE,KIRANA,,False
MCH9372,3,32108.120000000003,3,0,0.0,0.0,10702.706666666667,0.0,0.0,1.0,0.0,,,,
MCH9374,4,74295.29,3,1,1.0,-2138.06,18573.8225,0.25,-0.028777867345292012,0.75,0.25,,,,
MCH9375,5,16262.25,2,3,2.0,7803.07,3252.45,0.4,0.47982720718227795,0.4,0.6,INACTIVE,BOOKS,,False
MCH9376,5,64304.450000000004,5,0,1.0,4232.74,12860.890000000001,0.2,0.06582343834680181,1.0,0.0,,,,
MCH9377,1,4032.28,1,0,0.0,0.0,4032.28,0.0,0.0,1.0,0.0,ACTIVE,CLOTHING,5699,True
MCH9379,4,40195.54,3,1,1.0,6003.55,10048.885,0.25,0.14935861043289878,0.75,0.25,INACTIVE,MISC RETAIL,5999,False
MCH9380,2,27867.030000000002,0,1,0.0,0.0,13933.515000000001,0.0,0.0,0.0,0.5,ACTIVE,FOOD_SERVICES,5812,False
MCH9382,2,4716.33,2,0,1.0,842.88,2358.165,0.5,0.17871522985032853,1.0,0.0,,,,
MCH9383,2,23655.63,2,0,0.0,0.0,11827.815,0.0,0.0,1.0,0.0,SUSPENDED,BOOKS_STATIONERY,5942,True
MCH9384,3,32916.76,3,0,1.0,1768.79,10972.253333333334,0.3333333333333333,0.05373524004185102,1.0,0.0,,,,
MCH9385,1,12536.0,1,0,0.0,0.0,12536.0,0.0,0.0,1.0,0.0,ACTIVE,TELECOM,4814,False
MCH9386,1,5861.88,0,0,0.0,0.0,5861.88,0.0,0.0,0.0,0.0,LIVE,TRANSPORT,4131.0,True
MCH9388,4,59737.09,3,0,0.0,0.0,14934.2725,0.0,0.0,0.75,0.0,ACTIVE,HOSPITALITY,7011,False
MCH9390,3,30842.49,2,1,0.0,0.0,10280.83,0.0,0.0,0.6666666666666666,0.3333333333333333,LIVE,TRAVEL,4131.0,False
MCH9393,2,4275.58,2,0,0.0,0.0,2137.79,0.0,0.0,1.0,0.0,ACTIVE,RESTAURANT,5812,True
MCH9394,1,16981.0,1,0,0.0,0.0,16981.0,0.0,0.0,1.0,0.0,CLOSED,MOBILE RECHARGE,4814,True
MCH9396,4,52676.93000000001,4,0,0.0,0.0,13169.232500000002,0.0,0.0,1.0,0.0,ACTIVE,MEDICAL_STORE,5912,True
MCH9397,2,35350.75,2,0,0.0,0.0,17675.375,0.0,0.0,1.0,0.0,ENABLED,GROCERIES,5411,False
MCH9398,1,15203.63,0,1,0.0,0.0,15203.63,0.0,0.0,0.0,1.0,ACTIVE,GROCERY,5411,True
MCH9399,2,13809.89,2,0,1.0,3807.73,6904.945,0.5,0.275724860951101,1.0,0.0,,,,
MCH9400,2,30556.0,2,0,1.0,2183.47,15278.0,0.5,0.07145797879303573,1.0,0.0,ACTIVE,OTHER,5999,True
MCH9401,1,24443.31,1,0,0.0,0.0,24443.31,0.0,0.0,1.0,0.0,ACTIVE,HOTELS,7011,True
MCH9402,1,8263.81,1,0,0.0,0.0,8263.81,0.0,0.0,1.0,0.0,ACTIVE,RESTAURANT,5812,False
MCH9403,2,30967.230000000003,1,1,0.0,0.0,15483.615000000002,0.0,0.0,0.5,0.5,INACTIVE,HOTELS,7011,False
MCH9404,1,6069.34,1,0,0.0,0.0,6069.34,0.0,0.0,1.0,0.0,ENABLED,TRAVEL,4131,False
MCH9405,2,22941.63,2,0,0.0,0.0,11470.815,0.0,0.0,1.0,0.0,,,,
MCH9406,1,14303.85,1,0,0.0,0.0,14303.85,0.0,0.0,1.0,0.0,ACTIVE,MEDICAL_STORE,5912,True
MCH9407,1,16414.0,1,0,0.0,0.0,16414.0,0.0,0.0,1.0,0.0,,,,
MCH9408,4,39931.28,4,0,1.0,4306.86,9982.82,0.25,0.10785679797892779,1.0,0.0,ACTIVE,TRANSPORT,4131,False
MCH9409,2,22486.0,2,0,0.0,0.0,11243.0,0.0,0.0,1.0,0.0,,,,
MCH9410,2,23258.239999999998,1,1,0.0,0.0,11629.119999999999,0.0,0.0,0.5,0.5,ENABLED,FASHION,5699,True
MCH9411,4,64949.05,4,0,0.0,0.0,16237.2625,0.0,0.0,1.0,0.0,,,,
MCH9412,2,10945.16,1,1,0.0,0.0,5472.58,0.0,0.0,0.5,0.5,ACTIVE,TRANSPORT,4131,False
MCH9413,2,33290.87,2,0,1.0,1651.94,16645.435,0.5,0.049621412717661025,1.0,0.0,ACTIVE,PHARMACIES,5912,False
MCH9414,2,18787.61,1,1,0.0,0.0,9393.805,0.0,0.0,0.5,0.5,ACTIVE,FOOD,5812,False
MCH9415,2,32011.15,2,0,0.0,0.0,16005.575,0.0,0.0,1.0,0.0,LIVE,HOTELS,7011.0,False
MCH9417,1,9776.93,1,0,0.0,0.0,9776.93,0.0,0.0,1.0,0.0,,,,
MCH9419,1,19692.15,1,0,0.0,0.0,19692.15,0.0,0.0,1.0,0.0,,,,
MCH9420,3,38604.479999999996,2,0,0.0,0.0,12868.159999999998,0.0,0.0,0.6666666666666666,0.0,,,,
MCH9421,2,9439.55,2,0,0.0,0.0,4719.775,0.0,0.0,1.0,0.0,,,,
MCH9422,2,6742.71,1,1,0.0,0.0,3371.355,0.0,0.0,0.5,0.5,,,,
MCH9423,2,33640.29,2,0,1.0,791.9,16820.145,0.5,0.023540225128855903,1.0,0.0,ACTIVE,HOTELS,7011,False
MCH9425,2,32701.92,2,0,0.0,0.0,16350.96,0.0,0.0,1.0,0.0,,,,
MCH9426,2,18183.3,2,0,0.0,0.0,9091.65,0.0,0.0,1.0,0.0,ACTIVE,GARMENTS,5699.0,True
MCH9427,2,23476.95,2,0,0.0,0.0,11738.475,0.0,0.0,1.0,0.0,,,,
MCH9428,2,17014.5,0,1,0.0,0.0,8507.25,0.0,0.0,0.0,0.5,ENABLED,OTHER,5999,False
MCH9429,1,10273.4,1,0,0.0,0.0,10273.4,0.0,0.0,1.0,0.0,LIVE,HOTEL,7011,True
MCH9431,3,47118.06,3,0,3.0,1312.53,15706.019999999999,1.0,0.02785619781459593,1.0,0.0,ACTIVE,TRAVEL,4131,False
MCH9432,2,18118.300000000003,2,0,0.0,0.0,9059.150000000001,0.0,0.0,1.0,0.0,,,,
MCH9434,1,24141.0,1,0,0.0,0.0,24141.0,0.0,0.0,1.0,0.0,ACTIVE,FOOD,5812,False
MCH9435,3,46982.32,3,0,1.0,-1779.15,15660.773333333333,0.3333333333333333,-0.037868500320971804,1.0,0.0,,,,
MCH9436,3,35329.93,2,1,0.0,0.0,11776.643333333333,0.0,0.0,0.6666666666666666,0.3333333333333333,,,,
MCH9437,3,46791.89,3,0,0.0,0.0,15597.296666666667,0.0,0.0,1.0,0.0,,,,
MCH9438,1,14547.22,1,0,0.0,0.0,14547.22,0.0,0.0,1.0,0.0,,,,
MCH9439,2,24347.59,2,0,0.0,0.0,12173.795,0.0,0.0,1.0,0.0,ACTIVE,GROCERY,5411,True
MCH9440,1,23317.72,1,0,0.0,0.0,23317.72,0.0,0.0,1.0,0.0,ENABLED,RETAIL,5311,False
MCH9441,3,47849.22,3,0,0.0,0.0,15949.74,0.0,0.0,1.0,0.0,,,,
MCH9442,2,28705.93,2,0,0.0,0.0,14352.965,0.0,0.0,1.0,0.0,LIVE,HOSPITALITY,7011,False
MCH9443,2,5388.639999999999,2,0,0.0,0.0,2694.3199999999997,0.0,0.0,1.0,0.0,ACTIVE,TRANSPORT,4131,True
MCH9444,2,15480.82,2,0,1.0,840.07,7740.41,0.5,0.054265213341412155,1.0,0.0,ACTIVE,TRAVEL,4131,True
MCH9445,4,46606.49,4,0,0.0,0.0,11651.6225,0.0,0.0,1.0,0.0,,,,
MCH9446,2,27725.97,1,1,0.0,0.0,13862.985,0.0,0.0,0.5,0.5,,,,
MCH9447,7,38904.75,6,1,0.0,0.0,5557.821428571428,0.0,0.0,0.8571428571428571,0.14285714285714285,ACTIVE,RETAIL OTHER,5999,True
MCH9448,4,1549.5199999999986,3,0,0.0,0.0,387.37999999999965,0.0,0.0,0.75,0.0,INACTIVE,GARMENTS,,False
MCH9449,4,65896.47,4,0,0.0,0.0,16474.1175,0.0,0.0,1.0,0.0,,,,
MCH9450,1,23180.17,1,0,0.0,0.0,23180.17,0.0,0.0,1.0,0.0,LIVE,TELECOM,4814,False
MCH9451,5,48505.45,5,0,1.0,0.0,9701.09,0.2,0.0,1.0,0.0,,,,
MCH9452,1,13647.12,1,0,0.0,0.0,13647.12,0.0,0.0,1.0,0.0,DISABLED,OTHER,5999,False
MCH9453,4,50887.78,4,0,0.0,0.0,12721.945,0.0,0.0,1.0,0.0,,,,
MCH9454,1,12260.0,1,0,0.0,0.0,12260.0,0.0,0.0,1.0,0.0,,,,
MCH9455,2,29580.27,2,0,0.0,0.0,14790.135,0.0,0.0,1.0,0.0,,,,
MCH9456,2,6011.07,2,0,0.0,0.0,3005.535,0.0,0.0,1.0,0.0,LIVE,MISC RETAIL,5999,True
MCH9457,4,34282.37,3,1,1.0,1722.0,8570.5925,0.25,0.05022989950811452,0.75,0.25,ENABLED,TRAVEL,4131,True
MCH9458,2,1937.0300000000007,1,1,0.0,0.0,968.5150000000003,0.0,0.0,0.5,0.5,ENABLED,RETAIL,5311,True
MCH9459,3,10195.77,2,1,0.0,0.0,3398.59,0.0,0.0,0.6666666666666666,0.3333333333333333,LIVE,TRANSPORT,4131,True
MCH9460,1,17066.49,1,0,0.0,0.0,17066.49,0.0,0.0,1.0,0.0,ACTIVE,STATIONERY,5942,False
MCH9462,2,6525.22,2,0,0.0,0.0,3262.61,0.0,0.0,1.0,0.0,,,,
MCH9463,3,48407.31,3,0,0.0,0.0,16135.769999999999,0.0,0.0,1.0,0.0,ENABLED,BOOKS,5942,False
MCH9464,1,23869.29,1,0,0.0,0.0,23869.29,0.0,0.0,1.0,0.0,,,,
MCH9466,6,63595.909999999996,6,0,2.0,2780.32,10599.318333333333,0.3333333333333333,0.043718534729670515,1.0,0.0,,,,
MCH9467,2,14895.2,2,0,1.0,-1076.54,7447.6,0.5,-0.07227428970406573,1.0,0.0,LIVE,TRANSPORTATION,4131,False
MCH9468,2,11766.64,2,0,0.0,0.0,5883.32,0.0,0.0,1.0,0.0,,,,
MCH9470,1,19793.09,1,0,0.0,0.0,19793.09,0.0,0.0,1.0,0.0,,,,
MCH9471,5,94098.11,4,0,0.0,0.0,18819.622,0.0,0.0,0.8,0.0,ACTIVE,PHARMACIES,5912,True
MCH9472,2,-5125.74,2,0,0.0,0.0,-2562.87,0.0,0.0,1.0,0.0,INACTIVE,APPAREL,5699,False
MCH9473,2,22971.97,2,0,0.0,0.0,11485.985,0.0,0.0,1.0,0.0,,,,
MCH9474,2,31376.92,2,0,0.0,0.0,15688.46,0.0,0.0,1.0,0.0,ACTIVE,PHARMACY,5912,True
MCH9476,3,22711.86,3,0,1.0,468.0,7570.62,0.3333333333333333,0.02060597414742782,1.0,0.0,LIVE,RESTAURANTS,5812,False
MCH9478,3,9235.22,3,0,0.0,0.0,3078.4066666666663,0.0,0.0,1.0,0.0,SUSPENDED,OTHER,,False
MCH9479,3,4786.45,2,1,1.0,376.0,1595.4833333333333,0.3333333333333333,0.07855508779993524,0.6666666666666666,0.3333333333333333,,,,
MCH9481,3,33028.189999999995,2,0,0.0,0.0,11009.396666666666,0.0,0.0,0.6666666666666666,0.0,ENABLED,PHONE SERVICE,4814.0,True
MCH9482,1,22806.0,1,0,0.0,0.0,22806.0,0.0,0.0,1.0,0.0,ACTIVE,GROCERY STORES,5411,False
MCH9483,2,24310.98,1,0,0.0,0.0,12155.49,0.0,0.0,0.5,0.0,LIVE,CLOTHING,5699,False
MCH9484,2,15621.27,2,0,0.0,0.0,7810.635,0.0,0.0,1.0,0.0,ACTIVE,MEDICAL_STORE,,False
MCH9485,1,8396.88,0,0,0.0,0.0,8396.88,0.0,0.0,0.0,0.0,,,,
MCH9487,1,16221.0,1,0,0.0,0.0,16221.0,0.0,0.0,1.0,0.0,,,,
MCH9488,2,7156.87,1,0,0.0,0.0,3578.435,0.0,0.0,0.5,0.0,,,,
MCH9489,1,13167.63,1,0,0.0,0.0,13167.63,0.0,0.0,1.0,0.0,ACTIVE,TRANSPORT,4131,False
MCH9490,6,67286.15,4,2,0.0,0.0,11214.358333333332,0.0,0.0,0.6666666666666666,0.3333333333333333,,,,
MCH9491,1,7583.61,1,0,0.0,0.0,7583.61,0.0,0.0,1.0,0.0,,,,
MCH9492,3,36663.44,3,0,0.0,0.0,12221.146666666667,0.0,0.0,1.0,0.0,ACTIVE,CHEMIST,5912,True
MCH9493,2,42789.71,2,0,0.0,0.0,21394.855,0.0,0.0,1.0,0.0,,,,
MCH9494,2,40785.79,1,1,1.0,0.0,20392.895,0.5,0.0,0.5,0.5,ENABLED,TELECOM,4814,True
MCH9495,4,49969.63,4,0,2.0,9039.27,12492.4075,0.5,0.18089527579051518,1.0,0.0,,,,
MCH9497,2,23728.3,2,0,1.0,1212.0,11864.15,0.5,0.05107824833637471,1.0,0.0,,,,
MCH9498,1,2064.22,1,0,0.0,0.0,2064.22,0.0,0.0,1.0,0.0,,,,
MCH9499,4,72914.23,4,0,0.0,0.0,18228.5575,0.0,0.0,1.0,0.0,,,,
MCH9500,2,10395.26,1,0,0.0,0.0,5197.63,0.0,0.0,0.5,0.0,,,,
MCH9501,6,77792.35,6,0,1.0,4940.23,12965.391666666668,0.16666666666666666,0.06350534467720796,1.0,0.0,,,,
MCH9502,1,568.0,0,1,0.0,0.0,568.0,0.0,0.0,0.0,1.0,ACTIVE,BOOK STORE,5942,False
MCH9503,2,42037.0,2,0,0.0,0.0,21018.5,0.0,0.0,1.0,0.0,INACTIVE,TRANSPRT,4131,True
MCH9504,4,72209.06999999999,4,0,0.0,0.0,18052.267499999998,0.0,0.0,1.0,0.0,,,,
MCH9505,3,35331.74,2,0,0.0,0.0,11777.246666666666,0.0,0.0,0.6666666666666666,0.0,,,,
MCH9506,2,7123.02,2,0,1.0,877.44,3561.51,0.5,0.12318370578771363,1.0,0.0,ACTIVE,MEDICAL,5912,False
MCH9507,2,30096.159999999996,2,0,0.0,0.0,15048.079999999998,0.0,0.0,1.0,0.0,,,,
MCH9508,2,15128.98,1,1,0.0,0.0,7564.49,0.0,0.0,0.5,0.5,,,,
MCH9509,8,107375.12,8,0,2.0,3403.4399999999996,13421.89,0.25,0.03169672825511161,1.0,0.0,,,,
MCH9510,1,3171.88,1,0,0.0,0.0,3171.88,0.0,0.0,1.0,0.0,ENABLED,TRANSPRT,4131,False
MCH9511,1,4582.5,0,0,0.0,0.0,4582.5,0.0,0.0,0.0,0.0,,,,
MCH9512,1,5768.11,1,0,0.0,0.0,5768.11,0.0,0.0,1.0,0.0,,,,
MCH9513,2,5528.17,2,0,0.0,0.0,2764.085,0.0,0.0,1.0,0.0,,,,
MCH9514,2,25304.14,2,0,1.0,880.82,12652.07,0.5,0.0348093236916963,1.0,0.0,INACTIVE,PHARMACIES,5912,False
MCH9515,3,33331.64,3,0,0.0,0.0,11110.546666666667,0.0,0.0,1.0,0.0,,,,
MCH9516,3,50382.33,3,0,0.0,0.0,16794.11,0.0,0.0,1.0,0.0,ENABLED,FOOD,misc,False
MCH9518,4,39336.96,3,1,1.0,666.0,9834.24,0.25,0.01693064232721593,0.75,0.25,,,,
MCH9519,1,21387.96,1,0,0.0,0.0,21387.96,0.0,0.0,1.0,0.0,ACTIVE,CLOTHS,5699,False
MCH9520,2,22721.829999999998,1,1,1.0,4849.0,11360.914999999999,0.5,0.21340710673392066,0.5,0.5,,,,
MCH9521,2,28478.5,2,0,0.0,0.0,14239.25,0.0,0.0,1.0,0.0,CLOSED,CLOTHING,5699,False
MCH9522,2,19149.04,2,0,1.0,2131.37,9574.52,0.5,0.11130427426126845,1.0,0.0,,,,
MCH9523,2,25903.739999999998,2,0,0.0,0.0,12951.869999999999,0.0,0.0,1.0,0.0,LIVE,PHARMACIES,5912,False
MCH9524,1,17410.26,1,0,0.0,0.0,17410.26,0.0,0.0,1.0,0.0,,,,
MCH9526,3,24149.39,3,0,1.0,482.37,8049.796666666666,0.3333333333333333,0.01997441757328032,1.0,0.0,,,,
MCH9529,3,46374.810000000005,3,0,0.0,0.0,15458.270000000002,0.0,0.0,1.0,0.0,ACTIVE,MOBILE RECHARGE,4814,False
MCH9530,1,17922.77,1,0,0.0,0.0,17922.77,0.0,0.0,1.0,0.0,SUSPENDED,FOOD_SERVICES,,False
MCH9531,2,15309.0,2,0,0.0,0.0,7654.5,0.0,0.0,1.0,0.0,SUSPENDED,KIRANA,5411,False
MCH9532,2,26318.809999999998,0,1,0.0,0.0,13159.404999999999,0.0,0.0,0.0,0.5,,,,
MCH9533,6,48499.69,4,0,2.0,-1206.9,8083.281666666667,0.3333333333333333,-0.02488469513928852,0.6666666666666666,0.0,,,,
MCH9534,2,8285.02,2,0,0.0,0.0,4142.51,0.0,0.0,1.0,0.0,ACTIVE,HOSPITALITY,7011,False
MCH9535,3,19775.210000000003,1,1,1.0,1081.02,6591.736666666668,0.3333333333333333,0.05466541189701651,0.3333333333333333,0.3333333333333333,,,,
MCH9536,4,57428.82000000001,4,0,1.0,3311.22,14357.205000000002,0.25,0.057657810137836704,1.0,0.0,,,,
MCH9537,4,14627.069999999998,4,0,1.0,260.19,3656.7674999999995,0.25,0.017788251509017187,1.0,0.0,ACTIVE,BOOKS_STATIONERY,5942,True
MCH9538,2,6207.5,2,0,0.0,0.0,3103.75,0.0,0.0,1.0,0.0,,,,
MCH9539,4,45081.03,4,0,2.0,5686.17,11270.2575,0.5,0.12613221126491564,1.0,0.0,,,,
MCH9540,1,14148.13,0,0,0.0,0.0,14148.13,0.0,0.0,0.0,0.0,,,,
MCH9543,1,6857.88,1,0,0.0,0.0,6857.88,0.0,0.0,1.0,0.0,ACTIVE,BOOK STORE,5942,True
MCH9544,2,2970.6499999999996,2,0,0.0,0.0,1485.3249999999998,0.0,0.0,1.0,0.0,,,,
MCH9545,2,10330.4,1,1,0.0,0.0,5165.2,0.0,0.0,0.5,0.5,,,,
MCH9547,3,34182.46,3,0,0.0,0.0,11394.153333333334,0.0,0.0,1.0,0.0,ACTIVE,DEPT_STORE,5311,False
MCH9548,2,21796.46,1,1,2.0,-1270.2399999999998,10898.23,1.0,-0.05827735329498459,0.5,0.5,ACTIVE,TRANSPORTATION,UNKNOWN,True
MCH9549,2,17503.57,2,0,1.0,-1667.95,8751.785,0.5,-0.09529198900567142,1.0,0.0,,,,
MCH9550,4,34614.33,3,1,1.0,2351.6,8653.5825,0.25,0.06793718093055678,0.75,0.25,ACTIVE,BOOK STORE,5942,False
MCH9551,3,53766.840000000004,2,0,0.0,0.0,17922.280000000002,0.0,0.0,0.6666666666666666,0.0,ENABLED,BOOKS_STATIONERY,5942,True
MCH9552,1,20262.14,1,0,0.0,0.0,20262.14,0.0,0.0,1.0,0.0,,,,
MCH9553,2,13247.85,2,0,0.0,0.0,6623.925,0.0,0.0,1.0,0.0,,,,
MCH9554,1,9308.34,0,1,0.0,0.0,9308.34,0.0,0.0,0.0,1.0,HOLD,TELECOM,4814,False
MCH9555,1,11612.03,1,0,1.0,1943.24,11612.03,1.0,0.16734713913071184,1.0,0.0,DISABLED,TELECOM,4814,True
MCH9556,2,-1554.2699999999986,2,0,0.0,0.0,-777.1349999999993,0.0,0.0,1.0,0.0,ENABLED,TRANSPRT,4131,False
MCH9557,4,49271.99,4,0,1.0,1017.31,12317.9975,0.25,0.02064682185558164,1.0,0.0,,,,
MCH9558,3,41122.590000000004,2,1,1.0,1639.85,13707.53,0.3333333333333333,0.039877108907780366,0.6666666666666666,0.3333333333333333,,,,
MCH9559,3,48023.46,3,0,1.0,4576.69,16007.82,0.3333333333333333,0.09530112990609173,1.0,0.0,INACTIVE,FASHION,5699,False
MCH9560,2,14360.98,1,1,0.0,0.0,7180.49,0.0,0.0,0.5,0.5,ENABLED,MISC RETAIL,5999,True
MCH9561,2,29091.72,2,0,0.0,0.0,14545.86,0.0,0.0,1.0,0.0,,,,
MCH9562,5,68350.92,4,1,1.0,1786.57,13670.184,0.2,0.02613819974917675,0.8,0.2,,,,
MCH9563,3,46418.55,3,0,1.0,5701.53,15472.85,0.3333333333333333,0.12282869671715294,1.0,0.0,ACTIVE,TRAVEL,4131,True
MCH9564,2,47209.94,2,0,0.0,0.0,23604.97,0.0,0.0,1.0,0.0,,,,
MCH9566,1,6889.45,1,0,0.0,0.0,6889.45,0.0,0.0,1.0,0.0,LIVE,DEPARTMENT STORES,5311,False
MCH9567,1,2112.35,1,0,0.0,0.0,2112.35,0.0,0.0,1.0,0.0,ACTIVE,FOOD_SERVICES,5812,False
MCH9568,3,48625.85,3,0,2.0,2276.23,16208.616666666667,0.6666666666666666,0.046811109728673125,1.0,0.0,,,,
MCH9569,2,27341.43,2,0,0.0,0.0,13670.715,0.0,0.0,1.0,0.0,LIVE,RETAIL,5311,False
MCH9570,1,11483.8,1,0,0.0,0.0,11483.8,0.0,0.0,1.0,0.0,,,,
MCH9572,4,22507.440000000002,4,0,5.0,15762.65,5626.860000000001,1.25,0.7003306462218715,1.0,0.0,,,,
MCH9573,2,26206.1,2,0,0.0,0.0,13103.05,0.0,0.0,1.0,0.0,,,,
MCH9574,1,18486.01,1,0,0.0,0.0,18486.01,0.0,0.0,1.0,0.0,,,,
MCH9575,1,11495.0,1,0,0.0,0.0,11495.0,0.0,0.0,1.0,0.0,,,,
MCH9576,2,27050.4,2,0,0.0,0.0,13525.2,0.0,0.0,1.0,0.0,,,,
MCH9577,4,39051.71,3,1,1.0,716.05,9762.9275,0.25,0.018335944828024177,0.75,0.25,,,,
MCH9578,3,48038.07,3,0,1.0,753.9,16012.69,0.3333333333333333,0.015693802852612522,1.0,0.0,,,,
MCH9579,2,38792.94,1,1,1.0,1070.58,19396.47,0.5,0.027597289609913554,0.5,0.5,,,,
MCH9580,4,68840.35,4,0,0.0,0.0,17210.0875,0.0,0.0,1.0,0.0,ACTIVE,DEPT_STORE,,False
MCH9581,3,56763.16,2,0,0.0,0.0,18921.053333333333,0.0,0.0,0.6666666666666666,0.0,,,,
MCH9582,1,152.97,1,0,0.0,0.0,152.97,0.0,0.0,1.0,0.0,ACTIVE,TELECOM,4814,False
MCH9583,4,66543.66,4,0,0.0,0.0,16635.915,0.0,0.0,1.0,0.0,LIVE,GROCERY,5411.0,True
MCH9584,2,27139.96,2,0,0.0,0.0,13569.98,0.0,0.0,1.0,0.0,CLOSED,DEPARTMENT STORES,5311,True
MCH9585,4,37051.3,3,0,1.0,14012.62,9262.825,0.25,0.37819509706811905,0.75,0.0,,,,
MCH9586,2,30667.3,2,0,0.0,0.0,15333.65,0.0,0.0,1.0,0.0,ACTIVE,HOTELS,7011,False
MCH9587,4,48251.74,4,0,0.0,0.0,12062.935,0.0,0.0,1.0,0.0,ENABLED,MOBILE RECHARGE,4814,False
MCH9588,3,33030.89,2,1,1.0,7485.82,11010.296666666667,0.3333333333333333,0.2266308900547336,0.6666666666666666,0.3333333333333333,,,,
MCH9590,1,17807.36,1,0,0.0,0.0,17807.36,0.0,0.0,1.0,0.0,,,,
MCH9592,3,53656.5,3,0,2.0,8275.94,17885.5,0.6666666666666666,0.15423928135454232,1.0,0.0,,,,
MCH9593,3,34065.29,3,0,1.0,5022.43,11355.096666666666,0.3333333333333333,0.1474354100610915,1.0,0.0,ACTIVE,BOOKS,5942,True
MCH9594,4,46459.09,4,0,0.0,0.0,11614.7725,0.0,0.0,1.0,0.0,ACTIVE,DEPT_STORE,5311,False
MCH9595,4,17017.43,3,1,0.0,0.0,4254.3575,0.0,0.0,0.75,0.25,LIVE,MISCELLANEOUS,5999,False
MCH9596,3,10919.169999999998,3,0,1.0,8504.48,3639.723333333333,0.3333333333333333,0.778857733692213,1.0,0.0,,,,
MCH9597,3,50436.35,1,2,0.0,0.0,16812.116666666665,0.0,0.0,0.3333333333333333,0.6666666666666666,,,,
MCH9598,1,19971.31,1,0,0.0,0.0,19971.31,0.0,0.0,1.0,0.0,,,,
MCH9599,3,37429.38,3,0,0.0,0.0,12476.46,0.0,0.0,1.0,0.0,,,,
MCH9600,1,13768.13,1,0,0.0,0.0,13768.13,0.0,0.0,1.0,0.0,,,,
MCH9601,2,25111.800000000003,2,0,0.0,0.0,12555.900000000001,0.0,0.0,1.0,0.0,ACTIVE,BUS/TAXI,4131,True
MCH9603,1,4265.69,0,1,0.0,0.0,4265.69,0.0,0.0,0.0,1.0,,,,
MCH9604,1,13490.27,0,0,1.0,2997.0,13490.27,1.0,0.22216011984934325,0.0,0.0,LIVE,RETAIL,5311,False
MCH9605,2,9233.26,2,0,0.0,0.0,4616.63,0.0,0.0,1.0,0.0,LIVE,RESTAURANTS,5812,False
MCH9606,4,18355.75,2,2,2.0,5769.71,4588.9375,0.5,0.31432711820546694,0.5,0.5,,,,
MCH9607,4,71883.29999999999,3,0,3.0,7752.35,17970.824999999997,0.75,0.10784632870221597,0.75,0.0,,,,
MCH9608,1,3756.23,0,1,0.0,0.0,3756.23,0.0,0.0,0.0,1.0,,,,
MCH9609,4,54455.74,4,0,0.0,0.0,13613.935,0.0,0.0,1.0,0.0,SUSPENDED,GROCERY_STORE,5411,True
MCH9610,3,49086.69,3,0,1.0,1641.33,16362.230000000001,0.3333333333333333,0.03343737375651118,1.0,0.0,,,,
MCH9611,6,27407.519999999997,5,0,0.0,0.0,4567.919999999999,0.0,0.0,0.8333333333333334,0.0,,,,
MCH9612,3,35083.55,3,0,0.0,0.0,11694.516666666668,0.0,0.0,1.0,0.0,,,,
MCH9614,2,39254.22,2,0,0.0,0.0,19627.11,0.0,0.0,1.0,0.0,,,,
MCH9615,1,16727.1,0,0,0.0,0.0,16727.1,0.0,0.0,0.0,0.0,,,,
MCH9616,3,28447.660000000003,3,0,0.0,0.0,9482.553333333335,0.0,0.0,1.0,0.0,,,,
MCH9617,3,16704.07,3,0,1.0,528.22,5568.0233333333335,0.3333333333333333,0.03162223338383999,1.0,0.0,ACTIVE,GROCERY STORES,5411,False
MCH9618,1,24588.2,1,0,0.0,0.0,24588.2,0.0,0.0,1.0,0.0,,,,
MCH9620,5,48068.27,2,3,1.0,889.98,9613.653999999999,0.2,0.01851491638871131,0.4,0.6,ACTIVE,KIRANA,5411,True
MCH9621,3,21924.309999999998,1,1,1.0,966.0,7308.103333333333,0.3333333333333333,0.04406067967475374,0.3333333333333333,0.3333333333333333,,,,
MCH9622,5,43392.58,3,1,1.0,401.02,8678.516,0.2,0.009241672193725285,0.6,0.2,,,,
MCH9623,4,63479.79,2,0,0.0,0.0,15869.9475,0.0,0.0,0.5,0.0,ACTIVE,MEDICAL,5912.0,True
MCH9624,4,47034.78,4,0,0.0,0.0,11758.695,0.0,0.0,1.0,0.0,SUSPENDED,DEPT_STORE,5311,False
MCH9625,3,29338.25,1,1,0.0,0.0,9779.416666666666,0.0,0.0,0.3333333333333333,0.3333333333333333,LIVE,PHONE SERVICE,4814,False
MCH9626,2,11402.85,2,0,0.0,0.0,5701.425,0.0,0.0,1.0,0.0,ACTIVE,TELECOM,4814,False
MCH9627,4,45835.86,4,0,1.0,6768.55,11458.965,0.25,0.14766931393891158,1.0,0.0,ACTIVE,HOTEL,7011,False
MCH9630,1,23046.92,1,0,0.0,0.0,23046.92,0.0,0.0,1.0,0.0,,,,
MCH9631,1,15018.85,1,0,0.0,0.0,15018.85,0.0,0.0,1.0,0.0,,,,
MCH9632,3,47946.97,3,0,0.0,0.0,15982.323333333334,0.0,0.0,1.0,0.0,ACTIVE,DEPARTMENT STORES,5311,False
MCH9633,2,34693.85,2,0,0.0,0.0,17346.925,0.0,0.0,1.0,0.0,,,,
MCH9634,1,9260.27,1,0,0.0,0.0,9260.27,0.0,0.0,1.0,0.0,,,,
MCH9635,3,40716.86,2,1,0.0,0.0,13572.286666666667,0.0,0.0,0.6666666666666666,0.3333333333333333,LIVE,BOOK STORE,5942,True
MCH9636,2,26065.73,2,0,0.0,0.0,13032.865,0.0,0.0,1.0,0.0,ACTIVE,CLOTHS,5699,False
MCH9637,3,63875.56,2,0,0.0,0.0,21291.853333333333,0.0,0.0,0.6666666666666666,0.0,LIVE,CLOTHING,5699,False
MCH9638,2,31102.15,2,0,1.0,3303.95,15551.075,0.5,0.10622899060032827,1.0,0.0,ENABLED,GARMENTS,5699,False
MCH9639,2,3131.3999999999996,2,0,1.0,645.98,1565.6999999999998,0.5,0.20629111579485218,1.0,0.0,,,,
MCH9640,3,47101.509999999995,2,0,0.0,0.0,15700.503333333332,0.0,0.0,0.6666666666666666,0.0,LIVE,TRAVEL,4131,True
MCH9641,2,19213.870000000003,1,0,0.0,0.0,9606.935000000001,0.0,0.0,0.5,0.0,ENABLED,PHARMACIES,5912,False
MCH9642,3,34016.15,2,1,1.0,452.46,11338.716666666667,0.3333333333333333,0.013301328927582927,0.6666666666666666,0.3333333333333333,ACTIVE,TELECOM,4814,False
MCH9644,2,16728.66,2,0,0.0,0.0,8364.33,0.0,0.0,1.0,0.0,,,,
MCH9645,3,37931.05,3,0,1.0,3630.27,12643.683333333334,0.3333333333333333,0.09570707902892221,1.0,0.0,,,,
MCH9646,3,41771.46,3,0,0.0,0.0,13923.82,0.0,0.0,1.0,0.0,,,,
MCH9647,2,34110.89,2,0,0.0,0.0,17055.445,0.0,0.0,1.0,0.0,LIVE,HOTEL_LODGING,7011,False
MCH9648,4,49220.479999999996,4,0,1.0,964.98,12305.119999999999,0.25,0.01960525374803334,1.0,0.0,,,,
MCH9649,1,3561.25,1,0,1.0,1459.42,3561.25,1.0,0.40980554580554585,1.0,0.0,ACTIVE,HOTEL_LODGING,7011,False
MCH9650,3,33527.54,2,1,0.0,0.0,11175.846666666666,0.0,0.0,0.6666666666666666,0.3333333333333333,,,,
MCH9651,2,21509.01,1,1,0.0,0.0,10754.505,0.0,0.0,0.5,0.5,ACTIVE,DEPARTMENT STORES,5311,False
MCH9652,1,5293.67,1,0,0.0,0.0,5293.67,0.0,0.0,1.0,0.0,,,,
MCH9653,3,26162.559999999998,3,0,0.0,0.0,8720.853333333333,0.0,0.0,1.0,0.0,,,,
MCH9654,1,3043.08,0,1,0.0,0.0,3043.08,0.0,0.0,0.0,1.0,ACTIVE,BOOKS,5942,False
MCH9655,3,48162.26,3,0,0.0,0.0,16054.086666666668,0.0,0.0,1.0,0.0,,,,
MCH9656,7,65498.06,7,0,0.0,0.0,9356.865714285714,0.0,0.0,1.0,0.0,,,,
MCH9657,3,25366.300000000003,2,1,2.0,9368.71,8455.433333333334,0.6666666666666666,0.36933687609150717,0.6666666666666666,0.3333333333333333,,,,
MCH9659,2,20540.0,2,0,0.0,0.0,10270.0,0.0,0.0,1.0,0.0,ACTIVE,MOBILE RECHARGE,4814,False
MCH9660,2,29587.6,2,0,0.0,0.0,14793.8,0.0,0.0,1.0,0.0,,,,
MCH9661,3,34696.55,2,1,0.0,0.0,11565.516666666668,0.0,0.0,0.6666666666666666,0.3333333333333333,ACTIVE,HOSPITALITY,7011,False
MCH9662,5,19659.95,4,1,0.0,0.0,3931.9900000000002,0.0,0.0,0.8,0.2,ACTIVE,TELECOM,4814,False
MCH9663,2,5841.35,2,0,1.0,5834.0,2920.675,0.5,0.9987417292235528,1.0,0.0,,,,
MCH9666,1,3129.27,1,0,0.0,0.0,3129.27,0.0,0.0,1.0,0.0,,,,
MCH9667,4,45191.090000000004,4,0,0.0,0.0,11297.772500000001,0.0,0.0,1.0,0.0,,,,
MCH9668,3,8741.51,2,0,0.0,0.0,2913.8366666666666,0.0,0.0,0.6666666666666666,0.0,,,,
MCH9669,2,32516.93,2,0,0.0,0.0,16258.465,0.0,0.0,1.0,0.0,,,,
MCH9670,6,54466.229999999996,5,1,1.0,3127.19,9077.705,0.16666666666666666,0.057415209387541605,0.8333333333333334,0.16666666666666666,,,,
MCH9671,3,45822.729999999996,2,1,0.0,0.0,15274.243333333332,0.0,0.0,0.6666666666666666,0.3333333333333333,,,,
MCH9672,2,38750.41,2,0,0.0,0.0,19375.205,0.0,0.0,1.0,0.0,ACTIVE,RETAIL,5311,False
MCH9673,5,60457.28,4,0,0.0,0.0,12091.456,0.0,0.0,0.8,0.0,,,,
MCH9674,1,5014.65,0,0,0.0,0.0,5014.65,0.0,0.0,0.0,0.0,,,,
MCH9675,2,20330.67,2,0,3.0,5623.62,10165.335,1.5,0.276607706484833,1.0,0.0,INACTIVE,MEDICAL,5912,False
MCH9676,2,13558.56,2,0,1.0,-3807.76,6779.28,0.5,-0.28083808310027025,1.0,0.0,,,,
MCH9677,3,42222.770000000004,3,0,0.0,0.0,14074.256666666668,0.0,0.0,1.0,0.0,,,,
MCH9679,3,22425.690000000002,0,3,0.0,0.0,7475.2300000000005,0.0,0.0,0.0,1.0,INACTIVE,HOTEL_LODGING,,False
MCH9680,3,25162.41,2,0,0.0,0.0,8387.47,0.0,0.0,0.6666666666666666,0.0,,,,
MCH9681,3,20988.6,2,1,1.0,-12058.7,6996.2,0.3333333333333333,-0.5745357003325615,0.6666666666666666,0.3333333333333333,LIVE,CLOTHING,5699,False
MCH9682,4,47286.229999999996,4,0,0.0,0.0,11821.557499999999,0.0,0.0,1.0,0.0,,,,
MCH9684,4,80992.71,3,0,0.0,0.0,20248.1775,0.0,0.0,0.75,0.0,INACTIVE,PHARMACIES,5912,False
MCH9685,1,12065.77,0,1,0.0,0.0,12065.77,0.0,0.0,0.0,1.0,,,,
MCH9686,2,-8833.939999999999,1,1,0.0,0.0,-4416.969999999999,0.0,0.0,0.5,0.5,,,,
MCH9687,1,5244.0,1,0,1.0,0.0,5244.0,1.0,0.0,1.0,0.0,,,,
MCH9688,2,8097.81,2,0,1.0,597.81,4048.905,0.5,0.07382366343492869,1.0,0.0,ACTIVE,BOOKS,5942,False
MCH9689,3,9943.739999999998,2,1,0.0,0.0,3314.5799999999995,0.0,0.0,0.6666666666666666,0.3333333333333333,,,,
MCH9690,1,20641.96,1,0,0.0,0.0,20641.96,0.0,0.0,1.0,0.0,LIVE,HOTELS,7011,False
MCH9691,1,4342.6,1,0,1.0,-933.13,4342.6,1.0,-0.21487818357665914,1.0,0.0,,,,
MCH9693,3,29844.93,2,0,1.0,3062.43,9948.31,0.3333333333333333,0.10261139831790525,0.6666666666666666,0.0,LIVE,STATIONERY,5942,False
MCH9694,6,109489.68,5,0,1.0,2917.69,18248.28,0.16666666666666666,0.026648082266748797,0.8333333333333334,0.0,,,,
MCH9695,7,74951.92,7,0,1.0,590.0,10707.417142857143,0.14285714285714285,0.007871712959454541,1.0,0.0,,,,
MCH9696,1,12602.39,1,0,1.0,-1889.21,12602.39,1.0,-0.14990886649278432,1.0,0.0,ACTIVE,MISC RETAIL,5999.0,False
MCH9697,3,31025.91,3,0,0.0,0.0,10341.97,0.0,0.0,1.0,0.0,LIVE,TELECOM,,True
MCH9698,3,24455.37,3,0,0.0,0.0,8151.79,0.0,0.0,1.0,0.0,,,,
MCH9699,2,21929.64,0,2,1.0,-678.63,10964.82,0.5,-0.030945788439755508,0.0,1.0,,,,
MCH9700,4,69352.18000000001,2,0,0.0,0.0,17338.045000000002,0.0,0.0,0.5,0.0,,,,
MCH9701,1,20246.5,1,0,0.0,0.0,20246.5,0.0,0.0,1.0,0.0,,,,
MCH9702,4,47604.18,3,1,0.0,0.0,11901.045,0.0,0.0,0.75,0.25,ACTIVE,HOTELS,7011,False
MCH9703,2,25658.13,1,1,0.0,0.0,12829.065,0.0,0.0,0.5,0.5,,,,
MCH9704,1,13448.89,0,0,0.0,0.0,13448.89,0.0,0.0,0.0,0.0,ACTIVE,KIRANA,5411,True
MCH9706,2,17751.43,2,0,0.0,0.0,8875.715,0.0,0.0,1.0,0.0,ACTIVE,GARMENTS,5699,False
MCH9707,1,23727.24,1,0,0.0,0.0,23727.24,0.0,0.0,1.0,0.0,,,,
MCH9708,4,48790.76,4,0,0.0,0.0,12197.69,0.0,0.0,1.0,0.0,,,,
MCH9709,1,15347.0,1,0,0.0,0.0,15347.0,0.0,0.0,1.0,0.0,,,,
MCH9710,1,21317.03,1,0,0.0,0.0,21317.03,0.0,0.0,1.0,0.0,INACTIVE,DEPT_STORE,5311,True
MCH9711,2,40478.6,2,0,1.0,1742.0,20239.3,0.5,0.043035085205516,1.0,0.0,,,,
MCH9712,1,23083.25,1,0,0.0,0.0,23083.25,0.0,0.0,1.0,0.0,,,,
MCH9713,2,38683.369999999995,2,0,0.0,0.0,19341.684999999998,0.0,0.0,1.0,0.0,ACTIVE,FASHION,5699,False
MCH9714,4,42644.19,2,0,0.0,0.0,10661.0475,0.0,0.0,0.5,0.0,INACTIVE,PHARMACIES,5912,False
MCH9716,2,10975.919999999998,2,0,0.0,0.0,5487.959999999999,0.0,0.0,1.0,0.0,ENABLED,RESTAURANTS,5812,False
MCH9717,3,28664.35,3,0,0.0,0.0,9554.783333333333,0.0,0.0,1.0,0.0,,,,
MCH9718,2,31560.14,2,0,0.0,0.0,15780.07,0.0,0.0,1.0,0.0,ACTIVE,EATING PLACE,5812,True
MCH9719,1,11588.59,0,0,0.0,0.0,11588.59,0.0,0.0,0.0,0.0,,,,
MCH9720,3,42225.63,2,0,0.0,0.0,14075.21,0.0,0.0,0.6666666666666666,0.0,ENABLED,STATIONERY,5942,False
MCH9721,2,21363.079999999998,2,0,0.0,0.0,10681.539999999999,0.0,0.0,1.0,0.0,,,,
MCH9723,1,18910.73,1,0,0.0,0.0,18910.73,0.0,0.0,1.0,0.0,,,,
MCH9725,2,17330.43,1,0,0.0,0.0,8665.215,0.0,0.0,0.5,0.0,ACTIVE,CLOTHING,5699,False
MCH9726,3,38433.32,1,2,0.0,0.0,12811.106666666667,0.0,0.0,0.3333333333333333,0.6666666666666666,,,,
MCH9727,2,35874.38,2,0,0.0,0.0,17937.19,0.0,0.0,1.0,0.0,,,,
MCH9728,1,2173.82,1,0,0.0,0.0,2173.82,0.0,0.0,1.0,0.0,ACTIVE,GROCERIES,5411,False
MCH9729,1,3389.0,1,0,0.0,0.0,3389.0,0.0,0.0,1.0,0.0,LIVE,RESTAURANTS,5812,False
MCH9731,4,53462.18,4,0,0.0,0.0,13365.545,0.0,0.0,1.0,0.0,ENABLED,DEPT_STORE,5311,False
MCH9732,3,30107.27,3,0,0.0,0.0,10035.756666666666,0.0,0.0,1.0,0.0,LIVE,CLOTHING,5699,True
MCH9733,4,15295.11,4,0,0.0,0.0,3823.7775,0.0,0.0,1.0,0.0,ACTIVE,TRANSPORT,4131,False
MCH9735,2,29442.07,2,0,0.0,0.0,14721.035,0.0,0.0,1.0,0.0,,,,
MCH9736,2,5922.610000000001,2,0,0.0,0.0,2961.3050000000003,0.0,0.0,1.0,0.0,ACTIVE,HOTEL_LODGING,7011,False
MCH9737,2,12846.41,2,0,1.0,513.84,6423.205,0.5,0.0399987233787494,1.0,0.0,,,,
MCH9738,3,35656.17,2,1,0.0,0.0,11885.39,0.0,0.0,0.6666666666666666,0.3333333333333333,ENABLED,GROCERY,5411.0,False
MCH9739,3,36120.94,3,0,1.0,465.76,12040.313333333334,0.3333333333333333,0.012894459557254045,1.0,0.0,ACTIVE,TRANSPRT,4131,False
MCH9740,3,47350.67,3,0,1.0,9827.0,15783.556666666665,0.3333333333333333,0.20753666210002944,1.0,0.0,LIVE,RESTAURANTS,5812,False
MCH9742,2,40059.8,1,1,2.0,3812.24,20029.9,1.0,0.09516373022331613,0.5,0.5,,,,
MCH9743,5,60533.2,2,1,1.0,946.63,12106.64,0.2,0.015638195238315503,0.4,0.2,LIVE,STATIONERY,5942,False
MCH9744,1,8086.62,1,0,0.0,0.0,8086.62,0.0,0.0,1.0,0.0,SUSPENDED,STATIONERY,5942,True
MCH9745,3,37990.16,2,1,1.0,1317.13,12663.386666666667,0.3333333333333333,0.03467029357075622,0.6666666666666666,0.3333333333333333,INACTIVE,CLOTHS,misc,True
MCH9746,2,22012.02,2,0,1.0,1224.0,11006.01,0.5,0.0556059825495343,1.0,0.0,,,,
MCH9747,1,12137.17,1,0,0.0,0.0,12137.17,0.0,0.0,1.0,0.0,,,,
MCH9748,5,61419.25,2,1,1.0,3784.42,12283.85,0.2,0.061616187107462236,0.4,0.2,,,,
MCH9749,3,18459.31,3,0,1.0,917.0,6153.1033333333335,0.3333333333333333,0.04967682974065661,1.0,0.0,ACTIVE,HOSPITALITY,7011.0,True
MCH9750,2,29399.75,1,1,1.0,0.0,14699.875,0.5,0.0,0.5,0.5,,,,
MCH9751,3,27838.719999999998,3,0,0.0,0.0,9279.573333333332,0.0,0.0,1.0,0.0,ENABLED,RESTAURANT,5812,False
MCH9752,2,4834.9,1,0,1.0,1771.56,2417.45,0.5,0.3664108875054293,0.5,0.0,,,,
MCH9753,2,5569.3099999999995,2,0,1.0,2522.66,2784.6549999999997,0.5,0.45295736814793935,1.0,0.0,LIVE,TELECOM,4814,False
MCH9754,1,20447.68,1,0,0.0,0.0,20447.68,0.0,0.0,1.0,0.0,ENABLED,GROCERY_STORE,5411,False
MCH9757,1,994.4,1,0,0.0,0.0,994.4,0.0,0.0,1.0,0.0,ACTIVE,DEPT_STORE,5311,False
MCH9758,2,46552.96,2,0,2.0,909.1500000000001,23276.48,1.0,0.019529370420269733,1.0,0.0,,,,
MCH9759,3,20966.94,3,0,1.0,2185.09,6988.98,0.3333333333333333,0.10421597047542466,1.0,0.0,,,,
MCH9760,2,7484.8,1,0,0.0,0.0,3742.4,0.0,0.0,0.5,0.0,,,,
MCH9761,2,32956.99,2,0,1.0,847.6,16478.495,0.5,0.025718368091260765,1.0,0.0,,,,
MCH9762,2,7491.35,1,1,0.0,0.0,3745.675,0.0,0.0,0.5,0.5,ACTIVE,RETAIL OTHER,5999,False
MCH9763,6,95417.32,6,0,2.0,83.87,15902.886666666667,0.3333333333333333,0.0008789808810392075,1.0,0.0,LIVE,CLOTHS,5699,False
MCH9764,3,34323.899999999994,2,1,0.0,0.0,11441.299999999997,0.0,0.0,0.6666666666666666,0.3333333333333333,LIVE,CHEMIST,5912,True
MCH9766,3,21628.04,2,1,1.0,5224.53,7209.346666666667,0.3333333333333333,0.24156280458145998,0.6666666666666666,0.3333333333333333,,,,
MCH9767,3,55252.42,2,0,0.0,0.0,18417.47333333333,0.0,0.0,0.6666666666666666,0.0,,,,
MCH9768,3,29526.18,3,0,0.0,0.0,9842.06,0.0,0.0,1.0,0.0,,,,
MCH9769,4,4522.469999999999,3,0,0.0,0.0,1130.6174999999998,0.0,0.0,0.75,0.0,ACTIVE,RETAIL,5311,True
MCH9770,2,12142.6,2,0,0.0,0.0,6071.3,0.0,0.0,1.0,0.0,SUSPENDED,TRANSPRT,,False
MCH9772,2,20394.74,2,0,0.0,0.0,10197.37,0.0,0.0,1.0,0.0,LIVE,BOOKS,5942.0,True
MCH9773,2,30815.18,2,0,1.0,0.0,15407.59,0.5,0.0,1.0,0.0,,,,
MCH9774,2,34924.84,2,0,0.0,0.0,17462.42,0.0,0.0,1.0,0.0,ACTIVE,PHARMACY,5912,False
MCH9776,3,19218.78,1,1,1.0,2973.45,6406.259999999999,0.3333333333333333,0.15471585605329788,0.3333333333333333,0.3333333333333333,,,,
MCH9777,3,33562.950000000004,2,0,1.0,12249.71,11187.650000000001,0.3333333333333333,0.364977154868687,0.6666666666666666,0.0,,,,
MCH9778,3,31587.219999999998,3,0,1.0,1345.11,10529.073333333332,0.3333333333333333,0.042583994412930294,1.0,0.0,ENABLED,BOOK STORE,5942,False
MCH9779,1,12453.74,1,0,0.0,0.0,12453.74,0.0,0.0,1.0,0.0,ACTIVE,TELECOM,4814,False
MCH9781,1,3247.55,1,0,0.0,0.0,3247.55,0.0,0.0,1.0,0.0,,,,
MCH9782,3,-4489.199999999997,2,1,0.0,0.0,-1496.399999999999,0.0,0.0,0.6666666666666666,0.3333333333333333,ACTIVE,TRAVEL,4131,True
MCH9783,1,15131.49,1,0,0.0,0.0,15131.49,0.0,0.0,1.0,0.0,,,,
MCH9785,3,39643.06,3,0,1.0,3801.16,13214.353333333333,0.3333333333333333,0.09588462646425377,1.0,0.0,ENABLED,CLOTHS,5699,True
MCH9786,2,35598.159999999996,2,0,0.0,0.0,17799.079999999998,0.0,0.0,1.0,0.0,ACTIVE,DEPARTMENT STORE,5311,False
MCH9787,1,18775.99,1,0,0.0,0.0,18775.99,0.0,0.0,1.0,0.0,INACTIVE,HOTELS,7011,True
MCH9788,2,30425.949999999997,2,0,0.0,0.0,15212.974999999999,0.0,0.0,1.0,0.0,,,,
MCH9789,1,4544.14,1,0,1.0,2117.07,4544.14,1.0,0.46589013542716556,1.0,0.0,,,,
MCH9790,2,45057.8,2,0,0.0,0.0,22528.9,0.0,0.0,1.0,0.0,ENABLED,MOBILE RECHARGE,4814,True
MCH9791,2,34017.74,2,0,1.0,1889.0,17008.87,0.5,0.055529850013551756,1.0,0.0,,,,
MCH9792,1,19212.84,1,0,0.0,0.0,19212.84,0.0,0.0,1.0,0.0,,,,
MCH9793,2,41670.27,2,0,0.0,0.0,20835.135,0.0,0.0,1.0,0.0,ENABLED,FASHION,,False
MCH9794,2,27831.61,2,0,0.0,0.0,13915.805,0.0,0.0,1.0,0.0,,,,
MCH9795,1,3850.74,1,0,0.0,0.0,3850.74,0.0,0.0,1.0,0.0,,,,
MCH9796,3,-1827.6599999999999,3,0,1.0,367.0,-609.2199999999999,0.3333333333333333,0.0,1.0,0.0,,,,
MCH9797,1,6419.01,1,0,0.0,0.0,6419.01,0.0,0.0,1.0,0.0,ACTIVE,HOTEL_LODGING,7011,False
MCH9798,7,102847.06,5,2,1.0,4466.49,14692.437142857143,0.14285714285714285,0.04342846552930147,0.7142857142857143,0.2857142857142857,ACTIVE,TRANSPRT,4131,False
MCH9799,2,1695.58,2,0,0.0,0.0,847.79,0.0,0.0,1.0,0.0,,,,
MCH9800,2,32546.57,2,0,0.0,0.0,16273.285,0.0,0.0,1.0,0.0,ACTIVE,HOTEL,7011,True
MCH9801,2,28738.760000000002,2,0,1.0,504.51,14369.380000000001,0.5,0.017555037169314194,1.0,0.0,SUSPENDED,RESTAURANT,5812,False
MCH9802,1,9555.68,1,0,0.0,0.0,9555.68,0.0,0.0,1.0,0.0,ENABLED,GARMENTS,5699,True
MCH9803,1,6569.49,1,0,0.0,0.0,6569.49,0.0,0.0,1.0,0.0,ACTIVE,BOOKS_STATIONERY,misc,False
MCH9804,3,34492.09,3,0,1.0,983.39,11497.363333333333,0.3333333333333333,0.028510594747955257,1.0,0.0,SUSPENDED,DEPT_STORE,5311,False
MCH9805,4,60885.630000000005,4,0,1.0,1325.25,15221.407500000001,0.25,0.02176621971391279,1.0,0.0,ENABLED,RETAIL,5311,False
MCH9806,1,10708.04,1,0,0.0,0.0,10708.04,0.0,0.0,1.0,0.0,ACTIVE,GROCERIES,5411,False
MCH9807,1,23839.8,1,0,0.0,0.0,23839.8,0.0,0.0,1.0,0.0,LIVE,CHEMIST,5912,False
MCH9809,2,20984.21,2,0,0.0,0.0,10492.105,0.0,0.0,1.0,0.0,,,,
MCH9810,4,42324.95,2,0,1.0,0.0,10581.2375,0.25,0.0,0.5,0.0,,,,
MCH9812,4,83660.85,4,0,0.0,0.0,20915.2125,0.0,0.0,1.0,0.0,,,,
MCH9813,3,32525.079999999998,3,0,0.0,0.0,10841.693333333333,0.0,0.0,1.0,0.0,ENABLED,GROCERY STORES,5411,True
MCH9814,3,18196.190000000002,3,0,1.0,4360.22,6065.396666666667,0.3333333333333333,0.23962269024449623,1.0,0.0,ACTIVE,GROCERY_STORE,5411,False
MCH9815,4,81617.26,3,1,0.0,0.0,20404.315,0.0,0.0,0.75,0.25,ACTIVE,BOOK STORE,5942,True
MCH9816,1,14241.6,1,0,0.0,0.0,14241.6,0.0,0.0,1.0,0.0,,,,
MCH9818,5,54343.19,4,1,0.0,0.0,10868.638,0.0,0.0,0.8,0.2,,,,
MCH9819,1,20100.92,0,0,0.0,0.0,20100.92,0.0,0.0,0.0,0.0,,,,
MCH9820,4,41029.57,2,1,0.0,0.0,10257.3925,0.0,0.0,0.5,0.25,ACTIVE,HOTEL_LODGING,7011,False
MCH9821,1,7089.58,1,0,0.0,0.0,7089.58,0.0,0.0,1.0,0.0,LIVE,FASHION,5699,False
MCH9822,4,31102.23,4,0,0.0,0.0,7775.5575,0.0,0.0,1.0,0.0,ACTIVE,DEPARTMENT STORE,5311,False
MCH9823,1,6322.12,1,0,0.0,0.0,6322.12,0.0,0.0,1.0,0.0,ACTIVE,RESTAURANT,5812,False
MCH9824,1,17487.48,1,0,0.0,0.0,17487.48,0.0,0.0,1.0,0.0,HOLD,PHONE SERVICE,4814,False
MCH9825,2,10536.6,2,0,1.0,604.17,5268.3,0.5,0.0573401286942657,1.0,0.0,,,,
MCH9826,2,30202.34,2,0,0.0,0.0,15101.17,0.0,0.0,1.0,0.0,ACTIVE,GROCERIES,,False
MCH9827,3,47831.14,3,0,0.0,0.0,15943.713333333333,0.0,0.0,1.0,0.0,ENABLED,DEPARTMENT STORES,5311,False
MCH9828,2,19308.59,2,0,0.0,0.0,9654.295,0.0,0.0,1.0,0.0,,,,
MCH9829,1,7068.99,1,0,0.0,0.0,7068.99,0.0,0.0,1.0,0.0,,,,
MCH9830,1,20261.94,0,1,0.0,0.0,20261.94,0.0,0.0,0.0,1.0,,,,
MCH9831,2,26077.59,2,0,0.0,0.0,13038.795,0.0,0.0,1.0,0.0,ACTIVE,PHONE SERVICE,4814,True
MCH9832,2,45214.7,1,0,1.0,4676.01,22607.35,0.5,0.1034179149701314,0.5,0.0,,,,
MCH9833,2,23753.89,2,0,0.0,0.0,11876.945,0.0,0.0,1.0,0.0,,,,
MCH9834,3,48912.229999999996,2,0,0.0,0.0,16304.076666666666,0.0,0.0,0.6666666666666666,0.0,ENABLED,GROCERY STORES,5411,True
MCH9836,2,7156.53,2,0,0.0,0.0,3578.265,0.0,0.0,1.0,0.0,ACTIVE,HOTEL_LODGING,7011.0,False
MCH9837,1,14704.0,1,0,0.0,0.0,14704.0,0.0,0.0,1.0,0.0,LIVE,RESTAURANTS,5812,False
MCH9839,2,35020.86,2,0,0.0,0.0,17510.43,0.0,0.0,1.0,0.0,ENABLED,EATING PLACE,5812,False
MCH9840,4,63126.28,4,0,2.0,19390.09,15781.57,0.5,0.3071635141497329,1.0,0.0,ACTIVE,STATIONERY,5942.0,False
MCH9841,5,58201.71,4,1,1.0,276.59,11640.342,0.2,0.0047522658698515895,0.8,0.2,,,,
MCH9842,1,9178.04,1,0,0.0,0.0,9178.04,0.0,0.0,1.0,0.0,,,,
MCH9843,1,8727.31,1,0,0.0,0.0,8727.31,0.0,0.0,1.0,0.0,ENABLED,STATIONERY,5942,False
MCH9844,2,33546.990000000005,1,1,0.0,0.0,16773.495000000003,0.0,0.0,0.5,0.5,ACTIVE,BUS/TAXI,4131,False
MCH9845,5,53595.55,3,2,0.0,0.0,10719.11,0.0,0.0,0.6,0.4,LIVE,PHARMACIES,5912.0,False
MCH9846,2,33066.3,2,0,0.0,0.0,16533.15,0.0,0.0,1.0,0.0,LIVE,RESTAURANT,5812,True
MCH9847,1,11294.16,0,1,0.0,0.0,11294.16,0.0,0.0,0.0,1.0,ACTIVE,TELECOM,4814,True
MCH9848,3,53306.990000000005,3,0,0.0,0.0,17768.99666666667,0.0,0.0,1.0,0.0,ACTIVE,RETAIL,,False
MCH9849,1,10734.45,1,0,0.0,0.0,10734.45,0.0,0.0,1.0,0.0,ACTIVE,BOOKS_STATIONERY,5942,False
MCH9850,1,12164.93,0,1,0.0,0.0,12164.93,0.0,0.0,0.0,1.0,,,,
MCH9851,2,17642.97,2,0,1.0,1154.99,8821.485,0.5,0.06546460148149659,1.0,0.0,,,,
MCH9852,6,72891.29,6,0,0.0,0.0,12148.548333333332,0.0,0.0,1.0,0.0,,,,
MCH9853,2,31407.2,0,1,1.0,2983.97,15703.6,0.5,0.0950091061922107,0.0,0.5,LIVE,PHARMACIES,5912,False
MCH9854,1,8563.22,1,0,0.0,0.0,8563.22,0.0,0.0,1.0,0.0,,,,
MCH9855,2,25720.74,1,1,0.0,0.0,12860.37,0.0,0.0,0.5,0.5,ACTIVE,MOBILE RECHARGE,4814,False
MCH9856,2,43808.65,2,0,0.0,0.0,21904.325,0.0,0.0,1.0,0.0,ACTIVE,GROCERY,5411,False
MCH9857,2,28815.68,1,1,0.0,0.0,14407.84,0.0,0.0,0.5,0.5,LIVE,DEPARTMENT STORE,5311.0,False
MCH9858,1,8135.43,1,0,0.0,0.0,8135.43,0.0,0.0,1.0,0.0,ACTIVE,TRANSPORT,4131,True
MCH9859,1,21408.57,1,0,1.0,478.75,21408.57,1.0,0.022362539861373272,1.0,0.0,ACTIVE,OTHER,5999.0,False
MCH9860,1,4619.63,1,0,1.0,733.59,4619.63,1.0,0.158798431909049,1.0,0.0,,,,
MCH9861,4,54046.05,4,0,3.0,5124.25,13511.5125,0.75,0.09481266438527884,1.0,0.0,ACTIVE,TRANSPORT,4131,False
MCH9862,1,22023.57,0,0,0.0,0.0,22023.57,0.0,0.0,0.0,0.0,,,,
MCH9863,3,31575.28,2,1,0.0,0.0,10525.093333333332,0.0,0.0,0.6666666666666666,0.3333333333333333,,,,
MCH9864,3,29457.269999999997,3,0,0.0,0.0,9819.089999999998,0.0,0.0,1.0,0.0,,,,
MCH9865,3,8627.679999999998,3,0,1.0,4713.3,2875.893333333333,0.3333333333333333,0.5462998164048737,1.0,0.0,ACTIVE,BOOKS,5942,False
MCH9866,2,20356.28,2,0,1.0,0.0,10178.14,0.5,0.0,1.0,0.0,LIVE,PHONE SERVICE,4814,True
MCH9867,1,6313.8,0,0,0.0,0.0,6313.8,0.0,0.0,0.0,0.0,ACTIVE,BOOKS_STATIONERY,5942,True
MCH9868,1,3427.51,1,0,0.0,0.0,3427.51,0.0,0.0,1.0,0.0,INACTIVE,TELECOM,4814,True
MCH9869,2,27401.059999999998,2,0,0.0,0.0,13700.529999999999,0.0,0.0,1.0,0.0,,,,
MCH9870,4,66425.56,2,2,1.0,7255.27,16606.39,0.25,0.10922406977073285,0.5,0.5,,,,
MCH9871,3,33477.56,3,0,0.0,0.0,11159.186666666666,0.0,0.0,1.0,0.0,,,,
MCH9872,2,29656.559999999998,0,2,0.0,0.0,14828.279999999999,0.0,0.0,0.0,1.0,,,,
MCH9873,1,21315.16,1,0,0.0,0.0,21315.16,0.0,0.0,1.0,0.0,,,,
MCH9874,3,36865.58,2,1,2.0,2009.7399999999998,12288.526666666667,0.6666666666666666,0.05451535009078928,0.6666666666666666,0.3333333333333333,,,,
MCH9875,5,41071.24,5,0,0.0,0.0,8214.248,0.0,0.0,1.0,0.0,,,,
MCH9876,2,22263.15,1,1,1.0,-2850.55,11131.575,0.5,-0.1280389342927663,0.5,0.5,,,,
MCH9877,3,45685.52,1,0,1.0,721.17,15228.506666666666,0.3333333333333333,0.015785526792734327,0.3333333333333333,0.0,LIVE,STATIONERY,5942,True
MCH9878,1,23194.53,1,0,0.0,0.0,23194.53,0.0,0.0,1.0,0.0,,,,
MCH9879,2,38389.35,2,0,0.0,0.0,19194.675,0.0,0.0,1.0,0.0,INACTIVE,MOBILE RECHARGE,4814,False
MCH9880,3,35994.729999999996,3,0,0.0,0.0,11998.243333333332,0.0,0.0,1.0,0.0,,,,
MCH9882,2,-2975.08,2,0,0.0,0.0,-1487.54,0.0,0.0,1.0,0.0,ENABLED,MOBILE RECHARGE,4814,False
MCH9884,3,43657.79,3,0,0.0,0.0,14552.596666666666,0.0,0.0,1.0,0.0,ENABLED,HOTEL_LODGING,7011,False
MCH9885,2,7640.01,2,0,0.0,0.0,3820.005,0.0,0.0,1.0,0.0,,,,
MCH9886,3,65479.8,2,1,1.0,2931.23,21826.600000000002,0.3333333333333333,0.04476540856874944,0.6666666666666666,0.3333333333333333,,,,
MCH9887,1,18847.8,0,0,0.0,0.0,18847.8,0.0,0.0,0.0,0.0,,,,
MCH9888,1,10222.36,1,0,1.0,1709.84,10222.36,1.0,0.16726470208445016,1.0,0.0,ACTIVE,PHARMACY,5912,True
MCH9890,2,25904.71,1,1,1.0,1053.3,12952.355,0.5,0.04066055941178264,0.5,0.5,,,,
MCH9892,3,9421.85,3,0,0.0,0.0,3140.616666666667,0.0,0.0,1.0,0.0,,,,
MCH9893,1,502.57,1,0,0.0,0.0,502.57,0.0,0.0,1.0,0.0,,,,
MCH9894,1,20647.16,1,0,0.0,0.0,20647.16,0.0,0.0,1.0,0.0,,,,
MCH9895,1,10866.16,1,0,0.0,0.0,10866.16,0.0,0.0,1.0,0.0,,,,
MCH9896,2,15968.470000000001,1,0,0.0,0.0,7984.235000000001,0.0,0.0,0.5,0.0,LIVE,RETAIL,5311,True
MCH9897,4,49005.53,4,0,1.0,1631.64,12251.3825,0.25,0.03329501792960917,1.0,0.0,ENABLED,FASHION,5699,False
MCH9898,1,10245.0,1,0,1.0,7942.83,10245.0,1.0,0.7752884333821376,1.0,0.0,,,,
MCH9899,3,42918.81,3,0,0.0,0.0,14306.269999999999,0.0,0.0,1.0,0.0,,,,
MCH9900,3,12973.839999999998,2,1,0.0,0.0,4324.613333333333,0.0,0.0,0.6666666666666666,0.3333333333333333,,,,
MCH9901,2,34532.46,1,1,0.0,0.0,17266.23,0.0,0.0,0.5,0.5,CLOSED,HOTEL,7011,False
MCH9902,4,49842.869999999995,3,1,0.0,0.0,12460.717499999999,0.0,0.0,0.75,0.25,,,,
MCH9903,3,18270.17,3,0,0.0,0.0,6090.056666666666,0.0,0.0,1.0,0.0,,,,
MCH9904,1,6454.99,1,0,0.0,0.0,6454.99,0.0,0.0,1.0,0.0,,,,
MCH9905,1,20985.07,1,0,0.0,0.0,20985.07,0.0,0.0,1.0,0.0,ACTIVE,HOTEL_LODGING,7011,False
MCH9906,2,30526.510000000002,2,0,0.0,0.0,15263.255000000001,0.0,0.0,1.0,0.0,ACTIVE,PHARMACY,5912,True
MCH9907,1,22995.62,1,0,0.0,0.0,22995.62,0.0,0.0,1.0,0.0,,,,
MCH9908,5,78741.28,5,0,1.0,5884.78,15748.256,0.2,0.07473564056870804,1.0,0.0,,,,
MCH9909,1,3903.0,1,0,0.0,0.0,3903.0,0.0,0.0,1.0,0.0,ACTIVE,CLOTHS,5699,True
MCH9911,2,15284.82,2,0,0.0,0.0,7642.41,0.0,0.0,1.0,0.0,ENABLED,TRANSPORT,4131,False
MCH9912,3,23870.33,3,0,0.0,0.0,7956.776666666668,0.0,0.0,1.0,0.0,ACTIVE,HOTELS,7011,False
MCH9913,1,414.85,0,1,0.0,0.0,414.85,0.0,0.0,0.0,1.0,LIVE,PHONE SERVICE,4814.0,False
MCH9914,4,54010.79,4,0,0.0,0.0,13502.6975,0.0,0.0,1.0,0.0,ACTIVE,BUS/TAXI,4131.0,True
MCH9915,2,41321.94,1,1,0.0,0.0,20660.97,0.0,0.0,0.5,0.5,,,,
MCH9916,1,21535.64,1,0,0.0,0.0,21535.64,0.0,0.0,1.0,0.0,LIVE,TELECOM,4814,False
MCH9917,2,22031.86,2,0,0.0,0.0,11015.93,0.0,0.0,1.0,0.0,,,,
MCH9918,3,43498.68,3,0,0.0,0.0,14499.56,0.0,0.0,1.0,0.0,DISABLED,CLOTHS,5699.0,True
MCH9919,4,9831.81,3,0,0.0,0.0,2457.9525,0.0,0.0,0.75,0.0,ACTIVE,PHARMACY,5912,False
MCH9920,5,77928.70999999999,4,1,2.0,1605.4499999999998,15585.741999999998,0.4,0.020601521570163293,0.8,0.2,ACTIVE,KIRANA,5411,False
MCH9921,2,28861.83,2,0,0.0,0.0,14430.915,0.0,0.0,1.0,0.0,LIVE,TRANSPORT,4131,False
MCH9922,3,36434.770000000004,3,0,0.0,0.0,12144.923333333334,0.0,0.0,1.0,0.0,ACTIVE,GROCERY_STORE,5411,False
MCH9923,1,22074.98,1,0,0.0,0.0,22074.98,0.0,0.0,1.0,0.0,,,,
MCH9925,2,24622.35,1,1,1.0,412.17,12311.175,0.5,0.016739669446661266,0.5,0.5,,,,
MCH9926,2,38794.22,1,0,0.0,0.0,19397.11,0.0,0.0,0.5,0.0,,,,
MCH9929,3,16314.87,2,1,0.0,0.0,5438.29,0.0,0.0,0.6666666666666666,0.3333333333333333,,,,
MCH9931,3,15090.6,3,0,0.0,0.0,5030.2,0.0,0.0,1.0,0.0,ACTIVE,MEDICAL_STORE,5912,True
MCH9932,1,19372.49,1,0,0.0,0.0,19372.49,0.0,0.0,1.0,0.0,,,,
MCH9933,1,16032.28,0,1,0.0,0.0,16032.28,0.0,0.0,0.0,1.0,LIVE,GROCERY STORES,5411,False
MCH9934,2,25295.940000000002,1,1,1.0,3544.0,12647.970000000001,0.5,0.14010153408017254,0.5,0.5,,,,
MCH9935,1,21145.16,1,0,1.0,-825.92,21145.16,1.0,-0.039059529462061295,1.0,0.0,LIVE,MISCELLANEOUS,5999,False
MCH9936,3,29210.72,3,0,0.0,0.0,9736.906666666668,0.0,0.0,1.0,0.0,,,,
MCH9937,1,5055.38,1,0,0.0,0.0,5055.38,0.0,0.0,1.0,0.0,INACTIVE,PHONE SERVICE,4814,False
MCH9938,1,4255.37,0,0,0.0,0.0,4255.37,0.0,0.0,0.0,0.0,,,,
MCH9939,2,17953.42,2,0,0.0,0.0,8976.71,0.0,0.0,1.0,0.0,,,,
MCH9940,3,48092.75,2,1,0.0,0.0,16030.916666666666,0.0,0.0,0.6666666666666666,0.3333333333333333,ACTIVE,GARMENTS,5699,True
MCH9941,4,48738.44,3,1,2.0,3319.46,12184.61,0.5,0.0681076374213044,0.75,0.25,ACTIVE,OTHER,5999.0,True
MCH9944,3,67083.1,3,0,1.0,930.83,22361.033333333336,0.3333333333333333,0.013875774971639653,1.0,0.0,ACTIVE,TRANSPORTATION,4131,False
MCH9945,2,16340.539999999999,2,0,0.0,0.0,8170.2699999999995,0.0,0.0,1.0,0.0,ENABLED,TELECOM,4814,False
MCH9946,2,30030.4,1,1,1.0,1837.87,15015.2,0.5,0.061200317012094406,0.5,0.5,ACTIVE,MEDICAL,5912,True
MCH9947,2,1020.53,0,1,0.0,0.0,510.265,0.0,0.0,0.0,0.5,ACTIVE,DEPARTMENT STORES,5311,False
MCH9948,3,49526.270000000004,3,0,0.0,0.0,16508.756666666668,0.0,0.0,1.0,0.0,,,,
MCH9949,3,29931.89,2,1,0.0,0.0,9977.296666666667,0.0,0.0,0.6666666666666666,0.3333333333333333,ENABLED,GROCERIES,5411,True
MCH9950,3,31410.02,3,0,0.0,0.0,10470.006666666666,0.0,0.0,1.0,0.0,,,,
MCH9951,6,99676.19,4,2,1.0,1800.13,16612.698333333334,0.16666666666666666,0.018059779371583123,0.6666666666666666,0.3333333333333333,ENABLED,PHARMACIES,5912,False
MCH9953,1,10955.56,1,0,0.0,0.0,10955.56,0.0,0.0,1.0,0.0,,,,
MCH9954,3,38701.81,1,0,0.0,0.0,12900.603333333333,0.0,0.0,0.3333333333333333,0.0,ACTIVE,APPAREL,5699,True
MCH9955,3,35277.84,2,1,2.0,1708.3600000000001,11759.279999999999,0.6666666666666666,0.048425867343352094,0.6666666666666666,0.3333333333333333,HOLD,FASHION,5699,True
MCH9956,2,11550.3,2,0,1.0,2301.28,5775.15,0.5,0.19923984658407143,1.0,0.0,SUSPENDED,HOTEL,7011,True
MCH9957,1,2730.95,1,0,0.0,0.0,2730.95,0.0,0.0,1.0,0.0,ENABLED,TELECOM,4814,True
MCH9958,1,15221.13,1,0,0.0,0.0,15221.13,0.0,0.0,1.0,0.0,,,,
MCH9959,3,44072.97,3,0,1.0,476.92,14690.99,0.3333333333333333,0.010821145023809379,1.0,0.0,,,,
MCH9960,1,10066.13,0,1,0.0,0.0,10066.13,0.0,0.0,0.0,1.0,,,,
MCH9961,3,52002.229999999996,2,0,0.0,0.0,17334.076666666664,0.0,0.0,0.6666666666666666,0.0,,,,
MCH9962,2,25247.03,1,0,0.0,0.0,12623.515,0.0,0.0,0.5,0.0,,,,
MCH9963,1,11013.42,1,0,0.0,0.0,11013.42,0.0,0.0,1.0,0.0,LIVE,BOOK STORE,5942,False
MCH9964,2,29445.77,2,0,1.0,1561.28,14722.885,0.5,0.053022216773410916,1.0,0.0,INACTIVE,TRANSPORTATION,4131,False
MCH9965,1,19826.63,1,0,1.0,180.66,19826.63,1.0,0.009111987261576979,1.0,0.0,,,,
MCH9966,1,6791.51,1,0,0.0,0.0,6791.51,0.0,0.0,1.0,0.0,ACTIVE,TRANSPORTATION,4131,True
MCH9967,2,10818.9,2,0,0.0,0.0,5409.45,0.0,0.0,1.0,0.0,ACTIVE,EATING PLACE,5812,False
MCH9968,2,21772.79,1,1,0.0,0.0,10886.395,0.0,0.0,0.5,0.5,ACTIVE,DEPARTMENT STORES,5311,True
MCH9969,3,16660.98,3,0,1.0,988.93,5553.66,0.3333333333333333,0.05935605228503965,1.0,0.0,DISABLED,BOOKS_STATIONERY,5942,False
MCH9970,5,56126.6,5,0,0.0,0.0,11225.32,0.0,0.0,1.0,0.0,,,,
MCH9971,4,33600.47,3,1,0.0,0.0,8400.1175,0.0,0.0,0.75,0.25,,,,
MCH9972,1,13714.99,1,0,0.0,0.0,13714.99,0.0,0.0,1.0,0.0,ACTIVE,DEPARTMENT STORES,5311,False
MCH9973,2,16969.11,2,0,0.0,0.0,8484.555,0.0,0.0,1.0,0.0,ENABLED,PHONE SERVICE,4814,False
MCH9974,2,18465.55,2,0,0.0,0.0,9232.775,0.0,0.0,1.0,0.0,,,,
MCH9975,1,9870.36,1,0,0.0,0.0,9870.36,0.0,0.0,1.0,0.0,ACTIVE,MISC RETAIL,5999,True
MCH9976,2,31915.730000000003,1,0,0.0,0.0,15957.865000000002,0.0,0.0,0.5,0.0,,,,
MCH9977,2,42492.44,1,0,1.0,3287.47,21246.22,0.5,0.07736599733976207,0.5,0.0,ACTIVE,TELECOM,4814,False
MCH9978,1,16045.48,1,0,0.0,0.0,16045.48,0.0,0.0,1.0,0.0,,,,
MCH9979,3,60052.490000000005,3,0,2.0,2134.24,20017.49666666667,0.6666666666666666,0.03553957546140051,1.0,0.0,SUSPENDED,TRANSPORTATION,4131,False
MCH9980,2,13997.46,2,0,0.0,0.0,6998.73,0.0,0.0,1.0,0.0,,,,
MCH9981,1,3266.65,1,0,0.0,0.0,3266.65,0.0,0.0,1.0,0.0,,,,
MCH9982,2,35509.11,2,0,0.0,0.0,17754.555,0.0,0.0,1.0,0.0,,,,
MCH9983,1,19467.0,1,0,0.0,0.0,19467.0,0.0,0.0,1.0,0.0,ACTIVE,GROCERY_STORE,5411,False
MCH9984,2,11959.96,2,0,1.0,1954.14,5979.98,0.5,0.16339017856247012,1.0,0.0,ACTIVE,TRANSPORT,4131,True
MCH9985,2,32176.04,2,0,0.0,0.0,16088.02,0.0,0.0,1.0,0.0,,,,
MCH9986,2,20526.0,1,1,0.0,0.0,10263.0,0.0,0.0,0.5,0.5,ACTIVE,TRANSPRT,4131,False
MCH9988,2,37463.850000000006,1,1,0.0,0.0,18731.925000000003,0.0,0.0,0.5,0.5,ACTIVE,MEDICAL,,False
MCH9989,1,14218.87,1,0,0.0,0.0,14218.87,0.0,0.0,1.0,0.0,,,,
MCH9990,2,7504.57,2,0,0.0,0.0,3752.285,0.0,0.0,1.0,0.0,LIVE,MEDICAL_STORE,5912.0,False
MCH9991,5,82647.45,5,0,0.0,0.0,16529.489999999998,0.0,0.0,1.0,0.0,,,,
MCH9992,2,32189.85,2,0,0.0,0.0,16094.925,0.0,0.0,1.0,0.0,ENABLED,HOTEL_LODGING,7011,True
MCH9993,2,4389.92,2,0,0.0,0.0,2194.96,0.0,0.0,1.0,0.0,INACTIVE,BOOK STORE,5942,False
MCH9995,2,19191.4,1,1,0.0,0.0,9595.7,0.0,0.0,0.5,0.5,ENABLED,RETAIL,,False
MCH9996,3,34297.79,3,0,1.0,2161.39,11432.596666666666,0.3333333333333333,0.06301834608002439,1.0,0.0,ACTIVE,APPAREL,5699,False
MCH9998,1,6053.91,0,1,0.0,0.0,6053.91,0.0,0.0,0.0,1.0,,,,
MCH9999,4,25583.45,4,0,1.0,1575.8,6395.8625,0.25,0.061594507386611264,1.0,0.0,ACTIVE,RETAIL OTHER,5999,False
