cluster_id,n_users,n_merchants,n_transactions,transaction_amount,chargeback_count,chargebacked_transaction_count,disputed_amount,average_user_risk,average_merchant_risk,max_user_risk,max_merchant_risk,cluster_chargeback_rate,disputed_amount_ratio,temporal_concentration,relationship_concentration,cluster_risk_score,risk_level,top_signals,explanation
CLU00604,1,1,1,45.69,2,1,1246.53,9.3333,100.0,9.3333,100.0,1.0,27.2823,0.0,0.1,81.0,HIGH,elevated_avg_merchant_risk|high_cluster_chargeback_rate|high_disputed_amount_ratio,"Investigation candidate due to: elevated_avg_merchant_risk, high_cluster_chargeback_rate, high_disputed_amount_ratio. Cluster involves 1 user(s) and 1 merchant(s) with 1 transaction(s), chargeback rate 100.0%, disputed amount ratio 2728.2%."
CLU00640,1,1,1,237.26,1,1,2741.61,13.3333,75.3072,13.3333,75.3072,1.0,11.5553,0.0,0.1,69.8882,MEDIUM,elevated_avg_merchant_risk|high_cluster_chargeback_rate|high_disputed_amount_ratio,"Investigation candidate due to: elevated_avg_merchant_risk, high_cluster_chargeback_rate, high_disputed_amount_ratio. Cluster involves 1 user(s) and 1 merchant(s) with 1 transaction(s), chargeback rate 100.0%, disputed amount ratio 1155.5%."
CLU00614,1,1,1,3327.0,1,1,33975.77,9.3333,64.5119,9.3333,64.5119,1.0,10.2121,0.0,0.1,65.0303,MEDIUM,elevated_avg_merchant_risk|high_cluster_chargeback_rate|high_disputed_amount_ratio,"Investigation candidate due to: elevated_avg_merchant_risk, high_cluster_chargeback_rate, high_disputed_amount_ratio. Cluster involves 1 user(s) and 1 merchant(s) with 1 transaction(s), chargeback rate 100.0%, disputed amount ratio 1021.2%."
CLU00559,2,1,2,6114.09,2,2,9753.64,13.3333,39.9475,13.3333,39.9475,1.0,1.5953,0.5,0.1,58.9764,MEDIUM,elevated_avg_merchant_risk|high_cluster_chargeback_rate|high_disputed_amount_ratio|temporal_concentration,"Investigation candidate due to: elevated_avg_merchant_risk, high_cluster_chargeback_rate, high_disputed_amount_ratio. Cluster involves 2 user(s) and 1 merchant(s) with 2 transaction(s), chargeback rate 100.0%, disputed amount ratio 159.5%."
CLU00600,1,1,1,839.58,2,1,5814.0,16.0,49.5827,16.0,49.5827,1.0,6.9249,0.0,0.1,58.3122,MEDIUM,elevated_avg_user_risk|elevated_avg_merchant_risk|high_cluster_chargeback_rate|high_disputed_amount_ratio,"Investigation candidate due to: elevated_avg_user_risk, elevated_avg_merchant_risk, high_cluster_chargeback_rate. Cluster involves 1 user(s) and 1 merchant(s) with 1 transaction(s), chargeback rate 100.0%, disputed amount ratio 692.5%."
CLU00436,2,1,2,3649.47,1,1,12071.05,6.6667,51.1957,13.3333,51.1957,0.5,3.3076,0.5,0.1,54.0381,MEDIUM,elevated_avg_merchant_risk|high_cluster_chargeback_rate|high_disputed_amount_ratio|temporal_concentration,"Investigation candidate due to: elevated_avg_merchant_risk, high_cluster_chargeback_rate, high_disputed_amount_ratio. Cluster involves 2 user(s) and 1 merchant(s) with 2 transaction(s), chargeback rate 50.0%, disputed amount ratio 330.8%."
CLU00461,2,1,2,19604.76,2,2,12187.4,17.3333,35.7962,17.3333,35.7962,1.0,0.6217,0.5,0.1,51.4331,MEDIUM,elevated_avg_user_risk|elevated_avg_merchant_risk|high_cluster_chargeback_rate|high_disputed_amount_ratio|temporal_concentration,"Investigation candidate due to: elevated_avg_user_risk, elevated_avg_merchant_risk, high_cluster_chargeback_rate. Cluster involves 2 user(s) and 1 merchant(s) with 2 transaction(s), chargeback rate 100.0%, disputed amount ratio 62.2%."
CLU00630,1,1,1,2212.67,1,1,9215.86,13.3333,34.2502,13.3333,34.2502,1.0,4.165,0.0,0.1,51.4126,MEDIUM,elevated_avg_merchant_risk|high_cluster_chargeback_rate|high_disputed_amount_ratio,"Investigation candidate due to: elevated_avg_merchant_risk, high_cluster_chargeback_rate, high_disputed_amount_ratio. Cluster involves 1 user(s) and 1 merchant(s) with 1 transaction(s), chargeback rate 100.0%, disputed amount ratio 416.5%."
CLU00653,1,1,1,3565.73,1,1,16936.0,9.3333,34.1648,9.3333,34.1648,1.0,4.7497,0.0,0.1,51.3741,MEDIUM,elevated_avg_merchant_risk|high_cluster_chargeback_rate|high_disputed_amount_ratio,"Investigation candidate due to: elevated_avg_merchant_risk, high_cluster_chargeback_rate, high_disputed_amount_ratio. Cluster involves 1 user(s) and 1 merchant(s) with 1 transaction(s), chargeback rate 100.0%, disputed amount ratio 475.0%."
CLU00204,3,1,3,28916.8,2,2,25248.56,8.8889,40.108,13.3333,40.108,0.6667,0.8731,0.3333,0.1,48.8121,MEDIUM,elevated_avg_merchant_risk|high_cluster_chargeback_rate|high_disputed_amount_ratio,"Investigation candidate due to: elevated_avg_merchant_risk, high_cluster_chargeback_rate, high_disputed_amount_ratio. Cluster involves 3 user(s) and 1 merchant(s) with 3 transaction(s), chargeback rate 66.7%, disputed amount ratio 87.3%."
CLU00196,3,1,3,46458.83,2,2,44450.57,7.5556,36.5018,13.3333,36.5018,0.6667,0.9568,0.3333,0.1,48.4437,MEDIUM,elevated_avg_merchant_risk|high_cluster_chargeback_rate|high_disputed_amount_ratio,"Investigation candidate due to: elevated_avg_merchant_risk, high_cluster_chargeback_rate, high_disputed_amount_ratio. Cluster involves 3 user(s) and 1 merchant(s) with 3 transaction(s), chargeback rate 66.7%, disputed amount ratio 95.7%."
CLU00364,2,1,2,16699.02,1,1,14485.22,4.6667,39.111,9.3333,39.111,0.5,0.8674,0.5,0.1,46.6114,MEDIUM,elevated_avg_merchant_risk|high_cluster_chargeback_rate|high_disputed_amount_ratio|temporal_concentration,"Investigation candidate due to: elevated_avg_merchant_risk, high_cluster_chargeback_rate, high_disputed_amount_ratio. Cluster involves 2 user(s) and 1 merchant(s) with 2 transaction(s), chargeback rate 50.0%, disputed amount ratio 86.7%."
CLU00136,4,1,4,62436.96,2,2,19346.73,6.6667,62.6319,13.3333,62.6319,0.5,0.3099,0.25,0.1,46.3322,MEDIUM,elevated_avg_merchant_risk|high_cluster_chargeback_rate|high_disputed_amount_ratio,"Investigation candidate due to: elevated_avg_merchant_risk, high_cluster_chargeback_rate, high_disputed_amount_ratio. Cluster involves 4 user(s) and 1 merchant(s) with 4 transaction(s), chargeback rate 50.0%, disputed amount ratio 31.0%."
CLU00425,2,1,2,12176.15,1,1,8825.16,4.6667,42.4529,9.3333,42.4529,0.5,0.7248,0.5,0.1,45.9756,MEDIUM,elevated_avg_merchant_risk|high_cluster_chargeback_rate|high_disputed_amount_ratio|temporal_concentration,"Investigation candidate due to: elevated_avg_merchant_risk, high_cluster_chargeback_rate, high_disputed_amount_ratio. Cluster involves 2 user(s) and 1 merchant(s) with 2 transaction(s), chargeback rate 50.0%, disputed amount ratio 72.5%."
CLU00627,1,1,1,19571.0,1,1,26207.56,17.3333,21.8839,17.3333,21.8839,1.0,1.3391,0.0,0.1,45.8478,MEDIUM,elevated_avg_user_risk|high_cluster_chargeback_rate|high_disputed_amount_ratio,"Investigation candidate due to: elevated_avg_user_risk, high_cluster_chargeback_rate, high_disputed_amount_ratio. Cluster involves 1 user(s) and 1 merchant(s) with 1 transaction(s), chargeback rate 100.0%, disputed amount ratio 133.9%."
CLU00622,1,1,1,16342.48,2,1,30866.46,9.3333,18.2707,9.3333,18.2707,1.0,1.8887,0.0,0.1,44.2218,MEDIUM,high_cluster_chargeback_rate|high_disputed_amount_ratio,"Investigation candidate due to: high_cluster_chargeback_rate, high_disputed_amount_ratio. Cluster involves 1 user(s) and 1 merchant(s) with 1 transaction(s), chargeback rate 100.0%, disputed amount ratio 188.9%."
CLU00610,1,1,1,617.0,1,1,1122.85,9.3333,17.8881,9.3333,17.8881,1.0,1.8199,0.0,0.1,44.0496,MEDIUM,high_cluster_chargeback_rate|high_disputed_amount_ratio,"Investigation candidate due to: high_cluster_chargeback_rate, high_disputed_amount_ratio. Cluster involves 1 user(s) and 1 merchant(s) with 1 transaction(s), chargeback rate 100.0%, disputed amount ratio 182.0%."
CLU00617,1,1,1,3435.12,1,1,3867.32,13.3333,17.3657,13.3333,17.3657,1.0,1.1258,0.0,0.1,43.8145,MEDIUM,high_cluster_chargeback_rate|high_disputed_amount_ratio,"Investigation candidate due to: high_cluster_chargeback_rate, high_disputed_amount_ratio. Cluster involves 1 user(s) and 1 merchant(s) with 1 transaction(s), chargeback rate 100.0%, disputed amount ratio 112.6%."
CLU00440,2,1,2,29623.0,1,1,36675.43,6.6667,28.2008,13.3333,28.2008,0.5,1.2381,0.5,0.1,43.6904,MEDIUM,elevated_avg_merchant_risk|high_cluster_chargeback_rate|high_disputed_amount_ratio|temporal_concentration,"Investigation candidate due to: elevated_avg_merchant_risk, high_cluster_chargeback_rate, high_disputed_amount_ratio. Cluster involves 2 user(s) and 1 merchant(s) with 2 transaction(s), chargeback rate 50.0%, disputed amount ratio 123.8%."
CLU00603,1,1,1,6956.17,1,1,11641.0,9.3333,17.0749,9.3333,17.0749,1.0,1.6735,0.0,0.1,43.6837,MEDIUM,high_cluster_chargeback_rate|high_disputed_amount_ratio,"Investigation candidate due to: high_cluster_chargeback_rate, high_disputed_amount_ratio. Cluster involves 1 user(s) and 1 merchant(s) with 1 transaction(s), chargeback rate 100.0%, disputed amount ratio 167.3%."
CLU00621,1,1,1,2106.0,1,1,2136.49,16.0,16.7471,16.0,16.7471,1.0,1.0145,0.0,0.1,43.5362,MEDIUM,elevated_avg_user_risk|high_cluster_chargeback_rate|high_disputed_amount_ratio,"Investigation candidate due to: elevated_avg_user_risk, high_cluster_chargeback_rate, high_disputed_amount_ratio. Cluster involves 1 user(s) and 1 merchant(s) with 1 transaction(s), chargeback rate 100.0%, disputed amount ratio 101.4%."
CLU00481,2,1,2,7857.69,1,1,8988.28,6.6667,27.1543,13.3333,27.1543,0.5,1.1439,0.5,0.1,43.2194,MEDIUM,elevated_avg_merchant_risk|high_cluster_chargeback_rate|high_disputed_amount_ratio|temporal_concentration,"Investigation candidate due to: elevated_avg_merchant_risk, high_cluster_chargeback_rate, high_disputed_amount_ratio. Cluster involves 2 user(s) and 1 merchant(s) with 2 transaction(s), chargeback rate 50.0%, disputed amount ratio 114.4%."
CLU00587,1,1,1,13672.0,1,1,19958.58,9.3333,15.8879,9.3333,15.8879,1.0,1.4598,0.0,0.1,43.1495,MEDIUM,high_cluster_chargeback_rate|high_disputed_amount_ratio,"Investigation candidate due to: high_cluster_chargeback_rate, high_disputed_amount_ratio. Cluster involves 1 user(s) and 1 merchant(s) with 1 transaction(s), chargeback rate 100.0%, disputed amount ratio 146.0%."
CLU00508,2,1,2,9627.4,2,1,16468.34,4.6667,26.7841,9.3333,26.7841,0.5,1.7106,0.5,0.1,43.0528,MEDIUM,elevated_avg_merchant_risk|high_cluster_chargeback_rate|high_disputed_amount_ratio|temporal_concentration,"Investigation candidate due to: elevated_avg_merchant_risk, high_cluster_chargeback_rate, high_disputed_amount_ratio. Cluster involves 2 user(s) and 1 merchant(s) with 2 transaction(s), chargeback rate 50.0%, disputed amount ratio 171.1%."
CLU00153,3,1,3,17548.51,2,2,10824.87,8.8889,35.8365,13.3333,35.8365,0.6667,0.6169,0.3333,0.1,43.0456,MEDIUM,elevated_avg_merchant_risk|high_cluster_chargeback_rate|high_disputed_amount_ratio,"Investigation candidate due to: elevated_avg_merchant_risk, high_cluster_chargeback_rate, high_disputed_amount_ratio. Cluster involves 3 user(s) and 1 merchant(s) with 3 transaction(s), chargeback rate 66.7%, disputed amount ratio 61.7%."
CLU00584,1,1,1,4524.0,1,1,6191.71,9.3333,15.3813,9.3333,15.3813,1.0,1.3686,0.0,0.1,42.9216,MEDIUM,high_cluster_chargeback_rate|high_disputed_amount_ratio,"Investigation candidate due to: high_cluster_chargeback_rate, high_disputed_amount_ratio. Cluster involves 1 user(s) and 1 merchant(s) with 1 transaction(s), chargeback rate 100.0%, disputed amount ratio 136.9%."
CLU00471,2,1,2,6359.31,1,1,6746.58,6.6667,26.2322,13.3333,26.2322,0.5,1.0609,0.5,0.1,42.8045,MEDIUM,elevated_avg_merchant_risk|high_cluster_chargeback_rate|high_disputed_amount_ratio|temporal_concentration,"Investigation candidate due to: elevated_avg_merchant_risk, high_cluster_chargeback_rate, high_disputed_amount_ratio. Cluster involves 2 user(s) and 1 merchant(s) with 2 transaction(s), chargeback rate 50.0%, disputed amount ratio 106.1%."
CLU00493,2,1,2,14443.59,1,1,15086.0,6.6667,26.0497,13.3333,26.0497,0.5,1.0445,0.5,0.1,42.7224,MEDIUM,elevated_avg_merchant_risk|high_cluster_chargeback_rate|high_disputed_amount_ratio|temporal_concentration,"Investigation candidate due to: elevated_avg_merchant_risk, high_cluster_chargeback_rate, high_disputed_amount_ratio. Cluster involves 2 user(s) and 1 merchant(s) with 2 transaction(s), chargeback rate 50.0%, disputed amount ratio 104.4%."
CLU00594,1,1,1,10229.09,1,1,12509.66,9.3333,14.5719,9.3333,14.5719,1.0,1.2229,0.0,0.1,42.5574,MEDIUM,high_cluster_chargeback_rate|high_disputed_amount_ratio,"Investigation candidate due to: high_cluster_chargeback_rate, high_disputed_amount_ratio. Cluster involves 1 user(s) and 1 merchant(s) with 1 transaction(s), chargeback rate 100.0%, disputed amount ratio 122.3%."
CLU00158,3,1,3,45200.09,3,3,6303.65,13.3333,35.6577,13.3333,35.6577,1.0,0.1395,0.3333,0.1,42.4709,MEDIUM,elevated_avg_merchant_risk|high_cluster_chargeback_rate,"Investigation candidate due to: elevated_avg_merchant_risk, high_cluster_chargeback_rate. Cluster involves 3 user(s) and 1 merchant(s) with 3 transaction(s), chargeback rate 100.0%, disputed amount ratio 13.9%."
CLU00593,1,1,1,3074.0,1,1,3489.66,9.3333,14.0845,9.3333,14.0845,1.0,1.1352,0.0,0.1,42.338,MEDIUM,high_cluster_chargeback_rate|high_disputed_amount_ratio,"Investigation candidate due to: high_cluster_chargeback_rate, high_disputed_amount_ratio. Cluster involves 1 user(s) and 1 merchant(s) with 1 transaction(s), chargeback rate 100.0%, disputed amount ratio 113.5%."
CLU00521,2,1,2,49370.93,3,2,12667.59,13.3333,25.0731,13.3333,25.0731,1.0,0.2566,0.5,0.1,41.1316,MEDIUM,elevated_avg_merchant_risk|high_cluster_chargeback_rate|high_disputed_amount_ratio|temporal_concentration,"Investigation candidate due to: elevated_avg_merchant_risk, high_cluster_chargeback_rate, high_disputed_amount_ratio. Cluster involves 2 user(s) and 1 merchant(s) with 2 transaction(s), chargeback rate 100.0%, disputed amount ratio 25.7%."
CLU00602,1,1,1,1564.0,1,1,1345.79,13.3333,15.8916,13.3333,15.8916,1.0,0.8605,0.0,0.1,41.0584,MEDIUM,high_cluster_chargeback_rate|high_disputed_amount_ratio,"Investigation candidate due to: high_cluster_chargeback_rate, high_disputed_amount_ratio. Cluster involves 1 user(s) and 1 merchant(s) with 1 transaction(s), chargeback rate 100.0%, disputed amount ratio 86.0%."
CLU00114,4,1,4,22507.44,5,2,15762.65,7.0,37.7851,16.0,37.7851,0.5,0.7003,0.25,0.1,41.0083,MEDIUM,elevated_avg_merchant_risk|high_cluster_chargeback_rate|high_disputed_amount_ratio,"Investigation candidate due to: elevated_avg_merchant_risk, high_cluster_chargeback_rate, high_disputed_amount_ratio. Cluster involves 4 user(s) and 1 merchant(s) with 4 transaction(s), chargeback rate 50.0%, disputed amount ratio 70.0%."
CLU00331,2,1,2,28191.4,3,2,6717.46,13.3333,24.8698,13.3333,24.8698,1.0,0.2383,0.5,0.1,40.7656,MEDIUM,high_cluster_chargeback_rate|high_disputed_amount_ratio|temporal_concentration,"Investigation candidate due to: high_cluster_chargeback_rate, high_disputed_amount_ratio, temporal_concentration. Cluster involves 2 user(s) and 1 merchant(s) with 2 transaction(s), chargeback rate 100.0%, disputed amount ratio 23.8%."
CLU00460,2,1,2,15718.07,1,1,13142.13,8.6667,27.068,17.3333,27.068,0.5,0.8361,0.5,0.1,40.7223,MEDIUM,elevated_avg_merchant_risk|high_cluster_chargeback_rate|high_disputed_amount_ratio|temporal_concentration,"Investigation candidate due to: elevated_avg_merchant_risk, high_cluster_chargeback_rate, high_disputed_amount_ratio. Cluster involves 2 user(s) and 1 merchant(s) with 2 transaction(s), chargeback rate 50.0%, disputed amount ratio 83.6%."
CLU00313,2,1,2,13684.16,2,1,12232.05,8.0,24.3765,13.3333,24.3765,0.5,0.8939,0.5,0.1,40.3777,MEDIUM,high_cluster_chargeback_rate|high_disputed_amount_ratio|temporal_concentration,"Investigation candidate due to: high_cluster_chargeback_rate, high_disputed_amount_ratio, temporal_concentration. Cluster involves 2 user(s) and 1 merchant(s) with 2 transaction(s), chargeback rate 50.0%, disputed amount ratio 89.4%."
CLU00169,3,1,3,22065.15,2,2,9520.57,10.2222,36.0801,17.3333,36.0801,0.6667,0.4315,0.3333,0.1,40.3745,MEDIUM,elevated_avg_merchant_risk|high_cluster_chargeback_rate|high_disputed_amount_ratio,"Investigation candidate due to: elevated_avg_merchant_risk, high_cluster_chargeback_rate, high_disputed_amount_ratio. Cluster involves 3 user(s) and 1 merchant(s) with 3 transaction(s), chargeback rate 66.7%, disputed amount ratio 43.1%."
CLU00576,1,1,1,6058.13,1,1,4974.0,13.3333,15.6725,13.3333,15.6725,1.0,0.821,0.0,0.1,40.3683,MEDIUM,high_cluster_chargeback_rate|high_disputed_amount_ratio,"Investigation candidate due to: high_cluster_chargeback_rate, high_disputed_amount_ratio. Cluster involves 1 user(s) and 1 merchant(s) with 1 transaction(s), chargeback rate 100.0%, disputed amount ratio 82.1%."
CLU00106,4,1,4,68884.54,3,3,10586.9,11.6667,43.4153,17.3333,43.4153,0.75,0.1537,0.25,0.1,40.3423,MEDIUM,elevated_avg_merchant_risk|high_cluster_chargeback_rate,"Investigation candidate due to: elevated_avg_merchant_risk, high_cluster_chargeback_rate. Cluster involves 4 user(s) and 1 merchant(s) with 4 transaction(s), chargeback rate 75.0%, disputed amount ratio 15.4%."
CLU00179,3,1,3,47166.97,3,3,5137.31,12.0,31.8153,13.3333,31.8153,1.0,0.1089,0.3333,0.1,40.2836,MEDIUM,elevated_avg_merchant_risk|high_cluster_chargeback_rate,"Investigation candidate due to: elevated_avg_merchant_risk, high_cluster_chargeback_rate. Cluster involves 3 user(s) and 1 merchant(s) with 3 transaction(s), chargeback rate 100.0%, disputed amount ratio 10.9%."
CLU00189,3,1,3,33060.93,2,2,19217.31,7.5556,30.2434,13.3333,30.2434,0.6667,0.5813,0.3333,0.1,39.9949,LOW,elevated_avg_merchant_risk|high_cluster_chargeback_rate|high_disputed_amount_ratio,"Investigation candidate due to: elevated_avg_merchant_risk, high_cluster_chargeback_rate, high_disputed_amount_ratio. Cluster involves 3 user(s) and 1 merchant(s) with 3 transaction(s), chargeback rate 66.7%, disputed amount ratio 58.1%."
CLU00294,1,2,2,10374.92,2,2,2525.89,22.6667,11.8645,22.6667,12.6178,1.0,0.2435,0.5,0.1,39.8519,LOW,elevated_avg_user_risk|high_cluster_chargeback_rate|high_disputed_amount_ratio|temporal_concentration,"Investigation candidate due to: elevated_avg_user_risk, high_cluster_chargeback_rate, high_disputed_amount_ratio. Cluster involves 1 user(s) and 2 merchant(s) with 2 transaction(s), chargeback rate 100.0%, disputed amount ratio 24.3%."
CLU00648,1,1,1,8387.23,1,1,7271.24,12.0,12.5941,12.0,12.5941,1.0,0.8669,0.0,0.1,39.6715,LOW,high_cluster_chargeback_rate|high_disputed_amount_ratio,"Investigation candidate due to: high_cluster_chargeback_rate, high_disputed_amount_ratio. Cluster involves 1 user(s) and 1 merchant(s) with 1 transaction(s), chargeback rate 100.0%, disputed amount ratio 86.7%."
CLU00540,2,1,2,19490.03,2,2,6349.56,9.3333,19.1754,9.3333,19.1754,1.0,0.3258,0.5,0.1,39.5157,LOW,high_cluster_chargeback_rate|high_disputed_amount_ratio|temporal_concentration,"Investigation candidate due to: high_cluster_chargeback_rate, high_disputed_amount_ratio, temporal_concentration. Cluster involves 2 user(s) and 1 merchant(s) with 2 transaction(s), chargeback rate 100.0%, disputed amount ratio 32.6%."
CLU00638,1,1,1,17795.95,1,1,15201.89,9.3333,12.5235,9.3333,12.5235,1.0,0.8542,0.0,0.1,39.4491,LOW,high_cluster_chargeback_rate|high_disputed_amount_ratio,"Investigation candidate due to: high_cluster_chargeback_rate, high_disputed_amount_ratio. Cluster involves 1 user(s) and 1 merchant(s) with 1 transaction(s), chargeback rate 100.0%, disputed amount ratio 85.4%."
CLU00615,1,1,1,8344.14,2,1,6401.09,13.3333,15.373,13.3333,15.373,1.0,0.7671,0.0,0.1,39.4249,LOW,high_cluster_chargeback_rate|high_disputed_amount_ratio,"Investigation candidate due to: high_cluster_chargeback_rate, high_disputed_amount_ratio. Cluster involves 1 user(s) and 1 merchant(s) with 1 transaction(s), chargeback rate 100.0%, disputed amount ratio 76.7%."
CLU00254,2,1,2,11375.33,2,2,3611.07,9.3333,19.0827,9.3333,19.0827,1.0,0.3174,0.5,0.1,39.3489,LOW,high_cluster_chargeback_rate|high_disputed_amount_ratio|temporal_concentration,"Investigation candidate due to: high_cluster_chargeback_rate, high_disputed_amount_ratio, temporal_concentration. Cluster involves 2 user(s) and 1 merchant(s) with 2 transaction(s), chargeback rate 100.0%, disputed amount ratio 31.7%."
CLU00511,2,1,2,18130.68,2,1,16524.78,6.6667,21.2381,13.3333,21.2381,0.5,0.9114,0.5,0.1,39.2285,LOW,high_cluster_chargeback_rate|high_disputed_amount_ratio|temporal_concentration,"Investigation candidate due to: high_cluster_chargeback_rate, high_disputed_amount_ratio, temporal_concentration. Cluster involves 2 user(s) and 1 merchant(s) with 2 transaction(s), chargeback rate 50.0%, disputed amount ratio 91.1%."
CLU00519,2,1,2,17485.67,1,1,14279.05,6.6667,23.5179,13.3333,23.5179,0.5,0.8166,0.5,0.1,38.8323,LOW,high_cluster_chargeback_rate|high_disputed_amount_ratio|temporal_concentration,"Investigation candidate due to: high_cluster_chargeback_rate, high_disputed_amount_ratio, temporal_concentration. Cluster involves 2 user(s) and 1 merchant(s) with 2 transaction(s), chargeback rate 50.0%, disputed amount ratio 81.7%."
CLU00338,2,1,2,16465.87,2,2,3467.0,11.3333,21.2284,13.3333,21.2284,1.0,0.2106,0.5,0.1,38.7111,LOW,high_cluster_chargeback_rate|high_disputed_amount_ratio|temporal_concentration,"Investigation candidate due to: high_cluster_chargeback_rate, high_disputed_amount_ratio, temporal_concentration. Cluster involves 2 user(s) and 1 merchant(s) with 2 transaction(s), chargeback rate 100.0%, disputed amount ratio 21.1%."
CLU00589,1,1,1,9825.71,2,1,7066.3,13.3333,15.1065,13.3333,15.1065,1.0,0.7192,0.0,0.1,38.5854,LOW,high_cluster_chargeback_rate|high_disputed_amount_ratio,"Investigation candidate due to: high_cluster_chargeback_rate, high_disputed_amount_ratio. Cluster involves 1 user(s) and 1 merchant(s) with 1 transaction(s), chargeback rate 100.0%, disputed amount ratio 71.9%."
CLU00284,2,1,2,33795.78,2,2,4140.36,13.3333,23.5835,13.3333,23.5835,1.0,0.1225,0.5,0.1,38.4502,LOW,high_cluster_chargeback_rate|temporal_concentration,"Investigation candidate due to: high_cluster_chargeback_rate, temporal_concentration. Cluster involves 2 user(s) and 1 merchant(s) with 2 transaction(s), chargeback rate 100.0%, disputed amount ratio 12.3%."
CLU00307,2,1,2,29432.52,2,2,3577.6,14.6667,23.5728,16.0,23.5728,1.0,0.1216,0.5,0.1,38.4311,LOW,high_cluster_chargeback_rate|temporal_concentration,"Investigation candidate due to: high_cluster_chargeback_rate, temporal_concentration. Cluster involves 2 user(s) and 1 merchant(s) with 2 transaction(s), chargeback rate 100.0%, disputed amount ratio 12.2%."
CLU00642,1,1,1,1698.2,1,1,1339.61,9.3333,12.1602,9.3333,12.1602,1.0,0.7888,0.0,0.1,38.3047,LOW,high_cluster_chargeback_rate|high_disputed_amount_ratio,"Investigation candidate due to: high_cluster_chargeback_rate, high_disputed_amount_ratio. Cluster involves 1 user(s) and 1 merchant(s) with 1 transaction(s), chargeback rate 100.0%, disputed amount ratio 78.9%."
CLU00394,2,1,2,11945.45,2,2,3056.76,9.3333,18.3988,9.3333,18.3988,1.0,0.2559,0.5,0.1,38.1179,LOW,high_cluster_chargeback_rate|high_disputed_amount_ratio|temporal_concentration,"Investigation candidate due to: high_cluster_chargeback_rate, high_disputed_amount_ratio, temporal_concentration. Cluster involves 2 user(s) and 1 merchant(s) with 2 transaction(s), chargeback rate 100.0%, disputed amount ratio 25.6%."
CLU00193,3,1,3,46002.93,2,2,18265.19,8.8889,32.173,13.3333,32.173,0.6667,0.397,0.3333,0.1,38.0998,LOW,elevated_avg_merchant_risk|high_cluster_chargeback_rate|high_disputed_amount_ratio,"Investigation candidate due to: elevated_avg_merchant_risk, high_cluster_chargeback_rate, high_disputed_amount_ratio. Cluster involves 3 user(s) and 1 merchant(s) with 3 transaction(s), chargeback rate 66.7%, disputed amount ratio 39.7%."
CLU00585,1,1,1,10245.0,1,1,7942.83,9.3333,12.0849,9.3333,12.0849,1.0,0.7753,0.0,0.1,38.0675,LOW,high_cluster_chargeback_rate|high_disputed_amount_ratio,"Investigation candidate due to: high_cluster_chargeback_rate, high_disputed_amount_ratio. Cluster involves 1 user(s) and 1 merchant(s) with 1 transaction(s), chargeback rate 100.0%, disputed amount ratio 77.5%."
CLU00151,3,1,3,38379.86,3,2,13326.19,7.5556,26.3425,13.3333,26.3425,0.6667,0.3472,0.6667,0.1,38.0627,LOW,elevated_avg_merchant_risk|high_cluster_chargeback_rate|high_disputed_amount_ratio|temporal_concentration,"Investigation candidate due to: elevated_avg_merchant_risk, high_cluster_chargeback_rate, high_disputed_amount_ratio. Cluster involves 3 user(s) and 1 merchant(s) with 3 transaction(s), chargeback rate 66.7%, disputed amount ratio 34.7%."
CLU00572,1,1,1,14301.02,1,1,9500.5,13.3333,14.8018,13.3333,14.8018,1.0,0.6643,0.0,0.1,37.6257,LOW,high_cluster_chargeback_rate|high_disputed_amount_ratio,"Investigation candidate due to: high_cluster_chargeback_rate, high_disputed_amount_ratio. Cluster involves 1 user(s) and 1 merchant(s) with 1 transaction(s), chargeback rate 100.0%, disputed amount ratio 66.4%."
CLU00619,1,1,1,359.4,1,1,268.44,9.3333,11.9273,9.3333,11.9273,1.0,0.7469,0.0,0.1,37.571,LOW,high_cluster_chargeback_rate|high_disputed_amount_ratio,"Investigation candidate due to: high_cluster_chargeback_rate, high_disputed_amount_ratio. Cluster involves 1 user(s) and 1 merchant(s) with 1 transaction(s), chargeback rate 100.0%, disputed amount ratio 74.7%."
CLU00063,5,1,5,58058.46,3,3,19559.5,6.4,38.247,13.3333,38.247,0.6,0.3369,0.2,0.1,37.2646,LOW,elevated_avg_merchant_risk|high_cluster_chargeback_rate|high_disputed_amount_ratio,"Investigation candidate due to: elevated_avg_merchant_risk, high_cluster_chargeback_rate, high_disputed_amount_ratio. Cluster involves 5 user(s) and 1 merchant(s) with 5 transaction(s), chargeback rate 60.0%, disputed amount ratio 33.7%."
CLU00402,2,1,2,39310.36,2,2,5214.27,11.3333,20.3627,13.3333,20.3627,1.0,0.1326,0.5,0.1,37.1529,LOW,high_cluster_chargeback_rate|temporal_concentration,"Investigation candidate due to: high_cluster_chargeback_rate, temporal_concentration. Cluster involves 2 user(s) and 1 merchant(s) with 2 transaction(s), chargeback rate 100.0%, disputed amount ratio 13.3%."
CLU00186,3,1,3,26014.0,1,1,26477.69,4.0,24.7415,9.3333,24.7415,0.3333,1.0178,0.3333,0.1,37.1334,LOW,high_cluster_chargeback_rate|high_disputed_amount_ratio,"Investigation candidate due to: high_cluster_chargeback_rate, high_disputed_amount_ratio. Cluster involves 3 user(s) and 1 merchant(s) with 3 transaction(s), chargeback rate 33.3%, disputed amount ratio 101.8%."
CLU00245,2,1,2,20606.44,2,2,2670.94,11.3333,20.3291,13.3333,20.3291,1.0,0.1296,0.5,0.1,37.0923,LOW,high_cluster_chargeback_rate|temporal_concentration,"Investigation candidate due to: high_cluster_chargeback_rate, temporal_concentration. Cluster involves 2 user(s) and 1 merchant(s) with 2 transaction(s), chargeback rate 100.0%, disputed amount ratio 13.0%."
CLU00112,3,2,4,49682.64,2,2,27364.86,8.8889,18.2096,13.3333,36.4193,0.5,0.5508,0.5,0.1,37.0086,LOW,high_cluster_chargeback_rate|high_disputed_amount_ratio|temporal_concentration,"Investigation candidate due to: high_cluster_chargeback_rate, high_disputed_amount_ratio, temporal_concentration. Cluster involves 3 user(s) and 2 merchant(s) with 4 transaction(s), chargeback rate 50.0%, disputed amount ratio 55.1%."
CLU00359,2,1,2,13490.61,1,1,9736.35,6.6667,22.4635,13.3333,22.4635,0.5,0.7217,0.5,0.1,36.9343,LOW,high_cluster_chargeback_rate|high_disputed_amount_ratio|temporal_concentration,"Investigation candidate due to: high_cluster_chargeback_rate, high_disputed_amount_ratio, temporal_concentration. Cluster involves 2 user(s) and 1 merchant(s) with 2 transaction(s), chargeback rate 50.0%, disputed amount ratio 72.2%."
CLU00533,2,1,2,8671.0,2,1,7479.95,4.6667,17.3627,9.3333,17.3627,0.5,0.8626,0.5,0.1,36.7528,LOW,high_cluster_chargeback_rate|high_disputed_amount_ratio|temporal_concentration,"Investigation candidate due to: high_cluster_chargeback_rate, high_disputed_amount_ratio, temporal_concentration. Cluster involves 2 user(s) and 1 merchant(s) with 2 transaction(s), chargeback rate 50.0%, disputed amount ratio 86.3%."
CLU00163,3,1,3,41932.76,1,1,41457.94,3.1111,24.2557,9.3333,24.2557,0.3333,0.9887,0.3333,0.1,36.7449,LOW,high_cluster_chargeback_rate|high_disputed_amount_ratio,"Investigation candidate due to: high_cluster_chargeback_rate, high_disputed_amount_ratio. Cluster involves 3 user(s) and 1 merchant(s) with 3 transaction(s), chargeback rate 33.3%, disputed amount ratio 98.9%."
CLU00171,3,1,3,25366.3,2,2,9368.71,8.8889,30.0445,13.3333,30.0445,0.6667,0.3693,0.3333,0.1,36.7264,LOW,elevated_avg_merchant_risk|high_cluster_chargeback_rate|high_disputed_amount_ratio,"Investigation candidate due to: elevated_avg_merchant_risk, high_cluster_chargeback_rate, high_disputed_amount_ratio. Cluster involves 3 user(s) and 1 merchant(s) with 3 transaction(s), chargeback rate 66.7%, disputed amount ratio 36.9%."
CLU00221,2,1,2,15171.62,2,2,320.34,14.6667,22.4568,16.0,22.4568,1.0,0.0211,0.5,0.1,36.4223,LOW,high_cluster_chargeback_rate|temporal_concentration,"Investigation candidate due to: high_cluster_chargeback_rate, temporal_concentration. Cluster involves 2 user(s) and 1 merchant(s) with 2 transaction(s), chargeback rate 100.0%, disputed amount ratio 2.1%."
CLU00042,5,1,5,55752.05,2,2,7803.07,7.4667,47.2174,17.3333,47.2174,0.4,0.14,0.4,0.1,36.3472,LOW,elevated_avg_merchant_risk|high_cluster_chargeback_rate,"Investigation candidate due to: elevated_avg_merchant_risk, high_cluster_chargeback_rate. Cluster involves 5 user(s) and 1 merchant(s) with 5 transaction(s), chargeback rate 40.0%, disputed amount ratio 14.0%."
CLU00231,2,1,2,20689.06,2,2,1884.84,11.3333,19.9011,13.3333,19.9011,1.0,0.0911,0.5,0.1,36.3221,LOW,high_cluster_chargeback_rate|temporal_concentration,"Investigation candidate due to: high_cluster_chargeback_rate, temporal_concentration. Cluster involves 2 user(s) and 1 merchant(s) with 2 transaction(s), chargeback rate 100.0%, disputed amount ratio 9.1%."
CLU00649,1,1,1,430.66,1,1,287.37,9.3333,11.4849,9.3333,11.4849,1.0,0.6673,0.0,0.1,36.1774,LOW,high_cluster_chargeback_rate|high_disputed_amount_ratio,"Investigation candidate due to: high_cluster_chargeback_rate, high_disputed_amount_ratio. Cluster involves 1 user(s) and 1 merchant(s) with 1 transaction(s), chargeback rate 100.0%, disputed amount ratio 66.7%."
CLU00274,2,1,2,12603.26,1,1,8601.0,6.6667,22.0271,13.3333,22.0271,0.5,0.6824,0.5,0.1,36.1488,LOW,high_cluster_chargeback_rate|high_disputed_amount_ratio|temporal_concentration,"Investigation candidate due to: high_cluster_chargeback_rate, high_disputed_amount_ratio, temporal_concentration. Cluster involves 2 user(s) and 1 merchant(s) with 2 transaction(s), chargeback rate 50.0%, disputed amount ratio 68.2%."
CLU00192,3,1,3,60618.7,3,2,14354.85,10.2222,32.8356,13.3333,32.8356,0.6667,0.2368,0.3333,0.1,35.9945,LOW,elevated_avg_merchant_risk|high_cluster_chargeback_rate|high_disputed_amount_ratio,"Investigation candidate due to: elevated_avg_merchant_risk, high_cluster_chargeback_rate, high_disputed_amount_ratio. Cluster involves 3 user(s) and 1 merchant(s) with 3 transaction(s), chargeback rate 66.7%, disputed amount ratio 23.7%."
CLU00557,2,1,2,15742.74,2,2,1125.41,11.3333,19.6832,13.3333,19.6832,1.0,0.0715,0.5,0.1,35.9298,LOW,high_cluster_chargeback_rate|temporal_concentration,"Investigation candidate due to: high_cluster_chargeback_rate, temporal_concentration. Cluster involves 2 user(s) and 1 merchant(s) with 2 transaction(s), chargeback rate 100.0%, disputed amount ratio 7.1%."
CLU00535,2,1,2,25614.16,1,1,13348.89,10.6667,26.9017,17.3333,26.9017,0.5,0.5212,0.5,0.1,35.9231,LOW,elevated_avg_merchant_risk|high_cluster_chargeback_rate|high_disputed_amount_ratio|temporal_concentration,"Investigation candidate due to: elevated_avg_merchant_risk, high_cluster_chargeback_rate, high_disputed_amount_ratio. Cluster involves 2 user(s) and 1 merchant(s) with 2 transaction(s), chargeback rate 50.0%, disputed amount ratio 52.1%."
CLU00223,2,1,2,33981.28,2,2,4667.63,10.6667,17.0818,12.0,17.0818,1.0,0.1374,0.5,0.1,35.7472,LOW,high_cluster_chargeback_rate|temporal_concentration,"Investigation candidate due to: high_cluster_chargeback_rate, temporal_concentration. Cluster involves 2 user(s) and 1 merchant(s) with 2 transaction(s), chargeback rate 100.0%, disputed amount ratio 13.7%."
CLU00582,1,1,1,1864.0,1,1,1023.96,13.3333,14.163,13.3333,14.163,1.0,0.5493,0.0,0.1,35.6134,LOW,high_cluster_chargeback_rate|high_disputed_amount_ratio,"Investigation candidate due to: high_cluster_chargeback_rate, high_disputed_amount_ratio. Cluster involves 1 user(s) and 1 merchant(s) with 1 transaction(s), chargeback rate 100.0%, disputed amount ratio 54.9%."
CLU00021,5,3,7,44435.02,5,4,20024.91,11.4667,22.2837,22.6667,40.5149,0.5714,0.4507,0.1429,0.1,35.2029,LOW,high_cluster_chargeback_rate|high_disputed_amount_ratio,"Investigation candidate due to: high_cluster_chargeback_rate, high_disputed_amount_ratio. Cluster involves 5 user(s) and 3 merchant(s) with 7 transaction(s), chargeback rate 57.1%, disputed amount ratio 45.1%."
CLU00553,2,1,2,9210.16,2,1,5841.83,6.6667,21.492,13.3333,21.492,0.5,0.6343,0.5,0.1,35.1856,LOW,high_cluster_chargeback_rate|high_disputed_amount_ratio|temporal_concentration,"Investigation candidate due to: high_cluster_chargeback_rate, high_disputed_amount_ratio, temporal_concentration. Cluster involves 2 user(s) and 1 merchant(s) with 2 transaction(s), chargeback rate 50.0%, disputed amount ratio 63.4%."
CLU00495,2,1,2,21796.46,2,2,-1270.24,14.6667,22.2222,20.0,22.2222,1.0,-0.0583,0.5,0.1,35.1258,LOW,high_cluster_chargeback_rate|temporal_concentration,"Investigation candidate due to: high_cluster_chargeback_rate, temporal_concentration. Cluster involves 2 user(s) and 1 merchant(s) with 2 transaction(s), chargeback rate 100.0%, disputed amount ratio -5.8%."
CLU00636,1,1,1,2773.37,1,1,1443.54,13.3333,14.0028,13.3333,14.0028,1.0,0.5205,0.0,0.1,35.1088,LOW,high_cluster_chargeback_rate|high_disputed_amount_ratio,"Investigation candidate due to: high_cluster_chargeback_rate, high_disputed_amount_ratio. Cluster involves 1 user(s) and 1 merchant(s) with 1 transaction(s), chargeback rate 100.0%, disputed amount ratio 52.1%."
CLU00368,2,1,2,27113.65,1,1,10229.48,6.6667,18.6365,13.3333,18.6365,0.5,0.3773,1.0,0.1,35.0456,LOW,high_cluster_chargeback_rate|high_disputed_amount_ratio|temporal_concentration,"Investigation candidate due to: high_cluster_chargeback_rate, high_disputed_amount_ratio, temporal_concentration. Cluster involves 2 user(s) and 1 merchant(s) with 2 transaction(s), chargeback rate 50.0%, disputed amount ratio 37.7%."
CLU00563,2,1,2,15589.89,2,2,-1016.31,13.3333,22.2222,17.3333,22.2222,1.0,-0.0652,0.5,0.1,35.0221,LOW,high_cluster_chargeback_rate|temporal_concentration,"Investigation candidate due to: high_cluster_chargeback_rate, temporal_concentration. Cluster involves 2 user(s) and 1 merchant(s) with 2 transaction(s), chargeback rate 100.0%, disputed amount ratio -6.5%."
CLU00646,1,1,1,1598.32,1,1,958.61,9.3333,11.1098,9.3333,11.1098,1.0,0.5998,0.0,0.1,34.9958,LOW,high_cluster_chargeback_rate|high_disputed_amount_ratio,"Investigation candidate due to: high_cluster_chargeback_rate, high_disputed_amount_ratio. Cluster involves 1 user(s) and 1 merchant(s) with 1 transaction(s), chargeback rate 100.0%, disputed amount ratio 60.0%."
CLU00207,3,1,3,18991.05,2,2,6795.34,7.5556,26.5192,13.3333,26.5192,0.6667,0.3578,0.3333,0.1,34.9672,LOW,elevated_avg_merchant_risk|high_cluster_chargeback_rate|high_disputed_amount_ratio,"Investigation candidate due to: elevated_avg_merchant_risk, high_cluster_chargeback_rate, high_disputed_amount_ratio. Cluster involves 3 user(s) and 1 merchant(s) with 3 transaction(s), chargeback rate 66.7%, disputed amount ratio 35.8%."
CLU00174,3,1,3,22864.26,2,2,8086.61,7.5556,26.4502,13.3333,26.4502,0.6667,0.3537,0.3333,0.1,34.8741,LOW,elevated_avg_merchant_risk|high_cluster_chargeback_rate|high_disputed_amount_ratio,"Investigation candidate due to: elevated_avg_merchant_risk, high_cluster_chargeback_rate, high_disputed_amount_ratio. Cluster involves 3 user(s) and 1 merchant(s) with 3 transaction(s), chargeback rate 66.7%, disputed amount ratio 35.4%."
CLU00143,4,1,4,42004.95,2,2,21547.4,6.3333,30.2883,13.3333,30.2883,0.5,0.513,0.25,0.1,34.8243,LOW,elevated_avg_merchant_risk|high_cluster_chargeback_rate|high_disputed_amount_ratio,"Investigation candidate due to: elevated_avg_merchant_risk, high_cluster_chargeback_rate, high_disputed_amount_ratio. Cluster involves 4 user(s) and 1 merchant(s) with 4 transaction(s), chargeback rate 50.0%, disputed amount ratio 51.3%."
CLU00291,2,1,2,30384.39,1,1,16164.46,8.6667,23.6889,13.3333,23.6889,0.5,0.532,0.5,0.1,34.64,LOW,high_cluster_chargeback_rate|high_disputed_amount_ratio|temporal_concentration,"Investigation candidate due to: high_cluster_chargeback_rate, high_disputed_amount_ratio, temporal_concentration. Cluster involves 2 user(s) and 1 merchant(s) with 2 transaction(s), chargeback rate 50.0%, disputed amount ratio 53.2%."
CLU00334,2,1,2,11001.25,1,1,4816.24,6.6667,26.6195,13.3333,26.6195,0.5,0.4378,0.5,0.1,34.5456,LOW,elevated_avg_merchant_risk|high_cluster_chargeback_rate|high_disputed_amount_ratio|temporal_concentration,"Investigation candidate due to: elevated_avg_merchant_risk, high_cluster_chargeback_rate, high_disputed_amount_ratio. Cluster involves 2 user(s) and 1 merchant(s) with 2 transaction(s), chargeback rate 50.0%, disputed amount ratio 43.8%."
CLU00336,2,1,2,27568.04,2,2,2079.3,9.3333,16.3936,9.3333,16.3936,1.0,0.0754,0.5,0.1,34.5085,LOW,high_cluster_chargeback_rate|temporal_concentration,"Investigation candidate due to: high_cluster_chargeback_rate, temporal_concentration. Cluster involves 2 user(s) and 1 merchant(s) with 2 transaction(s), chargeback rate 100.0%, disputed amount ratio 7.5%."
CLU00570,2,1,2,24297.46,1,1,12647.35,8.6667,23.5613,13.3333,23.5613,0.5,0.5205,0.5,0.1,34.4104,LOW,high_cluster_chargeback_rate|high_disputed_amount_ratio|temporal_concentration,"Investigation candidate due to: high_cluster_chargeback_rate, high_disputed_amount_ratio, temporal_concentration. Cluster involves 2 user(s) and 1 merchant(s) with 2 transaction(s), chargeback rate 50.0%, disputed amount ratio 52.1%."
CLU00620,1,1,1,6997.24,1,1,3333.48,13.3333,13.7578,13.3333,13.7578,1.0,0.4764,0.0,0.1,34.337,LOW,high_cluster_chargeback_rate|high_disputed_amount_ratio,"Investigation candidate due to: high_cluster_chargeback_rate, high_disputed_amount_ratio. Cluster involves 1 user(s) and 1 merchant(s) with 1 transaction(s), chargeback rate 100.0%, disputed amount ratio 47.6%."
CLU00385,2,1,2,16809.57,2,2,-1866.43,13.3333,22.2222,13.3333,22.2222,1.0,-0.111,0.5,0.1,34.3345,LOW,high_cluster_chargeback_rate|temporal_concentration,"Investigation candidate due to: high_cluster_chargeback_rate, temporal_concentration. Cluster involves 2 user(s) and 1 merchant(s) with 2 transaction(s), chargeback rate 100.0%, disputed amount ratio -11.1%."
CLU00332,2,1,2,18828.22,2,1,13780.14,4.6667,15.9099,9.3333,15.9099,0.5,0.7319,0.5,0.1,34.1378,LOW,high_cluster_chargeback_rate|high_disputed_amount_ratio|temporal_concentration,"Investigation candidate due to: high_cluster_chargeback_rate, high_disputed_amount_ratio, temporal_concentration. Cluster involves 2 user(s) and 1 merchant(s) with 2 transaction(s), chargeback rate 50.0%, disputed amount ratio 73.2%."
CLU00507,2,1,2,3962.81,1,1,2898.66,4.6667,15.9052,9.3333,15.9052,0.5,0.7315,0.5,0.1,34.1293,LOW,high_cluster_chargeback_rate|high_disputed_amount_ratio|temporal_concentration,"Investigation candidate due to: high_cluster_chargeback_rate, high_disputed_amount_ratio, temporal_concentration. Cluster involves 2 user(s) and 1 merchant(s) with 2 transaction(s), chargeback rate 50.0%, disputed amount ratio 73.1%."
CLU00296,2,1,2,21015.08,2,2,-3214.54,14.6667,22.2222,16.0,22.2222,1.0,-0.153,0.5,0.1,33.7055,LOW,high_cluster_chargeback_rate|temporal_concentration,"Investigation candidate due to: high_cluster_chargeback_rate, temporal_concentration. Cluster involves 2 user(s) and 1 merchant(s) with 2 transaction(s), chargeback rate 100.0%, disputed amount ratio -15.3%."
CLU00647,1,1,1,1686.67,1,1,752.0,13.3333,11.1111,13.3333,11.1111,1.0,0.4458,0.0,0.1,33.6877,LOW,high_cluster_chargeback_rate|high_disputed_amount_ratio,"Investigation candidate due to: high_cluster_chargeback_rate, high_disputed_amount_ratio. Cluster involves 1 user(s) and 1 merchant(s) with 1 transaction(s), chargeback rate 100.0%, disputed amount ratio 44.6%."
CLU00451,2,1,2,1732.01,1,1,966.31,8.0,20.6435,13.3333,20.6435,0.5,0.5579,0.5,0.1,33.6582,LOW,high_cluster_chargeback_rate|high_disputed_amount_ratio|temporal_concentration,"Investigation candidate due to: high_cluster_chargeback_rate, high_disputed_amount_ratio, temporal_concentration. Cluster involves 2 user(s) and 1 merchant(s) with 2 transaction(s), chargeback rate 50.0%, disputed amount ratio 55.8%."
CLU00073,5,1,5,41623.73,3,3,6273.36,7.7333,36.4088,16.0,36.4088,0.6,0.1507,0.2,0.1,33.6447,LOW,elevated_avg_merchant_risk|high_cluster_chargeback_rate,"Investigation candidate due to: elevated_avg_merchant_risk, high_cluster_chargeback_rate. Cluster involves 5 user(s) and 1 merchant(s) with 5 transaction(s), chargeback rate 60.0%, disputed amount ratio 15.1%."
CLU00077,4,2,5,48216.74,4,3,15987.98,13.6667,29.6029,30.6667,30.1342,0.6,0.3316,0.2,0.1,33.561,LOW,elevated_max_user_risk|elevated_avg_merchant_risk|high_cluster_chargeback_rate|high_disputed_amount_ratio,"Investigation candidate due to: elevated_max_user_risk, elevated_avg_merchant_risk, high_cluster_chargeback_rate. Cluster involves 4 user(s) and 2 merchant(s) with 5 transaction(s), chargeback rate 60.0%, disputed amount ratio 33.2%."
CLU00365,2,1,2,46552.96,2,2,909.15,9.3333,15.7725,9.3333,15.7725,1.0,0.0195,0.5,0.1,33.3906,LOW,high_cluster_chargeback_rate|temporal_concentration,"Investigation candidate due to: high_cluster_chargeback_rate, temporal_concentration. Cluster involves 2 user(s) and 1 merchant(s) with 2 transaction(s), chargeback rate 100.0%, disputed amount ratio 2.0%."
CLU00634,1,1,1,5759.97,1,1,2406.47,13.3333,13.4322,13.3333,13.4322,1.0,0.4178,0.0,0.1,33.3114,LOW,high_cluster_chargeback_rate|high_disputed_amount_ratio,"Investigation candidate due to: high_cluster_chargeback_rate, high_disputed_amount_ratio. Cluster involves 1 user(s) and 1 merchant(s) with 1 transaction(s), chargeback rate 100.0%, disputed amount ratio 41.8%."
CLU00457,2,1,2,31068.48,1,1,14158.32,8.6667,22.8413,13.3333,22.8413,0.5,0.4557,0.5,0.1,33.1143,LOW,high_cluster_chargeback_rate|high_disputed_amount_ratio|temporal_concentration,"Investigation candidate due to: high_cluster_chargeback_rate, high_disputed_amount_ratio, temporal_concentration. Cluster involves 2 user(s) and 1 merchant(s) with 2 transaction(s), chargeback rate 50.0%, disputed amount ratio 45.6%."
CLU00126,4,1,4,50291.64,3,3,5140.04,8.0,28.9379,13.3333,28.9379,0.75,0.1022,0.25,0.1,33.0551,LOW,elevated_avg_merchant_risk|high_cluster_chargeback_rate,"Investigation candidate due to: elevated_avg_merchant_risk, high_cluster_chargeback_rate. Cluster involves 4 user(s) and 1 merchant(s) with 4 transaction(s), chargeback rate 75.0%, disputed amount ratio 10.2%."
CLU00590,1,1,1,13243.78,1,1,6441.32,9.3333,10.4798,9.3333,10.4798,1.0,0.4864,0.0,0.1,33.0114,LOW,high_cluster_chargeback_rate|high_disputed_amount_ratio,"Investigation candidate due to: high_cluster_chargeback_rate, high_disputed_amount_ratio. Cluster involves 1 user(s) and 1 merchant(s) with 1 transaction(s), chargeback rate 100.0%, disputed amount ratio 48.6%."
CLU00102,3,2,4,41634.76,3,3,12117.68,13.3333,21.6541,13.3333,23.1591,0.75,0.291,0.25,0.1,32.9863,LOW,high_cluster_chargeback_rate|high_disputed_amount_ratio,"Investigation candidate due to: high_cluster_chargeback_rate, high_disputed_amount_ratio. Cluster involves 3 user(s) and 2 merchant(s) with 4 transaction(s), chargeback rate 75.0%, disputed amount ratio 29.1%."
CLU00066,5,1,5,64396.16,2,2,13217.49,5.3333,41.6415,13.3333,41.6415,0.4,0.2053,0.2,0.1,32.8175,LOW,elevated_avg_merchant_risk|high_cluster_chargeback_rate|high_disputed_amount_ratio,"Investigation candidate due to: elevated_avg_merchant_risk, high_cluster_chargeback_rate, high_disputed_amount_ratio. Cluster involves 5 user(s) and 1 merchant(s) with 5 transaction(s), chargeback rate 40.0%, disputed amount ratio 20.5%."
CLU00049,5,1,5,80599.72,3,3,2196.54,8.0,38.5348,13.3333,38.5348,0.6,0.0273,0.2,0.1,32.7494,LOW,elevated_avg_merchant_risk|high_cluster_chargeback_rate,"Investigation candidate due to: elevated_avg_merchant_risk, high_cluster_chargeback_rate. Cluster involves 5 user(s) and 1 merchant(s) with 5 transaction(s), chargeback rate 60.0%, disputed amount ratio 2.7%."
CLU00107,3,2,4,26240.09,2,2,13145.36,6.2222,19.705,18.6667,31.0635,0.5,0.501,0.25,0.1,32.7213,LOW,high_cluster_chargeback_rate|high_disputed_amount_ratio,"Investigation candidate due to: high_cluster_chargeback_rate, high_disputed_amount_ratio. Cluster involves 3 user(s) and 2 merchant(s) with 4 transaction(s), chargeback rate 50.0%, disputed amount ratio 50.1%."
CLU00628,1,1,1,4544.14,1,1,2117.07,9.3333,10.3661,9.3333,10.3661,1.0,0.4659,0.0,0.1,32.6531,LOW,high_cluster_chargeback_rate|high_disputed_amount_ratio,"Investigation candidate due to: high_cluster_chargeback_rate, high_disputed_amount_ratio. Cluster involves 1 user(s) and 1 merchant(s) with 1 transaction(s), chargeback rate 100.0%, disputed amount ratio 46.6%."
CLU00428,2,1,2,7506.16,1,1,4933.23,4.6667,15.0803,9.3333,15.0803,0.5,0.6572,0.5,0.1,32.6445,LOW,high_cluster_chargeback_rate|high_disputed_amount_ratio|temporal_concentration,"Investigation candidate due to: high_cluster_chargeback_rate, high_disputed_amount_ratio, temporal_concentration. Cluster involves 2 user(s) and 1 merchant(s) with 2 transaction(s), chargeback rate 50.0%, disputed amount ratio 65.7%."
CLU00488,2,1,2,4825.9,1,1,3163.91,4.6667,15.0623,9.3333,15.0623,0.5,0.6556,0.5,0.1,32.6122,LOW,high_cluster_chargeback_rate|high_disputed_amount_ratio|temporal_concentration,"Investigation candidate due to: high_cluster_chargeback_rate, high_disputed_amount_ratio, temporal_concentration. Cluster involves 2 user(s) and 1 merchant(s) with 2 transaction(s), chargeback rate 50.0%, disputed amount ratio 65.6%."
CLU00178,3,1,3,23083.73,1,1,12351.07,6.6667,30.0287,16.0,30.0287,0.3333,0.5351,0.3333,0.1,32.5384,LOW,elevated_avg_merchant_risk|high_cluster_chargeback_rate|high_disputed_amount_ratio,"Investigation candidate due to: elevated_avg_merchant_risk, high_cluster_chargeback_rate, high_disputed_amount_ratio. Cluster involves 3 user(s) and 1 merchant(s) with 3 transaction(s), chargeback rate 33.3%, disputed amount ratio 53.5%."
CLU00581,1,1,1,23990.21,2,1,11018.82,9.3333,10.3295,9.3333,10.3295,1.0,0.4593,0.0,0.1,32.5378,LOW,high_cluster_chargeback_rate|high_disputed_amount_ratio,"Investigation candidate due to: high_cluster_chargeback_rate, high_disputed_amount_ratio. Cluster involves 1 user(s) and 1 merchant(s) with 1 transaction(s), chargeback rate 100.0%, disputed amount ratio 45.9%."
CLU00650,1,1,1,10625.61,1,1,4872.0,9.3333,10.3251,9.3333,10.3251,1.0,0.4585,0.0,0.1,32.524,LOW,high_cluster_chargeback_rate|high_disputed_amount_ratio,"Investigation candidate due to: high_cluster_chargeback_rate, high_disputed_amount_ratio. Cluster involves 1 user(s) and 1 merchant(s) with 1 transaction(s), chargeback rate 100.0%, disputed amount ratio 45.9%."
CLU00484,2,1,2,28527.88,1,1,18567.74,4.6667,15.0096,9.3333,15.0096,0.5,0.6509,0.5,0.1,32.5173,LOW,high_cluster_chargeback_rate|high_disputed_amount_ratio|temporal_concentration,"Investigation candidate due to: high_cluster_chargeback_rate, high_disputed_amount_ratio, temporal_concentration. Cluster involves 2 user(s) and 1 merchant(s) with 2 transaction(s), chargeback rate 50.0%, disputed amount ratio 65.1%."
CLU00645,1,1,1,20254.73,1,1,9250.0,9.3333,10.3149,9.3333,10.3149,1.0,0.4567,0.0,0.1,32.492,LOW,high_cluster_chargeback_rate|high_disputed_amount_ratio,"Investigation candidate due to: high_cluster_chargeback_rate, high_disputed_amount_ratio. Cluster involves 1 user(s) and 1 merchant(s) with 1 transaction(s), chargeback rate 100.0%, disputed amount ratio 45.7%."
CLU00577,1,1,1,7358.75,1,1,2090.0,16.0,12.689,16.0,12.689,1.0,0.284,0.0,0.1,32.4602,LOW,elevated_avg_user_risk|high_cluster_chargeback_rate|high_disputed_amount_ratio,"Investigation candidate due to: elevated_avg_user_risk, high_cluster_chargeback_rate, high_disputed_amount_ratio. Cluster involves 1 user(s) and 1 merchant(s) with 1 transaction(s), chargeback rate 100.0%, disputed amount ratio 28.4%."
CLU00579,1,1,1,2976.54,1,1,1061.09,13.3333,13.0916,13.3333,13.0916,1.0,0.3565,0.0,0.1,32.3473,LOW,high_cluster_chargeback_rate|high_disputed_amount_ratio,"Investigation candidate due to: high_cluster_chargeback_rate, high_disputed_amount_ratio. Cluster involves 1 user(s) and 1 merchant(s) with 1 transaction(s), chargeback rate 100.0%, disputed amount ratio 35.6%."
CLU00616,1,1,1,4756.47,1,1,1656.18,13.3333,13.0455,13.3333,13.0455,1.0,0.3482,0.0,0.1,32.2229,LOW,high_cluster_chargeback_rate|high_disputed_amount_ratio,"Investigation candidate due to: high_cluster_chargeback_rate, high_disputed_amount_ratio. Cluster involves 1 user(s) and 1 merchant(s) with 1 transaction(s), chargeback rate 100.0%, disputed amount ratio 34.8%."
CLU00578,1,1,1,4797.91,1,1,1650.21,13.3333,13.0219,13.3333,13.0219,1.0,0.3439,0.0,0.1,32.1592,LOW,high_cluster_chargeback_rate|high_disputed_amount_ratio,"Investigation candidate due to: high_cluster_chargeback_rate, high_disputed_amount_ratio. Cluster involves 1 user(s) and 1 merchant(s) with 1 transaction(s), chargeback rate 100.0%, disputed amount ratio 34.4%."
CLU00609,1,1,1,3162.13,1,1,1074.12,13.3333,12.9982,13.3333,12.9982,1.0,0.3397,0.0,0.1,32.0952,LOW,high_cluster_chargeback_rate|high_disputed_amount_ratio,"Investigation candidate due to: high_cluster_chargeback_rate, high_disputed_amount_ratio. Cluster involves 1 user(s) and 1 merchant(s) with 1 transaction(s), chargeback rate 100.0%, disputed amount ratio 34.0%."
CLU00633,1,1,1,16708.64,1,1,5669.05,13.3333,12.996,13.3333,12.996,1.0,0.3393,0.0,0.1,32.0893,LOW,high_cluster_chargeback_rate|high_disputed_amount_ratio,"Investigation candidate due to: high_cluster_chargeback_rate, high_disputed_amount_ratio. Cluster involves 1 user(s) and 1 merchant(s) with 1 transaction(s), chargeback rate 100.0%, disputed amount ratio 33.9%."
CLU00626,1,1,1,5142.15,1,1,2225.74,9.3333,10.1825,9.3333,10.1825,1.0,0.4328,0.0,0.1,32.0747,LOW,high_cluster_chargeback_rate|high_disputed_amount_ratio,"Investigation candidate due to: high_cluster_chargeback_rate, high_disputed_amount_ratio. Cluster involves 1 user(s) and 1 merchant(s) with 1 transaction(s), chargeback rate 100.0%, disputed amount ratio 43.3%."
CLU00543,1,2,2,23030.9,1,1,11920.81,17.3333,9.2307,17.3333,18.4615,0.5,0.5176,0.5,0.1,31.846,LOW,elevated_avg_user_risk|high_cluster_chargeback_rate|high_disputed_amount_ratio|temporal_concentration,"Investigation candidate due to: elevated_avg_user_risk, high_cluster_chargeback_rate, high_disputed_amount_ratio. Cluster involves 1 user(s) and 2 merchant(s) with 2 transaction(s), chargeback rate 50.0%, disputed amount ratio 51.8%."
CLU00652,1,1,1,9770.15,1,1,3127.0,13.3333,12.8892,13.3333,12.8892,1.0,0.3201,0.0,0.1,31.8008,LOW,high_cluster_chargeback_rate|high_disputed_amount_ratio,"Investigation candidate due to: high_cluster_chargeback_rate, high_disputed_amount_ratio. Cluster involves 1 user(s) and 1 merchant(s) with 1 transaction(s), chargeback rate 100.0%, disputed amount ratio 32.0%."
CLU00149,3,1,3,36871.2,2,2,5521.19,8.8889,26.3846,13.3333,26.3846,0.6667,0.1497,0.3333,0.1,31.7855,LOW,elevated_avg_merchant_risk|high_cluster_chargeback_rate,"Investigation candidate due to: elevated_avg_merchant_risk, high_cluster_chargeback_rate. Cluster involves 3 user(s) and 1 merchant(s) with 3 transaction(s), chargeback rate 66.7%, disputed amount ratio 15.0%."
CLU00137,4,1,4,39315.91,2,2,8303.35,6.6667,33.5821,13.3333,33.5821,0.5,0.2112,0.25,0.1,31.7799,LOW,elevated_avg_merchant_risk|high_cluster_chargeback_rate|high_disputed_amount_ratio,"Investigation candidate due to: elevated_avg_merchant_risk, high_cluster_chargeback_rate, high_disputed_amount_ratio. Cluster involves 4 user(s) and 1 merchant(s) with 4 transaction(s), chargeback rate 50.0%, disputed amount ratio 21.1%."
CLU00595,1,1,1,1881.65,1,1,782.28,9.3333,10.0875,9.3333,10.0875,1.0,0.4157,0.0,0.1,31.7755,LOW,high_cluster_chargeback_rate|high_disputed_amount_ratio,"Investigation candidate due to: high_cluster_chargeback_rate, high_disputed_amount_ratio. Cluster involves 1 user(s) and 1 merchant(s) with 1 transaction(s), chargeback rate 100.0%, disputed amount ratio 41.6%."
CLU00596,1,1,1,3561.25,1,1,1459.42,9.3333,10.0545,9.3333,10.0545,1.0,0.4098,0.0,0.1,31.6716,LOW,high_cluster_chargeback_rate|high_disputed_amount_ratio,"Investigation candidate due to: high_cluster_chargeback_rate, high_disputed_amount_ratio. Cluster involves 1 user(s) and 1 merchant(s) with 1 transaction(s), chargeback rate 100.0%, disputed amount ratio 41.0%."
CLU00608,1,1,1,8994.98,1,1,2758.76,13.3333,12.815,13.3333,12.815,1.0,0.3067,0.0,0.1,31.6005,LOW,high_cluster_chargeback_rate|high_disputed_amount_ratio,"Investigation candidate due to: high_cluster_chargeback_rate, high_disputed_amount_ratio. Cluster involves 1 user(s) and 1 merchant(s) with 1 transaction(s), chargeback rate 100.0%, disputed amount ratio 30.7%."
CLU00253,2,1,2,5569.31,1,1,2522.66,6.6667,19.4773,13.3333,19.4773,0.5,0.453,0.5,0.1,31.5591,LOW,high_cluster_chargeback_rate|high_disputed_amount_ratio|temporal_concentration,"Investigation candidate due to: high_cluster_chargeback_rate, high_disputed_amount_ratio, temporal_concentration. Cluster involves 2 user(s) and 1 merchant(s) with 2 transaction(s), chargeback rate 50.0%, disputed amount ratio 45.3%."
CLU00355,2,1,2,6611.76,1,1,3487.78,6.6667,16.9724,9.3333,16.9724,0.5,0.5275,0.5,0.1,31.5502,LOW,high_cluster_chargeback_rate|high_disputed_amount_ratio|temporal_concentration,"Investigation candidate due to: high_cluster_chargeback_rate, high_disputed_amount_ratio, temporal_concentration. Cluster involves 2 user(s) and 1 merchant(s) with 2 transaction(s), chargeback rate 50.0%, disputed amount ratio 52.8%."
CLU00631,1,1,1,8718.9,1,1,2539.68,13.3333,12.7294,13.3333,12.7294,1.0,0.2913,0.0,0.1,31.3693,LOW,high_cluster_chargeback_rate|high_disputed_amount_ratio,"Investigation candidate due to: high_cluster_chargeback_rate, high_disputed_amount_ratio. Cluster involves 1 user(s) and 1 merchant(s) with 1 transaction(s), chargeback rate 100.0%, disputed amount ratio 29.1%."
CLU00350,2,1,2,6240.66,1,1,3677.06,4.6667,14.3246,9.3333,14.3246,0.5,0.5892,0.5,0.1,31.2842,LOW,high_cluster_chargeback_rate|high_disputed_amount_ratio|temporal_concentration,"Investigation candidate due to: high_cluster_chargeback_rate, high_disputed_amount_ratio, temporal_concentration. Cluster involves 2 user(s) and 1 merchant(s) with 2 transaction(s), chargeback rate 50.0%, disputed amount ratio 58.9%."
CLU00613,1,1,1,9496.87,1,1,2703.6,13.3333,12.6927,13.3333,12.6927,1.0,0.2847,0.0,0.1,31.2702,LOW,high_cluster_chargeback_rate|high_disputed_amount_ratio,"Investigation candidate due to: high_cluster_chargeback_rate, high_disputed_amount_ratio. Cluster involves 1 user(s) and 1 merchant(s) with 1 transaction(s), chargeback rate 100.0%, disputed amount ratio 28.5%."
CLU00145,3,1,3,43872.22,2,2,5552.97,8.8889,25.9984,13.3333,25.9984,0.6667,0.1266,0.3333,0.1,31.2642,LOW,elevated_avg_merchant_risk|high_cluster_chargeback_rate,"Investigation candidate due to: elevated_avg_merchant_risk, high_cluster_chargeback_rate. Cluster involves 3 user(s) and 1 merchant(s) with 3 transaction(s), chargeback rate 66.7%, disputed amount ratio 12.7%."
CLU00265,2,1,2,13832.39,1,1,5978.59,6.6667,19.2469,13.3333,19.2469,0.5,0.4322,0.5,0.1,31.1443,LOW,high_cluster_chargeback_rate|high_disputed_amount_ratio|temporal_concentration,"Investigation candidate due to: high_cluster_chargeback_rate, high_disputed_amount_ratio, temporal_concentration. Cluster involves 2 user(s) and 1 merchant(s) with 2 transaction(s), chargeback rate 50.0%, disputed amount ratio 43.2%."
CLU00599,1,1,1,24415.67,1,1,6694.94,13.3333,12.6345,13.3333,12.6345,1.0,0.2742,0.0,0.1,31.1131,LOW,high_cluster_chargeback_rate|high_disputed_amount_ratio,"Investigation candidate due to: high_cluster_chargeback_rate, high_disputed_amount_ratio. Cluster involves 1 user(s) and 1 merchant(s) with 1 transaction(s), chargeback rate 100.0%, disputed amount ratio 27.4%."
CLU00575,1,1,1,8818.59,1,1,2406.17,13.3333,12.627,13.3333,12.627,1.0,0.2729,0.0,0.1,31.0928,LOW,high_cluster_chargeback_rate|high_disputed_amount_ratio,"Investigation candidate due to: high_cluster_chargeback_rate, high_disputed_amount_ratio. Cluster involves 1 user(s) and 1 merchant(s) with 1 transaction(s), chargeback rate 100.0%, disputed amount ratio 27.3%."
CLU00611,1,1,1,6985.47,1,1,1858.07,13.3333,12.5888,13.3333,12.5888,1.0,0.266,0.0,0.1,30.9899,LOW,high_cluster_chargeback_rate|high_disputed_amount_ratio,"Investigation candidate due to: high_cluster_chargeback_rate, high_disputed_amount_ratio. Cluster involves 1 user(s) and 1 merchant(s) with 1 transaction(s), chargeback rate 100.0%, disputed amount ratio 26.6%."
CLU00635,1,1,1,18940.17,2,1,2753.09,17.3333,14.4444,17.3333,14.4444,1.0,0.1454,0.0,0.1,30.9804,LOW,elevated_avg_user_risk|high_cluster_chargeback_rate,"Investigation candidate due to: elevated_avg_user_risk, high_cluster_chargeback_rate. Cluster involves 1 user(s) and 1 merchant(s) with 1 transaction(s), chargeback rate 100.0%, disputed amount ratio 14.5%."
CLU00397,2,1,2,14798.78,1,1,5160.27,10.0,21.6522,20.0,21.6522,0.5,0.3487,0.5,0.1,30.9739,LOW,high_cluster_chargeback_rate|high_disputed_amount_ratio|temporal_concentration,"Investigation candidate due to: high_cluster_chargeback_rate, high_disputed_amount_ratio, temporal_concentration. Cluster involves 2 user(s) and 1 merchant(s) with 2 transaction(s), chargeback rate 50.0%, disputed amount ratio 34.9%."
CLU00027,6,1,6,64887.54,2,2,16627.47,5.1111,39.5255,13.3333,39.5255,0.3333,0.2563,0.1667,0.1,30.9639,LOW,elevated_avg_merchant_risk|high_cluster_chargeback_rate|high_disputed_amount_ratio,"Investigation candidate due to: elevated_avg_merchant_risk, high_cluster_chargeback_rate, high_disputed_amount_ratio. Cluster involves 6 user(s) and 1 merchant(s) with 6 transaction(s), chargeback rate 33.3%, disputed amount ratio 25.6%."
CLU00586,1,1,1,4796.12,1,1,1748.13,9.3333,9.8027,9.3333,9.8027,1.0,0.3645,0.0,0.1,30.8785,LOW,high_cluster_chargeback_rate|high_disputed_amount_ratio,"Investigation candidate due to: high_cluster_chargeback_rate, high_disputed_amount_ratio. Cluster involves 1 user(s) and 1 merchant(s) with 1 transaction(s), chargeback rate 100.0%, disputed amount ratio 36.4%."
CLU00152,3,1,3,38354.13,2,2,4182.94,8.8889,25.7066,13.3333,25.7066,0.6667,0.1091,0.3333,0.1,30.8702,LOW,elevated_avg_merchant_risk|high_cluster_chargeback_rate,"Investigation candidate due to: elevated_avg_merchant_risk, high_cluster_chargeback_rate. Cluster involves 3 user(s) and 1 merchant(s) with 3 transaction(s), chargeback rate 66.7%, disputed amount ratio 10.9%."
CLU00624,1,1,1,10979.9,1,1,2784.85,13.3333,12.5202,13.3333,12.5202,1.0,0.2536,0.0,0.1,30.8045,LOW,high_cluster_chargeback_rate|high_disputed_amount_ratio,"Investigation candidate due to: high_cluster_chargeback_rate, high_disputed_amount_ratio. Cluster involves 1 user(s) and 1 merchant(s) with 1 transaction(s), chargeback rate 100.0%, disputed amount ratio 25.4%."
CLU00202,3,1,3,26475.39,2,2,3281.64,6.2222,17.6214,9.3333,17.6214,0.6667,0.124,0.6667,0.1,30.7892,LOW,high_cluster_chargeback_rate|temporal_concentration,"Investigation candidate due to: high_cluster_chargeback_rate, temporal_concentration. Cluster involves 3 user(s) and 1 merchant(s) with 3 transaction(s), chargeback rate 66.7%, disputed amount ratio 12.4%."
CLU00376,2,1,2,9483.67,2,2,-2396.65,11.3333,18.8889,13.3333,18.8889,1.0,-0.2527,0.5,0.1,30.7093,LOW,high_cluster_chargeback_rate|temporal_concentration,"Investigation candidate due to: high_cluster_chargeback_rate, temporal_concentration. Cluster involves 2 user(s) and 1 merchant(s) with 2 transaction(s), chargeback rate 100.0%, disputed amount ratio -25.3%."
CLU00601,1,1,1,3433.0,1,1,980.58,12.0,9.3646,12.0,9.3646,1.0,0.2856,0.0,0.1,30.6845,LOW,high_cluster_chargeback_rate|high_disputed_amount_ratio,"Investigation candidate due to: high_cluster_chargeback_rate, high_disputed_amount_ratio. Cluster involves 1 user(s) and 1 merchant(s) with 1 transaction(s), chargeback rate 100.0%, disputed amount ratio 28.6%."
CLU00618,1,1,1,13041.28,1,1,1623.96,17.3333,15.1362,17.3333,15.1362,1.0,0.1245,0.0,0.1,30.6679,LOW,elevated_avg_user_risk|high_cluster_chargeback_rate,"Investigation candidate due to: elevated_avg_user_risk, high_cluster_chargeback_rate. Cluster involves 1 user(s) and 1 merchant(s) with 1 transaction(s), chargeback rate 100.0%, disputed amount ratio 12.5%."
CLU00637,1,1,1,4096.46,1,1,1001.43,13.3333,12.4692,13.3333,12.4692,1.0,0.2445,0.0,0.1,30.6669,LOW,high_cluster_chargeback_rate|high_disputed_amount_ratio,"Investigation candidate due to: high_cluster_chargeback_rate, high_disputed_amount_ratio. Cluster involves 1 user(s) and 1 merchant(s) with 1 transaction(s), chargeback rate 100.0%, disputed amount ratio 24.4%."
CLU00555,2,1,2,5677.31,1,1,2311.12,8.0,18.9676,13.3333,18.9676,0.5,0.4071,0.5,0.1,30.6416,LOW,high_cluster_chargeback_rate|high_disputed_amount_ratio|temporal_concentration,"Investigation candidate due to: high_cluster_chargeback_rate, high_disputed_amount_ratio, temporal_concentration. Cluster involves 2 user(s) and 1 merchant(s) with 2 transaction(s), chargeback rate 50.0%, disputed amount ratio 40.7%."
CLU00580,1,1,1,15387.54,2,1,5359.69,9.3333,9.7129,9.3333,9.7129,1.0,0.3483,0.0,0.1,30.5955,LOW,high_cluster_chargeback_rate|high_disputed_amount_ratio,"Investigation candidate due to: high_cluster_chargeback_rate, high_disputed_amount_ratio. Cluster involves 1 user(s) and 1 merchant(s) with 1 transaction(s), chargeback rate 100.0%, disputed amount ratio 34.8%."
CLU00095,4,1,4,28115.16,1,1,6623.0,3.3333,41.1256,13.3333,41.1256,0.25,0.2356,0.25,0.1,30.54,LOW,elevated_avg_merchant_risk|high_cluster_chargeback_rate|high_disputed_amount_ratio,"Investigation candidate due to: elevated_avg_merchant_risk, high_cluster_chargeback_rate, high_disputed_amount_ratio. Cluster involves 4 user(s) and 1 merchant(s) with 4 transaction(s), chargeback rate 25.0%, disputed amount ratio 23.6%."
CLU00010,8,3,10,115577.42,5,4,29763.48,5.6667,22.1884,13.3333,44.3814,0.4,0.2575,0.2,0.1,30.3958,LOW,high_cluster_chargeback_rate|high_disputed_amount_ratio,"Investigation candidate due to: high_cluster_chargeback_rate, high_disputed_amount_ratio. Cluster involves 8 user(s) and 3 merchant(s) with 10 transaction(s), chargeback rate 40.0%, disputed amount ratio 25.8%."
CLU00605,1,1,1,13221.13,1,1,2992.52,13.3333,12.3686,13.3333,12.3686,1.0,0.2263,0.0,0.1,30.3952,LOW,high_cluster_chargeback_rate|high_disputed_amount_ratio,"Investigation candidate due to: high_cluster_chargeback_rate, high_disputed_amount_ratio. Cluster involves 1 user(s) and 1 merchant(s) with 1 transaction(s), chargeback rate 100.0%, disputed amount ratio 22.6%."
CLU00366,2,1,2,16696.52,1,1,7838.0,6.6667,16.3271,13.3333,16.3271,0.5,0.4694,0.5,0.1,30.3888,LOW,high_cluster_chargeback_rate|high_disputed_amount_ratio|temporal_concentration,"Investigation candidate due to: high_cluster_chargeback_rate, high_disputed_amount_ratio, temporal_concentration. Cluster involves 2 user(s) and 1 merchant(s) with 2 transaction(s), chargeback rate 50.0%, disputed amount ratio 46.9%."
CLU00075,5,1,5,52578.99,2,2,13544.7,5.3333,34.378,13.3333,34.378,0.4,0.2576,0.2,0.1,30.3342,LOW,elevated_avg_merchant_risk|high_cluster_chargeback_rate|high_disputed_amount_ratio,"Investigation candidate due to: elevated_avg_merchant_risk, high_cluster_chargeback_rate, high_disputed_amount_ratio. Cluster involves 5 user(s) and 1 merchant(s) with 5 transaction(s), chargeback rate 40.0%, disputed amount ratio 25.8%."
CLU00644,1,1,1,13490.27,1,1,2997.0,13.3333,12.3453,13.3333,12.3453,1.0,0.2222,0.0,0.1,30.3324,LOW,high_cluster_chargeback_rate|high_disputed_amount_ratio,"Investigation candidate due to: high_cluster_chargeback_rate, high_disputed_amount_ratio. Cluster involves 1 user(s) and 1 merchant(s) with 1 transaction(s), chargeback rate 100.0%, disputed amount ratio 22.2%."
CLU00655,1,1,1,11211.49,1,1,1590.47,16.0,11.8992,16.0,11.8992,1.0,0.1419,0.0,0.1,30.3279,LOW,elevated_avg_user_risk|high_cluster_chargeback_rate,"Investigation candidate due to: elevated_avg_user_risk, high_cluster_chargeback_rate. Cluster involves 1 user(s) and 1 merchant(s) with 1 transaction(s), chargeback rate 100.0%, disputed amount ratio 14.2%."
CLU00225,2,1,2,7005.38,1,1,3021.0,4.6667,17.3334,9.3333,17.3334,0.5,0.4312,0.5,0.1,30.2686,LOW,high_cluster_chargeback_rate|high_disputed_amount_ratio|temporal_concentration,"Investigation candidate due to: high_cluster_chargeback_rate, high_disputed_amount_ratio, temporal_concentration. Cluster involves 2 user(s) and 1 merchant(s) with 2 transaction(s), chargeback rate 50.0%, disputed amount ratio 43.1%."
CLU00598,1,1,1,23679.35,1,1,354.48,20.0,14.5276,20.0,14.5276,1.0,0.015,0.0,0.1,30.2246,LOW,elevated_avg_user_risk|high_cluster_chargeback_rate,"Investigation candidate due to: elevated_avg_user_risk, high_cluster_chargeback_rate. Cluster involves 1 user(s) and 1 merchant(s) with 1 transaction(s), chargeback rate 100.0%, disputed amount ratio 1.5%."
CLU00643,1,1,1,24666.12,1,1,3270.0,16.0,11.8476,16.0,11.8476,1.0,0.1326,0.0,0.1,30.1886,LOW,elevated_avg_user_risk|high_cluster_chargeback_rate,"Investigation candidate due to: elevated_avg_user_risk, high_cluster_chargeback_rate. Cluster involves 1 user(s) and 1 merchant(s) with 1 transaction(s), chargeback rate 100.0%, disputed amount ratio 13.3%."
CLU00623,1,1,1,14973.35,1,1,4959.68,9.3333,7.7778,9.3333,7.7778,1.0,0.3312,0.0,0.1,30.1685,LOW,high_cluster_chargeback_rate|high_disputed_amount_ratio,"Investigation candidate due to: high_cluster_chargeback_rate, high_disputed_amount_ratio. Cluster involves 1 user(s) and 1 merchant(s) with 1 transaction(s), chargeback rate 100.0%, disputed amount ratio 33.1%."
CLU00632,1,1,1,23025.65,1,1,4857.63,13.3333,12.2831,13.3333,12.2831,1.0,0.211,0.0,0.1,30.1645,LOW,high_cluster_chargeback_rate|high_disputed_amount_ratio,"Investigation candidate due to: high_cluster_chargeback_rate, high_disputed_amount_ratio. Cluster involves 1 user(s) and 1 merchant(s) with 1 transaction(s), chargeback rate 100.0%, disputed amount ratio 21.1%."
CLU00639,1,1,1,13136.01,1,1,4246.38,9.3333,9.5737,9.3333,9.5737,1.0,0.3233,0.0,0.1,30.1571,LOW,high_cluster_chargeback_rate|high_disputed_amount_ratio,"Investigation candidate due to: high_cluster_chargeback_rate, high_disputed_amount_ratio. Cluster involves 1 user(s) and 1 merchant(s) with 1 transaction(s), chargeback rate 100.0%, disputed amount ratio 32.3%."
CLU00592,1,1,1,18451.32,1,1,5874.15,9.3333,9.5464,9.3333,9.5464,1.0,0.3184,0.0,0.1,30.0713,LOW,high_cluster_chargeback_rate|high_disputed_amount_ratio,"Investigation candidate due to: high_cluster_chargeback_rate, high_disputed_amount_ratio. Cluster involves 1 user(s) and 1 merchant(s) with 1 transaction(s), chargeback rate 100.0%, disputed amount ratio 31.8%."
CLU00588,1,1,1,5436.71,1,1,1093.6,13.3333,12.2286,13.3333,12.2286,1.0,0.2012,0.0,0.1,30.0173,LOW,high_cluster_chargeback_rate|high_disputed_amount_ratio,"Investigation candidate due to: high_cluster_chargeback_rate, high_disputed_amount_ratio. Cluster involves 1 user(s) and 1 merchant(s) with 1 transaction(s), chargeback rate 100.0%, disputed amount ratio 20.1%."
CLU00465,2,1,2,23346.57,1,1,8749.79,6.6667,18.6086,13.3333,18.6086,0.5,0.3748,0.5,0.1,29.9956,LOW,high_cluster_chargeback_rate|high_disputed_amount_ratio|temporal_concentration,"Investigation candidate due to: high_cluster_chargeback_rate, high_disputed_amount_ratio, temporal_concentration. Cluster involves 2 user(s) and 1 merchant(s) with 2 transaction(s), chargeback rate 50.0%, disputed amount ratio 37.5%."
CLU00103,4,1,4,51902.7,1,1,18514.67,5.3333,35.7049,13.3333,35.7049,0.25,0.3567,0.25,0.1,29.918,LOW,elevated_avg_merchant_risk|high_cluster_chargeback_rate|high_disputed_amount_ratio,"Investigation candidate due to: elevated_avg_merchant_risk, high_cluster_chargeback_rate, high_disputed_amount_ratio. Cluster involves 4 user(s) and 1 merchant(s) with 4 transaction(s), chargeback rate 25.0%, disputed amount ratio 35.7%."
CLU00305,2,1,2,25650.98,1,1,13235.72,4.6667,13.511,9.3333,13.511,0.5,0.516,0.5,0.1,29.8199,LOW,high_cluster_chargeback_rate|high_disputed_amount_ratio|temporal_concentration,"Investigation candidate due to: high_cluster_chargeback_rate, high_disputed_amount_ratio, temporal_concentration. Cluster involves 2 user(s) and 1 merchant(s) with 2 transaction(s), chargeback rate 50.0%, disputed amount ratio 51.6%."
CLU00597,1,1,1,9701.65,1,1,2926.76,9.3333,9.4538,9.3333,9.4538,1.0,0.3017,0.0,0.1,29.7793,LOW,high_cluster_chargeback_rate|high_disputed_amount_ratio,"Investigation candidate due to: high_cluster_chargeback_rate, high_disputed_amount_ratio. Cluster involves 1 user(s) and 1 merchant(s) with 1 transaction(s), chargeback rate 100.0%, disputed amount ratio 30.2%."
CLU00651,1,1,1,18283.95,1,1,5305.63,9.3333,9.3899,9.3333,9.3899,1.0,0.2902,0.0,0.1,29.5781,LOW,high_cluster_chargeback_rate|high_disputed_amount_ratio,"Investigation candidate due to: high_cluster_chargeback_rate, high_disputed_amount_ratio. Cluster involves 1 user(s) and 1 merchant(s) with 1 transaction(s), chargeback rate 100.0%, disputed amount ratio 29.0%."
CLU00398,2,1,2,25204.47,1,1,8722.75,6.6667,18.2898,13.3333,18.2898,0.5,0.3461,0.5,0.1,29.4216,LOW,high_cluster_chargeback_rate|high_disputed_amount_ratio|temporal_concentration,"Investigation candidate due to: high_cluster_chargeback_rate, high_disputed_amount_ratio, temporal_concentration. Cluster involves 2 user(s) and 1 merchant(s) with 2 transaction(s), chargeback rate 50.0%, disputed amount ratio 34.6%."
CLU00220,2,1,2,18651.02,1,1,6448.11,6.6667,18.2858,13.3333,18.2858,0.5,0.3457,0.5,0.1,29.4145,LOW,high_cluster_chargeback_rate|high_disputed_amount_ratio|temporal_concentration,"Investigation candidate due to: high_cluster_chargeback_rate, high_disputed_amount_ratio, temporal_concentration. Cluster involves 2 user(s) and 1 merchant(s) with 2 transaction(s), chargeback rate 50.0%, disputed amount ratio 34.6%."
CLU00139,4,1,4,44392.55,2,2,5157.54,7.6667,31.4707,13.3333,31.4707,0.5,0.1162,0.25,0.1,29.4045,LOW,elevated_avg_merchant_risk|high_cluster_chargeback_rate,"Investigation candidate due to: elevated_avg_merchant_risk, high_cluster_chargeback_rate. Cluster involves 4 user(s) and 1 merchant(s) with 4 transaction(s), chargeback rate 50.0%, disputed amount ratio 11.6%."
CLU00612,1,1,1,13149.46,1,1,1017.08,16.0,11.5408,16.0,11.5408,1.0,0.0773,0.0,0.1,29.3602,LOW,elevated_avg_user_risk|high_cluster_chargeback_rate,"Investigation candidate due to: elevated_avg_user_risk, high_cluster_chargeback_rate. Cluster involves 1 user(s) and 1 merchant(s) with 1 transaction(s), chargeback rate 100.0%, disputed amount ratio 7.7%."
CLU00104,4,1,4,71883.3,3,2,7752.35,6.6667,31.2855,13.3333,31.2855,0.5,0.1078,0.25,0.1,29.1962,LOW,elevated_avg_merchant_risk|high_cluster_chargeback_rate,"Investigation candidate due to: elevated_avg_merchant_risk, high_cluster_chargeback_rate. Cluster involves 4 user(s) and 1 merchant(s) with 4 transaction(s), chargeback rate 50.0%, disputed amount ratio 10.8%."
CLU00155,3,1,3,25311.1,3,2,0.0,8.8889,25.5556,13.3333,25.5556,0.6667,0.0,0.3333,0.1,29.1663,LOW,elevated_avg_merchant_risk|high_cluster_chargeback_rate,"Investigation candidate due to: elevated_avg_merchant_risk, high_cluster_chargeback_rate. Cluster involves 3 user(s) and 1 merchant(s) with 3 transaction(s), chargeback rate 66.7%, disputed amount ratio 0.0%."
CLU00654,1,1,1,19364.19,1,1,1124.0,16.0,11.4336,16.0,11.4336,1.0,0.058,0.0,0.1,29.0707,LOW,elevated_avg_user_risk|high_cluster_chargeback_rate,"Investigation candidate due to: elevated_avg_user_risk, high_cluster_chargeback_rate. Cluster involves 1 user(s) and 1 merchant(s) with 1 transaction(s), chargeback rate 100.0%, disputed amount ratio 5.8%."
CLU00395,2,1,2,4779.67,1,1,1208.16,10.0,20.5863,17.3333,20.5863,0.5,0.2528,0.5,0.1,29.0554,LOW,high_cluster_chargeback_rate|high_disputed_amount_ratio|temporal_concentration,"Investigation candidate due to: high_cluster_chargeback_rate, high_disputed_amount_ratio, temporal_concentration. Cluster involves 2 user(s) and 1 merchant(s) with 2 transaction(s), chargeback rate 50.0%, disputed amount ratio 25.3%."
CLU00501,2,1,2,46625.11,1,1,3087.13,6.6667,15.1801,13.3333,15.1801,0.5,0.0662,1.0,0.1,28.8242,LOW,high_cluster_chargeback_rate|temporal_concentration,"Investigation candidate due to: high_cluster_chargeback_rate, temporal_concentration. Cluster involves 2 user(s) and 1 merchant(s) with 2 transaction(s), chargeback rate 50.0%, disputed amount ratio 6.6%."
CLU00474,2,1,2,18343.11,1,1,5779.34,6.6667,17.9452,13.3333,17.9452,0.5,0.3151,0.5,0.1,28.8014,LOW,high_cluster_chargeback_rate|high_disputed_amount_ratio|temporal_concentration,"Investigation candidate due to: high_cluster_chargeback_rate, high_disputed_amount_ratio, temporal_concentration. Cluster involves 2 user(s) and 1 merchant(s) with 2 transaction(s), chargeback rate 50.0%, disputed amount ratio 31.5%."
CLU00087,4,1,4,38048.79,2,2,8011.2,5.6667,26.9011,13.3333,26.9011,0.5,0.2106,0.25,0.1,28.7638,LOW,elevated_avg_merchant_risk|high_cluster_chargeback_rate|high_disputed_amount_ratio,"Investigation candidate due to: elevated_avg_merchant_risk, high_cluster_chargeback_rate, high_disputed_amount_ratio. Cluster involves 4 user(s) and 1 merchant(s) with 4 transaction(s), chargeback rate 50.0%, disputed amount ratio 21.1%."
CLU00040,5,1,5,62937.02,2,2,2773.41,5.3333,33.4463,13.3333,33.4463,0.4,0.0441,0.4,0.1,28.7118,LOW,elevated_avg_merchant_risk|high_cluster_chargeback_rate,"Investigation candidate due to: elevated_avg_merchant_risk, high_cluster_chargeback_rate. Cluster involves 5 user(s) and 1 merchant(s) with 5 transaction(s), chargeback rate 40.0%, disputed amount ratio 4.4%."
CLU00246,2,1,2,24270.87,1,1,7520.47,6.6667,17.8873,13.3333,17.8873,0.5,0.3099,0.5,0.1,28.6971,LOW,high_cluster_chargeback_rate|high_disputed_amount_ratio|temporal_concentration,"Investigation candidate due to: high_cluster_chargeback_rate, high_disputed_amount_ratio, temporal_concentration. Cluster involves 2 user(s) and 1 merchant(s) with 2 transaction(s), chargeback rate 50.0%, disputed amount ratio 31.0%."
CLU00185,3,1,3,47118.06,3,2,1312.53,8.0,16.0198,12.0,16.0198,0.6667,0.0279,0.6667,0.1,28.6271,LOW,high_cluster_chargeback_rate|temporal_concentration,"Investigation candidate due to: high_cluster_chargeback_rate, temporal_concentration. Cluster involves 3 user(s) and 1 merchant(s) with 3 transaction(s), chargeback rate 66.7%, disputed amount ratio 2.8%."
CLU00607,1,1,1,12292.04,1,1,2801.1,9.3333,9.0438,9.3333,9.0438,1.0,0.2279,0.0,0.1,28.6182,LOW,high_cluster_chargeback_rate|high_disputed_amount_ratio,"Investigation candidate due to: high_cluster_chargeback_rate, high_disputed_amount_ratio. Cluster involves 1 user(s) and 1 merchant(s) with 1 transaction(s), chargeback rate 100.0%, disputed amount ratio 22.8%."
CLU00629,1,1,1,7594.56,1,1,1704.54,9.3333,9.0247,9.3333,9.0247,1.0,0.2244,0.0,0.1,28.5666,LOW,high_cluster_chargeback_rate|high_disputed_amount_ratio,"Investigation candidate due to: high_cluster_chargeback_rate, high_disputed_amount_ratio. Cluster involves 1 user(s) and 1 merchant(s) with 1 transaction(s), chargeback rate 100.0%, disputed amount ratio 22.4%."
CLU00606,1,1,1,20911.0,1,1,498.7,16.0,11.2436,16.0,11.2436,1.0,0.0238,0.0,0.1,28.5577,LOW,elevated_avg_user_risk|high_cluster_chargeback_rate,"Investigation candidate due to: elevated_avg_user_risk, high_cluster_chargeback_rate. Cluster involves 1 user(s) and 1 merchant(s) with 1 transaction(s), chargeback rate 100.0%, disputed amount ratio 2.4%."
CLU00249,2,1,2,10989.14,1,1,4136.0,6.6667,15.293,9.3333,15.293,0.5,0.3764,0.5,0.1,28.5274,LOW,high_cluster_chargeback_rate|high_disputed_amount_ratio|temporal_concentration,"Investigation candidate due to: high_cluster_chargeback_rate, high_disputed_amount_ratio, temporal_concentration. Cluster involves 2 user(s) and 1 merchant(s) with 2 transaction(s), chargeback rate 50.0%, disputed amount ratio 37.6%."
CLU00017,7,2,8,142713.58,3,3,31546.79,5.1429,26.2722,13.3333,30.5852,0.375,0.221,0.375,0.1,28.4665,LOW,elevated_avg_merchant_risk|high_cluster_chargeback_rate|high_disputed_amount_ratio,"Investigation candidate due to: elevated_avg_merchant_risk, high_cluster_chargeback_rate, high_disputed_amount_ratio. Cluster involves 7 user(s) and 2 merchant(s) with 8 transaction(s), chargeback rate 37.5%, disputed amount ratio 22.1%."
CLU00574,1,1,1,9741.23,1,1,2045.0,9.3333,8.9441,9.3333,8.9441,1.0,0.2099,0.0,0.1,28.349,LOW,high_cluster_chargeback_rate|high_disputed_amount_ratio,"Investigation candidate due to: high_cluster_chargeback_rate, high_disputed_amount_ratio. Cluster involves 1 user(s) and 1 merchant(s) with 1 transaction(s), chargeback rate 100.0%, disputed amount ratio 21.0%."
CLU00068,5,1,5,79757.69,2,2,8214.17,5.3333,35.083,13.3333,35.083,0.4,0.103,0.2,0.1,28.3322,LOW,elevated_avg_merchant_risk|high_cluster_chargeback_rate,"Investigation candidate due to: elevated_avg_merchant_risk, high_cluster_chargeback_rate. Cluster involves 5 user(s) and 1 merchant(s) with 5 transaction(s), chargeback rate 40.0%, disputed amount ratio 10.3%."
CLU00167,3,1,3,36704.85,1,1,8504.48,6.2222,30.7587,16.0,30.7587,0.3333,0.2317,0.3333,0.1,28.3166,LOW,elevated_avg_merchant_risk|high_cluster_chargeback_rate|high_disputed_amount_ratio,"Investigation candidate due to: elevated_avg_merchant_risk, high_cluster_chargeback_rate, high_disputed_amount_ratio. Cluster involves 3 user(s) and 1 merchant(s) with 3 transaction(s), chargeback rate 33.3%, disputed amount ratio 23.2%."
CLU00529,2,1,2,27304.31,1,1,7882.54,6.6667,17.6521,13.3333,17.6521,0.5,0.2887,0.5,0.1,28.2738,LOW,high_cluster_chargeback_rate|high_disputed_amount_ratio|temporal_concentration,"Investigation candidate due to: high_cluster_chargeback_rate, high_disputed_amount_ratio, temporal_concentration. Cluster involves 2 user(s) and 1 merchant(s) with 2 transaction(s), chargeback rate 50.0%, disputed amount ratio 28.9%."
CLU00625,1,1,1,14260.28,1,1,0.0,16.0,11.1111,16.0,11.1111,1.0,0.0,0.0,0.1,28.2,LOW,elevated_avg_user_risk|high_cluster_chargeback_rate,"Investigation candidate due to: elevated_avg_user_risk, high_cluster_chargeback_rate. Cluster involves 1 user(s) and 1 merchant(s) with 1 transaction(s), chargeback rate 100.0%, disputed amount ratio 0.0%."
CLU00290,2,1,2,13602.43,1,1,5879.13,4.6667,12.5801,9.3333,12.5801,0.5,0.4322,0.5,0.1,28.1442,LOW,high_cluster_chargeback_rate|high_disputed_amount_ratio|temporal_concentration,"Investigation candidate due to: high_cluster_chargeback_rate, high_disputed_amount_ratio, temporal_concentration. Cluster involves 2 user(s) and 1 merchant(s) with 2 transaction(s), chargeback rate 50.0%, disputed amount ratio 43.2%."
CLU00147,3,1,3,39439.51,1,1,21185.86,5.3333,20.064,12.0,20.064,0.3333,0.5372,0.3333,0.1,28.0861,LOW,high_cluster_chargeback_rate|high_disputed_amount_ratio,"Investigation candidate due to: high_cluster_chargeback_rate, high_disputed_amount_ratio. Cluster involves 3 user(s) and 1 merchant(s) with 3 transaction(s), chargeback rate 33.3%, disputed amount ratio 53.7%."
CLU00358,2,1,2,18332.15,1,1,5092.34,6.6667,17.5309,13.3333,17.5309,0.5,0.2778,0.5,0.1,28.0556,LOW,high_cluster_chargeback_rate|high_disputed_amount_ratio|temporal_concentration,"Investigation candidate due to: high_cluster_chargeback_rate, high_disputed_amount_ratio, temporal_concentration. Cluster involves 2 user(s) and 1 merchant(s) with 2 transaction(s), chargeback rate 50.0%, disputed amount ratio 27.8%."
CLU00239,2,1,2,13809.89,1,1,3807.73,6.6667,17.5081,13.3333,17.5081,0.5,0.2757,0.5,0.1,28.0145,LOW,high_cluster_chargeback_rate|high_disputed_amount_ratio|temporal_concentration,"Investigation candidate due to: high_cluster_chargeback_rate, high_disputed_amount_ratio, temporal_concentration. Cluster involves 2 user(s) and 1 merchant(s) with 2 transaction(s), chargeback rate 50.0%, disputed amount ratio 27.6%."
CLU00057,5,1,5,70533.87,2,2,6357.16,5.8667,34.7258,13.3333,34.7258,0.4,0.0901,0.2,0.1,27.9786,LOW,elevated_avg_merchant_risk|high_cluster_chargeback_rate,"Investigation candidate due to: elevated_avg_merchant_risk, high_cluster_chargeback_rate. Cluster involves 5 user(s) and 1 merchant(s) with 5 transaction(s), chargeback rate 40.0%, disputed amount ratio 9.0%."
CLU00228,2,1,2,19949.52,2,1,5449.19,6.6667,17.4794,13.3333,17.4794,0.5,0.2731,0.5,0.1,27.963,LOW,high_cluster_chargeback_rate|high_disputed_amount_ratio|temporal_concentration,"Investigation candidate due to: high_cluster_chargeback_rate, high_disputed_amount_ratio, temporal_concentration. Cluster involves 2 user(s) and 1 merchant(s) with 2 transaction(s), chargeback rate 50.0%, disputed amount ratio 27.3%."
CLU00411,2,1,2,34952.17,1,1,9404.0,6.6667,17.4339,13.3333,17.4339,0.5,0.2691,0.5,0.1,27.8811,LOW,high_cluster_chargeback_rate|high_disputed_amount_ratio|temporal_concentration,"Investigation candidate due to: high_cluster_chargeback_rate, high_disputed_amount_ratio, temporal_concentration. Cluster involves 2 user(s) and 1 merchant(s) with 2 transaction(s), chargeback rate 50.0%, disputed amount ratio 26.9%."
CLU00028,6,1,6,58942.31,2,2,4814.63,5.1111,34.6764,17.3333,34.6764,0.3333,0.0817,0.3333,0.1,27.8293,LOW,elevated_avg_merchant_risk|high_cluster_chargeback_rate,"Investigation candidate due to: elevated_avg_merchant_risk, high_cluster_chargeback_rate. Cluster involves 6 user(s) and 1 merchant(s) with 6 transaction(s), chargeback rate 33.3%, disputed amount ratio 8.2%."
CLU00115,4,1,4,43496.47,1,1,17075.88,3.3333,29.8351,13.3333,29.8351,0.25,0.3926,0.25,0.1,27.8145,LOW,elevated_avg_merchant_risk|high_cluster_chargeback_rate|high_disputed_amount_ratio,"Investigation candidate due to: elevated_avg_merchant_risk, high_cluster_chargeback_rate, high_disputed_amount_ratio. Cluster involves 4 user(s) and 1 merchant(s) with 4 transaction(s), chargeback rate 25.0%, disputed amount ratio 39.3%."
CLU00542,2,1,2,11185.75,1,1,4601.18,4.6667,12.3483,9.3333,12.3483,0.5,0.4113,0.5,0.1,27.7269,LOW,high_cluster_chargeback_rate|high_disputed_amount_ratio|temporal_concentration,"Investigation candidate due to: high_cluster_chargeback_rate, high_disputed_amount_ratio, temporal_concentration. Cluster involves 2 user(s) and 1 merchant(s) with 2 transaction(s), chargeback rate 50.0%, disputed amount ratio 41.1%."
CLU00503,2,1,2,29531.16,2,1,9916.58,6.6667,14.8422,13.3333,14.8422,0.5,0.3358,0.5,0.1,27.716,LOW,high_cluster_chargeback_rate|high_disputed_amount_ratio|temporal_concentration,"Investigation candidate due to: high_cluster_chargeback_rate, high_disputed_amount_ratio, temporal_concentration. Cluster involves 2 user(s) and 1 merchant(s) with 2 transaction(s), chargeback rate 50.0%, disputed amount ratio 33.6%."
CLU00562,2,1,2,18637.59,1,1,3450.0,10.0,19.8346,17.3333,19.8346,0.5,0.1851,0.5,0.1,27.7022,LOW,high_cluster_chargeback_rate|temporal_concentration,"Investigation candidate due to: high_cluster_chargeback_rate, temporal_concentration. Cluster involves 2 user(s) and 1 merchant(s) with 2 transaction(s), chargeback rate 50.0%, disputed amount ratio 18.5%."
CLU00447,2,1,2,42821.97,1,1,7714.0,8.6667,19.7793,13.3333,19.7793,0.5,0.1801,0.5,0.1,27.6028,LOW,high_cluster_chargeback_rate|temporal_concentration,"Investigation candidate due to: high_cluster_chargeback_rate, temporal_concentration. Cluster involves 2 user(s) and 1 merchant(s) with 2 transaction(s), chargeback rate 50.0%, disputed amount ratio 18.0%."
CLU00401,2,1,2,23545.66,1,1,5937.26,6.6667,17.2462,13.3333,17.2462,0.5,0.2522,0.5,0.1,27.5432,LOW,high_cluster_chargeback_rate|high_disputed_amount_ratio|temporal_concentration,"Investigation candidate due to: high_cluster_chargeback_rate, high_disputed_amount_ratio, temporal_concentration. Cluster involves 2 user(s) and 1 merchant(s) with 2 transaction(s), chargeback rate 50.0%, disputed amount ratio 25.2%."
CLU00093,4,1,4,37051.3,1,1,14012.62,3.3333,29.5154,13.3333,29.5154,0.25,0.3782,0.25,0.1,27.4549,LOW,elevated_avg_merchant_risk|high_cluster_chargeback_rate|high_disputed_amount_ratio,"Investigation candidate due to: elevated_avg_merchant_risk, high_cluster_chargeback_rate, high_disputed_amount_ratio. Cluster involves 4 user(s) and 1 merchant(s) with 4 transaction(s), chargeback rate 25.0%, disputed amount ratio 37.8%."
CLU00433,2,1,2,11202.67,1,1,2653.08,6.6667,17.0758,13.3333,17.0758,0.5,0.2368,0.5,0.1,27.2365,LOW,high_cluster_chargeback_rate|high_disputed_amount_ratio|temporal_concentration,"Investigation candidate due to: high_cluster_chargeback_rate, high_disputed_amount_ratio, temporal_concentration. Cluster involves 2 user(s) and 1 merchant(s) with 2 transaction(s), chargeback rate 50.0%, disputed amount ratio 23.7%."
CLU00393,2,1,2,19787.04,2,1,4655.03,9.3333,17.0584,16.0,17.0584,0.5,0.2353,0.5,0.1,27.2051,LOW,high_cluster_chargeback_rate|high_disputed_amount_ratio|temporal_concentration,"Investigation candidate due to: high_cluster_chargeback_rate, high_disputed_amount_ratio, temporal_concentration. Cluster involves 2 user(s) and 1 merchant(s) with 2 transaction(s), chargeback rate 50.0%, disputed amount ratio 23.5%."
CLU00081,4,1,4,56953.63,2,1,15005.39,3.3333,26.9659,13.3333,26.9659,0.25,0.2635,0.5,0.1,27.0867,LOW,elevated_avg_merchant_risk|high_cluster_chargeback_rate|high_disputed_amount_ratio|temporal_concentration,"Investigation candidate due to: elevated_avg_merchant_risk, high_cluster_chargeback_rate, high_disputed_amount_ratio. Cluster involves 4 user(s) and 1 merchant(s) with 4 transaction(s), chargeback rate 25.0%, disputed amount ratio 26.3%."
CLU00346,2,1,2,20049.45,1,1,3046.01,8.6667,19.4658,13.3333,19.4658,0.5,0.1519,0.5,0.1,27.0385,LOW,high_cluster_chargeback_rate|temporal_concentration,"Investigation candidate due to: high_cluster_chargeback_rate, temporal_concentration. Cluster involves 2 user(s) and 1 merchant(s) with 2 transaction(s), chargeback rate 50.0%, disputed amount ratio 15.2%."
CLU00085,4,1,4,74025.5,2,2,1535.06,6.6667,29.3497,13.3333,29.3497,0.5,0.0207,0.25,0.1,27.0184,LOW,elevated_avg_merchant_risk|high_cluster_chargeback_rate,"Investigation candidate due to: elevated_avg_merchant_risk, high_cluster_chargeback_rate. Cluster involves 4 user(s) and 1 merchant(s) with 4 transaction(s), chargeback rate 50.0%, disputed amount ratio 2.1%."
CLU00345,2,1,2,23232.68,1,1,6879.04,8.0,14.401,9.3333,14.401,0.5,0.2961,0.5,0.1,26.9219,LOW,high_cluster_chargeback_rate|high_disputed_amount_ratio|temporal_concentration,"Investigation candidate due to: high_cluster_chargeback_rate, high_disputed_amount_ratio, temporal_concentration. Cluster involves 2 user(s) and 1 merchant(s) with 2 transaction(s), chargeback rate 50.0%, disputed amount ratio 29.6%."
CLU00070,5,1,5,72642.56,2,2,3674.52,5.3333,33.6273,13.3333,33.6273,0.4,0.0506,0.2,0.1,26.891,LOW,elevated_avg_merchant_risk|high_cluster_chargeback_rate,"Investigation candidate due to: elevated_avg_merchant_risk, high_cluster_chargeback_rate. Cluster involves 5 user(s) and 1 merchant(s) with 5 transaction(s), chargeback rate 40.0%, disputed amount ratio 5.1%."
CLU00510,2,1,2,30871.96,1,1,6771.0,6.6667,16.8814,13.3333,16.8814,0.5,0.2193,0.5,0.1,26.8865,LOW,high_cluster_chargeback_rate|high_disputed_amount_ratio|temporal_concentration,"Investigation candidate due to: high_cluster_chargeback_rate, high_disputed_amount_ratio, temporal_concentration. Cluster involves 2 user(s) and 1 merchant(s) with 2 transaction(s), chargeback rate 50.0%, disputed amount ratio 21.9%."
CLU00470,2,1,2,4834.9,1,1,1771.56,4.6667,11.849,9.3333,11.849,0.5,0.3664,0.5,0.1,26.8282,LOW,high_cluster_chargeback_rate|high_disputed_amount_ratio|temporal_concentration,"Investigation candidate due to: high_cluster_chargeback_rate, high_disputed_amount_ratio, temporal_concentration. Cluster involves 2 user(s) and 1 merchant(s) with 2 transaction(s), chargeback rate 50.0%, disputed amount ratio 36.6%."
CLU00212,2,1,2,25295.94,1,1,3544.0,10.0,19.3345,16.0,19.3345,0.5,0.1401,0.5,0.1,26.802,LOW,high_cluster_chargeback_rate|temporal_concentration,"Investigation candidate due to: high_cluster_chargeback_rate, temporal_concentration. Cluster involves 2 user(s) and 1 merchant(s) with 2 transaction(s), chargeback rate 50.0%, disputed amount ratio 14.0%."
CLU00083,4,1,4,32109.84,2,2,2311.0,6.6667,27.1549,13.3333,27.1549,0.5,0.072,0.25,0.1,26.7993,LOW,elevated_avg_merchant_risk|high_cluster_chargeback_rate,"Investigation candidate due to: elevated_avg_merchant_risk, high_cluster_chargeback_rate. Cluster involves 4 user(s) and 1 merchant(s) with 4 transaction(s), chargeback rate 50.0%, disputed amount ratio 7.2%."
CLU00525,2,1,2,14535.55,1,1,2017.17,8.6667,19.3197,17.3333,19.3197,0.5,0.1388,0.5,0.1,26.7755,LOW,high_cluster_chargeback_rate|temporal_concentration,"Investigation candidate due to: high_cluster_chargeback_rate, temporal_concentration. Cluster involves 2 user(s) and 1 merchant(s) with 2 transaction(s), chargeback rate 50.0%, disputed amount ratio 13.9%."
CLU00514,2,1,2,30541.48,1,1,6490.82,6.6667,16.8058,13.3333,16.8058,0.5,0.2125,0.5,0.1,26.7505,LOW,high_cluster_chargeback_rate|high_disputed_amount_ratio|temporal_concentration,"Investigation candidate due to: high_cluster_chargeback_rate, high_disputed_amount_ratio, temporal_concentration. Cluster involves 2 user(s) and 1 merchant(s) with 2 transaction(s), chargeback rate 50.0%, disputed amount ratio 21.3%."
CLU00128,4,1,4,67816.68,2,2,8733.04,5.6667,25.0839,13.3333,25.0839,0.5,0.1288,0.25,0.1,26.7194,LOW,elevated_avg_merchant_risk|high_cluster_chargeback_rate,"Investigation candidate due to: elevated_avg_merchant_risk, high_cluster_chargeback_rate. Cluster involves 4 user(s) and 1 merchant(s) with 4 transaction(s), chargeback rate 50.0%, disputed amount ratio 12.9%."
CLU00361,2,1,2,38404.53,3,1,7854.99,6.6667,16.717,13.3333,16.717,0.5,0.2045,0.5,0.1,26.5907,LOW,high_cluster_chargeback_rate|high_disputed_amount_ratio|temporal_concentration,"Investigation candidate due to: high_cluster_chargeback_rate, high_disputed_amount_ratio, temporal_concentration. Cluster involves 2 user(s) and 1 merchant(s) with 2 transaction(s), chargeback rate 50.0%, disputed amount ratio 20.5%."
CLU00122,4,1,4,41491.75,2,2,2631.0,6.6667,26.9647,17.3333,26.9647,0.5,0.0634,0.25,0.1,26.5853,LOW,elevated_avg_merchant_risk|high_cluster_chargeback_rate,"Investigation candidate due to: elevated_avg_merchant_risk, high_cluster_chargeback_rate. Cluster involves 4 user(s) and 1 merchant(s) with 4 transaction(s), chargeback rate 50.0%, disputed amount ratio 6.3%."
CLU00309,2,1,2,34759.11,1,1,0.0,6.6667,11.1111,13.3333,11.1111,0.5,0.0,1.0,0.1,26.5556,LOW,high_cluster_chargeback_rate|temporal_concentration,"Investigation candidate due to: high_cluster_chargeback_rate, temporal_concentration. Cluster involves 2 user(s) and 1 merchant(s) with 2 transaction(s), chargeback rate 50.0%, disputed amount ratio 0.0%."
CLU00439,2,1,2,28014.41,1,1,5678.98,6.6667,16.6968,13.3333,16.6968,0.5,0.2027,0.5,0.1,26.5543,LOW,high_cluster_chargeback_rate|high_disputed_amount_ratio|temporal_concentration,"Investigation candidate due to: high_cluster_chargeback_rate, high_disputed_amount_ratio, temporal_concentration. Cluster involves 2 user(s) and 1 merchant(s) with 2 transaction(s), chargeback rate 50.0%, disputed amount ratio 20.3%."
CLU00560,1,2,2,21962.05,1,1,1369.23,21.3333,7.4035,21.3333,11.4737,0.5,0.0623,0.5,0.1,26.5352,LOW,elevated_avg_user_risk|high_cluster_chargeback_rate|temporal_concentration,"Investigation candidate due to: elevated_avg_user_risk, high_cluster_chargeback_rate, temporal_concentration. Cluster involves 1 user(s) and 2 merchant(s) with 2 transaction(s), chargeback rate 50.0%, disputed amount ratio 6.2%."
CLU00330,2,1,2,11550.3,1,1,2301.28,6.6667,16.6582,13.3333,16.6582,0.5,0.1992,0.5,0.1,26.4848,LOW,high_cluster_chargeback_rate|temporal_concentration,"Investigation candidate due to: high_cluster_chargeback_rate, temporal_concentration. Cluster involves 2 user(s) and 1 merchant(s) with 2 transaction(s), chargeback rate 50.0%, disputed amount ratio 19.9%."
CLU00277,2,1,2,44224.57,1,1,5338.83,8.6667,19.1191,17.3333,19.1191,0.5,0.1207,0.5,0.1,26.4144,LOW,high_cluster_chargeback_rate|temporal_concentration,"Investigation candidate due to: high_cluster_chargeback_rate, temporal_concentration. Cluster involves 2 user(s) and 1 merchant(s) with 2 transaction(s), chargeback rate 50.0%, disputed amount ratio 12.1%."
CLU00206,2,2,3,35414.6,1,1,10469.69,10.6667,11.5139,21.3333,19.6945,0.3333,0.2956,0.6667,0.1,26.4043,LOW,high_cluster_chargeback_rate|high_disputed_amount_ratio|temporal_concentration,"Investigation candidate due to: high_cluster_chargeback_rate, high_disputed_amount_ratio, temporal_concentration. Cluster involves 2 user(s) and 2 merchant(s) with 3 transaction(s), chargeback rate 33.3%, disputed amount ratio 29.6%."
CLU00199,3,1,3,6325.76,1,1,2075.0,4.4444,23.2448,13.3333,23.2448,0.3333,0.328,0.3333,0.1,26.3802,LOW,high_cluster_chargeback_rate|high_disputed_amount_ratio,"Investigation candidate due to: high_cluster_chargeback_rate, high_disputed_amount_ratio. Cluster involves 3 user(s) and 1 merchant(s) with 3 transaction(s), chargeback rate 33.3%, disputed amount ratio 32.8%."
CLU00444,2,1,2,10895.88,2,1,2111.05,6.6667,16.5972,13.3333,16.5972,0.5,0.1937,0.5,0.1,26.375,LOW,high_cluster_chargeback_rate|temporal_concentration,"Investigation candidate due to: high_cluster_chargeback_rate, temporal_concentration. Cluster involves 2 user(s) and 1 merchant(s) with 2 transaction(s), chargeback rate 50.0%, disputed amount ratio 19.4%."
CLU00528,2,1,2,37471.35,1,1,1585.45,12.0,21.5812,20.0,21.5812,0.5,0.0423,0.5,0.1,26.3462,LOW,high_cluster_chargeback_rate|temporal_concentration,"Investigation candidate due to: high_cluster_chargeback_rate, temporal_concentration. Cluster involves 2 user(s) and 1 merchant(s) with 2 transaction(s), chargeback rate 50.0%, disputed amount ratio 4.2%."
CLU00375,2,1,2,48642.4,1,1,5694.69,10.0,19.0786,16.0,19.0786,0.5,0.1171,0.5,0.1,26.3415,LOW,high_cluster_chargeback_rate|temporal_concentration,"Investigation candidate due to: high_cluster_chargeback_rate, temporal_concentration. Cluster involves 2 user(s) and 1 merchant(s) with 2 transaction(s), chargeback rate 50.0%, disputed amount ratio 11.7%."
CLU00180,3,1,3,27743.77,2,1,9041.04,4.4444,23.2091,13.3333,23.2091,0.3333,0.3259,0.3333,0.1,26.3319,LOW,high_cluster_chargeback_rate|high_disputed_amount_ratio,"Investigation candidate due to: high_cluster_chargeback_rate, high_disputed_amount_ratio. Cluster involves 3 user(s) and 1 merchant(s) with 3 transaction(s), chargeback rate 33.3%, disputed amount ratio 32.6%."
CLU00168,3,1,3,32043.33,1,1,10226.59,4.4444,23.0969,13.3333,23.0969,0.3333,0.3191,0.3333,0.1,26.1805,LOW,high_cluster_chargeback_rate|high_disputed_amount_ratio,"Investigation candidate due to: high_cluster_chargeback_rate, high_disputed_amount_ratio. Cluster involves 3 user(s) and 1 merchant(s) with 3 transaction(s), chargeback rate 33.3%, disputed amount ratio 31.9%."
CLU00224,2,1,2,24542.42,1,1,4479.85,6.6667,16.4726,13.3333,16.4726,0.5,0.1825,0.5,0.1,26.1507,LOW,high_cluster_chargeback_rate|temporal_concentration,"Investigation candidate due to: high_cluster_chargeback_rate, temporal_concentration. Cluster involves 2 user(s) and 1 merchant(s) with 2 transaction(s), chargeback rate 50.0%, disputed amount ratio 18.3%."
CLU00211,2,1,2,20267.42,1,1,6720.23,4.6667,11.462,9.3333,11.462,0.5,0.3316,0.5,0.1,26.1316,LOW,high_cluster_chargeback_rate|high_disputed_amount_ratio|temporal_concentration,"Investigation candidate due to: high_cluster_chargeback_rate, high_disputed_amount_ratio, temporal_concentration. Cluster involves 2 user(s) and 1 merchant(s) with 2 transaction(s), chargeback rate 50.0%, disputed amount ratio 33.2%."
CLU00446,1,2,2,8965.57,1,1,1363.12,17.3333,6.3362,17.3333,12.6723,0.5,0.152,0.5,0.1,26.0806,LOW,elevated_avg_user_risk|high_cluster_chargeback_rate|temporal_concentration,"Investigation candidate due to: elevated_avg_user_risk, high_cluster_chargeback_rate, temporal_concentration. Cluster involves 1 user(s) and 2 merchant(s) with 2 transaction(s), chargeback rate 50.0%, disputed amount ratio 15.2%."
CLU00466,2,1,2,21840.3,1,1,3875.84,6.6667,16.4163,13.3333,16.4163,0.5,0.1775,0.5,0.1,26.0493,LOW,high_cluster_chargeback_rate|temporal_concentration,"Investigation candidate due to: high_cluster_chargeback_rate, temporal_concentration. Cluster involves 2 user(s) and 1 merchant(s) with 2 transaction(s), chargeback rate 50.0%, disputed amount ratio 17.7%."
CLU00327,2,1,2,21689.45,1,1,2207.71,8.6667,18.9087,13.3333,18.9087,0.5,0.1018,0.5,0.1,26.0357,LOW,high_cluster_chargeback_rate|temporal_concentration,"Investigation candidate due to: high_cluster_chargeback_rate, temporal_concentration. Cluster involves 2 user(s) and 1 merchant(s) with 2 transaction(s), chargeback rate 50.0%, disputed amount ratio 10.2%."
CLU00197,3,1,3,17387.85,1,1,7755.19,4.4444,18.5446,9.3333,18.5446,0.3333,0.446,0.3333,0.1,26.0349,LOW,high_cluster_chargeback_rate|high_disputed_amount_ratio,"Investigation candidate due to: high_cluster_chargeback_rate, high_disputed_amount_ratio. Cluster involves 3 user(s) and 1 merchant(s) with 3 transaction(s), chargeback rate 33.3%, disputed amount ratio 44.6%."
CLU00384,2,1,2,18407.99,1,1,4626.0,6.6667,13.9034,9.3333,13.9034,0.5,0.2513,0.5,0.1,26.0261,LOW,high_cluster_chargeback_rate|high_disputed_amount_ratio|temporal_concentration,"Investigation candidate due to: high_cluster_chargeback_rate, high_disputed_amount_ratio, temporal_concentration. Cluster involves 2 user(s) and 1 merchant(s) with 2 transaction(s), chargeback rate 50.0%, disputed amount ratio 25.1%."
CLU00583,1,1,1,12602.39,1,1,-1889.21,16.0,11.1111,16.0,11.1111,1.0,-0.1499,0.0,0.1,25.9514,LOW,elevated_avg_user_risk|high_cluster_chargeback_rate,"Investigation candidate due to: elevated_avg_user_risk, high_cluster_chargeback_rate. Cluster involves 1 user(s) and 1 merchant(s) with 1 transaction(s), chargeback rate 100.0%, disputed amount ratio -15.0%."
CLU00270,2,1,2,31407.2,1,1,2983.97,8.6667,18.8334,13.3333,18.8334,0.5,0.095,0.5,0.1,25.9002,LOW,high_cluster_chargeback_rate|temporal_concentration,"Investigation candidate due to: high_cluster_chargeback_rate, temporal_concentration. Cluster involves 2 user(s) and 1 merchant(s) with 2 transaction(s), chargeback rate 50.0%, disputed amount ratio 9.5%."
CLU00363,2,1,2,28806.69,1,1,4888.42,6.6667,16.33,13.3333,16.33,0.5,0.1697,0.5,0.1,25.8939,LOW,high_cluster_chargeback_rate|temporal_concentration,"Investigation candidate due to: high_cluster_chargeback_rate, temporal_concentration. Cluster involves 2 user(s) and 1 merchant(s) with 2 transaction(s), chargeback rate 50.0%, disputed amount ratio 17.0%."
CLU00058,5,1,5,79148.16,2,2,1072.11,5.3333,32.5985,13.3333,32.5985,0.4,0.0135,0.2,0.1,25.8725,LOW,elevated_avg_merchant_risk|high_cluster_chargeback_rate,"Investigation candidate due to: elevated_avg_merchant_risk, high_cluster_chargeback_rate. Cluster involves 5 user(s) and 1 merchant(s) with 5 transaction(s), chargeback rate 40.0%, disputed amount ratio 1.4%."
CLU00341,2,1,2,11959.96,1,1,1954.14,6.6667,16.2599,13.3333,16.2599,0.5,0.1634,0.5,0.1,25.7678,LOW,high_cluster_chargeback_rate|temporal_concentration,"Investigation candidate due to: high_cluster_chargeback_rate, temporal_concentration. Cluster involves 2 user(s) and 1 merchant(s) with 2 transaction(s), chargeback rate 50.0%, disputed amount ratio 16.3%."
CLU00096,4,1,4,26185.15,2,2,-1301.22,6.6667,28.8889,13.3333,28.8889,0.5,-0.0497,0.25,0.1,25.7546,LOW,elevated_avg_merchant_risk|high_cluster_chargeback_rate,"Investigation candidate due to: elevated_avg_merchant_risk, high_cluster_chargeback_rate. Cluster involves 4 user(s) and 1 merchant(s) with 4 transaction(s), chargeback rate 50.0%, disputed amount ratio -5.0%."
CLU00371,2,1,2,19159.67,1,1,1646.02,10.0,18.7633,17.3333,18.7633,0.5,0.0859,0.5,0.1,25.7321,LOW,high_cluster_chargeback_rate|temporal_concentration,"Investigation candidate due to: high_cluster_chargeback_rate, temporal_concentration. Cluster involves 2 user(s) and 1 merchant(s) with 2 transaction(s), chargeback rate 50.0%, disputed amount ratio 8.6%."
CLU00329,2,1,2,33086.75,1,1,10277.41,4.6667,11.2291,9.3333,11.2291,0.5,0.3106,0.5,0.1,25.7124,LOW,high_cluster_chargeback_rate|high_disputed_amount_ratio|temporal_concentration,"Investigation candidate due to: high_cluster_chargeback_rate, high_disputed_amount_ratio, temporal_concentration. Cluster involves 2 user(s) and 1 merchant(s) with 2 transaction(s), chargeback rate 50.0%, disputed amount ratio 31.1%."
CLU00166,3,1,3,35932.07,1,1,8304.41,5.7778,24.963,13.3333,24.963,0.3333,0.2311,0.3333,0.1,25.6997,LOW,high_cluster_chargeback_rate|high_disputed_amount_ratio,"Investigation candidate due to: high_cluster_chargeback_rate, high_disputed_amount_ratio. Cluster involves 3 user(s) and 1 merchant(s) with 3 transaction(s), chargeback rate 33.3%, disputed amount ratio 23.1%."
CLU00568,2,1,2,11220.59,1,1,1770.58,8.0,16.1977,13.3333,16.1977,0.5,0.1578,0.5,0.1,25.6559,LOW,high_cluster_chargeback_rate|temporal_concentration,"Investigation candidate due to: high_cluster_chargeback_rate, temporal_concentration. Cluster involves 2 user(s) and 1 merchant(s) with 2 transaction(s), chargeback rate 50.0%, disputed amount ratio 15.8%."
CLU00282,2,1,2,8274.41,1,1,1284.94,8.0,16.1699,16.0,16.1699,0.5,0.1553,0.5,0.1,25.6058,LOW,high_cluster_chargeback_rate|temporal_concentration,"Investigation candidate due to: high_cluster_chargeback_rate, temporal_concentration. Cluster involves 2 user(s) and 1 merchant(s) with 2 transaction(s), chargeback rate 50.0%, disputed amount ratio 15.5%."
CLU00372,2,1,2,11602.52,1,1,1792.1,6.6667,16.1606,13.3333,16.1606,0.5,0.1545,0.5,0.1,25.5892,LOW,high_cluster_chargeback_rate|temporal_concentration,"Investigation candidate due to: high_cluster_chargeback_rate, temporal_concentration. Cluster involves 2 user(s) and 1 merchant(s) with 2 transaction(s), chargeback rate 50.0%, disputed amount ratio 15.4%."
CLU00379,2,1,2,25565.29,1,1,3871.95,6.6667,16.1273,13.3333,16.1273,0.5,0.1515,0.5,0.1,25.5291,LOW,high_cluster_chargeback_rate|temporal_concentration,"Investigation candidate due to: high_cluster_chargeback_rate, temporal_concentration. Cluster involves 2 user(s) and 1 merchant(s) with 2 transaction(s), chargeback rate 50.0%, disputed amount ratio 15.1%."
CLU00148,3,1,3,34941.89,1,1,5443.0,7.1111,27.0407,17.3333,27.0407,0.3333,0.1558,0.3333,0.1,25.5046,LOW,elevated_avg_merchant_risk|high_cluster_chargeback_rate,"Investigation candidate due to: elevated_avg_merchant_risk, high_cluster_chargeback_rate. Cluster involves 3 user(s) and 1 merchant(s) with 3 transaction(s), chargeback rate 33.3%, disputed amount ratio 15.6%."
CLU00232,2,1,2,26924.3,1,1,8008.29,4.6667,11.0826,9.3333,11.0826,0.5,0.2974,0.5,0.1,25.4487,LOW,high_cluster_chargeback_rate|high_disputed_amount_ratio|temporal_concentration,"Investigation candidate due to: high_cluster_chargeback_rate, high_disputed_amount_ratio, temporal_concentration. Cluster involves 2 user(s) and 1 merchant(s) with 2 transaction(s), chargeback rate 50.0%, disputed amount ratio 29.7%."
CLU00538,2,1,2,6993.56,1,1,1552.99,6.6667,13.5784,13.3333,13.5784,0.5,0.2221,0.5,0.1,25.4412,LOW,high_cluster_chargeback_rate|high_disputed_amount_ratio|temporal_concentration,"Investigation candidate due to: high_cluster_chargeback_rate, high_disputed_amount_ratio, temporal_concentration. Cluster involves 2 user(s) and 1 merchant(s) with 2 transaction(s), chargeback rate 50.0%, disputed amount ratio 22.2%."
CLU00086,4,1,4,58845.86,1,1,17413.88,4.0,27.6872,13.3333,27.6872,0.25,0.2959,0.25,0.1,25.3981,LOW,elevated_avg_merchant_risk|high_cluster_chargeback_rate|high_disputed_amount_ratio,"Investigation candidate due to: elevated_avg_merchant_risk, high_cluster_chargeback_rate, high_disputed_amount_ratio. Cluster involves 4 user(s) and 1 merchant(s) with 4 transaction(s), chargeback rate 25.0%, disputed amount ratio 29.6%."
CLU00280,2,1,2,5109.42,1,1,1101.44,6.6667,13.5063,13.3333,13.5063,0.5,0.2156,0.5,0.1,25.3114,LOW,high_cluster_chargeback_rate|high_disputed_amount_ratio|temporal_concentration,"Investigation candidate due to: high_cluster_chargeback_rate, high_disputed_amount_ratio, temporal_concentration. Cluster involves 2 user(s) and 1 merchant(s) with 2 transaction(s), chargeback rate 50.0%, disputed amount ratio 21.6%."
CLU00111,3,2,4,46098.97,2,2,5745.43,8.8889,16.08,26.6667,19.3759,0.5,0.1246,0.25,0.1,25.2522,LOW,elevated_max_user_risk|high_cluster_chargeback_rate,"Investigation candidate due to: elevated_max_user_risk, high_cluster_chargeback_rate. Cluster involves 3 user(s) and 2 merchant(s) with 4 transaction(s), chargeback rate 50.0%, disputed amount ratio 12.5%."
CLU00342,2,1,2,12956.4,1,1,1778.59,6.6667,15.9697,13.3333,15.9697,0.5,0.1373,0.5,0.1,25.2455,LOW,high_cluster_chargeback_rate|temporal_concentration,"Investigation candidate due to: high_cluster_chargeback_rate, temporal_concentration. Cluster involves 2 user(s) and 1 merchant(s) with 2 transaction(s), chargeback rate 50.0%, disputed amount ratio 13.7%."
CLU00234,2,1,2,26027.09,1,1,1552.98,8.6667,18.4408,13.3333,18.4408,0.5,0.0597,0.5,0.1,25.1934,LOW,high_cluster_chargeback_rate|temporal_concentration,"Investigation candidate due to: high_cluster_chargeback_rate, temporal_concentration. Cluster involves 2 user(s) and 1 merchant(s) with 2 transaction(s), chargeback rate 50.0%, disputed amount ratio 6.0%."
CLU00552,2,1,2,19109.97,1,1,2565.94,8.0,15.9364,13.3333,15.9364,0.5,0.1343,0.5,0.1,25.1854,LOW,high_cluster_chargeback_rate|temporal_concentration,"Investigation candidate due to: high_cluster_chargeback_rate, temporal_concentration. Cluster involves 2 user(s) and 1 merchant(s) with 2 transaction(s), chargeback rate 50.0%, disputed amount ratio 13.4%."
CLU00391,2,1,2,39623.86,1,1,2283.53,8.6667,18.4181,13.3333,18.4181,0.5,0.0576,0.5,0.1,25.1526,LOW,high_cluster_chargeback_rate|temporal_concentration,"Investigation candidate due to: high_cluster_chargeback_rate, temporal_concentration. Cluster involves 2 user(s) and 1 merchant(s) with 2 transaction(s), chargeback rate 50.0%, disputed amount ratio 5.8%."
CLU00325,2,1,2,9838.49,1,1,3397.0,4.6667,7.7778,9.3333,7.7778,0.5,0.3453,0.5,0.1,25.068,LOW,high_cluster_chargeback_rate|high_disputed_amount_ratio|temporal_concentration,"Investigation candidate due to: high_cluster_chargeback_rate, high_disputed_amount_ratio, temporal_concentration. Cluster involves 2 user(s) and 1 merchant(s) with 2 transaction(s), chargeback rate 50.0%, disputed amount ratio 34.5%."
CLU00154,3,1,3,33123.48,1,1,15548.64,3.1111,15.6014,9.3333,15.6014,0.3333,0.4694,0.3333,0.1,25.0615,LOW,high_cluster_chargeback_rate|high_disputed_amount_ratio,"Investigation candidate due to: high_cluster_chargeback_rate, high_disputed_amount_ratio. Cluster involves 3 user(s) and 1 merchant(s) with 3 transaction(s), chargeback rate 33.3%, disputed amount ratio 46.9%."
CLU00281,2,1,2,20330.67,3,1,5623.62,4.6667,10.8512,9.3333,10.8512,0.5,0.2766,0.5,0.1,25.0322,LOW,high_cluster_chargeback_rate|high_disputed_amount_ratio|temporal_concentration,"Investigation candidate due to: high_cluster_chargeback_rate, high_disputed_amount_ratio, temporal_concentration. Cluster involves 2 user(s) and 1 merchant(s) with 2 transaction(s), chargeback rate 50.0%, disputed amount ratio 27.7%."
CLU00286,2,1,2,20615.98,1,1,1061.55,8.6667,18.3499,13.3333,18.3499,0.5,0.0515,0.5,0.1,25.0298,LOW,high_cluster_chargeback_rate|temporal_concentration,"Investigation candidate due to: high_cluster_chargeback_rate, temporal_concentration. Cluster involves 2 user(s) and 1 merchant(s) with 2 transaction(s), chargeback rate 50.0%, disputed amount ratio 5.1%."
CLU00130,4,1,4,48204.06,2,2,3886.07,5.3333,17.347,9.3333,17.347,0.5,0.0806,0.5,0.1,25.0154,LOW,high_cluster_chargeback_rate|temporal_concentration,"Investigation candidate due to: high_cluster_chargeback_rate, temporal_concentration. Cluster involves 4 user(s) and 1 merchant(s) with 4 transaction(s), chargeback rate 50.0%, disputed amount ratio 8.1%."
CLU00050,5,1,5,67000.56,2,2,639.17,6.6667,30.8205,17.3333,30.8205,0.4,0.0095,0.2,0.1,25.0123,LOW,elevated_avg_merchant_risk|high_cluster_chargeback_rate,"Investigation candidate due to: elevated_avg_merchant_risk, high_cluster_chargeback_rate. Cluster involves 5 user(s) and 1 merchant(s) with 5 transaction(s), chargeback rate 40.0%, disputed amount ratio 1.0%."
CLU00300,2,1,2,13570.72,1,1,3737.05,4.6667,10.8375,9.3333,10.8375,0.5,0.2754,0.5,0.1,25.0075,LOW,high_cluster_chargeback_rate|high_disputed_amount_ratio|temporal_concentration,"Investigation candidate due to: high_cluster_chargeback_rate, high_disputed_amount_ratio, temporal_concentration. Cluster involves 2 user(s) and 1 merchant(s) with 2 transaction(s), chargeback rate 50.0%, disputed amount ratio 27.5%."
CLU00591,1,1,1,4342.6,1,1,-933.13,16.0,11.1111,16.0,11.1111,1.0,-0.2149,0.0,0.1,24.9768,LOW,elevated_avg_user_risk|high_cluster_chargeback_rate,"Investigation candidate due to: elevated_avg_user_risk, high_cluster_chargeback_rate. Cluster involves 1 user(s) and 1 merchant(s) with 1 transaction(s), chargeback rate 100.0%, disputed amount ratio -21.5%."
CLU00360,2,1,2,22607.43,2,1,6166.88,6.0,10.8087,9.3333,10.8087,0.5,0.2728,0.5,0.1,24.9556,LOW,high_cluster_chargeback_rate|high_disputed_amount_ratio|temporal_concentration,"Investigation candidate due to: high_cluster_chargeback_rate, high_disputed_amount_ratio, temporal_concentration. Cluster involves 2 user(s) and 1 merchant(s) with 2 transaction(s), chargeback rate 50.0%, disputed amount ratio 27.3%."
CLU00261,2,1,2,31549.94,2,1,6210.74,6.6667,13.2984,9.3333,13.2984,0.5,0.1969,0.5,0.1,24.9371,LOW,high_cluster_chargeback_rate|temporal_concentration,"Investigation candidate due to: high_cluster_chargeback_rate, temporal_concentration. Cluster involves 2 user(s) and 1 merchant(s) with 2 transaction(s), chargeback rate 50.0%, disputed amount ratio 19.7%."
CLU00554,2,1,2,27306.48,2,1,7417.98,4.6667,10.7962,9.3333,10.7962,0.5,0.2717,0.5,0.1,24.9331,LOW,high_cluster_chargeback_rate|high_disputed_amount_ratio|temporal_concentration,"Investigation candidate due to: high_cluster_chargeback_rate, high_disputed_amount_ratio, temporal_concentration. Cluster involves 2 user(s) and 1 merchant(s) with 2 transaction(s), chargeback rate 50.0%, disputed amount ratio 27.2%."
CLU00410,2,1,2,15310.7,1,1,1855.84,8.0,15.7912,13.3333,15.7912,0.5,0.1212,0.5,0.1,24.9242,LOW,high_cluster_chargeback_rate|temporal_concentration,"Investigation candidate due to: high_cluster_chargeback_rate, temporal_concentration. Cluster involves 2 user(s) and 1 merchant(s) with 2 transaction(s), chargeback rate 50.0%, disputed amount ratio 12.1%."
CLU00463,2,1,2,29404.97,1,1,7884.27,4.6667,10.757,9.3333,10.757,0.5,0.2681,0.5,0.1,24.8625,LOW,high_cluster_chargeback_rate|high_disputed_amount_ratio|temporal_concentration,"Investigation candidate due to: high_cluster_chargeback_rate, high_disputed_amount_ratio, temporal_concentration. Cluster involves 2 user(s) and 1 merchant(s) with 2 transaction(s), chargeback rate 50.0%, disputed amount ratio 26.8%."
CLU00176,3,1,3,31664.79,1,1,8084.93,5.3333,22.0333,13.3333,22.0333,0.3333,0.2553,0.3333,0.1,24.7446,LOW,high_cluster_chargeback_rate|high_disputed_amount_ratio,"Investigation candidate due to: high_cluster_chargeback_rate, high_disputed_amount_ratio. Cluster involves 3 user(s) and 1 merchant(s) with 3 transaction(s), chargeback rate 33.3%, disputed amount ratio 25.5%."
CLU00373,2,1,2,40837.7,1,1,1512.0,8.6667,18.1892,13.3333,18.1892,0.5,0.037,0.5,0.1,24.7405,LOW,high_cluster_chargeback_rate|temporal_concentration,"Investigation candidate due to: high_cluster_chargeback_rate, temporal_concentration. Cluster involves 2 user(s) and 1 merchant(s) with 2 transaction(s), chargeback rate 50.0%, disputed amount ratio 3.7%."
CLU00414,2,1,2,13643.53,1,1,1464.53,8.0,15.6371,16.0,15.6371,0.5,0.1073,0.5,0.1,24.7376,LOW,high_cluster_chargeback_rate|temporal_concentration,"Investigation candidate due to: high_cluster_chargeback_rate, temporal_concentration. Cluster involves 2 user(s) and 1 merchant(s) with 2 transaction(s), chargeback rate 50.0%, disputed amount ratio 10.7%."
CLU00069,4,2,5,58542.44,2,2,13749.87,6.6667,17.6854,26.6667,21.9921,0.4,0.2349,0.2,0.1,24.7268,LOW,elevated_max_user_risk|high_cluster_chargeback_rate|high_disputed_amount_ratio,"Investigation candidate due to: elevated_max_user_risk, high_cluster_chargeback_rate, high_disputed_amount_ratio. Cluster involves 4 user(s) and 2 merchant(s) with 5 transaction(s), chargeback rate 40.0%, disputed amount ratio 23.5%."
CLU00302,2,1,2,32783.65,1,1,1181.22,8.6667,18.1781,17.3333,18.1781,0.5,0.036,0.5,0.1,24.7206,LOW,high_cluster_chargeback_rate|temporal_concentration,"Investigation candidate due to: high_cluster_chargeback_rate, temporal_concentration. Cluster involves 2 user(s) and 1 merchant(s) with 2 transaction(s), chargeback rate 50.0%, disputed amount ratio 3.6%."
CLU00469,2,1,2,28536.07,1,1,3107.14,6.6667,15.6543,13.3333,15.6543,0.5,0.1089,0.5,0.1,24.6777,LOW,high_cluster_chargeback_rate|temporal_concentration,"Investigation candidate due to: high_cluster_chargeback_rate, temporal_concentration. Cluster involves 2 user(s) and 1 merchant(s) with 2 transaction(s), chargeback rate 50.0%, disputed amount ratio 10.9%."
CLU00165,3,1,3,30565.64,1,1,1984.96,4.4444,20.7955,13.3333,20.7955,0.3333,0.0649,0.6667,0.1,24.6657,LOW,high_cluster_chargeback_rate|temporal_concentration,"Investigation candidate due to: high_cluster_chargeback_rate, temporal_concentration. Cluster involves 3 user(s) and 1 merchant(s) with 3 transaction(s), chargeback rate 33.3%, disputed amount ratio 6.5%."
CLU00244,2,1,2,31593.74,2,1,8032.32,4.6667,10.6026,9.3333,10.6026,0.5,0.2542,0.5,0.1,24.5848,LOW,high_cluster_chargeback_rate|high_disputed_amount_ratio|temporal_concentration,"Investigation candidate due to: high_cluster_chargeback_rate, high_disputed_amount_ratio, temporal_concentration. Cluster involves 2 user(s) and 1 merchant(s) with 2 transaction(s), chargeback rate 50.0%, disputed amount ratio 25.4%."
CLU00550,2,1,2,45214.7,1,1,4676.01,6.6667,15.5935,13.3333,15.5935,0.5,0.1034,0.5,0.1,24.5684,LOW,high_cluster_chargeback_rate|temporal_concentration,"Investigation candidate due to: high_cluster_chargeback_rate, temporal_concentration. Cluster involves 2 user(s) and 1 merchant(s) with 2 transaction(s), chargeback rate 50.0%, disputed amount ratio 10.3%."
CLU00374,2,1,2,17008.21,1,1,1750.36,6.6667,15.5879,13.3333,15.5879,0.5,0.1029,0.5,0.1,24.5583,LOW,high_cluster_chargeback_rate|temporal_concentration,"Investigation candidate due to: high_cluster_chargeback_rate, temporal_concentration. Cluster involves 2 user(s) and 1 merchant(s) with 2 transaction(s), chargeback rate 50.0%, disputed amount ratio 10.3%."
CLU00184,3,1,3,38110.45,1,1,1222.97,6.6667,21.6459,16.0,21.6459,0.3333,0.0321,0.6667,0.1,24.5557,LOW,high_cluster_chargeback_rate|temporal_concentration,"Investigation candidate due to: high_cluster_chargeback_rate, temporal_concentration. Cluster involves 3 user(s) and 1 merchant(s) with 3 transaction(s), chargeback rate 33.3%, disputed amount ratio 3.2%."
CLU00236,2,1,2,43053.77,1,1,4290.41,6.6667,15.5517,13.3333,15.5517,0.5,0.0997,0.5,0.1,24.493,LOW,high_cluster_chargeback_rate|temporal_concentration,"Investigation candidate due to: high_cluster_chargeback_rate, temporal_concentration. Cluster involves 2 user(s) and 1 merchant(s) with 2 transaction(s), chargeback rate 50.0%, disputed amount ratio 10.0%."
CLU00356,2,1,2,16875.26,1,1,1679.19,6.6667,15.5501,13.3333,15.5501,0.5,0.0995,0.5,0.1,24.4901,LOW,high_cluster_chargeback_rate|temporal_concentration,"Investigation candidate due to: high_cluster_chargeback_rate, temporal_concentration. Cluster involves 2 user(s) and 1 merchant(s) with 2 transaction(s), chargeback rate 50.0%, disputed amount ratio 10.0%."
CLU00456,2,1,2,17543.57,1,1,1724.56,6.6667,15.5367,13.3333,15.5367,0.5,0.0983,0.5,0.1,24.466,LOW,high_cluster_chargeback_rate|temporal_concentration,"Investigation candidate due to: high_cluster_chargeback_rate, temporal_concentration. Cluster involves 2 user(s) and 1 merchant(s) with 2 transaction(s), chargeback rate 50.0%, disputed amount ratio 9.8%."
CLU00499,2,1,2,32524.17,1,1,8056.19,4.6667,10.53,9.3333,10.53,0.5,0.2477,0.5,0.1,24.454,LOW,high_cluster_chargeback_rate|high_disputed_amount_ratio|temporal_concentration,"Investigation candidate due to: high_cluster_chargeback_rate, high_disputed_amount_ratio, temporal_concentration. Cluster involves 2 user(s) and 1 merchant(s) with 2 transaction(s), chargeback rate 50.0%, disputed amount ratio 24.8%."
CLU00164,3,1,3,56657.09,1,1,13713.48,5.3333,21.8118,13.3333,21.8118,0.3333,0.242,0.3333,0.1,24.4456,LOW,high_cluster_chargeback_rate|high_disputed_amount_ratio,"Investigation candidate due to: high_cluster_chargeback_rate, high_disputed_amount_ratio. Cluster involves 3 user(s) and 1 merchant(s) with 3 transaction(s), chargeback rate 33.3%, disputed amount ratio 24.2%."
CLU00170,3,1,3,12699.74,1,1,3065.07,4.4444,21.8003,13.3333,21.8003,0.3333,0.2413,0.3333,0.1,24.43,LOW,high_cluster_chargeback_rate|high_disputed_amount_ratio,"Investigation candidate due to: high_cluster_chargeback_rate, high_disputed_amount_ratio. Cluster involves 3 user(s) and 1 merchant(s) with 3 transaction(s), chargeback rate 33.3%, disputed amount ratio 24.1%."
CLU00324,2,1,2,25713.02,1,1,2430.89,6.6667,15.4949,13.3333,15.4949,0.5,0.0945,0.5,0.1,24.3908,LOW,high_cluster_chargeback_rate|temporal_concentration,"Investigation candidate due to: high_cluster_chargeback_rate, temporal_concentration. Cluster involves 2 user(s) and 1 merchant(s) with 2 transaction(s), chargeback rate 50.0%, disputed amount ratio 9.5%."
CLU00217,2,1,2,21520.14,1,1,2000.05,6.6667,15.4771,13.3333,15.4771,0.5,0.0929,0.5,0.1,24.3588,LOW,high_cluster_chargeback_rate|temporal_concentration,"Investigation candidate due to: high_cluster_chargeback_rate, temporal_concentration. Cluster involves 2 user(s) and 1 merchant(s) with 2 transaction(s), chargeback rate 50.0%, disputed amount ratio 9.3%."
CLU00566,2,1,2,24622.35,1,1,412.17,8.6667,17.9638,17.3333,17.9638,0.5,0.0167,0.5,0.1,24.3348,LOW,high_cluster_chargeback_rate|temporal_concentration,"Investigation candidate due to: high_cluster_chargeback_rate, temporal_concentration. Cluster involves 2 user(s) and 1 merchant(s) with 2 transaction(s), chargeback rate 50.0%, disputed amount ratio 1.7%."
CLU00407,2,1,2,20415.9,1,1,1866.96,6.6667,15.4605,13.3333,15.4605,0.5,0.0914,0.5,0.1,24.3289,LOW,high_cluster_chargeback_rate|temporal_concentration,"Investigation candidate due to: high_cluster_chargeback_rate, temporal_concentration. Cluster involves 2 user(s) and 1 merchant(s) with 2 transaction(s), chargeback rate 50.0%, disputed amount ratio 9.1%."
CLU00453,2,1,2,30092.39,1,1,4841.06,6.6667,12.8986,13.3333,12.8986,0.5,0.1609,0.5,0.1,24.3262,LOW,high_cluster_chargeback_rate|temporal_concentration,"Investigation candidate due to: high_cluster_chargeback_rate, temporal_concentration. Cluster involves 2 user(s) and 1 merchant(s) with 2 transaction(s), chargeback rate 50.0%, disputed amount ratio 16.1%."
CLU00445,2,1,2,11448.75,1,1,2761.55,4.6667,10.4579,9.3333,10.4579,0.5,0.2412,0.5,0.1,24.3242,LOW,high_cluster_chargeback_rate|high_disputed_amount_ratio|temporal_concentration,"Investigation candidate due to: high_cluster_chargeback_rate, high_disputed_amount_ratio, temporal_concentration. Cluster involves 2 user(s) and 1 merchant(s) with 2 transaction(s), chargeback rate 50.0%, disputed amount ratio 24.1%."
CLU00504,2,1,2,31721.47,1,1,6907.46,6.0,10.1973,12.0,10.1973,0.5,0.2178,0.5,0.1,24.3058,LOW,high_cluster_chargeback_rate|high_disputed_amount_ratio|temporal_concentration,"Investigation candidate due to: high_cluster_chargeback_rate, high_disputed_amount_ratio, temporal_concentration. Cluster involves 2 user(s) and 1 merchant(s) with 2 transaction(s), chargeback rate 50.0%, disputed amount ratio 21.8%."
CLU00370,2,1,2,8171.11,1,1,1935.98,6.0,10.4103,9.3333,10.4103,0.5,0.2369,0.5,0.1,24.2386,LOW,high_cluster_chargeback_rate|high_disputed_amount_ratio|temporal_concentration,"Investigation candidate due to: high_cluster_chargeback_rate, high_disputed_amount_ratio, temporal_concentration. Cluster involves 2 user(s) and 1 merchant(s) with 2 transaction(s), chargeback rate 50.0%, disputed amount ratio 23.7%."
CLU00468,2,1,2,30265.55,1,1,314.65,8.6667,17.8933,17.3333,17.8933,0.5,0.0104,0.5,0.1,24.2079,LOW,high_cluster_chargeback_rate|temporal_concentration,"Investigation candidate due to: high_cluster_chargeback_rate, temporal_concentration. Cluster involves 2 user(s) and 1 merchant(s) with 2 transaction(s), chargeback rate 50.0%, disputed amount ratio 1.0%."
CLU00255,2,1,2,31332.94,1,1,318.82,8.6667,17.8908,13.3333,17.8908,0.5,0.0102,0.5,0.1,24.2035,LOW,high_cluster_chargeback_rate|temporal_concentration,"Investigation candidate due to: high_cluster_chargeback_rate, temporal_concentration. Cluster involves 2 user(s) and 1 merchant(s) with 2 transaction(s), chargeback rate 50.0%, disputed amount ratio 1.0%."
CLU00477,2,1,2,20117.81,1,1,1533.39,8.0,15.2913,16.0,15.2913,0.5,0.0762,0.5,0.1,24.2016,LOW,high_cluster_chargeback_rate|temporal_concentration,"Investigation candidate due to: high_cluster_chargeback_rate, temporal_concentration. Cluster involves 2 user(s) and 1 merchant(s) with 2 transaction(s), chargeback rate 50.0%, disputed amount ratio 7.6%."
CLU00526,2,1,2,27961.75,1,1,2320.0,6.6667,15.3663,13.3333,15.3663,0.5,0.083,0.5,0.1,24.1594,LOW,high_cluster_chargeback_rate|temporal_concentration,"Investigation candidate due to: high_cluster_chargeback_rate, temporal_concentration. Cluster involves 2 user(s) and 1 merchant(s) with 2 transaction(s), chargeback rate 50.0%, disputed amount ratio 8.3%."
CLU00150,3,1,3,49383.56,1,1,3985.84,4.4444,19.123,13.3333,19.123,0.3333,0.0807,0.6667,0.1,24.1497,LOW,high_cluster_chargeback_rate|temporal_concentration,"Investigation candidate due to: high_cluster_chargeback_rate, temporal_concentration. Cluster involves 3 user(s) and 1 merchant(s) with 3 transaction(s), chargeback rate 33.3%, disputed amount ratio 8.1%."
CLU00024,5,3,7,98089.91,3,3,20907.67,6.8,11.3394,24.6667,21.5051,0.4286,0.2131,0.2857,0.1,24.0602,LOW,high_cluster_chargeback_rate|high_disputed_amount_ratio,"Investigation candidate due to: high_cluster_chargeback_rate, high_disputed_amount_ratio. Cluster involves 5 user(s) and 3 merchant(s) with 7 transaction(s), chargeback rate 42.9%, disputed amount ratio 21.3%."
CLU00323,2,1,2,42492.44,1,1,3287.47,6.6667,15.3041,13.3333,15.3041,0.5,0.0774,0.5,0.1,24.0473,LOW,high_cluster_chargeback_rate|temporal_concentration,"Investigation candidate due to: high_cluster_chargeback_rate, temporal_concentration. Cluster involves 2 user(s) and 1 merchant(s) with 2 transaction(s), chargeback rate 50.0%, disputed amount ratio 7.7%."
CLU00019,7,2,8,92986.09,2,2,19412.12,4.9524,20.7023,13.3333,38.0713,0.25,0.2088,0.125,0.1,24.0397,LOW,high_cluster_chargeback_rate|high_disputed_amount_ratio,"Investigation candidate due to: high_cluster_chargeback_rate, high_disputed_amount_ratio. Cluster involves 7 user(s) and 2 merchant(s) with 8 transaction(s), chargeback rate 25.0%, disputed amount ratio 20.9%."
CLU00418,2,1,2,11572.57,1,1,2581.01,4.6667,10.2559,9.3333,10.2559,0.5,0.223,0.5,0.1,23.9606,LOW,high_cluster_chargeback_rate|high_disputed_amount_ratio|temporal_concentration,"Investigation candidate due to: high_cluster_chargeback_rate, high_disputed_amount_ratio, temporal_concentration. Cluster involves 2 user(s) and 1 merchant(s) with 2 transaction(s), chargeback rate 50.0%, disputed amount ratio 22.3%."
CLU00437,2,1,2,15263.88,2,1,3403.35,6.0,10.2552,9.3333,10.2552,0.5,0.223,0.5,0.1,23.9594,LOW,high_cluster_chargeback_rate|high_disputed_amount_ratio|temporal_concentration,"Investigation candidate due to: high_cluster_chargeback_rate, high_disputed_amount_ratio, temporal_concentration. Cluster involves 2 user(s) and 1 merchant(s) with 2 transaction(s), chargeback rate 50.0%, disputed amount ratio 22.3%."
CLU00051,5,1,5,51433.15,2,2,4129.74,4.5333,26.1193,13.3333,26.1193,0.4,0.0803,0.2,0.1,23.9581,LOW,elevated_avg_merchant_risk|high_cluster_chargeback_rate,"Investigation candidate due to: elevated_avg_merchant_risk, high_cluster_chargeback_rate. Cluster involves 5 user(s) and 1 merchant(s) with 5 transaction(s), chargeback rate 40.0%, disputed amount ratio 8.0%."
CLU00285,2,1,2,18032.57,1,1,3976.68,4.6667,10.2281,9.3333,10.2281,0.5,0.2205,0.5,0.1,23.9106,LOW,high_cluster_chargeback_rate|high_disputed_amount_ratio|temporal_concentration,"Investigation candidate due to: high_cluster_chargeback_rate, high_disputed_amount_ratio, temporal_concentration. Cluster involves 2 user(s) and 1 merchant(s) with 2 transaction(s), chargeback rate 50.0%, disputed amount ratio 22.1%."
CLU00289,2,1,2,24444.44,1,1,1723.81,6.6667,15.228,13.3333,15.228,0.5,0.0705,0.5,0.1,23.9104,LOW,high_cluster_chargeback_rate|temporal_concentration,"Investigation candidate due to: high_cluster_chargeback_rate, temporal_concentration. Cluster involves 2 user(s) and 1 merchant(s) with 2 transaction(s), chargeback rate 50.0%, disputed amount ratio 7.1%."
CLU00144,3,1,3,46531.15,1,1,10091.73,4.4444,21.3925,13.3333,21.3925,0.3333,0.2169,0.3333,0.1,23.8795,LOW,high_cluster_chargeback_rate|high_disputed_amount_ratio,"Investigation candidate due to: high_cluster_chargeback_rate, high_disputed_amount_ratio. Cluster involves 3 user(s) and 1 merchant(s) with 3 transaction(s), chargeback rate 33.3%, disputed amount ratio 21.7%."
CLU00198,3,1,3,9817.7,1,1,2123.39,5.3333,21.3825,13.3333,21.3825,0.3333,0.2163,0.3333,0.1,23.866,LOW,high_cluster_chargeback_rate|high_disputed_amount_ratio,"Investigation candidate due to: high_cluster_chargeback_rate, high_disputed_amount_ratio. Cluster involves 3 user(s) and 1 merchant(s) with 3 transaction(s), chargeback rate 33.3%, disputed amount ratio 21.6%."
CLU00183,3,1,3,22945.04,1,1,1558.23,5.3333,18.9096,13.3333,18.9096,0.3333,0.0679,0.6667,0.1,23.8617,LOW,high_cluster_chargeback_rate|temporal_concentration,"Investigation candidate due to: high_cluster_chargeback_rate, temporal_concentration. Cluster involves 3 user(s) and 1 merchant(s) with 3 transaction(s), chargeback rate 33.3%, disputed amount ratio 6.8%."
CLU00328,2,1,2,34455.69,1,1,7505.86,4.6667,10.1982,9.3333,10.1982,0.5,0.2178,0.5,0.1,23.8568,LOW,high_cluster_chargeback_rate|high_disputed_amount_ratio|temporal_concentration,"Investigation candidate due to: high_cluster_chargeback_rate, high_disputed_amount_ratio, temporal_concentration. Cluster involves 2 user(s) and 1 merchant(s) with 2 transaction(s), chargeback rate 50.0%, disputed amount ratio 21.8%."
CLU00257,2,1,2,30080.23,1,1,2018.57,8.0,15.1901,13.3333,15.1901,0.5,0.0671,0.5,0.1,23.8421,LOW,high_cluster_chargeback_rate|temporal_concentration,"Investigation candidate due to: high_cluster_chargeback_rate, temporal_concentration. Cluster involves 2 user(s) and 1 merchant(s) with 2 transaction(s), chargeback rate 50.0%, disputed amount ratio 6.7%."
CLU00357,2,1,2,19194.47,1,1,4146.46,4.6667,10.178,9.3333,10.178,0.5,0.216,0.5,0.1,23.8205,LOW,high_cluster_chargeback_rate|high_disputed_amount_ratio|temporal_concentration,"Investigation candidate due to: high_cluster_chargeback_rate, high_disputed_amount_ratio, temporal_concentration. Cluster involves 2 user(s) and 1 merchant(s) with 2 transaction(s), chargeback rate 50.0%, disputed amount ratio 21.6%."
CLU00194,3,1,3,47361.64,1,1,3125.63,4.4444,18.8777,13.3333,18.8777,0.3333,0.066,0.6667,0.1,23.8186,LOW,high_cluster_chargeback_rate|temporal_concentration,"Investigation candidate due to: high_cluster_chargeback_rate, temporal_concentration. Cluster involves 3 user(s) and 1 merchant(s) with 3 transaction(s), chargeback rate 33.3%, disputed amount ratio 6.6%."
CLU00548,2,1,2,27848.12,1,1,5944.75,4.6667,10.1497,9.3333,10.1497,0.5,0.2135,0.5,0.1,23.7694,LOW,high_cluster_chargeback_rate|high_disputed_amount_ratio|temporal_concentration,"Investigation candidate due to: high_cluster_chargeback_rate, high_disputed_amount_ratio, temporal_concentration. Cluster involves 2 user(s) and 1 merchant(s) with 2 transaction(s), chargeback rate 50.0%, disputed amount ratio 21.3%."
CLU00340,2,1,2,30424.42,1,1,1916.0,6.6667,15.1442,13.3333,15.1442,0.5,0.063,0.5,0.1,23.7595,LOW,high_cluster_chargeback_rate|temporal_concentration,"Investigation candidate due to: high_cluster_chargeback_rate, temporal_concentration. Cluster involves 2 user(s) and 1 merchant(s) with 2 transaction(s), chargeback rate 50.0%, disputed amount ratio 6.3%."
CLU00062,5,1,5,69222.21,2,2,1272.4,5.3333,27.7328,13.3333,27.7328,0.4,0.0184,0.2,0.1,23.7555,LOW,elevated_avg_merchant_risk|high_cluster_chargeback_rate,"Investigation candidate due to: elevated_avg_merchant_risk, high_cluster_chargeback_rate. Cluster involves 5 user(s) and 1 merchant(s) with 5 transaction(s), chargeback rate 40.0%, disputed amount ratio 1.8%."
CLU00561,2,1,2,35008.7,1,1,2158.72,6.6667,15.1296,13.3333,15.1296,0.5,0.0617,0.5,0.1,23.7332,LOW,high_cluster_chargeback_rate|temporal_concentration,"Investigation candidate due to: high_cluster_chargeback_rate, temporal_concentration. Cluster involves 2 user(s) and 1 merchant(s) with 2 transaction(s), chargeback rate 50.0%, disputed amount ratio 6.2%."
CLU00458,1,2,2,34297.87,2,1,3936.95,13.3333,6.0087,13.3333,12.0173,0.5,0.1148,0.5,0.1,23.7218,LOW,high_cluster_chargeback_rate|temporal_concentration,"Investigation candidate due to: high_cluster_chargeback_rate, temporal_concentration. Cluster involves 1 user(s) and 2 merchant(s) with 2 transaction(s), chargeback rate 50.0%, disputed amount ratio 11.5%."
CLU00516,2,1,2,13934.45,1,1,2928.89,4.6667,10.1132,9.3333,10.1132,0.5,0.2102,0.5,0.1,23.7038,LOW,high_cluster_chargeback_rate|high_disputed_amount_ratio|temporal_concentration,"Investigation candidate due to: high_cluster_chargeback_rate, high_disputed_amount_ratio, temporal_concentration. Cluster involves 2 user(s) and 1 merchant(s) with 2 transaction(s), chargeback rate 50.0%, disputed amount ratio 21.0%."
CLU00125,4,1,4,34614.33,1,1,2351.6,5.0,25.9542,16.0,25.9542,0.25,0.0679,0.5,0.1,23.6984,LOW,elevated_avg_merchant_risk|high_cluster_chargeback_rate|temporal_concentration,"Investigation candidate due to: elevated_avg_merchant_risk, high_cluster_chargeback_rate, temporal_concentration. Cluster involves 4 user(s) and 1 merchant(s) with 4 transaction(s), chargeback rate 25.0%, disputed amount ratio 6.8%."
CLU00238,2,1,2,31369.89,1,1,1852.3,6.6667,15.1005,13.3333,15.1005,0.5,0.059,0.5,0.1,23.6809,LOW,high_cluster_chargeback_rate|temporal_concentration,"Investigation candidate due to: high_cluster_chargeback_rate, temporal_concentration. Cluster involves 2 user(s) and 1 merchant(s) with 2 transaction(s), chargeback rate 50.0%, disputed amount ratio 5.9%."
CLU00406,2,1,2,30063.72,1,1,1370.91,8.0,14.9511,16.0,14.9511,0.5,0.0456,0.5,0.1,23.6742,LOW,high_cluster_chargeback_rate|temporal_concentration,"Investigation candidate due to: high_cluster_chargeback_rate, temporal_concentration. Cluster involves 2 user(s) and 1 merchant(s) with 2 transaction(s), chargeback rate 50.0%, disputed amount ratio 4.6%."
CLU00266,2,1,2,23297.96,1,1,1358.0,6.6667,15.0921,13.3333,15.0921,0.5,0.0583,0.5,0.1,23.6658,LOW,high_cluster_chargeback_rate|temporal_concentration,"Investigation candidate due to: high_cluster_chargeback_rate, temporal_concentration. Cluster involves 2 user(s) and 1 merchant(s) with 2 transaction(s), chargeback rate 50.0%, disputed amount ratio 5.8%."
CLU00118,4,1,4,30789.39,1,1,1969.23,5.0,25.8657,20.0,25.8657,0.25,0.064,0.5,0.1,23.599,LOW,elevated_avg_merchant_risk|high_cluster_chargeback_rate|temporal_concentration,"Investigation candidate due to: elevated_avg_merchant_risk, high_cluster_chargeback_rate, temporal_concentration. Cluster involves 4 user(s) and 1 merchant(s) with 4 transaction(s), chargeback rate 25.0%, disputed amount ratio 6.4%."
CLU00571,2,1,2,27380.3,1,1,1443.57,6.6667,15.0303,13.3333,15.0303,0.5,0.0527,0.5,0.1,23.5545,LOW,high_cluster_chargeback_rate|temporal_concentration,"Investigation candidate due to: high_cluster_chargeback_rate, temporal_concentration. Cluster involves 2 user(s) and 1 merchant(s) with 2 transaction(s), chargeback rate 50.0%, disputed amount ratio 5.3%."
CLU00403,2,1,2,21564.16,1,1,4366.91,4.6667,10.0279,9.3333,10.0279,0.5,0.2025,0.5,0.1,23.5502,LOW,high_cluster_chargeback_rate|high_disputed_amount_ratio|temporal_concentration,"Investigation candidate due to: high_cluster_chargeback_rate, high_disputed_amount_ratio, temporal_concentration. Cluster involves 2 user(s) and 1 merchant(s) with 2 transaction(s), chargeback rate 50.0%, disputed amount ratio 20.3%."
CLU00322,2,1,2,23728.3,1,1,1212.0,6.6667,15.012,13.3333,15.012,0.5,0.0511,0.5,0.1,23.5216,LOW,high_cluster_chargeback_rate|temporal_concentration,"Investigation candidate due to: high_cluster_chargeback_rate, temporal_concentration. Cluster involves 2 user(s) and 1 merchant(s) with 2 transaction(s), chargeback rate 50.0%, disputed amount ratio 5.1%."
CLU00339,2,1,2,42837.97,1,1,4857.19,6.6667,12.3709,13.3333,12.3709,0.5,0.1134,0.5,0.1,23.5083,LOW,high_cluster_chargeback_rate|temporal_concentration,"Investigation candidate due to: high_cluster_chargeback_rate, temporal_concentration. Cluster involves 2 user(s) and 1 merchant(s) with 2 transaction(s), chargeback rate 50.0%, disputed amount ratio 11.3%."
CLU00293,2,1,2,15438.94,1,1,3086.0,4.6667,9.9987,9.3333,9.9987,0.5,0.1999,0.5,0.1,23.4977,LOW,high_cluster_chargeback_rate|temporal_concentration,"Investigation candidate due to: high_cluster_chargeback_rate, temporal_concentration. Cluster involves 2 user(s) and 1 merchant(s) with 2 transaction(s), chargeback rate 50.0%, disputed amount ratio 20.0%."
CLU00209,3,1,3,25984.01,2,1,10359.87,4.0,14.4228,9.3333,14.4228,0.3333,0.3987,0.3333,0.1,23.4705,LOW,high_cluster_chargeback_rate|high_disputed_amount_ratio,"Investigation candidate due to: high_cluster_chargeback_rate, high_disputed_amount_ratio. Cluster involves 3 user(s) and 1 merchant(s) with 3 transaction(s), chargeback rate 33.3%, disputed amount ratio 39.9%."
CLU00491,2,1,2,28545.13,1,1,1362.67,6.6667,14.9749,13.3333,14.9749,0.5,0.0477,0.5,0.1,23.4547,LOW,high_cluster_chargeback_rate|temporal_concentration,"Investigation candidate due to: high_cluster_chargeback_rate, temporal_concentration. Cluster involves 2 user(s) and 1 merchant(s) with 2 transaction(s), chargeback rate 50.0%, disputed amount ratio 4.8%."
CLU00427,2,1,2,31870.18,1,1,1510.93,6.6667,14.9712,13.3333,14.9712,0.5,0.0474,0.5,0.1,23.4482,LOW,high_cluster_chargeback_rate|temporal_concentration,"Investigation candidate due to: high_cluster_chargeback_rate, temporal_concentration. Cluster involves 2 user(s) and 1 merchant(s) with 2 transaction(s), chargeback rate 50.0%, disputed amount ratio 4.7%."
CLU00210,3,1,3,18967.4,1,1,638.96,4.4444,19.1298,9.3333,19.1298,0.3333,0.0337,0.6667,0.1,23.4474,LOW,high_cluster_chargeback_rate|temporal_concentration,"Investigation candidate due to: high_cluster_chargeback_rate, temporal_concentration. Cluster involves 3 user(s) and 1 merchant(s) with 3 transaction(s), chargeback rate 33.3%, disputed amount ratio 3.4%."
CLU00489,1,2,2,42905.56,1,1,4101.89,13.3333,6.0587,13.3333,12.1173,0.5,0.0956,0.5,0.1,23.434,LOW,high_cluster_chargeback_rate|temporal_concentration,"Investigation candidate due to: high_cluster_chargeback_rate, temporal_concentration. Cluster involves 1 user(s) and 2 merchant(s) with 2 transaction(s), chargeback rate 50.0%, disputed amount ratio 9.6%."
CLU00473,2,1,2,12507.91,1,1,554.76,6.6667,14.9373,13.3333,14.9373,0.5,0.0444,0.5,0.1,23.3871,LOW,high_cluster_chargeback_rate|temporal_concentration,"Investigation candidate due to: high_cluster_chargeback_rate, temporal_concentration. Cluster involves 2 user(s) and 1 merchant(s) with 2 transaction(s), chargeback rate 50.0%, disputed amount ratio 4.4%."
CLU00235,2,1,2,5572.97,1,1,247.02,6.6667,14.9369,13.3333,14.9369,0.5,0.0443,0.5,0.1,23.3865,LOW,high_cluster_chargeback_rate|temporal_concentration,"Investigation candidate due to: high_cluster_chargeback_rate, temporal_concentration. Cluster involves 2 user(s) and 1 merchant(s) with 2 transaction(s), chargeback rate 50.0%, disputed amount ratio 4.4%."
CLU00547,2,1,2,22094.76,1,1,967.0,6.6667,14.9307,13.3333,14.9307,0.5,0.0438,0.5,0.1,23.3753,LOW,high_cluster_chargeback_rate|temporal_concentration,"Investigation candidate due to: high_cluster_chargeback_rate, temporal_concentration. Cluster involves 2 user(s) and 1 merchant(s) with 2 transaction(s), chargeback rate 50.0%, disputed amount ratio 4.4%."
CLU00348,2,1,2,39724.29,1,1,7668.14,4.6667,9.9226,9.3333,9.9226,0.5,0.193,0.5,0.1,23.3607,LOW,high_cluster_chargeback_rate|temporal_concentration,"Investigation candidate due to: high_cluster_chargeback_rate, temporal_concentration. Cluster involves 2 user(s) and 1 merchant(s) with 2 transaction(s), chargeback rate 50.0%, disputed amount ratio 19.3%."
CLU00140,3,2,4,40735.49,2,2,599.78,8.8889,14.852,26.6667,18.5929,0.5,0.0147,0.25,0.1,23.3579,LOW,elevated_max_user_risk|high_cluster_chargeback_rate,"Investigation candidate due to: elevated_max_user_risk, high_cluster_chargeback_rate. Cluster involves 3 user(s) and 2 merchant(s) with 4 transaction(s), chargeback rate 50.0%, disputed amount ratio 1.5%."
CLU00037,6,1,6,61273.83,1,1,8967.32,2.8889,29.9912,13.3333,29.9912,0.1667,0.1463,0.3333,0.1,23.3576,LOW,elevated_avg_merchant_risk|high_cluster_chargeback_rate,"Investigation candidate due to: elevated_avg_merchant_risk, high_cluster_chargeback_rate. Cluster involves 6 user(s) and 1 merchant(s) with 6 transaction(s), chargeback rate 16.7%, disputed amount ratio 14.6%."
CLU00386,2,1,2,26477.46,1,1,1092.58,6.6667,14.9029,13.3333,14.9029,0.5,0.0413,0.5,0.1,23.3253,LOW,high_cluster_chargeback_rate|temporal_concentration,"Investigation candidate due to: high_cluster_chargeback_rate, temporal_concentration. Cluster involves 2 user(s) and 1 merchant(s) with 2 transaction(s), chargeback rate 50.0%, disputed amount ratio 4.1%."
CLU00311,2,1,2,31200.9,1,1,781.0,8.0,14.7226,16.0,14.7226,0.5,0.025,0.5,0.1,23.32,LOW,high_cluster_chargeback_rate|temporal_concentration,"Investigation candidate due to: high_cluster_chargeback_rate, temporal_concentration. Cluster involves 2 user(s) and 1 merchant(s) with 2 transaction(s), chargeback rate 50.0%, disputed amount ratio 2.5%."
CLU00482,2,1,2,21332.78,1,1,4064.18,4.6667,9.8946,9.3333,9.8946,0.5,0.1905,0.5,0.1,23.3103,LOW,high_cluster_chargeback_rate|temporal_concentration,"Investigation candidate due to: high_cluster_chargeback_rate, temporal_concentration. Cluster involves 2 user(s) and 1 merchant(s) with 2 transaction(s), chargeback rate 50.0%, disputed amount ratio 19.1%."
CLU00135,4,1,4,63635.3,1,1,3329.74,4.3333,25.6072,17.3333,25.6072,0.25,0.0523,0.5,0.1,23.3081,LOW,elevated_avg_merchant_risk|high_cluster_chargeback_rate|temporal_concentration,"Investigation candidate due to: elevated_avg_merchant_risk, high_cluster_chargeback_rate, temporal_concentration. Cluster involves 4 user(s) and 1 merchant(s) with 4 transaction(s), chargeback rate 25.0%, disputed amount ratio 5.2%."
CLU00459,2,1,2,16736.35,1,1,637.61,6.6667,14.8677,13.3333,14.8677,0.5,0.0381,0.5,0.1,23.2619,LOW,high_cluster_chargeback_rate|temporal_concentration,"Investigation candidate due to: high_cluster_chargeback_rate, temporal_concentration. Cluster involves 2 user(s) and 1 merchant(s) with 2 transaction(s), chargeback rate 50.0%, disputed amount ratio 3.8%."
CLU00303,2,1,2,18751.91,1,1,709.86,6.6667,14.8651,13.3333,14.8651,0.5,0.0379,0.5,0.1,23.2571,LOW,high_cluster_chargeback_rate|temporal_concentration,"Investigation candidate due to: high_cluster_chargeback_rate, temporal_concentration. Cluster involves 2 user(s) and 1 merchant(s) with 2 transaction(s), chargeback rate 50.0%, disputed amount ratio 3.8%."
CLU00116,4,1,4,92967.45,1,1,8307.14,5.3333,29.7635,17.3333,29.7635,0.25,0.0894,0.25,0.1,23.2339,LOW,elevated_avg_merchant_risk|high_cluster_chargeback_rate,"Investigation candidate due to: elevated_avg_merchant_risk, high_cluster_chargeback_rate. Cluster involves 4 user(s) and 1 merchant(s) with 4 transaction(s), chargeback rate 25.0%, disputed amount ratio 8.9%."
CLU00388,2,1,2,13193.95,1,1,2439.31,4.6667,9.832,9.3333,9.832,0.5,0.1849,0.5,0.1,23.1976,LOW,high_cluster_chargeback_rate|temporal_concentration,"Investigation candidate due to: high_cluster_chargeback_rate, temporal_concentration. Cluster involves 2 user(s) and 1 merchant(s) with 2 transaction(s), chargeback rate 50.0%, disputed amount ratio 18.5%."
CLU00558,2,1,2,40059.8,2,1,3812.24,6.6667,12.1685,13.3333,12.1685,0.5,0.0952,0.5,0.1,23.1945,LOW,high_cluster_chargeback_rate|temporal_concentration,"Investigation candidate due to: high_cluster_chargeback_rate, temporal_concentration. Cluster involves 2 user(s) and 1 merchant(s) with 2 transaction(s), chargeback rate 50.0%, disputed amount ratio 9.5%."
CLU00369,2,1,2,47939.0,1,1,1647.57,6.6667,14.8263,13.3333,14.8263,0.5,0.0344,0.5,0.1,23.1874,LOW,high_cluster_chargeback_rate|temporal_concentration,"Investigation candidate due to: high_cluster_chargeback_rate, temporal_concentration. Cluster involves 2 user(s) and 1 merchant(s) with 2 transaction(s), chargeback rate 50.0%, disputed amount ratio 3.4%."
CLU00483,2,1,2,27983.25,1,1,895.55,6.6667,14.8,13.3333,14.8,0.5,0.032,0.5,0.1,23.1401,LOW,high_cluster_chargeback_rate|temporal_concentration,"Investigation candidate due to: high_cluster_chargeback_rate, temporal_concentration. Cluster involves 2 user(s) and 1 merchant(s) with 2 transaction(s), chargeback rate 50.0%, disputed amount ratio 3.2%."
CLU00038,6,1,6,51614.54,2,2,838.9,4.4444,30.0811,13.3333,30.0811,0.3333,0.0163,0.1667,0.1,23.114,LOW,elevated_avg_merchant_risk|high_cluster_chargeback_rate,"Investigation candidate due to: elevated_avg_merchant_risk, high_cluster_chargeback_rate. Cluster involves 6 user(s) and 1 merchant(s) with 6 transaction(s), chargeback rate 33.3%, disputed amount ratio 1.6%."
CLU00310,2,1,2,34312.48,1,1,1048.77,6.6667,14.7841,13.3333,14.7841,0.5,0.0306,0.5,0.1,23.1113,LOW,high_cluster_chargeback_rate|temporal_concentration,"Investigation candidate due to: high_cluster_chargeback_rate, temporal_concentration. Cluster involves 2 user(s) and 1 merchant(s) with 2 transaction(s), chargeback rate 50.0%, disputed amount ratio 3.1%."
CLU00299,2,1,2,36470.71,1,1,1107.61,6.6667,14.7819,13.3333,14.7819,0.5,0.0304,0.5,0.1,23.1074,LOW,high_cluster_chargeback_rate|temporal_concentration,"Investigation candidate due to: high_cluster_chargeback_rate, temporal_concentration. Cluster involves 2 user(s) and 1 merchant(s) with 2 transaction(s), chargeback rate 50.0%, disputed amount ratio 3.0%."
CLU00247,2,1,2,23373.95,1,1,668.0,6.6667,14.762,13.3333,14.762,0.5,0.0286,0.5,0.1,23.0716,LOW,high_cluster_chargeback_rate|temporal_concentration,"Investigation candidate due to: high_cluster_chargeback_rate, temporal_concentration. Cluster involves 2 user(s) and 1 merchant(s) with 2 transaction(s), chargeback rate 50.0%, disputed amount ratio 2.9%."
CLU00492,2,1,2,28526.51,1,1,776.76,6.6667,14.747,13.3333,14.747,0.5,0.0272,0.5,0.1,23.0446,LOW,high_cluster_chargeback_rate|temporal_concentration,"Investigation candidate due to: high_cluster_chargeback_rate, temporal_concentration. Cluster involves 2 user(s) and 1 merchant(s) with 2 transaction(s), chargeback rate 50.0%, disputed amount ratio 2.7%."
CLU00509,2,1,2,15173.7,1,1,1538.0,6.6667,12.2373,9.3333,12.2373,0.5,0.1014,0.5,0.1,23.0272,LOW,high_cluster_chargeback_rate|temporal_concentration,"Investigation candidate due to: high_cluster_chargeback_rate, temporal_concentration. Cluster involves 2 user(s) and 1 merchant(s) with 2 transaction(s), chargeback rate 50.0%, disputed amount ratio 10.1%."
CLU00216,2,1,2,32956.99,1,1,847.6,6.6667,14.7302,13.3333,14.7302,0.5,0.0257,0.5,0.1,23.0144,LOW,high_cluster_chargeback_rate|temporal_concentration,"Investigation candidate due to: high_cluster_chargeback_rate, temporal_concentration. Cluster involves 2 user(s) and 1 merchant(s) with 2 transaction(s), chargeback rate 50.0%, disputed amount ratio 2.6%."
CLU00022,7,1,7,79678.3,2,2,6259.0,3.8095,30.3945,13.3333,30.3945,0.2857,0.0786,0.1429,0.1,22.9991,LOW,elevated_avg_merchant_risk|high_cluster_chargeback_rate,"Investigation candidate due to: elevated_avg_merchant_risk, high_cluster_chargeback_rate. Cluster involves 7 user(s) and 1 merchant(s) with 7 transaction(s), chargeback rate 28.6%, disputed amount ratio 7.9%."
CLU00405,2,1,2,33598.71,1,1,803.59,6.6667,14.7102,13.3333,14.7102,0.5,0.0239,0.5,0.1,22.9783,LOW,high_cluster_chargeback_rate|temporal_concentration,"Investigation candidate due to: high_cluster_chargeback_rate, temporal_concentration. Cluster involves 2 user(s) and 1 merchant(s) with 2 transaction(s), chargeback rate 50.0%, disputed amount ratio 2.4%."
CLU00408,2,1,2,33503.03,1,1,738.08,6.6667,14.6892,13.3333,14.6892,0.5,0.022,0.5,0.1,22.9406,LOW,high_cluster_chargeback_rate|temporal_concentration,"Investigation candidate due to: high_cluster_chargeback_rate, temporal_concentration. Cluster involves 2 user(s) and 1 merchant(s) with 2 transaction(s), chargeback rate 50.0%, disputed amount ratio 2.2%."
CLU00404,1,2,2,20169.32,1,1,1262.32,13.3333,5.7386,13.3333,11.4771,0.5,0.0626,0.5,0.1,22.9388,LOW,high_cluster_chargeback_rate|temporal_concentration,"Investigation candidate due to: high_cluster_chargeback_rate, temporal_concentration. Cluster involves 1 user(s) and 2 merchant(s) with 2 transaction(s), chargeback rate 50.0%, disputed amount ratio 6.3%."
CLU00214,2,1,2,26169.43,1,1,529.68,6.6667,14.6693,13.3333,14.6693,0.5,0.0202,0.5,0.1,22.9048,LOW,high_cluster_chargeback_rate|temporal_concentration,"Investigation candidate due to: high_cluster_chargeback_rate, temporal_concentration. Cluster involves 2 user(s) and 1 merchant(s) with 2 transaction(s), chargeback rate 50.0%, disputed amount ratio 2.0%."
CLU00131,4,1,4,75950.83,1,1,2655.0,4.3333,25.2213,13.3333,25.2213,0.25,0.035,0.5,0.1,22.8739,LOW,elevated_avg_merchant_risk|high_cluster_chargeback_rate|temporal_concentration,"Investigation candidate due to: elevated_avg_merchant_risk, high_cluster_chargeback_rate, temporal_concentration. Cluster involves 4 user(s) and 1 merchant(s) with 4 transaction(s), chargeback rate 25.0%, disputed amount ratio 3.5%."
CLU00263,2,1,2,28738.76,1,1,504.51,6.6667,14.6395,13.3333,14.6395,0.5,0.0176,0.5,0.1,22.8511,LOW,high_cluster_chargeback_rate|temporal_concentration,"Investigation candidate due to: high_cluster_chargeback_rate, temporal_concentration. Cluster involves 2 user(s) and 1 merchant(s) with 2 transaction(s), chargeback rate 50.0%, disputed amount ratio 1.8%."
CLU00523,2,1,2,45246.08,1,1,788.58,6.6667,14.6381,13.3333,14.6381,0.5,0.0174,0.5,0.1,22.8486,LOW,high_cluster_chargeback_rate|temporal_concentration,"Investigation candidate due to: high_cluster_chargeback_rate, temporal_concentration. Cluster involves 2 user(s) and 1 merchant(s) with 2 transaction(s), chargeback rate 50.0%, disputed amount ratio 1.7%."
CLU00097,4,1,4,45293.96,1,1,1500.0,5.0,25.1804,20.0,25.1804,0.25,0.0331,0.5,0.1,22.8279,LOW,elevated_avg_merchant_risk|high_cluster_chargeback_rate|temporal_concentration,"Investigation candidate due to: elevated_avg_merchant_risk, high_cluster_chargeback_rate, temporal_concentration. Cluster involves 4 user(s) and 1 merchant(s) with 4 transaction(s), chargeback rate 25.0%, disputed amount ratio 3.3%."
CLU00306,2,1,2,22132.74,1,1,330.73,6.6667,14.6105,13.3333,14.6105,0.5,0.0149,0.5,0.1,22.7989,LOW,high_cluster_chargeback_rate|temporal_concentration,"Investigation candidate due to: high_cluster_chargeback_rate, temporal_concentration. Cluster involves 2 user(s) and 1 merchant(s) with 2 transaction(s), chargeback rate 50.0%, disputed amount ratio 1.5%."
CLU00316,2,1,2,14857.2,1,1,201.03,6.6667,14.5948,13.3333,14.5948,0.5,0.0135,0.5,0.1,22.7706,LOW,high_cluster_chargeback_rate|temporal_concentration,"Investigation candidate due to: high_cluster_chargeback_rate, temporal_concentration. Cluster involves 2 user(s) and 1 merchant(s) with 2 transaction(s), chargeback rate 50.0%, disputed amount ratio 1.4%."
CLU00532,2,1,2,44573.9,1,1,589.63,6.6667,14.5914,13.3333,14.5914,0.5,0.0132,0.5,0.1,22.7646,LOW,high_cluster_chargeback_rate|temporal_concentration,"Investigation candidate due to: high_cluster_chargeback_rate, temporal_concentration. Cluster involves 2 user(s) and 1 merchant(s) with 2 transaction(s), chargeback rate 50.0%, disputed amount ratio 1.3%."
CLU00400,2,1,2,32437.9,1,1,415.04,6.6667,14.5866,13.3333,14.5866,0.5,0.0128,0.5,0.1,22.7559,LOW,high_cluster_chargeback_rate|temporal_concentration,"Investigation candidate due to: high_cluster_chargeback_rate, temporal_concentration. Cluster involves 2 user(s) and 1 merchant(s) with 2 transaction(s), chargeback rate 50.0%, disputed amount ratio 1.3%."
CLU00321,2,1,2,28909.22,1,1,348.42,6.6667,14.5784,13.3333,14.5784,0.5,0.0121,0.5,0.1,22.741,LOW,high_cluster_chargeback_rate|temporal_concentration,"Investigation candidate due to: high_cluster_chargeback_rate, temporal_concentration. Cluster involves 2 user(s) and 1 merchant(s) with 2 transaction(s), chargeback rate 50.0%, disputed amount ratio 1.2%."
CLU00243,2,1,2,35475.17,1,1,5740.0,4.6667,9.5756,9.3333,9.5756,0.5,0.1618,0.5,0.1,22.7361,LOW,high_cluster_chargeback_rate|temporal_concentration,"Investigation candidate due to: high_cluster_chargeback_rate, temporal_concentration. Cluster involves 2 user(s) and 1 merchant(s) with 2 transaction(s), chargeback rate 50.0%, disputed amount ratio 16.2%."
CLU00200,3,1,3,33562.95,1,1,12249.71,3.1111,13.8607,9.3333,13.8607,0.3333,0.365,0.3333,0.1,22.7117,LOW,high_cluster_chargeback_rate|high_disputed_amount_ratio,"Investigation candidate due to: high_cluster_chargeback_rate, high_disputed_amount_ratio. Cluster involves 3 user(s) and 1 merchant(s) with 3 transaction(s), chargeback rate 33.3%, disputed amount ratio 36.5%."
CLU00641,1,1,1,10203.04,1,1,-4153.73,17.3333,14.4444,17.3333,14.4444,1.0,-0.4071,0.0,0.1,22.6934,LOW,elevated_avg_user_risk|high_cluster_chargeback_rate,"Investigation candidate due to: elevated_avg_user_risk, high_cluster_chargeback_rate. Cluster involves 1 user(s) and 1 merchant(s) with 1 transaction(s), chargeback rate 100.0%, disputed amount ratio -40.7%."
CLU00413,2,1,2,32099.02,1,1,303.26,6.6667,14.5494,13.3333,14.5494,0.5,0.0094,0.5,0.1,22.689,LOW,high_cluster_chargeback_rate|temporal_concentration,"Investigation candidate due to: high_cluster_chargeback_rate, temporal_concentration. Cluster involves 2 user(s) and 1 merchant(s) with 2 transaction(s), chargeback rate 50.0%, disputed amount ratio 0.9%."
CLU00181,3,1,3,25702.56,1,1,7477.0,4.4444,16.2767,9.3333,16.2767,0.3333,0.2909,0.3333,0.1,22.6877,LOW,high_cluster_chargeback_rate|high_disputed_amount_ratio,"Investigation candidate due to: high_cluster_chargeback_rate, high_disputed_amount_ratio. Cluster involves 3 user(s) and 1 merchant(s) with 3 transaction(s), chargeback rate 33.3%, disputed amount ratio 29.1%."
CLU00432,2,1,2,40233.66,1,1,267.92,6.6667,14.5184,13.3333,14.5184,0.5,0.0067,0.5,0.1,22.6332,LOW,high_cluster_chargeback_rate|temporal_concentration,"Investigation candidate due to: high_cluster_chargeback_rate, temporal_concentration. Cluster involves 2 user(s) and 1 merchant(s) with 2 transaction(s), chargeback rate 50.0%, disputed amount ratio 0.7%."
CLU00012,8,2,9,115192.53,3,3,1164.89,6.0,25.8381,21.3333,29.654,0.3333,0.0101,0.2222,0.1,22.6215,LOW,elevated_avg_merchant_risk|high_cluster_chargeback_rate,"Investigation candidate due to: elevated_avg_merchant_risk, high_cluster_chargeback_rate. Cluster involves 8 user(s) and 2 merchant(s) with 9 transaction(s), chargeback rate 33.3%, disputed amount ratio 1.0%."
CLU00256,2,1,2,33965.71,1,1,-3121.8,8.6667,17.7778,17.3333,17.7778,0.5,-0.0919,0.5,0.1,22.6213,LOW,high_cluster_chargeback_rate|temporal_concentration,"Investigation candidate due to: high_cluster_chargeback_rate, temporal_concentration. Cluster involves 2 user(s) and 1 merchant(s) with 2 transaction(s), chargeback rate 50.0%, disputed amount ratio -9.2%."
CLU00337,2,1,2,33869.22,1,1,164.3,6.6667,14.4983,13.3333,14.4983,0.5,0.0049,0.5,0.1,22.597,LOW,high_cluster_chargeback_rate|temporal_concentration,"Investigation candidate due to: high_cluster_chargeback_rate, temporal_concentration. Cluster involves 2 user(s) and 1 merchant(s) with 2 transaction(s), chargeback rate 50.0%, disputed amount ratio 0.5%."
CLU00267,2,1,2,18458.8,1,1,1467.32,6.6667,11.9944,9.3333,11.9944,0.5,0.0795,0.5,0.1,22.5898,LOW,high_cluster_chargeback_rate|temporal_concentration,"Investigation candidate due to: high_cluster_chargeback_rate, temporal_concentration. Cluster involves 2 user(s) and 1 merchant(s) with 2 transaction(s), chargeback rate 50.0%, disputed amount ratio 7.9%."
CLU00219,2,1,2,26538.31,1,1,-2505.44,8.6667,17.7778,13.3333,17.7778,0.5,-0.0944,0.5,0.1,22.5839,LOW,high_cluster_chargeback_rate|temporal_concentration,"Investigation candidate due to: high_cluster_chargeback_rate, temporal_concentration. Cluster involves 2 user(s) and 1 merchant(s) with 2 transaction(s), chargeback rate 50.0%, disputed amount ratio -9.4%."
CLU00301,2,1,2,16570.72,1,1,1310.19,8.0,11.9896,9.3333,11.9896,0.5,0.0791,0.5,0.1,22.5813,LOW,high_cluster_chargeback_rate|temporal_concentration,"Investigation candidate due to: high_cluster_chargeback_rate, temporal_concentration. Cluster involves 2 user(s) and 1 merchant(s) with 2 transaction(s), chargeback rate 50.0%, disputed amount ratio 7.9%."
CLU00269,2,1,2,33000.88,1,1,683.69,8.0,11.3413,16.0,11.3413,0.5,0.0207,0.5,0.1,22.579,LOW,high_cluster_chargeback_rate|temporal_concentration,"Investigation candidate due to: high_cluster_chargeback_rate, temporal_concentration. Cluster involves 2 user(s) and 1 merchant(s) with 2 transaction(s), chargeback rate 50.0%, disputed amount ratio 2.1%."
CLU00354,2,1,2,44557.27,1,1,0.0,6.6667,14.4444,13.3333,14.4444,0.5,0.0,0.5,0.1,22.5,LOW,high_cluster_chargeback_rate|temporal_concentration,"Investigation candidate due to: high_cluster_chargeback_rate, temporal_concentration. Cluster involves 2 user(s) and 1 merchant(s) with 2 transaction(s), chargeback rate 50.0%, disputed amount ratio 0.0%."
CLU00295,2,1,2,29306.78,1,1,0.0,6.6667,14.4444,13.3333,14.4444,0.5,0.0,0.5,0.1,22.5,LOW,high_cluster_chargeback_rate|temporal_concentration,"Investigation candidate due to: high_cluster_chargeback_rate, temporal_concentration. Cluster involves 2 user(s) and 1 merchant(s) with 2 transaction(s), chargeback rate 50.0%, disputed amount ratio 0.0%."
CLU00472,2,1,2,7689.22,1,1,0.0,6.6667,14.4444,13.3333,14.4444,0.5,0.0,0.5,0.1,22.5,LOW,high_cluster_chargeback_rate|temporal_concentration,"Investigation candidate due to: high_cluster_chargeback_rate, temporal_concentration. Cluster involves 2 user(s) and 1 merchant(s) with 2 transaction(s), chargeback rate 50.0%, disputed amount ratio 0.0%."
CLU00556,2,1,2,21491.18,1,1,0.0,6.6667,14.4444,13.3333,14.4444,0.5,0.0,0.5,0.1,22.5,LOW,high_cluster_chargeback_rate|temporal_concentration,"Investigation candidate due to: high_cluster_chargeback_rate, temporal_concentration. Cluster involves 2 user(s) and 1 merchant(s) with 2 transaction(s), chargeback rate 50.0%, disputed amount ratio 0.0%."
CLU00485,2,1,2,11403.32,1,1,0.0,6.6667,14.4444,13.3333,14.4444,0.5,0.0,0.5,0.1,22.5,LOW,high_cluster_chargeback_rate|temporal_concentration,"Investigation candidate due to: high_cluster_chargeback_rate, temporal_concentration. Cluster involves 2 user(s) and 1 merchant(s) with 2 transaction(s), chargeback rate 50.0%, disputed amount ratio 0.0%."
CLU00230,2,1,2,35942.01,1,1,0.0,6.6667,14.4444,13.3333,14.4444,0.5,0.0,0.5,0.1,22.5,LOW,high_cluster_chargeback_rate|temporal_concentration,"Investigation candidate due to: high_cluster_chargeback_rate, temporal_concentration. Cluster involves 2 user(s) and 1 merchant(s) with 2 transaction(s), chargeback rate 50.0%, disputed amount ratio 0.0%."
CLU00424,2,1,2,30204.35,1,1,0.0,6.6667,14.4444,13.3333,14.4444,0.5,0.0,0.5,0.1,22.5,LOW,high_cluster_chargeback_rate|temporal_concentration,"Investigation candidate due to: high_cluster_chargeback_rate, temporal_concentration. Cluster involves 2 user(s) and 1 merchant(s) with 2 transaction(s), chargeback rate 50.0%, disputed amount ratio 0.0%."
CLU00226,2,1,2,29229.01,1,1,0.0,6.6667,14.4444,13.3333,14.4444,0.5,0.0,0.5,0.1,22.5,LOW,high_cluster_chargeback_rate|temporal_concentration,"Investigation candidate due to: high_cluster_chargeback_rate, temporal_concentration. Cluster involves 2 user(s) and 1 merchant(s) with 2 transaction(s), chargeback rate 50.0%, disputed amount ratio 0.0%."
CLU00454,2,1,2,39042.42,1,1,0.0,6.6667,14.4444,13.3333,14.4444,0.5,0.0,0.5,0.1,22.5,LOW,high_cluster_chargeback_rate|temporal_concentration,"Investigation candidate due to: high_cluster_chargeback_rate, temporal_concentration. Cluster involves 2 user(s) and 1 merchant(s) with 2 transaction(s), chargeback rate 50.0%, disputed amount ratio 0.0%."
CLU00423,2,1,2,28629.46,1,1,1546.48,6.6667,11.7113,13.3333,11.7113,0.5,0.054,0.5,0.1,22.4858,LOW,high_cluster_chargeback_rate|temporal_concentration,"Investigation candidate due to: high_cluster_chargeback_rate, temporal_concentration. Cluster involves 2 user(s) and 1 merchant(s) with 2 transaction(s), chargeback rate 50.0%, disputed amount ratio 5.4%."
CLU00092,4,1,4,48318.48,1,1,2702.06,3.3333,29.1792,13.3333,29.1792,0.25,0.0559,0.25,0.1,22.4695,LOW,elevated_avg_merchant_risk|high_cluster_chargeback_rate,"Investigation candidate due to: elevated_avg_merchant_risk, high_cluster_chargeback_rate. Cluster involves 4 user(s) and 1 merchant(s) with 4 transaction(s), chargeback rate 25.0%, disputed amount ratio 5.6%."
CLU00506,2,1,2,20572.9,1,1,3007.22,4.6667,9.4019,9.3333,9.4019,0.5,0.1462,0.5,0.1,22.4235,LOW,high_cluster_chargeback_rate|temporal_concentration,"Investigation candidate due to: high_cluster_chargeback_rate, temporal_concentration. Cluster involves 2 user(s) and 1 merchant(s) with 2 transaction(s), chargeback rate 50.0%, disputed amount ratio 14.6%."
CLU00099,4,1,4,65401.56,1,1,4940.0,3.3333,22.7896,13.3333,22.7896,0.25,0.0755,0.5,0.1,22.3883,LOW,high_cluster_chargeback_rate|temporal_concentration,"Investigation candidate due to: high_cluster_chargeback_rate, temporal_concentration. Cluster involves 4 user(s) and 1 merchant(s) with 4 transaction(s), chargeback rate 25.0%, disputed amount ratio 7.6%."
CLU00079,3,2,4,40280.43,3,2,1644.1,6.2222,8.2373,9.3333,16.4746,0.5,0.0408,0.5,0.1,22.3784,LOW,high_cluster_chargeback_rate|temporal_concentration,"Investigation candidate due to: high_cluster_chargeback_rate, temporal_concentration. Cluster involves 3 user(s) and 2 merchant(s) with 4 transaction(s), chargeback rate 50.0%, disputed amount ratio 4.1%."
CLU00053,5,1,5,77246.08,2,2,-4524.5,5.3333,27.2222,13.3333,27.2222,0.4,-0.0586,0.2,0.1,22.3714,LOW,elevated_avg_merchant_risk|high_cluster_chargeback_rate,"Investigation candidate due to: elevated_avg_merchant_risk, high_cluster_chargeback_rate. Cluster involves 5 user(s) and 1 merchant(s) with 5 transaction(s), chargeback rate 40.0%, disputed amount ratio -5.9%."
CLU00494,2,1,2,33280.97,1,1,1549.0,6.6667,11.6283,13.3333,11.6283,0.5,0.0465,0.5,0.1,22.3571,LOW,high_cluster_chargeback_rate|temporal_concentration,"Investigation candidate due to: high_cluster_chargeback_rate, temporal_concentration. Cluster involves 2 user(s) and 1 merchant(s) with 2 transaction(s), chargeback rate 50.0%, disputed amount ratio 4.7%."
CLU00133,4,1,4,67402.09,1,1,7674.03,6.3333,26.9745,16.0,26.9745,0.25,0.1139,0.25,0.1,22.3464,LOW,elevated_avg_merchant_risk|high_cluster_chargeback_rate,"Investigation candidate due to: elevated_avg_merchant_risk, high_cluster_chargeback_rate. Cluster involves 4 user(s) and 1 merchant(s) with 4 transaction(s), chargeback rate 25.0%, disputed amount ratio 11.4%."
CLU00262,2,1,2,11124.55,1,1,1561.56,4.6667,9.3375,9.3333,9.3375,0.5,0.1404,0.5,0.1,22.3074,LOW,high_cluster_chargeback_rate|temporal_concentration,"Investigation candidate due to: high_cluster_chargeback_rate, temporal_concentration. Cluster involves 2 user(s) and 1 merchant(s) with 2 transaction(s), chargeback rate 50.0%, disputed amount ratio 14.0%."
CLU00430,2,1,2,22599.23,1,1,3118.57,4.6667,9.3111,9.3333,9.3111,0.5,0.138,0.5,0.1,22.2655,LOW,high_cluster_chargeback_rate|temporal_concentration,"Investigation candidate due to: high_cluster_chargeback_rate, temporal_concentration. Cluster involves 2 user(s) and 1 merchant(s) with 2 transaction(s), chargeback rate 50.0%, disputed amount ratio 13.8%."
CLU00041,5,1,5,49037.12,1,1,1360.01,3.4667,28.5482,13.3333,28.5482,0.2,0.0277,0.4,0.1,22.2627,LOW,elevated_avg_merchant_risk|high_cluster_chargeback_rate,"Investigation candidate due to: elevated_avg_merchant_risk, high_cluster_chargeback_rate. Cluster involves 5 user(s) and 1 merchant(s) with 5 transaction(s), chargeback rate 20.0%, disputed amount ratio 2.8%."
CLU00344,2,1,2,32828.08,1,1,-3839.34,8.6667,17.7778,17.3333,17.7778,0.5,-0.117,0.5,0.1,22.2457,LOW,high_cluster_chargeback_rate|temporal_concentration,"Investigation candidate due to: high_cluster_chargeback_rate, temporal_concentration. Cluster involves 2 user(s) and 1 merchant(s) with 2 transaction(s), chargeback rate 50.0%, disputed amount ratio -11.7%."
CLU00426,2,1,2,16563.51,1,1,1026.98,6.6667,11.8,9.3333,11.8,0.5,0.062,0.5,0.1,22.2401,LOW,high_cluster_chargeback_rate|temporal_concentration,"Investigation candidate due to: high_cluster_chargeback_rate, temporal_concentration. Cluster involves 2 user(s) and 1 merchant(s) with 2 transaction(s), chargeback rate 50.0%, disputed amount ratio 6.2%."
CLU00565,2,1,2,30030.4,1,1,1837.87,6.6667,11.7911,9.3333,11.7911,0.5,0.0612,0.5,0.1,22.224,LOW,high_cluster_chargeback_rate|temporal_concentration,"Investigation candidate due to: high_cluster_chargeback_rate, temporal_concentration. Cluster involves 2 user(s) and 1 merchant(s) with 2 transaction(s), chargeback rate 50.0%, disputed amount ratio 6.1%."
CLU00399,2,1,2,17094.89,1,1,2316.9,4.6667,9.2837,9.3333,9.2837,0.5,0.1355,0.5,0.1,22.223,LOW,high_cluster_chargeback_rate|temporal_concentration,"Investigation candidate due to: high_cluster_chargeback_rate, temporal_concentration. Cluster involves 2 user(s) and 1 merchant(s) with 2 transaction(s), chargeback rate 50.0%, disputed amount ratio 13.6%."
CLU00222,2,1,2,31366.49,1,1,0.0,8.0,11.1111,16.0,11.1111,0.5,0.0,0.5,0.1,22.2222,LOW,high_cluster_chargeback_rate|temporal_concentration,"Investigation candidate due to: high_cluster_chargeback_rate, temporal_concentration. Cluster involves 2 user(s) and 1 merchant(s) with 2 transaction(s), chargeback rate 50.0%, disputed amount ratio 0.0%."
CLU00478,2,1,2,36242.16,1,1,-700.6,6.6667,14.4444,13.3333,14.4444,0.5,-0.0193,0.5,0.1,22.21,LOW,high_cluster_chargeback_rate|temporal_concentration,"Investigation candidate due to: high_cluster_chargeback_rate, temporal_concentration. Cluster involves 2 user(s) and 1 merchant(s) with 2 transaction(s), chargeback rate 50.0%, disputed amount ratio -1.9%."
CLU00450,2,1,2,22742.91,1,1,3058.22,4.6667,9.2719,9.3333,9.2719,0.5,0.1345,0.5,0.1,22.2047,LOW,high_cluster_chargeback_rate|temporal_concentration,"Investigation candidate due to: high_cluster_chargeback_rate, temporal_concentration. Cluster involves 2 user(s) and 1 merchant(s) with 2 transaction(s), chargeback rate 50.0%, disputed amount ratio 13.4%."
CLU00479,2,1,2,15828.9,1,1,2111.63,4.6667,9.26,9.3333,9.26,0.5,0.1334,0.5,0.1,22.1864,LOW,high_cluster_chargeback_rate|temporal_concentration,"Investigation candidate due to: high_cluster_chargeback_rate, temporal_concentration. Cluster involves 2 user(s) and 1 merchant(s) with 2 transaction(s), chargeback rate 50.0%, disputed amount ratio 13.3%."
CLU00091,4,1,4,51549.54,1,1,17825.75,3.3333,18.7955,9.3333,18.7955,0.25,0.3458,0.25,0.1,22.145,LOW,high_cluster_chargeback_rate|high_disputed_amount_ratio,"Investigation candidate due to: high_cluster_chargeback_rate, high_disputed_amount_ratio. Cluster involves 4 user(s) and 1 merchant(s) with 4 transaction(s), chargeback rate 25.0%, disputed amount ratio 34.6%."
CLU00500,2,1,2,22078.44,1,1,-555.33,6.6667,14.4444,13.3333,14.4444,0.5,-0.0252,0.5,0.1,22.1227,LOW,high_cluster_chargeback_rate|temporal_concentration,"Investigation candidate due to: high_cluster_chargeback_rate, temporal_concentration. Cluster involves 2 user(s) and 1 merchant(s) with 2 transaction(s), chargeback rate 50.0%, disputed amount ratio -2.5%."
CLU00317,2,1,2,33279.83,1,1,4272.46,4.6667,9.2042,9.3333,9.2042,0.5,0.1284,0.5,0.1,22.0999,LOW,high_cluster_chargeback_rate|temporal_concentration,"Investigation candidate due to: high_cluster_chargeback_rate, temporal_concentration. Cluster involves 2 user(s) and 1 merchant(s) with 2 transaction(s), chargeback rate 50.0%, disputed amount ratio 12.8%."
CLU00545,2,1,2,24560.72,1,1,-711.68,6.6667,14.4444,13.3333,14.4444,0.5,-0.029,0.5,0.1,22.0654,LOW,high_cluster_chargeback_rate|temporal_concentration,"Investigation candidate due to: high_cluster_chargeback_rate, temporal_concentration. Cluster involves 2 user(s) and 1 merchant(s) with 2 transaction(s), chargeback rate 50.0%, disputed amount ratio -2.9%."
CLU00279,2,1,2,33141.11,1,1,1625.15,6.6667,11.656,9.3333,11.656,0.5,0.049,0.5,0.1,21.9807,LOW,high_cluster_chargeback_rate|temporal_concentration,"Investigation candidate due to: high_cluster_chargeback_rate, temporal_concentration. Cluster involves 2 user(s) and 1 merchant(s) with 2 transaction(s), chargeback rate 50.0%, disputed amount ratio 4.9%."
CLU00409,2,1,2,32440.47,1,1,3918.28,4.6667,9.1198,9.3333,9.1198,0.5,0.1208,0.5,0.1,21.9691,LOW,high_cluster_chargeback_rate|temporal_concentration,"Investigation candidate due to: high_cluster_chargeback_rate, temporal_concentration. Cluster involves 2 user(s) and 1 merchant(s) with 2 transaction(s), chargeback rate 50.0%, disputed amount ratio 12.1%."
CLU00258,2,1,2,30406.97,1,1,3642.0,4.6667,9.1086,9.3333,9.1086,0.5,0.1198,0.5,0.1,21.9517,LOW,high_cluster_chargeback_rate|temporal_concentration,"Investigation candidate due to: high_cluster_chargeback_rate, temporal_concentration. Cluster involves 2 user(s) and 1 merchant(s) with 2 transaction(s), chargeback rate 50.0%, disputed amount ratio 12.0%."
CLU00275,2,1,2,15432.86,1,1,1826.0,4.6667,9.0924,9.3333,9.0924,0.5,0.1183,0.5,0.1,21.9266,LOW,high_cluster_chargeback_rate|temporal_concentration,"Investigation candidate due to: high_cluster_chargeback_rate, temporal_concentration. Cluster involves 2 user(s) and 1 merchant(s) with 2 transaction(s), chargeback rate 50.0%, disputed amount ratio 11.8%."
CLU00026,6,2,7,85613.38,2,2,23663.73,4.4444,19.2519,13.3333,23.0862,0.2857,0.2764,0.1429,0.1,21.9113,LOW,high_cluster_chargeback_rate|high_disputed_amount_ratio,"Investigation candidate due to: high_cluster_chargeback_rate, high_disputed_amount_ratio. Cluster involves 6 user(s) and 2 merchant(s) with 7 transaction(s), chargeback rate 28.6%, disputed amount ratio 27.6%."
CLU00082,4,1,4,44248.35,1,1,4227.03,5.6667,26.5673,16.0,26.5673,0.25,0.0955,0.25,0.1,21.8882,LOW,elevated_avg_merchant_risk|high_cluster_chargeback_rate,"Investigation candidate due to: elevated_avg_merchant_risk, high_cluster_chargeback_rate. Cluster involves 4 user(s) and 1 merchant(s) with 4 transaction(s), chargeback rate 25.0%, disputed amount ratio 9.6%."
CLU00377,2,1,2,25904.71,1,1,1053.3,6.6667,11.5629,9.3333,11.5629,0.5,0.0407,0.5,0.1,21.8132,LOW,high_cluster_chargeback_rate|temporal_concentration,"Investigation candidate due to: high_cluster_chargeback_rate, temporal_concentration. Cluster involves 2 user(s) and 1 merchant(s) with 2 transaction(s), chargeback rate 50.0%, disputed amount ratio 4.1%."
CLU00530,2,1,2,19149.04,1,1,2131.37,4.6667,9.0145,9.3333,9.0145,0.5,0.1113,0.5,0.1,21.8058,LOW,high_cluster_chargeback_rate|temporal_concentration,"Investigation candidate due to: high_cluster_chargeback_rate, temporal_concentration. Cluster involves 2 user(s) and 1 merchant(s) with 2 transaction(s), chargeback rate 50.0%, disputed amount ratio 11.1%."
CLU00067,4,2,5,75897.06,3,2,20422.3,5.6667,14.849,13.3333,14.9954,0.4,0.2691,0.2,0.1,21.7548,LOW,high_cluster_chargeback_rate|high_disputed_amount_ratio,"Investigation candidate due to: high_cluster_chargeback_rate, high_disputed_amount_ratio. Cluster involves 4 user(s) and 2 merchant(s) with 5 transaction(s), chargeback rate 40.0%, disputed amount ratio 26.9%."
CLU00088,4,1,4,60092.34,1,1,4001.0,4.0,27.1402,13.3333,27.1402,0.25,0.0666,0.25,0.1,21.7118,LOW,elevated_avg_merchant_risk|high_cluster_chargeback_rate,"Investigation candidate due to: elevated_avg_merchant_risk, high_cluster_chargeback_rate. Cluster involves 4 user(s) and 1 merchant(s) with 4 transaction(s), chargeback rate 25.0%, disputed amount ratio 6.7%."
CLU00205,3,1,3,24083.66,1,1,2488.0,5.3333,12.8329,12.0,12.8329,0.3333,0.1033,0.6667,0.1,21.6581,LOW,high_cluster_chargeback_rate|temporal_concentration,"Investigation candidate due to: high_cluster_chargeback_rate, temporal_concentration. Cluster involves 3 user(s) and 1 merchant(s) with 3 transaction(s), chargeback rate 33.3%, disputed amount ratio 10.3%."
CLU00531,2,1,2,22051.93,1,1,1407.0,6.0,8.4867,12.0,8.4867,0.5,0.0638,0.5,0.1,21.6544,LOW,high_cluster_chargeback_rate|temporal_concentration,"Investigation candidate due to: high_cluster_chargeback_rate, temporal_concentration. Cluster involves 2 user(s) and 1 merchant(s) with 2 transaction(s), chargeback rate 50.0%, disputed amount ratio 6.4%."
CLU00259,2,1,2,46859.49,1,1,-2662.81,6.6667,14.4444,13.3333,14.4444,0.5,-0.0568,0.5,0.1,21.6476,LOW,high_cluster_chargeback_rate|temporal_concentration,"Investigation candidate due to: high_cluster_chargeback_rate, temporal_concentration. Cluster involves 2 user(s) and 1 merchant(s) with 2 transaction(s), chargeback rate 50.0%, disputed amount ratio -5.7%."
CLU00318,2,1,2,27468.38,1,1,2742.66,4.6667,8.8872,9.3333,8.8872,0.5,0.0998,0.5,0.1,21.6085,LOW,high_cluster_chargeback_rate|temporal_concentration,"Investigation candidate due to: high_cluster_chargeback_rate, temporal_concentration. Cluster involves 2 user(s) and 1 merchant(s) with 2 transaction(s), chargeback rate 50.0%, disputed amount ratio 10.0%."
CLU00138,3,2,4,20997.45,1,1,5834.0,4.4444,12.7708,13.3333,25.5416,0.25,0.2778,0.25,0.1,21.6072,LOW,high_cluster_chargeback_rate|high_disputed_amount_ratio,"Investigation candidate due to: high_cluster_chargeback_rate, high_disputed_amount_ratio. Cluster involves 3 user(s) and 2 merchant(s) with 4 transaction(s), chargeback rate 25.0%, disputed amount ratio 27.8%."
CLU00442,2,1,2,45971.25,1,1,4581.94,4.6667,8.8852,9.3333,8.8852,0.5,0.0997,0.5,0.1,21.6054,LOW,high_cluster_chargeback_rate|temporal_concentration,"Investigation candidate due to: high_cluster_chargeback_rate, temporal_concentration. Cluster involves 2 user(s) and 1 merchant(s) with 2 transaction(s), chargeback rate 50.0%, disputed amount ratio 10.0%."
CLU00541,2,1,2,43161.81,1,1,4194.32,4.6667,8.8575,9.3333,8.8575,0.5,0.0972,0.5,0.1,21.5625,LOW,high_cluster_chargeback_rate|temporal_concentration,"Investigation candidate due to: high_cluster_chargeback_rate, temporal_concentration. Cluster involves 2 user(s) and 1 merchant(s) with 2 transaction(s), chargeback rate 50.0%, disputed amount ratio 9.7%."
CLU00520,2,1,2,18648.79,1,1,1805.23,4.6667,8.8533,9.3333,8.8533,0.5,0.0968,0.5,0.1,21.556,LOW,high_cluster_chargeback_rate|temporal_concentration,"Investigation candidate due to: high_cluster_chargeback_rate, temporal_concentration. Cluster involves 2 user(s) and 1 merchant(s) with 2 transaction(s), chargeback rate 50.0%, disputed amount ratio 9.7%."
CLU00431,2,1,2,47324.38,1,1,0.0,6.6667,11.1111,13.3333,11.1111,0.5,0.0,0.5,0.1,21.5556,LOW,high_cluster_chargeback_rate|temporal_concentration,"Investigation candidate due to: high_cluster_chargeback_rate, temporal_concentration. Cluster involves 2 user(s) and 1 merchant(s) with 2 transaction(s), chargeback rate 50.0%, disputed amount ratio 0.0%."
CLU00250,2,1,2,15846.64,1,1,0.0,6.6667,11.1111,13.3333,11.1111,0.5,0.0,0.5,0.1,21.5556,LOW,high_cluster_chargeback_rate|temporal_concentration,"Investigation candidate due to: high_cluster_chargeback_rate, temporal_concentration. Cluster involves 2 user(s) and 1 merchant(s) with 2 transaction(s), chargeback rate 50.0%, disputed amount ratio 0.0%."
CLU00496,2,1,2,30979.01,2,1,2991.36,4.6667,8.8507,9.3333,8.8507,0.5,0.0966,0.5,0.1,21.5519,LOW,high_cluster_chargeback_rate|temporal_concentration,"Investigation candidate due to: high_cluster_chargeback_rate, temporal_concentration. Cluster involves 2 user(s) and 1 merchant(s) with 2 transaction(s), chargeback rate 50.0%, disputed amount ratio 9.7%."
CLU00188,2,2,3,26908.3,1,1,7413.72,6.6667,9.1328,13.3333,18.2655,0.3333,0.2755,0.3333,0.1,21.5254,LOW,high_cluster_chargeback_rate|high_disputed_amount_ratio,"Investigation candidate due to: high_cluster_chargeback_rate, high_disputed_amount_ratio. Cluster involves 2 user(s) and 2 merchant(s) with 3 transaction(s), chargeback rate 33.3%, disputed amount ratio 27.6%."
CLU00240,2,1,2,16109.85,1,1,1512.54,4.6667,8.821,9.3333,8.821,0.5,0.0939,0.5,0.1,21.5059,LOW,high_cluster_chargeback_rate|temporal_concentration,"Investigation candidate due to: high_cluster_chargeback_rate, temporal_concentration. Cluster involves 2 user(s) and 1 merchant(s) with 2 transaction(s), chargeback rate 50.0%, disputed amount ratio 9.4%."
CLU00449,2,1,2,23027.0,1,1,2120.67,4.6667,8.8011,9.3333,8.8011,0.5,0.0921,0.5,0.1,21.475,LOW,high_cluster_chargeback_rate|temporal_concentration,"Investigation candidate due to: high_cluster_chargeback_rate, temporal_concentration. Cluster involves 2 user(s) and 1 merchant(s) with 2 transaction(s), chargeback rate 50.0%, disputed amount ratio 9.2%."
CLU00056,5,1,5,77063.76,1,1,5464.95,4.0,29.7476,13.3333,29.7476,0.2,0.0709,0.2,0.1,21.4502,LOW,elevated_avg_merchant_risk|high_cluster_chargeback_rate,"Investigation candidate due to: elevated_avg_merchant_risk, high_cluster_chargeback_rate. Cluster involves 5 user(s) and 1 merchant(s) with 5 transaction(s), chargeback rate 20.0%, disputed amount ratio 7.1%."
CLU00380,2,1,2,30905.8,1,1,2798.0,4.6667,8.7837,9.3333,8.7837,0.5,0.0905,0.5,0.1,21.4481,LOW,high_cluster_chargeback_rate|temporal_concentration,"Investigation candidate due to: high_cluster_chargeback_rate, temporal_concentration. Cluster involves 2 user(s) and 1 merchant(s) with 2 transaction(s), chargeback rate 50.0%, disputed amount ratio 9.1%."
CLU00055,5,1,5,88019.81,1,1,3933.58,3.4667,30.6124,13.3333,30.6124,0.2,0.0447,0.2,0.1,21.4459,LOW,elevated_avg_merchant_risk|high_cluster_chargeback_rate,"Investigation candidate due to: elevated_avg_merchant_risk, high_cluster_chargeback_rate. Cluster involves 5 user(s) and 1 merchant(s) with 5 transaction(s), chargeback rate 20.0%, disputed amount ratio 4.5%."
CLU00208,3,1,3,21628.04,1,1,5224.53,5.3333,15.1372,9.3333,15.1372,0.3333,0.2416,0.3333,0.1,21.4348,LOW,high_cluster_chargeback_rate|high_disputed_amount_ratio,"Investigation candidate due to: high_cluster_chargeback_rate, high_disputed_amount_ratio. Cluster involves 3 user(s) and 1 merchant(s) with 3 transaction(s), chargeback rate 33.3%, disputed amount ratio 24.2%."
CLU00429,2,1,2,28369.95,1,1,613.06,6.6667,11.3512,9.3333,11.3512,0.5,0.0216,0.5,0.1,21.4322,LOW,high_cluster_chargeback_rate|temporal_concentration,"Investigation candidate due to: high_cluster_chargeback_rate, temporal_concentration. Cluster involves 2 user(s) and 1 merchant(s) with 2 transaction(s), chargeback rate 50.0%, disputed amount ratio 2.2%."
CLU00333,2,1,2,21980.13,1,1,461.01,6.6667,11.3442,9.3333,11.3442,0.5,0.021,0.5,0.1,21.4195,LOW,high_cluster_chargeback_rate|temporal_concentration,"Investigation candidate due to: high_cluster_chargeback_rate, temporal_concentration. Cluster involves 2 user(s) and 1 merchant(s) with 2 transaction(s), chargeback rate 50.0%, disputed amount ratio 2.1%."
CLU00094,4,1,4,23133.09,1,1,1759.97,5.0,26.1351,13.3333,26.1351,0.25,0.0761,0.25,0.1,21.402,LOW,elevated_avg_merchant_risk|high_cluster_chargeback_rate,"Investigation candidate due to: elevated_avg_merchant_risk, high_cluster_chargeback_rate. Cluster involves 4 user(s) and 1 merchant(s) with 4 transaction(s), chargeback rate 25.0%, disputed amount ratio 7.6%."
CLU00089,4,1,4,55111.15,1,1,4186.0,4.3333,26.1323,13.3333,26.1323,0.25,0.076,0.25,0.1,21.3989,LOW,elevated_avg_merchant_risk|high_cluster_chargeback_rate,"Investigation candidate due to: elevated_avg_merchant_risk, high_cluster_chargeback_rate. Cluster involves 4 user(s) and 1 merchant(s) with 4 transaction(s), chargeback rate 25.0%, disputed amount ratio 7.6%."
CLU00175,2,2,3,35637.24,1,1,2315.48,8.6667,7.7091,17.3333,15.4181,0.3333,0.065,0.6667,0.1,21.3749,LOW,high_cluster_chargeback_rate|temporal_concentration,"Investigation candidate due to: high_cluster_chargeback_rate, temporal_concentration. Cluster involves 2 user(s) and 2 merchant(s) with 3 transaction(s), chargeback rate 33.3%, disputed amount ratio 6.5%."
CLU00308,2,1,2,20807.77,1,1,506.18,6.6667,11.1111,9.3333,11.1111,0.5,0.0243,0.5,0.1,21.3649,LOW,high_cluster_chargeback_rate|temporal_concentration,"Investigation candidate due to: high_cluster_chargeback_rate, temporal_concentration. Cluster involves 2 user(s) and 1 merchant(s) with 2 transaction(s), chargeback rate 50.0%, disputed amount ratio 2.4%."
CLU00190,3,1,3,41498.14,1,1,12640.85,3.1111,12.8547,9.3333,12.8547,0.3333,0.3046,0.3333,0.1,21.3534,LOW,high_cluster_chargeback_rate|high_disputed_amount_ratio,"Investigation candidate due to: high_cluster_chargeback_rate, high_disputed_amount_ratio. Cluster involves 3 user(s) and 1 merchant(s) with 3 transaction(s), chargeback rate 33.3%, disputed amount ratio 30.5%."
CLU00100,4,1,4,49005.53,1,1,1631.64,3.3333,21.851,13.3333,21.851,0.25,0.0333,0.5,0.1,21.3324,LOW,high_cluster_chargeback_rate|temporal_concentration,"Investigation candidate due to: high_cluster_chargeback_rate, temporal_concentration. Cluster involves 4 user(s) and 1 merchant(s) with 4 transaction(s), chargeback rate 25.0%, disputed amount ratio 3.3%."
CLU00071,5,1,5,29550.59,1,1,1966.13,3.4667,29.626,13.3333,29.626,0.2,0.0665,0.2,0.1,21.3297,LOW,elevated_avg_merchant_risk|high_cluster_chargeback_rate,"Investigation candidate due to: elevated_avg_merchant_risk, high_cluster_chargeback_rate. Cluster involves 5 user(s) and 1 merchant(s) with 5 transaction(s), chargeback rate 20.0%, disputed amount ratio 6.7%."
CLU00421,2,1,2,35427.91,1,1,2940.0,4.6667,8.6998,9.3333,8.6998,0.5,0.083,0.5,0.1,21.3181,LOW,high_cluster_chargeback_rate|temporal_concentration,"Investigation candidate due to: high_cluster_chargeback_rate, temporal_concentration. Cluster involves 2 user(s) and 1 merchant(s) with 2 transaction(s), chargeback rate 50.0%, disputed amount ratio 8.3%."
CLU00271,2,1,2,22656.6,1,1,1863.8,4.6667,8.6918,9.3333,8.6918,0.5,0.0823,0.5,0.1,21.3056,LOW,high_cluster_chargeback_rate|temporal_concentration,"Investigation candidate due to: high_cluster_chargeback_rate, temporal_concentration. Cluster involves 2 user(s) and 1 merchant(s) with 2 transaction(s), chargeback rate 50.0%, disputed amount ratio 8.2%."
CLU00297,2,1,2,14002.06,1,1,-1151.15,6.6667,14.4444,13.3333,14.4444,0.5,-0.0822,0.5,0.1,21.2668,LOW,high_cluster_chargeback_rate|temporal_concentration,"Investigation candidate due to: high_cluster_chargeback_rate, temporal_concentration. Cluster involves 2 user(s) and 1 merchant(s) with 2 transaction(s), chargeback rate 50.0%, disputed amount ratio -8.2%."
CLU00452,2,1,2,20373.9,1,1,1592.73,4.6667,8.6464,9.3333,8.6464,0.5,0.0782,0.5,0.1,21.2352,LOW,high_cluster_chargeback_rate|temporal_concentration,"Investigation candidate due to: high_cluster_chargeback_rate, temporal_concentration. Cluster involves 2 user(s) and 1 merchant(s) with 2 transaction(s), chargeback rate 50.0%, disputed amount ratio 7.8%."
CLU00105,4,1,4,70094.53,1,1,608.31,5.3333,27.9706,17.3333,27.9706,0.25,0.0087,0.25,0.1,21.217,LOW,elevated_avg_merchant_risk|high_cluster_chargeback_rate,"Investigation candidate due to: elevated_avg_merchant_risk, high_cluster_chargeback_rate. Cluster involves 4 user(s) and 1 merchant(s) with 4 transaction(s), chargeback rate 25.0%, disputed amount ratio 0.9%."
CLU00351,2,1,2,12054.8,1,1,448.21,6.0,8.1909,12.0,8.1909,0.5,0.0372,0.5,0.1,21.1959,LOW,high_cluster_chargeback_rate|temporal_concentration,"Investigation candidate due to: high_cluster_chargeback_rate, temporal_concentration. Cluster involves 2 user(s) and 1 merchant(s) with 2 transaction(s), chargeback rate 50.0%, disputed amount ratio 3.7%."
CLU00551,2,1,2,34329.31,1,1,2597.6,4.6667,8.6185,9.3333,8.6185,0.5,0.0757,0.5,0.1,21.192,LOW,high_cluster_chargeback_rate|temporal_concentration,"Investigation candidate due to: high_cluster_chargeback_rate, temporal_concentration. Cluster involves 2 user(s) and 1 merchant(s) with 2 transaction(s), chargeback rate 50.0%, disputed amount ratio 7.6%."
CLU00353,2,1,2,24080.62,1,1,-2108.75,6.6667,14.4444,13.3333,14.4444,0.5,-0.0876,0.5,0.1,21.1864,LOW,high_cluster_chargeback_rate|temporal_concentration,"Investigation candidate due to: high_cluster_chargeback_rate, temporal_concentration. Cluster involves 2 user(s) and 1 merchant(s) with 2 transaction(s), chargeback rate 50.0%, disputed amount ratio -8.8%."
CLU00455,2,1,2,24683.96,1,1,1858.78,4.6667,8.6145,9.3333,8.6145,0.5,0.0753,0.5,0.1,21.1858,LOW,high_cluster_chargeback_rate|temporal_concentration,"Investigation candidate due to: high_cluster_chargeback_rate, temporal_concentration. Cluster involves 2 user(s) and 1 merchant(s) with 2 transaction(s), chargeback rate 50.0%, disputed amount ratio 7.5%."
CLU00288,2,1,2,8097.81,1,1,597.81,4.6667,8.598,9.3333,8.598,0.5,0.0738,0.5,0.1,21.1603,LOW,high_cluster_chargeback_rate|temporal_concentration,"Investigation candidate due to: high_cluster_chargeback_rate, temporal_concentration. Cluster involves 2 user(s) and 1 merchant(s) with 2 transaction(s), chargeback rate 50.0%, disputed amount ratio 7.4%."
CLU00312,2,1,2,25970.32,1,1,1912.26,4.6667,8.5959,9.3333,8.5959,0.5,0.0736,0.5,0.1,21.157,LOW,high_cluster_chargeback_rate|temporal_concentration,"Investigation candidate due to: high_cluster_chargeback_rate, temporal_concentration. Cluster involves 2 user(s) and 1 merchant(s) with 2 transaction(s), chargeback rate 50.0%, disputed amount ratio 7.4%."
CLU00132,4,1,4,47919.5,1,1,287.95,5.3333,27.9113,17.3333,27.9113,0.25,0.006,0.25,0.1,21.1502,LOW,elevated_avg_merchant_risk|high_cluster_chargeback_rate,"Investigation candidate due to: elevated_avg_merchant_risk, high_cluster_chargeback_rate. Cluster involves 4 user(s) and 1 merchant(s) with 4 transaction(s), chargeback rate 25.0%, disputed amount ratio 0.6%."
CLU00417,2,1,2,18191.44,1,1,-1640.31,6.6667,14.4444,13.3333,14.4444,0.5,-0.0902,0.5,0.1,21.1475,LOW,high_cluster_chargeback_rate|temporal_concentration,"Investigation candidate due to: high_cluster_chargeback_rate, temporal_concentration. Cluster involves 2 user(s) and 1 merchant(s) with 2 transaction(s), chargeback rate 50.0%, disputed amount ratio -9.0%."
CLU00251,2,1,2,31648.84,1,1,2273.34,4.6667,8.5759,9.3333,8.5759,0.5,0.0718,0.5,0.1,21.126,LOW,high_cluster_chargeback_rate|temporal_concentration,"Investigation candidate due to: high_cluster_chargeback_rate, temporal_concentration. Cluster involves 2 user(s) and 1 merchant(s) with 2 transaction(s), chargeback rate 50.0%, disputed amount ratio 7.2%."
CLU00227,2,1,2,30556.0,1,1,2183.47,4.6667,8.5718,9.3333,8.5718,0.5,0.0715,0.5,0.1,21.1196,LOW,high_cluster_chargeback_rate|temporal_concentration,"Investigation candidate due to: high_cluster_chargeback_rate, temporal_concentration. Cluster involves 2 user(s) and 1 merchant(s) with 2 transaction(s), chargeback rate 50.0%, disputed amount ratio 7.1%."
CLU00035,6,1,6,63921.92,2,1,1230.65,3.5556,29.2385,13.3333,29.2385,0.1667,0.0193,0.3333,0.1,21.1124,LOW,elevated_avg_merchant_risk|high_cluster_chargeback_rate,"Investigation candidate due to: elevated_avg_merchant_risk, high_cluster_chargeback_rate. Cluster involves 6 user(s) and 1 merchant(s) with 6 transaction(s), chargeback rate 16.7%, disputed amount ratio 1.9%."
CLU00065,5,1,5,42242.81,1,1,4758.01,2.6667,27.5732,13.3333,27.5732,0.2,0.1126,0.2,0.1,21.0975,LOW,elevated_avg_merchant_risk|high_cluster_chargeback_rate,"Investigation candidate due to: elevated_avg_merchant_risk, high_cluster_chargeback_rate. Cluster involves 5 user(s) and 1 merchant(s) with 5 transaction(s), chargeback rate 20.0%, disputed amount ratio 11.3%."
CLU00534,2,1,2,15738.97,1,1,-1527.8,6.6667,14.4444,13.3333,14.4444,0.5,-0.0971,0.5,0.1,21.0439,LOW,high_cluster_chargeback_rate|temporal_concentration,"Investigation candidate due to: high_cluster_chargeback_rate, temporal_concentration. Cluster involves 2 user(s) and 1 merchant(s) with 2 transaction(s), chargeback rate 50.0%, disputed amount ratio -9.7%."
CLU00160,3,1,3,14705.74,1,1,3291.51,4.4444,14.8415,9.3333,14.8415,0.3333,0.2238,0.3333,0.1,21.0357,LOW,high_cluster_chargeback_rate|high_disputed_amount_ratio,"Investigation candidate due to: high_cluster_chargeback_rate, high_disputed_amount_ratio. Cluster involves 3 user(s) and 1 merchant(s) with 3 transaction(s), chargeback rate 33.3%, disputed amount ratio 22.4%."
CLU00195,3,1,3,35602.96,2,1,7960.18,4.4444,14.8375,9.3333,14.8375,0.3333,0.2236,0.3333,0.1,21.0303,LOW,high_cluster_chargeback_rate|high_disputed_amount_ratio,"Investigation candidate due to: high_cluster_chargeback_rate, high_disputed_amount_ratio. Cluster involves 3 user(s) and 1 merchant(s) with 3 transaction(s), chargeback rate 33.3%, disputed amount ratio 22.4%."
CLU00505,2,1,2,35091.14,1,1,2299.02,4.6667,8.5057,9.3333,8.5057,0.5,0.0655,0.5,0.1,21.0172,LOW,high_cluster_chargeback_rate|temporal_concentration,"Investigation candidate due to: high_cluster_chargeback_rate, temporal_concentration. Cluster involves 2 user(s) and 1 merchant(s) with 2 transaction(s), chargeback rate 50.0%, disputed amount ratio 6.6%."
CLU00159,3,1,3,24882.0,2,1,7206.85,4.0,12.6051,12.0,12.6051,0.3333,0.2896,0.3333,0.1,21.0166,LOW,high_cluster_chargeback_rate|high_disputed_amount_ratio,"Investigation candidate due to: high_cluster_chargeback_rate, high_disputed_amount_ratio. Cluster involves 3 user(s) and 1 merchant(s) with 3 transaction(s), chargeback rate 33.3%, disputed amount ratio 29.0%."
CLU00536,2,1,2,17642.97,1,1,1154.99,4.6667,8.5052,9.3333,8.5052,0.5,0.0655,0.5,0.1,21.0163,LOW,high_cluster_chargeback_rate|temporal_concentration,"Investigation candidate due to: high_cluster_chargeback_rate, temporal_concentration. Cluster involves 2 user(s) and 1 merchant(s) with 2 transaction(s), chargeback rate 50.0%, disputed amount ratio 6.5%."
CLU00567,2,1,2,32002.95,1,1,0.0,6.6667,11.1111,9.3333,11.1111,0.5,0.0,0.5,0.1,21.0,LOW,high_cluster_chargeback_rate|temporal_concentration,"Investigation candidate due to: high_cluster_chargeback_rate, temporal_concentration. Cluster involves 2 user(s) and 1 merchant(s) with 2 transaction(s), chargeback rate 50.0%, disputed amount ratio 0.0%."
CLU00347,2,1,2,29399.75,1,1,0.0,6.6667,11.1111,9.3333,11.1111,0.5,0.0,0.5,0.1,21.0,LOW,high_cluster_chargeback_rate|temporal_concentration,"Investigation candidate due to: high_cluster_chargeback_rate, temporal_concentration. Cluster involves 2 user(s) and 1 merchant(s) with 2 transaction(s), chargeback rate 50.0%, disputed amount ratio 0.0%."
CLU00502,2,1,2,19458.61,1,1,-1985.25,6.6667,14.4444,13.3333,14.4444,0.5,-0.102,0.5,0.1,20.9696,LOW,high_cluster_chargeback_rate|temporal_concentration,"Investigation candidate due to: high_cluster_chargeback_rate, temporal_concentration. Cluster involves 2 user(s) and 1 merchant(s) with 2 transaction(s), chargeback rate 50.0%, disputed amount ratio -10.2%."
CLU00124,4,1,4,58339.3,1,1,1082.82,4.0,21.5236,16.0,21.5236,0.25,0.0186,0.5,0.1,20.964,LOW,high_cluster_chargeback_rate|temporal_concentration,"Investigation candidate due to: high_cluster_chargeback_rate, temporal_concentration. Cluster involves 4 user(s) and 1 merchant(s) with 4 transaction(s), chargeback rate 25.0%, disputed amount ratio 1.9%."
CLU00326,2,1,2,9578.26,1,1,595.39,4.6667,8.4685,9.3333,8.4685,0.5,0.0622,0.5,0.1,20.9594,LOW,high_cluster_chargeback_rate|temporal_concentration,"Investigation candidate due to: high_cluster_chargeback_rate, temporal_concentration. Cluster involves 2 user(s) and 1 merchant(s) with 2 transaction(s), chargeback rate 50.0%, disputed amount ratio 6.2%."
CLU00187,3,1,3,40442.22,1,1,2887.1,4.4444,12.3009,9.3333,12.3009,0.3333,0.0714,0.6667,0.1,20.9399,LOW,high_cluster_chargeback_rate|temporal_concentration,"Investigation candidate due to: high_cluster_chargeback_rate, temporal_concentration. Cluster involves 3 user(s) and 1 merchant(s) with 3 transaction(s), chargeback rate 33.3%, disputed amount ratio 7.1%."
CLU00172,3,1,3,22561.37,1,1,4947.89,4.4444,14.7662,9.3333,14.7662,0.3333,0.2193,0.3333,0.1,20.9341,LOW,high_cluster_chargeback_rate|high_disputed_amount_ratio,"Investigation candidate due to: high_cluster_chargeback_rate, high_disputed_amount_ratio. Cluster involves 3 user(s) and 1 merchant(s) with 3 transaction(s), chargeback rate 33.3%, disputed amount ratio 21.9%."
CLU00441,2,1,2,26872.22,1,1,-2807.75,6.6667,14.4444,13.3333,14.4444,0.5,-0.1045,0.5,0.1,20.9327,LOW,high_cluster_chargeback_rate|temporal_concentration,"Investigation candidate due to: high_cluster_chargeback_rate, temporal_concentration. Cluster involves 2 user(s) and 1 merchant(s) with 2 transaction(s), chargeback rate 50.0%, disputed amount ratio -10.4%."
CLU00416,2,1,2,37931.26,1,1,2235.82,4.6667,8.4327,9.3333,8.4327,0.5,0.0589,0.5,0.1,20.904,LOW,high_cluster_chargeback_rate|temporal_concentration,"Investigation candidate due to: high_cluster_chargeback_rate, temporal_concentration. Cluster involves 2 user(s) and 1 merchant(s) with 2 transaction(s), chargeback rate 50.0%, disputed amount ratio 5.9%."
CLU00229,2,1,2,32861.14,1,1,1816.0,6.0,8.3918,9.3333,8.3918,0.5,0.0553,0.5,0.1,20.8406,LOW,high_cluster_chargeback_rate|temporal_concentration,"Investigation candidate due to: high_cluster_chargeback_rate, temporal_concentration. Cluster involves 2 user(s) and 1 merchant(s) with 2 transaction(s), chargeback rate 50.0%, disputed amount ratio 5.5%."
CLU00030,6,1,6,70057.22,1,1,3800.84,2.8889,27.433,17.3333,27.433,0.1667,0.0543,0.3333,0.1,20.825,LOW,elevated_avg_merchant_risk|high_cluster_chargeback_rate,"Investigation candidate due to: elevated_avg_merchant_risk, high_cluster_chargeback_rate. Cluster involves 6 user(s) and 1 merchant(s) with 6 transaction(s), chargeback rate 16.7%, disputed amount ratio 5.4%."
CLU00383,2,1,2,15480.82,1,1,840.07,4.6667,8.3807,9.3333,8.3807,0.5,0.0543,0.5,0.1,20.8235,LOW,high_cluster_chargeback_rate|temporal_concentration,"Investigation candidate due to: high_cluster_chargeback_rate, temporal_concentration. Cluster involves 2 user(s) and 1 merchant(s) with 2 transaction(s), chargeback rate 50.0%, disputed amount ratio 5.4%."
CLU00127,4,1,4,49673.65,1,1,-616.17,5.3333,27.7778,13.3333,27.7778,0.25,-0.0124,0.25,0.1,20.8139,LOW,elevated_avg_merchant_risk|high_cluster_chargeback_rate,"Investigation candidate due to: elevated_avg_merchant_risk, high_cluster_chargeback_rate. Cluster involves 4 user(s) and 1 merchant(s) with 4 transaction(s), chargeback rate 25.0%, disputed amount ratio -1.2%."
CLU00512,2,1,2,30314.89,1,1,1619.34,4.6667,8.3713,9.3333,8.3713,0.5,0.0534,0.5,0.1,20.8089,LOW,high_cluster_chargeback_rate|temporal_concentration,"Investigation candidate due to: high_cluster_chargeback_rate, temporal_concentration. Cluster involves 2 user(s) and 1 merchant(s) with 2 transaction(s), chargeback rate 50.0%, disputed amount ratio 5.3%."
CLU00549,2,1,2,36154.67,1,1,1922.11,6.0,8.3685,9.3333,8.3685,0.5,0.0532,0.5,0.1,20.8045,LOW,high_cluster_chargeback_rate|temporal_concentration,"Investigation candidate due to: high_cluster_chargeback_rate, temporal_concentration. Cluster involves 2 user(s) and 1 merchant(s) with 2 transaction(s), chargeback rate 50.0%, disputed amount ratio 5.3%."
CLU00043,5,1,5,49204.86,1,1,2302.66,3.4667,29.0777,13.3333,29.0777,0.2,0.0468,0.2,0.1,20.7869,LOW,elevated_avg_merchant_risk|high_cluster_chargeback_rate,"Investigation candidate due to: elevated_avg_merchant_risk, high_cluster_chargeback_rate. Cluster involves 5 user(s) and 1 merchant(s) with 5 transaction(s), chargeback rate 20.0%, disputed amount ratio 4.7%."
CLU00218,2,1,2,39265.35,1,1,2027.64,4.6667,8.3515,9.3333,8.3515,0.5,0.0516,0.5,0.1,20.7782,LOW,high_cluster_chargeback_rate|temporal_concentration,"Investigation candidate due to: high_cluster_chargeback_rate, temporal_concentration. Cluster involves 2 user(s) and 1 merchant(s) with 2 transaction(s), chargeback rate 50.0%, disputed amount ratio 5.2%."
CLU00513,2,1,2,37671.25,1,1,1915.56,4.6667,8.3428,9.3333,8.3428,0.5,0.0508,0.5,0.1,20.7646,LOW,high_cluster_chargeback_rate|temporal_concentration,"Investigation candidate due to: high_cluster_chargeback_rate, temporal_concentration. Cluster involves 2 user(s) and 1 merchant(s) with 2 transaction(s), chargeback rate 50.0%, disputed amount ratio 5.1%."
CLU00237,2,1,2,34259.09,1,1,1736.0,4.6667,8.3408,9.3333,8.3408,0.5,0.0507,0.5,0.1,20.7616,LOW,high_cluster_chargeback_rate|temporal_concentration,"Investigation candidate due to: high_cluster_chargeback_rate, temporal_concentration. Cluster involves 2 user(s) and 1 merchant(s) with 2 transaction(s), chargeback rate 50.0%, disputed amount ratio 5.1%."
CLU00319,2,1,2,14948.32,1,1,755.08,4.6667,8.339,9.3333,8.339,0.5,0.0505,0.5,0.1,20.7588,LOW,high_cluster_chargeback_rate|temporal_concentration,"Investigation candidate due to: high_cluster_chargeback_rate, temporal_concentration. Cluster involves 2 user(s) and 1 merchant(s) with 2 transaction(s), chargeback rate 50.0%, disputed amount ratio 5.1%."
CLU00273,2,1,2,39008.43,1,1,1939.11,4.6667,8.3301,9.3333,8.3301,0.5,0.0497,0.5,0.1,20.745,LOW,high_cluster_chargeback_rate|temporal_concentration,"Investigation candidate due to: high_cluster_chargeback_rate, temporal_concentration. Cluster involves 2 user(s) and 1 merchant(s) with 2 transaction(s), chargeback rate 50.0%, disputed amount ratio 5.0%."
CLU00476,2,1,2,24743.36,1,1,1190.0,4.6667,8.3122,9.3333,8.3122,0.5,0.0481,0.5,0.1,20.7172,LOW,high_cluster_chargeback_rate|temporal_concentration,"Investigation candidate due to: high_cluster_chargeback_rate, temporal_concentration. Cluster involves 2 user(s) and 1 merchant(s) with 2 transaction(s), chargeback rate 50.0%, disputed amount ratio 4.8%."
CLU00252,2,1,2,43393.13,1,1,2066.08,4.6667,8.3068,9.3333,8.3068,0.5,0.0476,0.5,0.1,20.7089,LOW,high_cluster_chargeback_rate|temporal_concentration,"Investigation candidate due to: high_cluster_chargeback_rate, temporal_concentration. Cluster involves 2 user(s) and 1 merchant(s) with 2 transaction(s), chargeback rate 50.0%, disputed amount ratio 4.8%."
CLU00419,2,1,2,22128.85,1,1,981.9,4.6667,8.2708,9.3333,8.2708,0.5,0.0444,0.5,0.1,20.6531,LOW,high_cluster_chargeback_rate|temporal_concentration,"Investigation candidate due to: high_cluster_chargeback_rate, temporal_concentration. Cluster involves 2 user(s) and 1 merchant(s) with 2 transaction(s), chargeback rate 50.0%, disputed amount ratio 4.4%."
CLU00392,2,1,2,31772.91,1,1,1405.08,4.6667,8.2691,9.3333,8.2691,0.5,0.0442,0.5,0.1,20.6505,LOW,high_cluster_chargeback_rate|temporal_concentration,"Investigation candidate due to: high_cluster_chargeback_rate, temporal_concentration. Cluster involves 2 user(s) and 1 merchant(s) with 2 transaction(s), chargeback rate 50.0%, disputed amount ratio 4.4%."
CLU00080,4,1,4,51992.79,1,1,1327.87,4.3333,26.1412,13.3333,26.1412,0.25,0.0255,0.25,0.1,20.6466,LOW,elevated_avg_merchant_risk|high_cluster_chargeback_rate,"Investigation candidate due to: elevated_avg_merchant_risk, high_cluster_chargeback_rate. Cluster involves 4 user(s) and 1 merchant(s) with 4 transaction(s), chargeback rate 25.0%, disputed amount ratio 2.6%."
CLU00480,2,1,2,24610.41,1,1,1071.92,4.6667,8.2617,9.3333,8.2617,0.5,0.0436,0.5,0.1,20.639,LOW,high_cluster_chargeback_rate|temporal_concentration,"Investigation candidate due to: high_cluster_chargeback_rate, temporal_concentration. Cluster involves 2 user(s) and 1 merchant(s) with 2 transaction(s), chargeback rate 50.0%, disputed amount ratio 4.4%."
CLU00390,2,1,2,25161.67,1,1,-647.02,6.6667,11.1111,9.3333,11.1111,0.5,-0.0257,0.5,0.1,20.6143,LOW,high_cluster_chargeback_rate|temporal_concentration,"Investigation candidate due to: high_cluster_chargeback_rate, temporal_concentration. Cluster involves 2 user(s) and 1 merchant(s) with 2 transaction(s), chargeback rate 50.0%, disputed amount ratio -2.6%."
CLU00031,6,1,6,63103.97,1,1,5763.76,2.6667,25.6853,16.0,25.6853,0.1667,0.0913,0.3333,0.1,20.5948,LOW,elevated_avg_merchant_risk|high_cluster_chargeback_rate,"Investigation candidate due to: elevated_avg_merchant_risk, high_cluster_chargeback_rate. Cluster involves 6 user(s) and 1 merchant(s) with 6 transaction(s), chargeback rate 16.7%, disputed amount ratio 9.1%."
CLU00387,2,1,2,33195.84,2,1,1340.0,6.0,8.2263,9.3333,8.2263,0.5,0.0404,0.5,0.1,20.5841,LOW,high_cluster_chargeback_rate|temporal_concentration,"Investigation candidate due to: high_cluster_chargeback_rate, temporal_concentration. Cluster involves 2 user(s) and 1 merchant(s) with 2 transaction(s), chargeback rate 50.0%, disputed amount ratio 4.0%."
CLU00242,2,1,2,47344.14,1,1,0.0,6.0,7.7778,12.0,7.7778,0.5,0.0,0.5,0.1,20.5556,LOW,high_cluster_chargeback_rate|temporal_concentration,"Investigation candidate due to: high_cluster_chargeback_rate, temporal_concentration. Cluster involves 2 user(s) and 1 merchant(s) with 2 transaction(s), chargeback rate 50.0%, disputed amount ratio 0.0%."
CLU00422,2,1,2,21366.94,1,1,813.25,4.6667,8.2007,9.3333,8.2007,0.5,0.0381,0.5,0.1,20.5444,LOW,high_cluster_chargeback_rate|temporal_concentration,"Investigation candidate due to: high_cluster_chargeback_rate, temporal_concentration. Cluster involves 2 user(s) and 1 merchant(s) with 2 transaction(s), chargeback rate 50.0%, disputed amount ratio 3.8%."
CLU00343,2,1,2,23753.18,1,1,845.38,4.6667,8.1732,9.3333,8.1732,0.5,0.0356,0.5,0.1,20.5018,LOW,high_cluster_chargeback_rate|temporal_concentration,"Investigation candidate due to: high_cluster_chargeback_rate, temporal_concentration. Cluster involves 2 user(s) and 1 merchant(s) with 2 transaction(s), chargeback rate 50.0%, disputed amount ratio 3.6%."
CLU00121,4,1,4,52511.88,1,1,0.0,3.3333,21.1111,13.3333,21.1111,0.25,0.0,0.5,0.1,20.5,LOW,high_cluster_chargeback_rate|temporal_concentration,"Investigation candidate due to: high_cluster_chargeback_rate, temporal_concentration. Cluster involves 4 user(s) and 1 merchant(s) with 4 transaction(s), chargeback rate 25.0%, disputed amount ratio 0.0%."
CLU00412,2,1,2,42520.79,1,1,-5720.73,6.6667,14.4444,13.3333,14.4444,0.5,-0.1345,0.5,0.1,20.4819,LOW,high_cluster_chargeback_rate|temporal_concentration,"Investigation candidate due to: high_cluster_chargeback_rate, temporal_concentration. Cluster involves 2 user(s) and 1 merchant(s) with 2 transaction(s), chargeback rate 50.0%, disputed amount ratio -13.5%."
CLU00524,2,1,2,29823.02,1,1,991.51,4.6667,8.1472,9.3333,8.1472,0.5,0.0332,0.5,0.1,20.4615,LOW,high_cluster_chargeback_rate|temporal_concentration,"Investigation candidate due to: high_cluster_chargeback_rate, temporal_concentration. Cluster involves 2 user(s) and 1 merchant(s) with 2 transaction(s), chargeback rate 50.0%, disputed amount ratio 3.3%."
CLU00201,3,1,3,47090.23,1,1,12462.99,4.0,12.1888,9.3333,12.1888,0.3333,0.2647,0.3333,0.1,20.4546,LOW,high_cluster_chargeback_rate|high_disputed_amount_ratio,"Investigation candidate due to: high_cluster_chargeback_rate, high_disputed_amount_ratio. Cluster involves 3 user(s) and 1 merchant(s) with 3 transaction(s), chargeback rate 33.3%, disputed amount ratio 26.5%."
CLU00438,2,1,2,39338.92,1,1,1247.41,4.6667,8.1301,9.3333,8.1301,0.5,0.0317,0.5,0.1,20.435,LOW,high_cluster_chargeback_rate|temporal_concentration,"Investigation candidate due to: high_cluster_chargeback_rate, temporal_concentration. Cluster involves 2 user(s) and 1 merchant(s) with 2 transaction(s), chargeback rate 50.0%, disputed amount ratio 3.2%."
CLU00108,4,1,4,44126.69,1,1,1635.13,5.0,25.2679,13.3333,25.2679,0.25,0.0371,0.25,0.1,20.4264,LOW,elevated_avg_merchant_risk|high_cluster_chargeback_rate,"Investigation candidate due to: elevated_avg_merchant_risk, high_cluster_chargeback_rate. Cluster involves 4 user(s) and 1 merchant(s) with 4 transaction(s), chargeback rate 25.0%, disputed amount ratio 3.7%."
CLU00314,2,1,2,31212.25,1,1,946.11,4.6667,8.1146,9.3333,8.1146,0.5,0.0303,0.5,0.1,20.4109,LOW,high_cluster_chargeback_rate|temporal_concentration,"Investigation candidate due to: high_cluster_chargeback_rate, temporal_concentration. Cluster involves 2 user(s) and 1 merchant(s) with 2 transaction(s), chargeback rate 50.0%, disputed amount ratio 3.0%."
CLU00260,2,1,2,26782.38,1,1,797.17,4.6667,8.1085,9.3333,8.1085,0.5,0.0298,0.5,0.1,20.4015,LOW,high_cluster_chargeback_rate|temporal_concentration,"Investigation candidate due to: high_cluster_chargeback_rate, temporal_concentration. Cluster involves 2 user(s) and 1 merchant(s) with 2 transaction(s), chargeback rate 50.0%, disputed amount ratio 3.0%."
CLU00487,2,1,2,20199.45,1,1,661.74,4.6667,7.7778,9.3333,7.7778,0.5,0.0328,0.5,0.1,20.3803,LOW,high_cluster_chargeback_rate|temporal_concentration,"Investigation candidate due to: high_cluster_chargeback_rate, temporal_concentration. Cluster involves 2 user(s) and 1 merchant(s) with 2 transaction(s), chargeback rate 50.0%, disputed amount ratio 3.3%."
CLU00382,2,1,2,26108.66,1,1,739.17,4.6667,8.0923,9.3333,8.0923,0.5,0.0283,0.5,0.1,20.3765,LOW,high_cluster_chargeback_rate|temporal_concentration,"Investigation candidate due to: high_cluster_chargeback_rate, temporal_concentration. Cluster involves 2 user(s) and 1 merchant(s) with 2 transaction(s), chargeback rate 50.0%, disputed amount ratio 2.8%."
CLU00191,2,2,3,48283.04,1,1,16244.17,4.6667,6.1787,9.3333,12.3574,0.3333,0.3364,0.3333,0.1,20.3713,LOW,high_cluster_chargeback_rate|high_disputed_amount_ratio,"Investigation candidate due to: high_cluster_chargeback_rate, high_disputed_amount_ratio. Cluster involves 2 user(s) and 2 merchant(s) with 3 transaction(s), chargeback rate 33.3%, disputed amount ratio 33.6%."
CLU00498,2,1,2,38167.67,1,1,1055.53,4.6667,8.0851,9.3333,8.0851,0.5,0.0277,0.5,0.1,20.3652,LOW,high_cluster_chargeback_rate|temporal_concentration,"Investigation candidate due to: high_cluster_chargeback_rate, temporal_concentration. Cluster involves 2 user(s) and 1 merchant(s) with 2 transaction(s), chargeback rate 50.0%, disputed amount ratio 2.8%."
CLU00061,5,1,5,36138.55,1,1,3060.38,2.6667,26.7968,13.3333,26.7968,0.2,0.0847,0.2,0.1,20.3288,LOW,elevated_avg_merchant_risk|high_cluster_chargeback_rate,"Investigation candidate due to: elevated_avg_merchant_risk, high_cluster_chargeback_rate. Cluster involves 5 user(s) and 1 merchant(s) with 5 transaction(s), chargeback rate 20.0%, disputed amount ratio 8.5%."
CLU00389,2,1,2,6562.12,1,1,162.44,4.6667,8.0528,9.3333,8.0528,0.5,0.0248,0.5,0.1,20.3152,LOW,high_cluster_chargeback_rate|temporal_concentration,"Investigation candidate due to: high_cluster_chargeback_rate, temporal_concentration. Cluster involves 2 user(s) and 1 merchant(s) with 2 transaction(s), chargeback rate 50.0%, disputed amount ratio 2.5%."
CLU00518,2,1,2,32799.54,1,1,792.99,4.6667,8.0464,9.3333,8.0464,0.5,0.0242,0.5,0.1,20.3053,LOW,high_cluster_chargeback_rate|temporal_concentration,"Investigation candidate due to: high_cluster_chargeback_rate, temporal_concentration. Cluster involves 2 user(s) and 1 merchant(s) with 2 transaction(s), chargeback rate 50.0%, disputed amount ratio 2.4%."
CLU00537,2,1,2,44938.43,1,1,1085.5,4.6667,8.0462,9.3333,8.0462,0.5,0.0242,0.5,0.1,20.3049,LOW,high_cluster_chargeback_rate|temporal_concentration,"Investigation candidate due to: high_cluster_chargeback_rate, temporal_concentration. Cluster involves 2 user(s) and 1 merchant(s) with 2 transaction(s), chargeback rate 50.0%, disputed amount ratio 2.4%."
CLU00497,2,1,2,17941.62,1,1,426.17,4.6667,8.0417,9.3333,8.0417,0.5,0.0238,0.5,0.1,20.298,LOW,high_cluster_chargeback_rate|temporal_concentration,"Investigation candidate due to: high_cluster_chargeback_rate, temporal_concentration. Cluster involves 2 user(s) and 1 merchant(s) with 2 transaction(s), chargeback rate 50.0%, disputed amount ratio 2.4%."
CLU00462,2,1,2,19409.62,1,1,508.21,4.6667,7.7778,9.3333,7.7778,0.5,0.0262,0.5,0.1,20.2816,LOW,high_cluster_chargeback_rate|temporal_concentration,"Investigation candidate due to: high_cluster_chargeback_rate, temporal_concentration. Cluster involves 2 user(s) and 1 merchant(s) with 2 transaction(s), chargeback rate 50.0%, disputed amount ratio 2.6%."
CLU00320,2,1,2,30051.67,1,1,660.0,4.6667,8.0218,9.3333,8.0218,0.5,0.022,0.5,0.1,20.2671,LOW,high_cluster_chargeback_rate|temporal_concentration,"Investigation candidate due to: high_cluster_chargeback_rate, temporal_concentration. Cluster involves 2 user(s) and 1 merchant(s) with 2 transaction(s), chargeback rate 50.0%, disputed amount ratio 2.2%."
CLU00268,2,1,2,37347.03,1,1,802.62,4.6667,8.0166,9.3333,8.0166,0.5,0.0215,0.5,0.1,20.259,LOW,high_cluster_chargeback_rate|temporal_concentration,"Investigation candidate due to: high_cluster_chargeback_rate, temporal_concentration. Cluster involves 2 user(s) and 1 merchant(s) with 2 transaction(s), chargeback rate 50.0%, disputed amount ratio 2.1%."
CLU00486,2,1,2,21344.45,1,1,454.0,4.6667,8.0141,9.3333,8.0141,0.5,0.0213,0.5,0.1,20.2552,LOW,high_cluster_chargeback_rate|temporal_concentration,"Investigation candidate due to: high_cluster_chargeback_rate, temporal_concentration. Cluster involves 2 user(s) and 1 merchant(s) with 2 transaction(s), chargeback rate 50.0%, disputed amount ratio 2.1%."
CLU00527,2,1,2,22965.8,1,1,485.1,4.6667,8.0125,9.3333,8.0125,0.5,0.0211,0.5,0.1,20.2527,LOW,high_cluster_chargeback_rate|temporal_concentration,"Investigation candidate due to: high_cluster_chargeback_rate, temporal_concentration. Cluster involves 2 user(s) and 1 merchant(s) with 2 transaction(s), chargeback rate 50.0%, disputed amount ratio 2.1%."
CLU00146,3,1,3,9702.36,1,1,2477.97,4.0,12.0344,9.3333,12.0344,0.3333,0.2554,0.3333,0.1,20.2461,LOW,high_cluster_chargeback_rate|high_disputed_amount_ratio,"Investigation candidate due to: high_cluster_chargeback_rate, high_disputed_amount_ratio. Cluster involves 3 user(s) and 1 merchant(s) with 3 transaction(s), chargeback rate 33.3%, disputed amount ratio 25.5%."
CLU00349,2,1,2,27443.2,1,1,-4189.62,6.6667,14.4444,13.3333,14.4444,0.5,-0.1527,0.5,0.1,20.21,LOW,high_cluster_chargeback_rate|temporal_concentration,"Investigation candidate due to: high_cluster_chargeback_rate, temporal_concentration. Cluster involves 2 user(s) and 1 merchant(s) with 2 transaction(s), chargeback rate 50.0%, disputed amount ratio -15.3%."
CLU00287,2,1,2,23002.65,1,1,418.0,4.6667,7.9797,9.3333,7.9797,0.5,0.0182,0.5,0.1,20.2018,LOW,high_cluster_chargeback_rate|temporal_concentration,"Investigation candidate due to: high_cluster_chargeback_rate, temporal_concentration. Cluster involves 2 user(s) and 1 merchant(s) with 2 transaction(s), chargeback rate 50.0%, disputed amount ratio 1.8%."
CLU00448,2,1,2,34380.56,1,1,606.33,4.6667,7.9737,9.3333,7.9737,0.5,0.0176,0.5,0.1,20.1926,LOW,high_cluster_chargeback_rate|temporal_concentration,"Investigation candidate due to: high_cluster_chargeback_rate, temporal_concentration. Cluster involves 2 user(s) and 1 merchant(s) with 2 transaction(s), chargeback rate 50.0%, disputed amount ratio 1.8%."
CLU00276,2,1,2,15494.37,1,1,270.77,4.6667,7.9719,9.3333,7.9719,0.5,0.0175,0.5,0.1,20.1899,LOW,high_cluster_chargeback_rate|temporal_concentration,"Investigation candidate due to: high_cluster_chargeback_rate, temporal_concentration. Cluster involves 2 user(s) and 1 merchant(s) with 2 transaction(s), chargeback rate 50.0%, disputed amount ratio 1.7%."
CLU00119,4,1,4,49090.53,1,1,1349.33,4.3333,25.0553,17.3333,25.0553,0.25,0.0275,0.25,0.1,20.1872,LOW,elevated_avg_merchant_risk|high_cluster_chargeback_rate,"Investigation candidate due to: elevated_avg_merchant_risk, high_cluster_chargeback_rate. Cluster involves 4 user(s) and 1 merchant(s) with 4 transaction(s), chargeback rate 25.0%, disputed amount ratio 2.7%."
CLU00298,2,1,2,45913.52,1,1,687.73,4.6667,7.9442,9.3333,7.9442,0.5,0.015,0.5,0.1,20.1469,LOW,high_cluster_chargeback_rate|temporal_concentration,"Investigation candidate due to: high_cluster_chargeback_rate, temporal_concentration. Cluster involves 2 user(s) and 1 merchant(s) with 2 transaction(s), chargeback rate 50.0%, disputed amount ratio 1.5%."
CLU00173,3,1,3,29844.93,1,1,3062.43,3.1111,9.488,9.3333,9.488,0.3333,0.1026,0.6667,0.1,20.1424,LOW,high_cluster_chargeback_rate|temporal_concentration,"Investigation candidate due to: high_cluster_chargeback_rate, temporal_concentration. Cluster involves 3 user(s) and 1 merchant(s) with 3 transaction(s), chargeback rate 33.3%, disputed amount ratio 10.3%."
CLU00546,2,1,2,37693.62,1,1,519.74,4.6667,7.931,9.3333,7.931,0.5,0.0138,0.5,0.1,20.1264,LOW,high_cluster_chargeback_rate|temporal_concentration,"Investigation candidate due to: high_cluster_chargeback_rate, temporal_concentration. Cluster involves 2 user(s) and 1 merchant(s) with 2 transaction(s), chargeback rate 50.0%, disputed amount ratio 1.4%."
CLU00304,2,1,2,32336.65,1,1,440.57,6.0,7.9292,9.3333,7.9292,0.5,0.0136,0.5,0.1,20.1235,LOW,high_cluster_chargeback_rate|temporal_concentration,"Investigation candidate due to: high_cluster_chargeback_rate, temporal_concentration. Cluster involves 2 user(s) and 1 merchant(s) with 2 transaction(s), chargeback rate 50.0%, disputed amount ratio 1.4%."
CLU00292,2,1,2,15854.73,1,1,-2520.29,6.6667,14.4444,13.3333,14.4444,0.5,-0.159,0.5,0.1,20.1156,LOW,high_cluster_chargeback_rate|temporal_concentration,"Investigation candidate due to: high_cluster_chargeback_rate, temporal_concentration. Cluster involves 2 user(s) and 1 merchant(s) with 2 transaction(s), chargeback rate 50.0%, disputed amount ratio -15.9%."
CLU00517,2,1,2,31999.19,1,1,374.0,4.6667,7.9076,9.3333,7.9076,0.5,0.0117,0.5,0.1,20.0902,LOW,high_cluster_chargeback_rate|temporal_concentration,"Investigation candidate due to: high_cluster_chargeback_rate, temporal_concentration. Cluster involves 2 user(s) and 1 merchant(s) with 2 transaction(s), chargeback rate 50.0%, disputed amount ratio 1.2%."
CLU00539,2,1,2,30021.54,1,1,342.0,4.6667,7.9044,9.3333,7.9044,0.5,0.0114,0.5,0.1,20.0851,LOW,high_cluster_chargeback_rate|temporal_concentration,"Investigation candidate due to: high_cluster_chargeback_rate, temporal_concentration. Cluster involves 2 user(s) and 1 merchant(s) with 2 transaction(s), chargeback rate 50.0%, disputed amount ratio 1.1%."
CLU00157,3,1,3,60728.15,1,1,15054.0,3.1111,11.9093,9.3333,11.9093,0.3333,0.2479,0.3333,0.1,20.0772,LOW,high_cluster_chargeback_rate|high_disputed_amount_ratio,"Investigation candidate due to: high_cluster_chargeback_rate, high_disputed_amount_ratio. Cluster involves 3 user(s) and 1 merchant(s) with 3 transaction(s), chargeback rate 33.3%, disputed amount ratio 24.8%."
CLU00522,2,1,2,18894.68,1,1,146.7,4.6667,7.864,9.3333,7.864,0.5,0.0078,0.5,0.1,20.0226,LOW,high_cluster_chargeback_rate|temporal_concentration,"Investigation candidate due to: high_cluster_chargeback_rate, temporal_concentration. Cluster involves 2 user(s) and 1 merchant(s) with 2 transaction(s), chargeback rate 50.0%, disputed amount ratio 0.8%."
CLU00335,2,1,2,40233.32,1,1,271.69,6.0,7.8528,9.3333,7.8528,0.5,0.0068,0.5,0.1,20.0052,LOW,high_cluster_chargeback_rate|temporal_concentration,"Investigation candidate due to: high_cluster_chargeback_rate, temporal_concentration. Cluster involves 2 user(s) and 1 merchant(s) with 2 transaction(s), chargeback rate 50.0%, disputed amount ratio 0.7%."
CLU00233,2,1,2,32856.39,1,1,193.64,4.6667,7.8433,9.3333,7.8433,0.5,0.0059,0.5,0.1,19.9904,LOW,high_cluster_chargeback_rate|temporal_concentration,"Investigation candidate due to: high_cluster_chargeback_rate, temporal_concentration. Cluster involves 2 user(s) and 1 merchant(s) with 2 transaction(s), chargeback rate 50.0%, disputed amount ratio 0.6%."
CLU00490,2,1,2,32250.83,1,1,177.16,4.6667,7.8388,9.3333,7.8388,0.5,0.0055,0.5,0.1,19.9835,LOW,high_cluster_chargeback_rate|temporal_concentration,"Investigation candidate due to: high_cluster_chargeback_rate, temporal_concentration. Cluster involves 2 user(s) and 1 merchant(s) with 2 transaction(s), chargeback rate 50.0%, disputed amount ratio 0.5%."
CLU00123,4,1,4,43289.41,1,1,9493.15,2.3333,12.651,9.3333,12.651,0.25,0.2193,0.5,0.1,19.9824,LOW,high_cluster_chargeback_rate|high_disputed_amount_ratio|temporal_concentration,"Investigation candidate due to: high_cluster_chargeback_rate, high_disputed_amount_ratio, temporal_concentration. Cluster involves 4 user(s) and 1 merchant(s) with 4 transaction(s), chargeback rate 25.0%, disputed amount ratio 21.9%."
CLU00011,9,2,10,102793.21,2,2,1919.56,4.2963,26.3952,21.3333,29.6422,0.2,0.0187,0.2,0.1,19.9697,LOW,elevated_avg_merchant_risk|high_cluster_chargeback_rate,"Investigation candidate due to: elevated_avg_merchant_risk, high_cluster_chargeback_rate. Cluster involves 9 user(s) and 2 merchant(s) with 10 transaction(s), chargeback rate 20.0%, disputed amount ratio 1.9%."
CLU00464,2,1,2,27074.69,1,1,0.0,4.6667,7.7778,9.3333,7.7778,0.5,0.0,0.5,0.1,19.8889,LOW,high_cluster_chargeback_rate|temporal_concentration,"Investigation candidate due to: high_cluster_chargeback_rate, temporal_concentration. Cluster involves 2 user(s) and 1 merchant(s) with 2 transaction(s), chargeback rate 50.0%, disputed amount ratio 0.0%."
CLU00362,2,1,2,35688.43,1,1,0.0,4.6667,7.7778,9.3333,7.7778,0.5,0.0,0.5,0.1,19.8889,LOW,high_cluster_chargeback_rate|temporal_concentration,"Investigation candidate due to: high_cluster_chargeback_rate, temporal_concentration. Cluster involves 2 user(s) and 1 merchant(s) with 2 transaction(s), chargeback rate 50.0%, disputed amount ratio 0.0%."
CLU00467,2,1,2,36704.53,1,1,0.0,4.6667,7.7778,9.3333,7.7778,0.5,0.0,0.5,0.1,19.8889,LOW,high_cluster_chargeback_rate|temporal_concentration,"Investigation candidate due to: high_cluster_chargeback_rate, temporal_concentration. Cluster involves 2 user(s) and 1 merchant(s) with 2 transaction(s), chargeback rate 50.0%, disputed amount ratio 0.0%."
CLU00475,2,1,2,26276.11,1,1,0.0,4.6667,7.7778,9.3333,7.7778,0.5,0.0,0.5,0.1,19.8889,LOW,high_cluster_chargeback_rate|temporal_concentration,"Investigation candidate due to: high_cluster_chargeback_rate, temporal_concentration. Cluster involves 2 user(s) and 1 merchant(s) with 2 transaction(s), chargeback rate 50.0%, disputed amount ratio 0.0%."
CLU00544,2,1,2,45685.09,1,1,0.0,4.6667,7.7778,9.3333,7.7778,0.5,0.0,0.5,0.1,19.8889,LOW,high_cluster_chargeback_rate|temporal_concentration,"Investigation candidate due to: high_cluster_chargeback_rate, temporal_concentration. Cluster involves 2 user(s) and 1 merchant(s) with 2 transaction(s), chargeback rate 50.0%, disputed amount ratio 0.0%."
CLU00381,2,1,2,33471.77,1,1,0.0,4.6667,7.7778,9.3333,7.7778,0.5,0.0,0.5,0.1,19.8889,LOW,high_cluster_chargeback_rate|temporal_concentration,"Investigation candidate due to: high_cluster_chargeback_rate, temporal_concentration. Cluster involves 2 user(s) and 1 merchant(s) with 2 transaction(s), chargeback rate 50.0%, disputed amount ratio 0.0%."
CLU00564,2,1,2,14898.15,2,1,-47.51,4.6667,7.7778,9.3333,7.7778,0.5,-0.0032,0.5,0.1,19.8411,LOW,high_cluster_chargeback_rate|temporal_concentration,"Investigation candidate due to: high_cluster_chargeback_rate, temporal_concentration. Cluster involves 2 user(s) and 1 merchant(s) with 2 transaction(s), chargeback rate 50.0%, disputed amount ratio -0.3%."
CLU00072,5,1,5,40301.88,1,1,455.59,4.0,28.0918,13.3333,28.0918,0.2,0.0113,0.2,0.1,19.8109,LOW,elevated_avg_merchant_risk|high_cluster_chargeback_rate,"Investigation candidate due to: elevated_avg_merchant_risk, high_cluster_chargeback_rate. Cluster involves 5 user(s) and 1 merchant(s) with 5 transaction(s), chargeback rate 20.0%, disputed amount ratio 1.1%."
CLU00048,5,1,5,64304.45,1,1,4232.74,2.6667,26.2729,13.3333,26.2729,0.2,0.0658,0.2,0.1,19.8101,LOW,elevated_avg_merchant_risk|high_cluster_chargeback_rate,"Investigation candidate due to: elevated_avg_merchant_risk, high_cluster_chargeback_rate. Cluster involves 5 user(s) and 1 merchant(s) with 5 transaction(s), chargeback rate 20.0%, disputed amount ratio 6.6%."
CLU00156,3,1,3,50122.6,1,1,11640.86,3.1111,11.6486,9.3333,11.6486,0.3333,0.2322,0.3333,0.1,19.7252,LOW,high_cluster_chargeback_rate|high_disputed_amount_ratio,"Investigation candidate due to: high_cluster_chargeback_rate, high_disputed_amount_ratio. Cluster involves 3 user(s) and 1 merchant(s) with 3 transaction(s), chargeback rate 33.3%, disputed amount ratio 23.2%."
CLU00060,5,1,5,63310.47,1,1,381.32,3.4667,27.9451,13.3333,27.9451,0.2,0.006,0.2,0.1,19.6656,LOW,elevated_avg_merchant_risk|high_cluster_chargeback_rate,"Investigation candidate due to: elevated_avg_merchant_risk, high_cluster_chargeback_rate. Cluster involves 5 user(s) and 1 merchant(s) with 5 transaction(s), chargeback rate 20.0%, disputed amount ratio 0.6%."
CLU00034,6,1,6,101216.96,2,1,7245.79,3.3333,27.9144,13.3333,27.9144,0.1667,0.0716,0.1667,0.1,19.6356,LOW,elevated_avg_merchant_risk|high_cluster_chargeback_rate,"Investigation candidate due to: elevated_avg_merchant_risk, high_cluster_chargeback_rate. Cluster involves 6 user(s) and 1 merchant(s) with 6 transaction(s), chargeback rate 16.7%, disputed amount ratio 7.2%."
CLU00283,2,1,2,22263.15,1,1,-2850.55,6.6667,11.1111,13.3333,11.1111,0.5,-0.128,0.5,0.1,19.635,LOW,high_cluster_chargeback_rate|temporal_concentration,"Investigation candidate due to: high_cluster_chargeback_rate, temporal_concentration. Cluster involves 2 user(s) and 1 merchant(s) with 2 transaction(s), chargeback rate 50.0%, disputed amount ratio -12.8%."
CLU00074,5,1,5,60292.52,1,1,3352.04,2.6667,25.9888,13.3333,25.9888,0.2,0.0556,0.2,0.1,19.5289,LOW,elevated_avg_merchant_risk|high_cluster_chargeback_rate,"Investigation candidate due to: elevated_avg_merchant_risk, high_cluster_chargeback_rate. Cluster involves 5 user(s) and 1 merchant(s) with 5 transaction(s), chargeback rate 20.0%, disputed amount ratio 5.6%."
CLU00248,2,1,2,29215.13,1,1,-728.36,4.6667,7.7778,9.3333,7.7778,0.5,-0.0249,0.5,0.1,19.5149,LOW,high_cluster_chargeback_rate|temporal_concentration,"Investigation candidate due to: high_cluster_chargeback_rate, temporal_concentration. Cluster involves 2 user(s) and 1 merchant(s) with 2 transaction(s), chargeback rate 50.0%, disputed amount ratio -2.5%."
CLU00039,5,2,6,37348.56,2,1,13428.48,4.5333,12.7422,9.3333,22.1511,0.1667,0.3595,0.1667,0.1,19.4797,LOW,high_cluster_chargeback_rate|high_disputed_amount_ratio,"Investigation candidate due to: high_cluster_chargeback_rate, high_disputed_amount_ratio. Cluster involves 5 user(s) and 2 merchant(s) with 6 transaction(s), chargeback rate 16.7%, disputed amount ratio 36.0%."
CLU00052,5,1,5,81908.78,1,1,4363.55,2.6667,25.9243,13.3333,25.9243,0.2,0.0533,0.2,0.1,19.465,LOW,elevated_avg_merchant_risk|high_cluster_chargeback_rate,"Investigation candidate due to: elevated_avg_merchant_risk, high_cluster_chargeback_rate. Cluster involves 5 user(s) and 1 merchant(s) with 5 transaction(s), chargeback rate 20.0%, disputed amount ratio 5.3%."
CLU00367,2,1,2,42042.34,1,1,-1274.02,4.6667,7.7778,9.3333,7.7778,0.5,-0.0303,0.5,0.1,19.4343,LOW,high_cluster_chargeback_rate|temporal_concentration,"Investigation candidate due to: high_cluster_chargeback_rate, temporal_concentration. Cluster involves 2 user(s) and 1 merchant(s) with 2 transaction(s), chargeback rate 50.0%, disputed amount ratio -3.0%."
CLU00076,5,1,5,81133.25,1,1,4219.82,2.6667,25.8892,13.3333,25.8892,0.2,0.052,0.2,0.1,19.4303,LOW,elevated_avg_merchant_risk|high_cluster_chargeback_rate,"Investigation candidate due to: elevated_avg_merchant_risk, high_cluster_chargeback_rate. Cluster involves 5 user(s) and 1 merchant(s) with 5 transaction(s), chargeback rate 20.0%, disputed amount ratio 5.2%."
CLU00315,2,1,2,35344.6,1,1,-1084.65,4.6667,7.7778,9.3333,7.7778,0.5,-0.0307,0.5,0.1,19.4286,LOW,high_cluster_chargeback_rate|temporal_concentration,"Investigation candidate due to: high_cluster_chargeback_rate, temporal_concentration. Cluster involves 2 user(s) and 1 merchant(s) with 2 transaction(s), chargeback rate 50.0%, disputed amount ratio -3.1%."
CLU00047,5,1,5,36461.09,1,1,1850.41,2.6667,25.8542,13.3333,25.8542,0.2,0.0508,0.2,0.1,19.3956,LOW,elevated_avg_merchant_risk|high_cluster_chargeback_rate,"Investigation candidate due to: elevated_avg_merchant_risk, high_cluster_chargeback_rate. Cluster involves 5 user(s) and 1 merchant(s) with 5 transaction(s), chargeback rate 20.0%, disputed amount ratio 5.1%."
CLU00241,2,1,2,17978.42,1,1,-604.81,4.6667,7.7778,9.3333,7.7778,0.5,-0.0336,0.5,0.1,19.3843,LOW,high_cluster_chargeback_rate|temporal_concentration,"Investigation candidate due to: high_cluster_chargeback_rate, temporal_concentration. Cluster involves 2 user(s) and 1 merchant(s) with 2 transaction(s), chargeback rate 50.0%, disputed amount ratio -3.4%."
CLU00182,3,1,3,42002.92,1,1,9117.57,3.1111,11.3956,9.3333,11.3956,0.3333,0.2171,0.3333,0.1,19.3837,LOW,high_cluster_chargeback_rate|high_disputed_amount_ratio,"Investigation candidate due to: high_cluster_chargeback_rate, high_disputed_amount_ratio. Cluster involves 3 user(s) and 1 merchant(s) with 3 transaction(s), chargeback rate 33.3%, disputed amount ratio 21.7%."
CLU00044,5,1,5,53878.19,1,1,1202.2,3.7333,26.7539,13.3333,26.7539,0.2,0.0223,0.2,0.1,19.3739,LOW,elevated_avg_merchant_risk|high_cluster_chargeback_rate,"Investigation candidate due to: elevated_avg_merchant_risk, high_cluster_chargeback_rate. Cluster involves 5 user(s) and 1 merchant(s) with 5 transaction(s), chargeback rate 20.0%, disputed amount ratio 2.2%."
CLU00434,2,1,2,15629.36,1,1,-2284.5,6.6667,11.1111,13.3333,11.1111,0.5,-0.1462,0.5,0.1,19.363,LOW,high_cluster_chargeback_rate|temporal_concentration,"Investigation candidate due to: high_cluster_chargeback_rate, temporal_concentration. Cluster involves 2 user(s) and 1 merchant(s) with 2 transaction(s), chargeback rate 50.0%, disputed amount ratio -14.6%."
CLU00272,2,1,2,12208.18,1,1,-443.81,4.6667,7.7778,9.3333,7.7778,0.5,-0.0364,0.5,0.1,19.3436,LOW,high_cluster_chargeback_rate|temporal_concentration,"Investigation candidate due to: high_cluster_chargeback_rate, temporal_concentration. Cluster involves 2 user(s) and 1 merchant(s) with 2 transaction(s), chargeback rate 50.0%, disputed amount ratio -3.6%."
CLU00142,4,1,4,61220.58,1,1,14197.19,3.3333,16.2645,9.3333,16.2645,0.25,0.2319,0.25,0.1,19.2976,LOW,high_cluster_chargeback_rate|high_disputed_amount_ratio,"Investigation candidate due to: high_cluster_chargeback_rate, high_disputed_amount_ratio. Cluster involves 4 user(s) and 1 merchant(s) with 4 transaction(s), chargeback rate 25.0%, disputed amount ratio 23.2%."
CLU00025,6,2,7,65943.95,2,2,21656.55,3.1111,13.7314,9.3333,13.8115,0.2857,0.3284,0.1429,0.1,19.2686,LOW,high_cluster_chargeback_rate|high_disputed_amount_ratio,"Investigation candidate due to: high_cluster_chargeback_rate, high_disputed_amount_ratio. Cluster involves 6 user(s) and 2 merchant(s) with 7 transaction(s), chargeback rate 28.6%, disputed amount ratio 32.8%."
CLU00008,9,4,12,173700.44,4,4,8687.72,6.8148,16.516,26.6667,21.5271,0.3333,0.05,0.0833,0.1,19.2198,LOW,elevated_max_user_risk|high_cluster_chargeback_rate,"Investigation candidate due to: elevated_max_user_risk, high_cluster_chargeback_rate. Cluster involves 9 user(s) and 4 merchant(s) with 12 transaction(s), chargeback rate 33.3%, disputed amount ratio 5.0%."
CLU00435,2,1,2,32970.06,1,1,-1503.93,4.6667,7.7778,9.3333,7.7778,0.5,-0.0456,0.5,0.1,19.2047,LOW,high_cluster_chargeback_rate|temporal_concentration,"Investigation candidate due to: high_cluster_chargeback_rate, temporal_concentration. Cluster involves 2 user(s) and 1 merchant(s) with 2 transaction(s), chargeback rate 50.0%, disputed amount ratio -4.6%."
CLU00059,5,1,5,50918.52,1,1,2179.89,2.6667,25.6336,13.3333,25.6336,0.2,0.0428,0.2,0.1,19.1773,LOW,elevated_avg_merchant_risk|high_cluster_chargeback_rate,"Investigation candidate due to: elevated_avg_merchant_risk, high_cluster_chargeback_rate. Cluster involves 5 user(s) and 1 merchant(s) with 5 transaction(s), chargeback rate 20.0%, disputed amount ratio 4.3%."
CLU00161,3,1,3,47350.67,1,1,9827.0,3.1111,11.2367,9.3333,11.2367,0.3333,0.2075,0.3333,0.1,19.1692,LOW,high_cluster_chargeback_rate|high_disputed_amount_ratio,"Investigation candidate due to: high_cluster_chargeback_rate, high_disputed_amount_ratio. Cluster involves 3 user(s) and 1 merchant(s) with 3 transaction(s), chargeback rate 33.3%, disputed amount ratio 20.8%."
CLU00162,3,1,3,28438.35,1,1,5873.9,3.1111,11.2203,9.3333,11.2203,0.3333,0.2065,0.3333,0.1,19.147,LOW,high_cluster_chargeback_rate|high_disputed_amount_ratio,"Investigation candidate due to: high_cluster_chargeback_rate, high_disputed_amount_ratio. Cluster involves 3 user(s) and 1 merchant(s) with 3 transaction(s), chargeback rate 33.3%, disputed amount ratio 20.7%."
CLU00064,5,1,5,73381.71,1,1,2264.22,3.2,25.8776,13.3333,25.8776,0.2,0.0309,0.2,0.1,19.1078,LOW,elevated_avg_merchant_risk|high_cluster_chargeback_rate,"Investigation candidate due to: elevated_avg_merchant_risk, high_cluster_chargeback_rate. Cluster involves 5 user(s) and 1 merchant(s) with 5 transaction(s), chargeback rate 20.0%, disputed amount ratio 3.1%."
CLU00046,5,1,5,65393.54,1,1,2485.28,3.2,25.5001,13.3333,25.5001,0.2,0.038,0.2,0.1,19.0451,LOW,elevated_avg_merchant_risk|high_cluster_chargeback_rate,"Investigation candidate due to: elevated_avg_merchant_risk, high_cluster_chargeback_rate. Cluster involves 5 user(s) and 1 merchant(s) with 5 transaction(s), chargeback rate 20.0%, disputed amount ratio 3.8%."
CLU00129,3,2,4,73520.14,1,1,8720.88,8.8889,10.3774,26.6667,20.7547,0.25,0.1186,0.25,0.1,19.0214,LOW,elevated_max_user_risk|high_cluster_chargeback_rate,"Investigation candidate due to: elevated_max_user_risk, high_cluster_chargeback_rate. Cluster involves 3 user(s) and 2 merchant(s) with 4 transaction(s), chargeback rate 25.0%, disputed amount ratio 11.9%."
CLU00213,2,1,2,21882.84,1,1,-1382.96,4.6667,7.7778,9.3333,7.7778,0.5,-0.0632,0.5,0.1,18.9409,LOW,high_cluster_chargeback_rate|temporal_concentration,"Investigation candidate due to: high_cluster_chargeback_rate, temporal_concentration. Cluster involves 2 user(s) and 1 merchant(s) with 2 transaction(s), chargeback rate 50.0%, disputed amount ratio -6.3%."
CLU00054,5,1,5,94599.8,1,1,3164.0,2.6667,25.3735,13.3333,25.3735,0.2,0.0334,0.2,0.1,18.9198,LOW,elevated_avg_merchant_risk|high_cluster_chargeback_rate,"Investigation candidate due to: elevated_avg_merchant_risk, high_cluster_chargeback_rate. Cluster involves 5 user(s) and 1 merchant(s) with 5 transaction(s), chargeback rate 20.0%, disputed amount ratio 3.3%."
CLU00029,6,1,6,96319.87,1,1,3127.19,3.3333,27.5208,13.3333,27.5208,0.1667,0.0325,0.1667,0.1,18.8717,LOW,elevated_avg_merchant_risk|high_cluster_chargeback_rate,"Investigation candidate due to: elevated_avg_merchant_risk, high_cluster_chargeback_rate. Cluster involves 6 user(s) and 1 merchant(s) with 6 transaction(s), chargeback rate 16.7%, disputed amount ratio 3.2%."
CLU00515,2,1,2,37745.49,1,1,-2640.42,4.6667,7.7778,9.3333,7.7778,0.5,-0.07,0.5,0.1,18.8396,LOW,high_cluster_chargeback_rate|temporal_concentration,"Investigation candidate due to: high_cluster_chargeback_rate, temporal_concentration. Cluster involves 2 user(s) and 1 merchant(s) with 2 transaction(s), chargeback rate 50.0%, disputed amount ratio -7.0%."
CLU00177,3,1,3,36120.94,1,1,465.76,3.1111,7.9927,9.3333,7.9927,0.3333,0.0129,0.6667,0.1,18.459,LOW,high_cluster_chargeback_rate|temporal_concentration,"Investigation candidate due to: high_cluster_chargeback_rate, temporal_concentration. Cluster involves 3 user(s) and 1 merchant(s) with 3 transaction(s), chargeback rate 33.3%, disputed amount ratio 1.3%."
CLU00443,2,1,2,15300.38,1,1,-1478.88,4.6667,7.7778,9.3333,7.7778,0.5,-0.0967,0.5,0.1,18.439,LOW,high_cluster_chargeback_rate|temporal_concentration,"Investigation candidate due to: high_cluster_chargeback_rate, temporal_concentration. Cluster involves 2 user(s) and 1 merchant(s) with 2 transaction(s), chargeback rate 50.0%, disputed amount ratio -9.7%."
CLU00098,4,1,4,39908.42,1,1,1486.0,5.0,15.2719,9.3333,15.2719,0.25,0.0372,0.5,0.1,18.4309,LOW,high_cluster_chargeback_rate|temporal_concentration,"Investigation candidate due to: high_cluster_chargeback_rate, temporal_concentration. Cluster involves 4 user(s) and 1 merchant(s) with 4 transaction(s), chargeback rate 25.0%, disputed amount ratio 3.7%."
CLU00203,3,1,3,42639.03,1,1,237.88,3.1111,7.8708,9.3333,7.8708,0.3333,0.0056,0.6667,0.1,18.3248,LOW,high_cluster_chargeback_rate|temporal_concentration,"Investigation candidate due to: high_cluster_chargeback_rate, temporal_concentration. Cluster involves 3 user(s) and 1 merchant(s) with 3 transaction(s), chargeback rate 33.3%, disputed amount ratio 0.6%."
CLU00396,2,1,2,17694.58,1,1,-4925.7,6.6667,14.4444,13.3333,14.4444,0.5,-0.2784,0.5,0.1,18.3244,LOW,high_cluster_chargeback_rate|temporal_concentration,"Investigation candidate due to: high_cluster_chargeback_rate, temporal_concentration. Cluster involves 2 user(s) and 1 merchant(s) with 2 transaction(s), chargeback rate 50.0%, disputed amount ratio -27.8%."
CLU00420,2,1,2,13558.56,1,1,-3807.76,6.6667,14.4444,13.3333,14.4444,0.5,-0.2808,0.5,0.1,18.2874,LOW,high_cluster_chargeback_rate|temporal_concentration,"Investigation candidate due to: high_cluster_chargeback_rate, temporal_concentration. Cluster involves 2 user(s) and 1 merchant(s) with 2 transaction(s), chargeback rate 50.0%, disputed amount ratio -28.1%."
CLU00032,5,2,6,46049.0,1,1,10313.56,3.2,10.3308,12.0,20.6615,0.1667,0.224,0.3333,0.1,18.2574,LOW,high_cluster_chargeback_rate|high_disputed_amount_ratio,"Investigation candidate due to: high_cluster_chargeback_rate, high_disputed_amount_ratio. Cluster involves 5 user(s) and 2 merchant(s) with 6 transaction(s), chargeback rate 16.7%, disputed amount ratio 22.4%."
CLU00264,2,1,2,20189.25,1,1,-5341.0,8.0,11.1111,16.0,11.1111,0.5,-0.2645,0.5,0.1,18.254,LOW,high_cluster_chargeback_rate|temporal_concentration,"Investigation candidate due to: high_cluster_chargeback_rate, temporal_concentration. Cluster involves 2 user(s) and 1 merchant(s) with 2 transaction(s), chargeback rate 50.0%, disputed amount ratio -26.5%."
CLU00113,4,1,4,53650.33,1,1,4547.87,3.3333,12.9949,9.3333,12.9949,0.25,0.0848,0.5,0.1,18.1192,LOW,high_cluster_chargeback_rate|temporal_concentration,"Investigation candidate due to: high_cluster_chargeback_rate, temporal_concentration. Cluster involves 4 user(s) and 1 merchant(s) with 4 transaction(s), chargeback rate 25.0%, disputed amount ratio 8.5%."
CLU00415,2,1,2,32520.74,1,1,-6262.28,6.6667,11.1111,9.3333,11.1111,0.5,-0.1926,0.5,0.1,18.1116,LOW,high_cluster_chargeback_rate|temporal_concentration,"Investigation candidate due to: high_cluster_chargeback_rate, temporal_concentration. Cluster involves 2 user(s) and 1 merchant(s) with 2 transaction(s), chargeback rate 50.0%, disputed amount ratio -19.3%."
CLU00023,5,3,7,57688.3,1,1,12194.3,4.0,8.3639,17.3333,25.0918,0.1429,0.2114,0.2857,0.1,17.8306,LOW,high_cluster_chargeback_rate|high_disputed_amount_ratio,"Investigation candidate due to: high_cluster_chargeback_rate, high_disputed_amount_ratio. Cluster involves 5 user(s) and 3 merchant(s) with 7 transaction(s), chargeback rate 14.3%, disputed amount ratio 21.1%."
CLU00569,1,2,2,20794.6,1,1,-3415.3,9.3333,3.8889,9.3333,7.7778,0.5,-0.1642,0.5,0.1,17.7364,LOW,high_cluster_chargeback_rate|temporal_concentration,"Investigation candidate due to: high_cluster_chargeback_rate, temporal_concentration. Cluster involves 1 user(s) and 2 merchant(s) with 2 transaction(s), chargeback rate 50.0%, disputed amount ratio -16.4%."
CLU00101,4,1,4,34282.37,1,1,1722.0,3.3333,12.2273,9.3333,12.2273,0.25,0.0502,0.5,0.1,17.2557,LOW,high_cluster_chargeback_rate|temporal_concentration,"Investigation candidate due to: high_cluster_chargeback_rate, temporal_concentration. Cluster involves 4 user(s) and 1 merchant(s) with 4 transaction(s), chargeback rate 25.0%, disputed amount ratio 5.0%."
CLU00141,4,1,4,28311.18,1,1,2366.0,3.6667,9.6349,12.0,9.6349,0.25,0.0836,0.5,0.1,17.1806,LOW,high_cluster_chargeback_rate|temporal_concentration,"Investigation candidate due to: high_cluster_chargeback_rate, temporal_concentration. Cluster involves 4 user(s) and 1 merchant(s) with 4 transaction(s), chargeback rate 25.0%, disputed amount ratio 8.4%."
CLU00006,10,5,14,175590.33,5,3,35424.31,3.0667,9.0269,18.6667,21.6929,0.2143,0.2017,0.1429,0.1,16.9695,LOW,high_cluster_chargeback_rate|high_disputed_amount_ratio,"Investigation candidate due to: high_cluster_chargeback_rate, high_disputed_amount_ratio. Cluster involves 10 user(s) and 5 merchant(s) with 14 transaction(s), chargeback rate 21.4%, disputed amount ratio 20.2%."
CLU00573,1,1,1,3809.97,1,1,-2911.37,16.0,11.1111,16.0,11.1111,1.0,-0.7641,0.0,0.1,16.7378,LOW,elevated_avg_user_risk|high_cluster_chargeback_rate,"Investigation candidate due to: elevated_avg_user_risk, high_cluster_chargeback_rate. Cluster involves 1 user(s) and 1 merchant(s) with 1 transaction(s), chargeback rate 100.0%, disputed amount ratio -76.4%."
CLU00352,2,1,2,14321.96,1,1,-3106.54,4.6667,7.7778,9.3333,7.7778,0.5,-0.2169,0.5,0.1,16.6353,LOW,high_cluster_chargeback_rate|temporal_concentration,"Investigation candidate due to: high_cluster_chargeback_rate, temporal_concentration. Cluster involves 2 user(s) and 1 merchant(s) with 2 transaction(s), chargeback rate 50.0%, disputed amount ratio -21.7%."
CLU00016,6,3,8,90364.92,1,1,19778.02,2.8889,8.9862,17.3333,26.9586,0.125,0.2189,0.125,0.1,16.5699,LOW,high_cluster_chargeback_rate|high_disputed_amount_ratio,"Investigation candidate due to: high_cluster_chargeback_rate, high_disputed_amount_ratio. Cluster involves 6 user(s) and 3 merchant(s) with 8 transaction(s), chargeback rate 12.5%, disputed amount ratio 21.9%."
CLU00015,7,3,9,74641.07,2,2,813.4,4.9524,10.0215,25.3333,26.7311,0.2222,0.0109,0.2222,0.1,16.517,LOW,elevated_max_user_risk|high_cluster_chargeback_rate,"Investigation candidate due to: elevated_max_user_risk, high_cluster_chargeback_rate. Cluster involves 7 user(s) and 3 merchant(s) with 9 transaction(s), chargeback rate 22.2%, disputed amount ratio 1.1%."
CLU00009,9,3,11,122506.65,2,2,551.59,4.5926,11.975,26.6667,18.1473,0.1818,0.0045,0.2727,0.1,16.4926,LOW,elevated_max_user_risk|high_cluster_chargeback_rate,"Investigation candidate due to: elevated_max_user_risk, high_cluster_chargeback_rate. Cluster involves 9 user(s) and 3 merchant(s) with 11 transaction(s), chargeback rate 18.2%, disputed amount ratio 0.5%."
CLU00078,4,1,4,74089.97,1,1,448.0,3.3333,11.4202,9.3333,11.4202,0.25,0.006,0.5,0.1,16.2298,LOW,high_cluster_chargeback_rate|temporal_concentration,"Investigation candidate due to: high_cluster_chargeback_rate, temporal_concentration. Cluster involves 4 user(s) and 1 merchant(s) with 4 transaction(s), chargeback rate 25.0%, disputed amount ratio 0.6%."
CLU00018,5,4,8,90400.9,2,2,3035.04,6.1333,8.4207,26.6667,18.7427,0.25,0.0336,0.125,0.1,16.1044,LOW,elevated_max_user_risk|high_cluster_chargeback_rate,"Investigation candidate due to: elevated_max_user_risk, high_cluster_chargeback_rate. Cluster involves 5 user(s) and 4 merchant(s) with 8 transaction(s), chargeback rate 25.0%, disputed amount ratio 3.4%."
CLU00215,2,1,2,8421.42,1,1,-3662.83,8.0,14.4444,13.3333,14.4444,0.5,-0.4349,0.5,0.1,15.9759,LOW,high_cluster_chargeback_rate|temporal_concentration,"Investigation candidate due to: high_cluster_chargeback_rate, temporal_concentration. Cluster involves 2 user(s) and 1 merchant(s) with 2 transaction(s), chargeback rate 50.0%, disputed amount ratio -43.5%."
CLU00036,5,2,6,52657.47,1,1,13495.0,3.2,8.757,13.3333,17.514,0.1667,0.2563,0.1667,0.1,15.9744,LOW,high_cluster_chargeback_rate|high_disputed_amount_ratio,"Investigation candidate due to: high_cluster_chargeback_rate, high_disputed_amount_ratio. Cluster involves 5 user(s) and 2 merchant(s) with 6 transaction(s), chargeback rate 16.7%, disputed amount ratio 25.6%."
CLU00013,7,3,9,91113.39,2,2,1823.69,6.0952,8.7872,29.3333,14.8513,0.2222,0.02,0.1111,0.1,15.9465,LOW,elevated_max_user_risk|high_cluster_chargeback_rate,"Investigation candidate due to: elevated_max_user_risk, high_cluster_chargeback_rate. Cluster involves 7 user(s) and 3 merchant(s) with 9 transaction(s), chargeback rate 22.2%, disputed amount ratio 2.0%."
CLU00110,4,1,4,51570.92,1,1,2069.43,3.0,8.6695,9.3333,8.6695,0.25,0.0401,0.5,0.1,15.6692,LOW,high_cluster_chargeback_rate|temporal_concentration,"Investigation candidate due to: high_cluster_chargeback_rate, temporal_concentration. Cluster involves 4 user(s) and 1 merchant(s) with 4 transaction(s), chargeback rate 25.0%, disputed amount ratio 4.0%."
CLU00001,26,8,33,416426.55,5,5,10711.56,3.6923,9.0562,33.3333,28.1784,0.1515,0.0257,0.0909,0.1,15.4697,LOW,elevated_max_user_risk|high_cluster_chargeback_rate,"Investigation candidate due to: elevated_max_user_risk, high_cluster_chargeback_rate. Cluster involves 26 user(s) and 8 merchant(s) with 33 transaction(s), chargeback rate 15.2%, disputed amount ratio 2.6%."
CLU00045,4,2,5,99044.92,1,1,1644.04,6.3333,9.0885,25.3333,14.8438,0.2,0.0166,0.2,0.1,15.4,LOW,elevated_max_user_risk|high_cluster_chargeback_rate,"Investigation candidate due to: elevated_max_user_risk, high_cluster_chargeback_rate. Cluster involves 4 user(s) and 2 merchant(s) with 5 transaction(s), chargeback rate 20.0%, disputed amount ratio 1.7%."
CLU00033,4,3,6,49417.06,1,1,9937.63,2.3333,4.8887,9.3333,14.666,0.1667,0.2011,0.3333,0.1,15.327,LOW,high_cluster_chargeback_rate|high_disputed_amount_ratio,"Investigation candidate due to: high_cluster_chargeback_rate, high_disputed_amount_ratio. Cluster involves 4 user(s) and 3 merchant(s) with 6 transaction(s), chargeback rate 16.7%, disputed amount ratio 20.1%."
CLU00014,7,3,9,78733.79,2,2,-557.38,3.8095,11.0376,26.6667,22.0016,0.2222,-0.0071,0.1111,0.1,15.3234,LOW,elevated_max_user_risk|high_cluster_chargeback_rate,"Investigation candidate due to: elevated_max_user_risk, high_cluster_chargeback_rate. Cluster involves 7 user(s) and 3 merchant(s) with 9 transaction(s), chargeback rate 22.2%, disputed amount ratio -0.7%."
CLU00020,6,2,7,123846.38,1,1,1426.02,4.4444,14.4231,26.6667,25.5128,0.1429,0.0115,0.1429,0.1,15.0101,LOW,elevated_max_user_risk|high_cluster_chargeback_rate,"Investigation candidate due to: elevated_max_user_risk, high_cluster_chargeback_rate. Cluster involves 6 user(s) and 2 merchant(s) with 7 transaction(s), chargeback rate 14.3%, disputed amount ratio 1.2%."
CLU00109,4,1,4,72005.99,1,1,358.42,2.3333,7.8884,9.3333,7.8884,0.25,0.005,0.5,0.1,14.9857,LOW,high_cluster_chargeback_rate|temporal_concentration,"Investigation candidate due to: high_cluster_chargeback_rate, temporal_concentration. Cluster involves 4 user(s) and 1 merchant(s) with 4 transaction(s), chargeback rate 25.0%, disputed amount ratio 0.5%."
CLU00007,11,4,14,150398.89,2,2,-244.97,3.7576,13.8889,25.3333,27.7778,0.1429,-0.0016,0.1429,0.1,14.9839,LOW,elevated_max_user_risk|high_cluster_chargeback_rate,"Investigation candidate due to: elevated_max_user_risk, high_cluster_chargeback_rate. Cluster involves 11 user(s) and 4 merchant(s) with 14 transaction(s), chargeback rate 14.3%, disputed amount ratio -0.2%."
CLU00134,3,2,4,59246.57,1,1,2554.87,3.1111,4.4953,9.3333,8.9906,0.25,0.0431,0.5,0.1,14.8792,LOW,high_cluster_chargeback_rate|temporal_concentration,"Investigation candidate due to: high_cluster_chargeback_rate, temporal_concentration. Cluster involves 3 user(s) and 2 merchant(s) with 4 transaction(s), chargeback rate 25.0%, disputed amount ratio 4.3%."
CLU00002,23,9,31,421086.68,5,5,12031.84,4.1159,7.6081,25.3333,30.408,0.1613,0.0286,0.0968,0.1,14.746,LOW,elevated_max_user_risk|high_cluster_chargeback_rate,"Investigation candidate due to: elevated_max_user_risk, high_cluster_chargeback_rate. Cluster involves 23 user(s) and 9 merchant(s) with 31 transaction(s), chargeback rate 16.1%, disputed amount ratio 2.9%."
CLU00004,14,6,19,248690.98,4,4,4117.01,5.0476,9.0854,25.3333,25.3395,0.2105,0.0166,0.1053,0.1,14.6638,LOW,elevated_max_user_risk|high_cluster_chargeback_rate,"Investigation candidate due to: elevated_max_user_risk, high_cluster_chargeback_rate. Cluster involves 14 user(s) and 6 merchant(s) with 19 transaction(s), chargeback rate 21.1%, disputed amount ratio 1.7%."
CLU00120,3,2,4,69845.87,1,1,2260.38,4.0,4.1939,9.3333,8.3877,0.25,0.0324,0.5,0.1,14.6575,LOW,high_cluster_chargeback_rate|temporal_concentration,"Investigation candidate due to: high_cluster_chargeback_rate, temporal_concentration. Cluster involves 3 user(s) and 2 merchant(s) with 4 transaction(s), chargeback rate 25.0%, disputed amount ratio 3.2%."
CLU00090,4,1,4,37168.55,1,1,-1120.78,3.0,7.7778,9.3333,7.7778,0.25,-0.0302,0.5,0.1,14.4366,LOW,high_cluster_chargeback_rate|temporal_concentration,"Investigation candidate due to: high_cluster_chargeback_rate, temporal_concentration. Cluster involves 4 user(s) and 1 merchant(s) with 4 transaction(s), chargeback rate 25.0%, disputed amount ratio -3.0%."
CLU00084,3,2,4,49158.69,1,1,799.39,4.0,4.1157,9.3333,8.2314,0.25,0.0163,0.5,0.1,14.4004,LOW,high_cluster_chargeback_rate|temporal_concentration,"Investigation candidate due to: high_cluster_chargeback_rate, temporal_concentration. Cluster involves 3 user(s) and 2 merchant(s) with 4 transaction(s), chargeback rate 25.0%, disputed amount ratio 1.6%."
CLU00005,14,5,18,244600.97,3,3,11612.81,3.5238,6.8785,25.3333,19.881,0.1667,0.0475,0.1111,0.1,13.8655,LOW,elevated_max_user_risk|high_cluster_chargeback_rate,"Investigation candidate due to: elevated_max_user_risk, high_cluster_chargeback_rate. Cluster involves 14 user(s) and 5 merchant(s) with 18 transaction(s), chargeback rate 16.7%, disputed amount ratio 4.7%."
CLU00278,2,1,2,25761.4,2,1,-11544.45,6.0,7.7778,12.0,7.7778,0.5,-0.4481,0.5,0.1,13.8336,LOW,high_cluster_chargeback_rate|temporal_concentration,"Investigation candidate due to: high_cluster_chargeback_rate, temporal_concentration. Cluster involves 2 user(s) and 1 merchant(s) with 2 transaction(s), chargeback rate 50.0%, disputed amount ratio -44.8%."
CLU00117,3,2,4,58031.6,1,1,-1898.31,3.1111,3.8889,9.3333,7.7778,0.25,-0.0327,0.5,0.1,13.6204,LOW,high_cluster_chargeback_rate|temporal_concentration,"Investigation candidate due to: high_cluster_chargeback_rate, temporal_concentration. Cluster involves 3 user(s) and 2 merchant(s) with 4 transaction(s), chargeback rate 25.0%, disputed amount ratio -3.3%."
CLU00003,14,7,20,275575.92,3,3,4680.32,2.5714,7.5781,26.6667,23.2104,0.15,0.017,0.1,0.1,13.437,LOW,elevated_max_user_risk|high_cluster_chargeback_rate,"Investigation candidate due to: elevated_max_user_risk, high_cluster_chargeback_rate. Cluster involves 14 user(s) and 7 merchant(s) with 20 transaction(s), chargeback rate 15.0%, disputed amount ratio 1.7%."
CLU00378,2,1,2,5362.7,1,1,-4809.04,6.6667,11.1111,13.3333,11.1111,0.5,-0.8968,0.5,0.1,8.1042,LOW,high_cluster_chargeback_rate|temporal_concentration,"Investigation candidate due to: high_cluster_chargeback_rate, temporal_concentration. Cluster involves 2 user(s) and 1 merchant(s) with 2 transaction(s), chargeback rate 50.0%, disputed amount ratio -89.7%."
