user_id_normalized,transaction_count,total_transaction_amount,successful_transaction_count,failed_transaction_count,chargeback_count,total_disputed_amount,avg_transaction_amount,kyc_status_clean,kyc_duplicate_entity_flag,kyc_match_flag
USR10001,1,1720.78,0,1,0.0,0.0,1720.78,VERIFIED,False,True
USR10006,1,8445.34,0,0,0.0,0.0,8445.34,,,False
USR10007,2,26773.33,2,0,0.0,0.0,13386.665,VERIFIED,False,True
USR10011,1,8691.46,1,0,0.0,0.0,8691.46,,,False
USR10012,1,11874.48,1,0,0.0,0.0,11874.48,,,False
USR10017,1,16402.16,1,0,0.0,0.0,16402.16,,,False
USR10027,1,18054.43,1,0,0.0,0.0,18054.43,KYC_DONE,False,True
USR10032,1,24876.37,0,1,0.0,0.0,24876.37,,,False
USR10035,1,13610.91,1,0,0.0,0.0,13610.91,,,False
USR10044,1,9096.65,1,0,0.0,0.0,9096.65,,,False
USR10046,1,1094.88,1,0,0.0,0.0,1094.88,VERIFIED,False,True
USR10055,1,13414.9,1,0,0.0,0.0,13414.9,,,False
USR10060,1,3756.23,0,1,0.0,0.0,3756.23,,,False
USR10061,1,5690.29,1,0,0.0,0.0,5690.29,,,False
USR10064,1,6814.96,1,0,0.0,0.0,6814.96,PENDING,False,True
USR10069,1,7005.63,1,0,0.0,0.0,7005.63,VERIFIED,False,True
USR10071,1,14301.02,0,0,1.0,9500.5,14301.02,,,False
USR10074,2,33670.72,1,1,0.0,0.0,16835.36,,,False
USR10075,1,6711.68,1,0,0.0,0.0,6711.68,,,False
USR10078,1,13714.99,1,0,0.0,0.0,13714.99,KYC_DONE,False,True
USR10082,1,22723.1,1,0,0.0,0.0,22723.1,,,False
USR10085,2,16240.68,1,0,0.0,0.0,8120.34,VERIFIED,False,True
USR10086,1,12874.26,1,0,1.0,6720.23,12874.26,REJECTED,False,True
USR10088,1,3809.97,1,0,1.0,-2911.37,3809.97,VERIFIED,True,True
USR10094,1,8987.24,1,0,0.0,0.0,8987.24,,,False
USR10100,1,20357.0,1,0,0.0,0.0,20357.0,VERIFIED,False,True
USR10104,1,18458.04,1,0,0.0,0.0,18458.04,,,False
USR10107,1,22698.19,0,1,0.0,0.0,22698.19,VERIFIED,False,True
USR10110,1,13924.46,1,0,0.0,0.0,13924.46,,,False
USR10111,1,18111.68,1,0,0.0,0.0,18111.68,,,False
USR10119,1,586.09,1,0,0.0,0.0,586.09,,,False
USR10125,1,10766.24,1,0,0.0,0.0,10766.24,,,False
USR10128,2,3275.9500000000007,1,1,0.0,0.0,1637.9750000000004,,,False
USR10134,1,1750.45,1,0,0.0,0.0,1750.45,,,False
USR10142,1,23295.4,1,0,0.0,0.0,23295.4,,,False
USR10143,2,14790.130000000001,2,0,0.0,0.0,7395.0650000000005,VERIFIED,False,True
USR10147,1,12485.3,0,1,0.0,0.0,12485.3,,,False
USR10156,1,4524.57,1,0,0.0,0.0,4524.57,,,False
USR10159,1,3524.93,1,0,0.0,0.0,3524.93,,,False
USR10160,1,13850.23,0,0,0.0,0.0,13850.23,,,False
USR10162,1,22520.0,0,1,0.0,0.0,22520.0,,,False
USR10168,1,12265.35,1,0,0.0,0.0,12265.35,UNDER REVIEW,False,True
USR10186,1,10108.71,1,0,0.0,0.0,10108.71,,,False
USR10190,2,32165.690000000002,0,2,0.0,0.0,16082.845000000001,,,False
USR10191,1,17880.97,1,0,1.0,-686.93,17880.97,,,False
USR10193,1,4545.0,1,0,0.0,0.0,4545.0,,,False
USR10195,1,6109.15,1,0,0.0,0.0,6109.15,KYC_DONE,False,True
USR10196,1,19600.08,1,0,0.0,0.0,19600.08,,,False
USR10197,1,7997.26,1,0,0.0,0.0,7997.26,,,False
USR10201,1,-22603.66,1,0,0.0,0.0,-22603.66,,,False
USR10207,1,13800.2,1,0,0.0,0.0,13800.2,REJECTED,False,True
USR10208,1,20901.14,1,0,0.0,0.0,20901.14,,,False
USR10226,1,21819.53,0,0,0.0,0.0,21819.53,,,False
USR10250,1,4861.88,1,0,0.0,0.0,4861.88,,,False
USR10255,1,5747.66,1,0,0.0,0.0,5747.66,,,False
USR10259,1,21451.3,1,0,0.0,0.0,21451.3,,,False
USR10261,1,3339.34,1,0,0.0,0.0,3339.34,VERIFIED,False,True
USR10264,1,12910.67,1,0,0.0,0.0,12910.67,PENDING,False,True
USR10270,1,8199.9,0,0,0.0,0.0,8199.9,,,False
USR10273,1,22701.38,1,0,0.0,0.0,22701.38,,,False
USR10276,1,22378.55,0,0,0.0,0.0,22378.55,,,False
USR10279,1,22194.96,1,0,1.0,721.17,22194.96,,,False
USR10286,1,12267.06,1,0,0.0,0.0,12267.06,,,False
USR10288,1,11412.83,0,0,0.0,0.0,11412.83,VERIFIED,True,True
USR10294,1,23537.44,1,0,0.0,0.0,23537.44,,,False
USR10295,1,18552.46,1,0,0.0,0.0,18552.46,,,False
USR10301,1,23384.2,0,1,0.0,0.0,23384.2,,,False
USR10303,1,10374.25,1,0,0.0,0.0,10374.25,,,False
USR10317,1,20149.58,1,0,1.0,-1382.96,20149.58,VERIFIED,False,True
USR10322,1,408.48,1,0,0.0,0.0,408.48,,,False
USR10325,1,7474.11,1,0,0.0,0.0,7474.11,,,False
USR10326,1,8343.09,1,0,0.0,0.0,8343.09,PENDING,True,True
USR10330,1,24348.78,1,0,0.0,0.0,24348.78,,,False
USR10342,1,12275.27,0,0,0.0,0.0,12275.27,KYC_DONE,False,True
USR10347,1,13643.61,1,0,0.0,0.0,13643.61,VERIFIED,False,True
USR10349,1,3044.34,1,0,0.0,0.0,3044.34,KYC_DONE,False,True
USR10352,2,22999.199999999997,2,0,1.0,592.68,11499.599999999999,,,False
USR10358,2,20071.96,2,0,0.0,0.0,10035.98,,,False
USR10363,1,5975.13,1,0,0.0,0.0,5975.13,VERIFIED,False,True
USR10364,2,21079.1,2,0,0.0,0.0,10539.55,,,False
USR10365,1,10346.98,1,0,1.0,4081.84,10346.98,,,False
USR10366,1,7052.81,1,0,0.0,0.0,7052.81,,,False
USR10369,1,8814.65,0,1,0.0,0.0,8814.65,VERIFIED,False,True
USR10373,1,16722.14,0,1,0.0,0.0,16722.14,,,False
USR10378,2,18720.120000000003,2,0,0.0,0.0,9360.060000000001,,,False
USR10382,1,1117.86,1,0,0.0,0.0,1117.86,VERIFIED,False,True
USR10385,1,10400.56,1,0,0.0,0.0,10400.56,,,False
USR10391,1,21550.55,1,0,1.0,2042.84,21550.55,,,False
USR10393,1,11108.38,1,0,0.0,0.0,11108.38,VERIFIED,False,True
USR10396,1,3323.03,1,0,0.0,0.0,3323.03,,,False
USR10400,2,34807.81,2,0,0.0,0.0,17403.905,,,False
USR10402,2,5293.51,2,0,1.0,1518.0,2646.755,,,False
USR10411,1,16376.64,0,0,0.0,0.0,16376.64,,,False
USR10415,1,20519.2,1,0,0.0,0.0,20519.2,VERIFIED,False,True
USR10421,1,11190.02,1,0,0.0,0.0,11190.02,,,False
USR10422,1,21578.95,1,0,0.0,0.0,21578.95,,,False
USR10428,1,23216.48,1,0,0.0,0.0,23216.48,,,False
USR10435,1,23559.16,1,0,0.0,0.0,23559.16,,,False
USR10436,1,18953.43,1,0,0.0,0.0,18953.43,VERIFIED,True,True
USR10437,1,13307.52,1,0,0.0,0.0,13307.52,,,False
USR10440,1,1314.1,1,0,0.0,0.0,1314.1,,,False
USR10441,1,18736.74,1,0,1.0,1327.87,18736.74,,,False
USR10446,1,14268.33,1,0,0.0,0.0,14268.33,VERIFIED,True,True
USR10448,1,8478.13,1,0,0.0,0.0,8478.13,VERIFIED,True,True
USR10449,1,5619.77,1,0,1.0,1819.68,5619.77,,,False
USR10452,1,310.0,1,0,0.0,0.0,310.0,,,False
USR10453,1,19466.04,1,0,0.0,0.0,19466.04,,,False
USR10459,1,16058.82,1,0,0.0,0.0,16058.82,,,False
USR10465,1,8173.69,1,0,1.0,1451.78,8173.69,,,False
USR10471,1,3515.72,1,0,1.0,529.68,3515.72,,,False
USR10473,1,9522.9,0,1,0.0,0.0,9522.9,,,False
USR10478,1,10158.0,1,0,0.0,0.0,10158.0,VERIFIED,False,True
USR10484,1,12842.92,1,0,0.0,0.0,12842.92,,,False
USR10485,1,4011.6,1,0,0.0,0.0,4011.6,,,False
USR10487,1,3300.86,1,0,1.0,-3662.83,3300.86,VERIFIED,False,True
USR10490,1,19209.22,1,0,0.0,0.0,19209.22,,,False
USR10495,1,19795.4,1,0,0.0,0.0,19795.4,,,False
USR10497,1,5964.18,1,0,0.0,0.0,5964.18,,,False
USR10503,1,17599.39,1,0,0.0,0.0,17599.39,,,False
USR10504,2,48894.57,2,0,0.0,0.0,24447.285,VERIFIED,False,True
USR10508,1,10901.63,1,0,0.0,0.0,10901.63,PENDING,False,True
USR10525,1,8537.7,1,0,0.0,0.0,8537.7,KYC_DONE,False,True
USR10529,1,9741.23,1,0,1.0,2045.0,9741.23,VERIFIED,False,True
USR10533,1,9772.11,1,0,0.0,0.0,9772.11,,,False
USR10535,1,9842.27,1,0,0.0,0.0,9842.27,,,False
USR10549,1,21986.64,1,0,1.0,0.0,21986.64,UNDER REVIEW,False,True
USR10560,1,9783.4,1,0,0.0,0.0,9783.4,VERIFIED,False,True
USR10561,1,12847.56,0,1,0.0,0.0,12847.56,REJECT,True,True
USR10563,1,7395.86,1,0,0.0,0.0,7395.86,,,False
USR10564,1,8498.56,1,0,0.0,0.0,8498.56,,,False
USR10565,1,2991.3,1,0,0.0,0.0,2991.3,VERIFIED,False,True
USR10569,1,8818.59,1,0,1.0,2406.17,8818.59,,,False
USR10571,1,21343.86,0,1,0.0,0.0,21343.86,,,False
USR10572,2,7604.32,2,0,0.0,0.0,3802.16,,,False
USR10578,1,8187.0,1,0,0.0,0.0,8187.0,PENDING,False,True
USR10579,2,29373.91,2,0,2.0,1285.1999999999998,14686.955,VERIFIED,False,True
USR10591,1,24954.97,1,0,0.0,0.0,24954.97,,,False
USR10593,1,958.38,1,0,0.0,0.0,958.38,PENDING,True,True
USR10599,1,11699.73,1,0,0.0,0.0,11699.73,VERIFIED,False,True
USR10603,1,-19709.0,1,0,0.0,0.0,-19709.0,VERIFIED,True,True
USR10610,1,20068.06,1,0,0.0,0.0,20068.06,PENDING,False,True
USR10614,1,9427.12,1,0,0.0,0.0,9427.12,,,False
USR10621,1,20542.71,1,0,0.0,0.0,20542.71,VERIFIED,False,True
USR10624,1,23177.46,1,0,0.0,0.0,23177.46,VERIFIED,False,True
USR10627,1,22398.77,1,0,0.0,0.0,22398.77,,,False
USR10632,1,6432.08,1,0,0.0,0.0,6432.08,,,False
USR10637,1,10809.86,0,1,0.0,0.0,10809.86,REJECT,False,True
USR10643,1,13768.13,1,0,0.0,0.0,13768.13,,,False
USR10647,1,1068.32,1,0,0.0,0.0,1068.32,,,False
USR10648,1,22831.88,0,0,0.0,0.0,22831.88,PENDING,True,True
USR10649,2,38948.130000000005,2,0,0.0,0.0,19474.065000000002,,,False
USR10651,1,4237.36,1,0,0.0,0.0,4237.36,REJECTED,False,True
USR10652,1,9279.38,1,0,0.0,0.0,9279.38,REJECTED,False,True
USR10662,2,39710.84,2,0,0.0,0.0,19855.42,,,False
USR10667,1,550.83,1,0,0.0,0.0,550.83,PENDING,True,True
USR10673,1,4680.93,1,0,0.0,0.0,4680.93,,,False
USR10674,1,17436.98,1,0,0.0,0.0,17436.98,VERIFIED,False,True
USR10692,1,4686.24,1,0,1.0,779.81,4686.24,,,False
USR10698,1,20288.21,1,0,1.0,847.6,20288.21,,,False
USR10705,1,21693.96,1,0,0.0,0.0,21693.96,,,False
USR10716,1,12109.77,1,0,1.0,2000.05,12109.77,PENDING,False,True
USR10730,1,10276.3,1,0,0.0,0.0,10276.3,,,False
USR10731,1,471.0,1,0,0.0,0.0,471.0,,,False
USR10736,1,5702.18,1,0,0.0,0.0,5702.18,,,False
USR10743,1,14910.78,1,0,0.0,0.0,14910.78,,,False
USR10746,1,9334.33,0,0,0.0,0.0,9334.33,VERIFIED,False,True
USR10749,1,5035.08,1,0,0.0,0.0,5035.08,,,False
USR10758,1,9689.46,1,0,0.0,0.0,9689.46,VERIFIED,True,True
USR10761,1,17079.42,1,0,0.0,0.0,17079.42,,,False
USR10766,1,564.85,1,0,0.0,0.0,564.85,VERIFIED,True,True
USR10769,1,4657.0,1,0,0.0,0.0,4657.0,,,False
USR10770,1,20145.34,1,0,0.0,0.0,20145.34,,,False
USR10773,1,927.67,1,0,0.0,0.0,927.67,,,False
USR10778,1,24672.72,1,0,0.0,0.0,24672.72,,,False
USR10783,1,19285.0,0,0,0.0,0.0,19285.0,,,False
USR10789,1,13546.0,1,0,0.0,0.0,13546.0,,,False
USR10796,1,7611.52,1,0,0.0,0.0,7611.52,,,False
USR10800,1,8480.02,1,0,1.0,923.46,8480.02,KYC_DONE,True,True
USR10802,2,21004.019999999997,2,0,0.0,0.0,10502.009999999998,,,False
USR10818,1,2149.13,1,0,1.0,4227.03,2149.13,VERIFIED,True,True
USR10819,1,17498.72,1,0,0.0,0.0,17498.72,,,False
USR10820,1,16191.52,1,0,0.0,0.0,16191.52,,,False
USR10822,1,21326.81,1,0,0.0,0.0,21326.81,,,False
USR10824,1,20277.43,1,0,0.0,0.0,20277.43,,,False
USR10827,2,24742.969999999998,2,0,0.0,0.0,12371.484999999999,,,False
USR10832,1,14558.44,1,0,0.0,0.0,14558.44,,,False
USR10833,1,10911.79,0,0,0.0,0.0,10911.79,VERIFIED,True,True
USR10834,1,9140.52,1,0,1.0,5747.29,9140.52,,,False
USR10841,1,8135.43,1,0,0.0,0.0,8135.43,VERIFIED,False,True
USR10846,1,9286.11,1,0,0.0,0.0,9286.11,,,False
USR10851,1,23679.79,1,0,0.0,0.0,23679.79,,,False
USR10853,1,11390.32,1,0,1.0,10091.73,11390.32,,,False
USR10854,1,7224.46,0,1,0.0,0.0,7224.46,,,False
USR10859,1,9338.89,1,0,0.0,0.0,9338.89,VERIFIED,True,True
USR10881,2,39829.740000000005,2,0,1.0,1125.73,19914.870000000003,,,False
USR10888,1,9214.06,1,0,0.0,0.0,9214.06,PENDING,True,True
USR10897,2,14348.74,0,1,0.0,0.0,7174.37,,,False
USR10902,2,42603.369999999995,2,0,1.0,0.0,21301.684999999998,,,False
USR10906,1,12469.24,1,0,0.0,0.0,12469.24,,,False
USR10911,1,19413.0,0,1,0.0,0.0,19413.0,VERIFIED,False,True
USR10914,1,10264.0,1,0,0.0,0.0,10264.0,REJECTED,False,True
USR10915,1,10346.93,1,0,0.0,0.0,10346.93,,,False
USR10918,1,10564.57,1,0,0.0,0.0,10564.57,,,False
USR10923,1,20956.02,1,0,1.0,930.83,20956.02,,,False
USR10928,1,8359.28,1,0,0.0,0.0,8359.28,,,False
USR10932,1,5715.99,1,0,1.0,729.47,5715.99,,,False
USR10937,1,17616.82,1,0,0.0,0.0,17616.82,,,False
USR10949,1,9285.64,1,0,0.0,0.0,9285.64,,,False
USR10951,1,8168.0,1,0,1.0,420.0,8168.0,,,False
USR10959,2,17643.489999999998,2,0,0.0,0.0,8821.744999999999,VERIFIED,False,True
USR10963,1,15094.89,0,1,0.0,0.0,15094.89,,,False
USR10971,1,9809.28,1,0,0.0,0.0,9809.28,,,False
USR10973,1,24429.8,1,0,1.0,2027.64,24429.8,,,False
USR10974,1,11892.14,1,0,0.0,0.0,11892.14,,,False
USR10975,1,2469.62,0,1,0.0,0.0,2469.62,,,False
USR10993,1,23843.05,1,0,0.0,0.0,23843.05,,,False
USR10994,1,12779.81,1,0,0.0,0.0,12779.81,,,False
USR10996,1,20614.68,1,0,0.0,0.0,20614.68,,,False
USR10999,1,24252.16,1,0,0.0,0.0,24252.16,,,False
USR11003,2,2298.88,1,1,1.0,1089.44,1149.44,,,False
USR11006,1,-13051.34,0,1,0.0,0.0,-13051.34,VERIFIED,False,True
USR11010,1,10615.18,0,0,0.0,0.0,10615.18,,,False
USR11030,1,18963.56,0,1,0.0,0.0,18963.56,,,False
USR11035,1,2336.64,1,0,0.0,0.0,2336.64,,,False
USR11037,1,17750.29,1,0,1.0,1471.98,17750.29,,,False
USR11038,1,19084.5,1,0,0.0,0.0,19084.5,,,False
USR11042,1,5023.4,0,1,0.0,0.0,5023.4,VERIFIED,True,True
USR11045,2,2163.63,2,0,0.0,0.0,1081.815,,,False
USR11047,1,6377.89,1,0,0.0,0.0,6377.89,REJECTED,True,True
USR11050,1,-3236.12,1,0,0.0,0.0,-3236.12,VERIFIED,True,True
USR11055,1,16009.87,1,0,0.0,0.0,16009.87,KYC_DONE,False,True
USR11057,1,19814.27,1,0,0.0,0.0,19814.27,,,False
USR11058,1,20648.08,1,0,0.0,0.0,20648.08,,,False
USR11063,1,1332.87,1,0,1.0,-673.61,1332.87,,,False
USR11073,1,10603.58,1,0,0.0,0.0,10603.58,PENDING,False,True
USR11082,1,12052.45,1,0,1.0,3160.25,12052.45,,,False
USR11084,1,-11457.09,1,0,0.0,0.0,-11457.09,,,False
USR11096,2,30019.08,1,1,0.0,0.0,15009.54,KYC_DONE,True,True
USR11098,1,2858.01,1,0,0.0,0.0,2858.01,,,False
USR11103,1,6124.71,1,0,0.0,0.0,6124.71,,,False
USR11104,1,16316.65,1,0,0.0,0.0,16316.65,,,False
USR11105,1,20579.0,1,0,0.0,0.0,20579.0,VERIFIED,False,True
USR11110,1,14741.0,0,0,0.0,0.0,14741.0,,,False
USR11112,1,13813.63,1,0,0.0,0.0,13813.63,,,False
USR11115,1,11349.19,0,0,0.0,0.0,11349.19,,,False
USR11118,1,-8486.69,1,0,0.0,0.0,-8486.69,,,False
USR11119,1,21789.7,1,0,0.0,0.0,21789.7,,,False
USR11129,1,21264.16,1,0,0.0,0.0,21264.16,REJECTED,True,True
USR11130,1,4254.29,1,0,0.0,0.0,4254.29,PENDING,True,True
USR11135,1,17412.07,1,0,0.0,0.0,17412.07,,,False
USR11136,1,20842.91,1,0,0.0,0.0,20842.91,,,False
USR11137,1,16104.14,1,0,0.0,0.0,16104.14,,,False
USR11143,1,19955.14,1,0,0.0,0.0,19955.14,VERIFIED,False,True
USR11145,1,8512.0,1,0,0.0,0.0,8512.0,VERIFIED,False,True
USR11146,1,13609.52,1,0,1.0,4309.44,13609.52,PENDING,True,True
USR11157,1,10649.78,1,0,0.0,0.0,10649.78,,,False
USR11158,1,17981.92,1,0,0.0,0.0,17981.92,,,False
USR11160,1,21617.83,0,1,0.0,0.0,21617.83,PENDING,False,True
USR11167,1,9882.96,0,1,0.0,0.0,9882.96,,,False
USR11168,1,6787.83,1,0,1.0,6180.12,6787.83,,,False
USR11173,1,4606.85,1,0,0.0,0.0,4606.85,,,False
USR11183,1,8272.52,1,0,0.0,0.0,8272.52,,,False
USR11184,1,12260.0,1,0,0.0,0.0,12260.0,VERIFIED,False,True
USR11191,1,13661.51,1,0,0.0,0.0,13661.51,,,False
USR11199,1,14423.97,1,0,0.0,0.0,14423.97,,,False
USR11200,1,15540.4,1,0,1.0,4479.85,15540.4,,,False
USR11209,1,6024.36,1,0,0.0,0.0,6024.36,,,False
USR11215,1,22371.47,0,1,0.0,0.0,22371.47,,,False
USR11221,1,16.02,1,0,0.0,0.0,16.02,,,False
USR11233,1,21942.96,1,0,0.0,0.0,21942.96,VERIFIED,False,True
USR11235,1,24429.92,1,0,0.0,0.0,24429.92,VERIFIED,True,True
USR11258,1,10636.0,0,1,0.0,0.0,10636.0,,,False
USR11263,1,21824.99,1,0,0.0,0.0,21824.99,VERIFIED,True,True
USR11264,2,6873.8099999999995,2,0,1.0,784.51,3436.9049999999997,,,False
USR11267,1,13357.2,1,0,0.0,0.0,13357.2,,,False
USR11274,1,6313.0,1,0,0.0,0.0,6313.0,,,False
USR11275,2,30384.83,2,0,0.0,0.0,15192.415,,,False
USR11290,1,23046.92,1,0,0.0,0.0,23046.92,,,False
USR11291,1,13671.93,1,0,0.0,0.0,13671.93,,,False
USR11294,1,21780.96,1,0,0.0,0.0,21780.96,KYC_DONE,False,True
USR11299,1,9744.83,0,0,0.0,0.0,9744.83,VERIFIED,False,True
USR11301,1,4218.51,1,0,1.0,21185.86,4218.51,VERIFIED,True,True
USR11305,1,5309.0,1,0,0.0,0.0,5309.0,,,False
USR11307,1,-1746.3,1,0,1.0,3021.0,-1746.3,VERIFIED,False,True
USR11331,1,23687.46,1,0,0.0,0.0,23687.46,VERIFIED,False,True
USR11337,1,21964.48,1,0,0.0,0.0,21964.48,PENDING,False,True
USR11339,1,22522.69,1,0,0.0,0.0,22522.69,PENDING,False,True
USR11340,2,3080.42,2,0,0.0,0.0,1540.21,VERIFIED,False,True
USR11345,1,6840.25,1,0,0.0,0.0,6840.25,PENDING,False,True
USR11348,1,3744.3,1,0,0.0,0.0,3744.3,,,False
USR11349,1,19595.62,1,0,0.0,0.0,19595.62,VERIFIED,True,True
USR11353,2,33474.6,2,0,0.0,0.0,16737.3,,,False
USR11356,1,12489.9,1,0,0.0,0.0,12489.9,,,False
USR11366,1,2098.72,1,0,0.0,0.0,2098.72,VERIFIED,True,True
USR11367,2,16841.71,1,1,0.0,0.0,8420.855,,,False
USR11368,1,12719.18,1,0,0.0,0.0,12719.18,,,False
USR11374,1,24225.63,1,0,0.0,0.0,24225.63,,,False
USR11385,1,22696.88,1,0,0.0,0.0,22696.88,,,False
USR11386,1,11095.56,1,0,0.0,0.0,11095.56,,,False
USR11394,1,20640.12,0,1,0.0,0.0,20640.12,,,False
USR11398,1,16101.26,1,0,0.0,0.0,16101.26,,,False
USR11399,1,17680.09,1,0,0.0,0.0,17680.09,,,False
USR11403,1,5693.93,0,1,0.0,0.0,5693.93,,,False
USR11411,1,17942.77,1,0,0.0,0.0,17942.77,VERIFIED,False,True
USR11412,2,31790.39,2,0,1.0,0.0,15895.195,,,False
USR11430,1,24327.22,1,0,0.0,0.0,24327.22,VERIFIED,False,True
USR11435,2,14808.33,2,0,0.0,0.0,7404.165,,,False
USR11448,1,2661.24,0,1,0.0,0.0,2661.24,,,False
USR11449,1,13708.15,1,0,1.0,4864.83,13708.15,,,False
USR11452,1,11411.44,1,0,0.0,0.0,11411.44,,,False
USR11453,1,11766.1,1,0,0.0,0.0,11766.1,,,False
USR11457,1,13420.16,1,0,0.0,0.0,13420.16,VERIFIED,True,True
USR11467,2,19285.59,1,1,1.0,714.0,9642.795,,,False
USR11468,2,44256.14,2,0,0.0,0.0,22128.07,,,False
USR11469,1,18450.56,1,0,0.0,0.0,18450.56,,,False
USR11482,1,13438.57,1,0,0.0,0.0,13438.57,,,False
USR11487,1,11973.0,1,0,0.0,0.0,11973.0,,,False
USR11488,2,9317.619999999999,2,0,0.0,0.0,4658.8099999999995,,,False
USR11500,1,13800.19,1,0,0.0,0.0,13800.19,VERIFIED,True,True
USR11511,3,29244.350000000002,2,0,1.0,9729.28,9748.116666666667,,,False
USR11518,1,9658.7,1,0,0.0,0.0,9658.7,,,False
USR11522,1,24397.01,1,0,0.0,0.0,24397.01,,,False
USR11533,1,18154.86,1,0,0.0,0.0,18154.86,VERIFIED,False,True
USR11535,1,11099.32,1,0,0.0,0.0,11099.32,,,False
USR11539,1,20529.94,1,0,1.0,1107.77,20529.94,,,False
USR11540,1,16053.92,1,0,0.0,0.0,16053.92,,,False
USR11548,1,10993.3,0,1,1.0,5443.0,10993.3,,,False
USR11558,1,17207.0,1,0,0.0,0.0,17207.0,,,False
USR11572,2,26031.89,2,0,0.0,0.0,13015.945,UNDER REVIEW,False,True
USR11575,1,12739.95,1,0,1.0,704.73,12739.95,UNDER REVIEW,False,True
USR11577,1,24338.43,1,0,0.0,0.0,24338.43,,,False
USR11581,1,11276.48,1,0,0.0,0.0,11276.48,VERIFIED,True,True
USR11582,1,23912.89,1,0,1.0,2438.0,23912.89,,,False
USR11584,1,14289.57,1,0,1.0,1986.27,14289.57,VERIFIED,False,True
USR11587,1,23941.21,0,1,0.0,0.0,23941.21,,,False
USR11588,1,6817.0,1,0,0.0,0.0,6817.0,VERIFIED,False,True
USR11594,1,8889.44,0,0,0.0,0.0,8889.44,,,False
USR11599,2,26379.89,1,0,0.0,0.0,13189.945,,,False
USR11602,1,672.52,1,0,0.0,0.0,672.52,VERIFIED,True,True
USR11603,1,1833.27,1,0,0.0,0.0,1833.27,PENDING,True,True
USR11615,1,12664.23,1,0,0.0,0.0,12664.23,,,False
USR11619,1,2596.4,1,0,1.0,3072.71,2596.4,,,False
USR11620,1,6058.13,1,0,1.0,4974.0,6058.13,,,False
USR11627,1,533.41,1,0,0.0,0.0,533.41,VERIFIED,True,True
USR11629,1,10678.28,1,0,0.0,0.0,10678.28,REJECTED,False,True
USR11631,1,21880.93,1,0,0.0,0.0,21880.93,,,False
USR11632,1,19698.74,1,0,0.0,0.0,19698.74,PENDING,False,True
USR11647,1,3237.69,1,0,0.0,0.0,3237.69,VERIFIED,False,True
USR11648,1,4660.67,1,0,0.0,0.0,4660.67,KYC_DONE,False,True
USR11651,1,15912.34,1,0,0.0,0.0,15912.34,VERIFIED,False,True
USR11653,1,5755.66,1,0,0.0,0.0,5755.66,VERIFIED,False,True
USR11655,1,18743.03,1,0,0.0,0.0,18743.03,,,False
USR11666,1,13145.52,1,0,0.0,0.0,13145.52,,,False
USR11667,1,17617.6,1,0,0.0,0.0,17617.6,VERIFIED,False,True
USR11668,1,2500.53,0,1,0.0,0.0,2500.53,VERIFIED,False,True
USR11684,1,7145.72,0,1,0.0,0.0,7145.72,,,False
USR11686,1,2811.72,1,0,0.0,0.0,2811.72,VERIFIED,False,True
USR11694,1,19552.88,0,1,0.0,0.0,19552.88,,,False
USR11699,2,44585.350000000006,2,0,0.0,0.0,22292.675000000003,,,False
USR11703,1,18302.53,1,0,0.0,0.0,18302.53,,,False
USR11709,2,12984.44,2,0,1.0,19778.02,6492.22,,,False
USR11710,1,6867.57,1,0,0.0,0.0,6867.57,,,False
USR11719,1,-19877.34,1,0,0.0,0.0,-19877.34,PENDING,False,True
USR11720,2,16321.890000000001,2,0,0.0,0.0,8160.945000000001,,,False
USR11726,1,22162.0,0,0,0.0,0.0,22162.0,,,False
USR11727,1,17927.25,1,0,0.0,0.0,17927.25,,,False
USR11729,1,1924.31,1,0,0.0,0.0,1924.31,,,False
USR11730,1,4048.79,1,0,0.0,0.0,4048.79,,,False
USR11739,2,3813.62,1,1,0.0,0.0,1906.81,,,False
USR11741,1,15055.22,1,0,0.0,0.0,15055.22,REJECTED,True,True
USR11757,1,5676.7,1,0,0.0,0.0,5676.7,,,False
USR11762,2,23617.5,2,0,0.0,0.0,11808.75,VERIFIED,False,True
USR11766,1,12887.23,1,0,0.0,0.0,12887.23,VERIFIED,False,True
USR11775,1,9461.13,1,0,0.0,0.0,9461.13,,,False
USR11776,1,14958.58,1,0,0.0,0.0,14958.58,VERIFIED,False,True
USR11783,1,16348.2,1,0,0.0,0.0,16348.2,VERIFIED,False,True
USR11785,1,23058.0,1,0,1.0,1496.09,23058.0,,,False
USR11787,1,7411.4,1,0,0.0,0.0,7411.4,,,False
USR11801,1,23761.55,1,0,0.0,0.0,23761.55,,,False
USR11803,1,23695.01,0,1,0.0,0.0,23695.01,,,False
USR11804,1,161.12,1,0,0.0,0.0,161.12,,,False
USR11807,1,10849.0,1,0,0.0,0.0,10849.0,,,False
USR11823,1,19085.07,1,0,0.0,0.0,19085.07,,,False
USR11825,1,24747.41,1,0,0.0,0.0,24747.41,,,False
USR11827,1,10848.76,0,1,0.0,0.0,10848.76,VERIFIED,False,True
USR11828,1,6505.03,1,0,0.0,0.0,6505.03,KYC_DONE,True,True
USR11830,1,9610.16,1,0,0.0,0.0,9610.16,VERIFIED,False,True
USR11833,2,9973.75,2,0,0.0,0.0,4986.875,VERIFIED,False,True
USR11836,1,21843.21,1,0,0.0,0.0,21843.21,,,False
USR11850,1,17989.73,1,0,0.0,0.0,17989.73,,,False
USR11855,1,15409.0,1,0,0.0,0.0,15409.0,,,False
USR11856,1,18599.12,1,0,0.0,0.0,18599.12,,,False
USR11857,1,4907.61,1,0,0.0,0.0,4907.61,,,False
USR11862,3,40497.72,3,0,1.0,350.19,13499.24,,,False
USR11865,1,12464.21,1,0,1.0,0.0,12464.21,VERIFIED,False,True
USR11877,1,759.04,1,0,0.0,0.0,759.04,VERIFIED,False,True
USR11880,1,3995.71,1,0,1.0,3014.0,3995.71,VERIFIED,False,True
USR11881,1,10956.46,1,0,0.0,0.0,10956.46,,,False
USR11885,1,13313.37,1,0,0.0,0.0,13313.37,,,False
USR11889,1,24256.17,1,0,0.0,0.0,24256.17,REJECTED,False,True
USR11906,1,4124.72,1,0,0.0,0.0,4124.72,,,False
USR11909,1,14727.7,1,0,0.0,0.0,14727.7,,,False
USR11921,1,9585.28,1,0,0.0,0.0,9585.28,KYC_DONE,True,True
USR11925,1,17591.17,1,0,0.0,0.0,17591.17,,,False
USR11927,1,20714.97,1,0,0.0,0.0,20714.97,VERIFIED,False,True
USR11930,2,20301.1,1,0,0.0,0.0,10150.55,,,False
USR11936,1,8148.41,1,0,0.0,0.0,8148.41,PENDING,False,True
USR11937,1,20277.29,1,0,0.0,0.0,20277.29,,,False
USR11943,1,13746.0,1,0,0.0,0.0,13746.0,VERIFIED,True,True
USR11944,1,-6750.86,1,0,0.0,0.0,-6750.86,VERIFIED,False,True
USR11951,1,2922.45,1,0,0.0,0.0,2922.45,KYC_DONE,False,True
USR11953,1,784.0,1,0,2.0,5449.19,784.0,VERIFIED,False,True
USR11954,1,150.73,1,0,0.0,0.0,150.73,,,False
USR11956,1,22281.82,1,0,0.0,0.0,22281.82,,,False
USR11957,1,9044.89,1,0,0.0,0.0,9044.89,,,False
USR11958,1,15793.0,1,0,0.0,0.0,15793.0,VERIFIED,True,True
USR11959,1,19750.0,1,0,0.0,0.0,19750.0,,,False
USR11967,1,24917.12,1,0,0.0,0.0,24917.12,,,False
USR11971,2,25441.59,2,0,0.0,0.0,12720.795,VERIFIED,False,True
USR11996,1,6893.41,1,0,0.0,0.0,6893.41,,,False
USR12018,1,3277.06,1,0,0.0,0.0,3277.06,VERIFIED,False,True
USR12021,1,13312.0,1,0,1.0,0.0,13312.0,,,False
USR12026,1,14097.79,0,0,0.0,0.0,14097.79,VERIFIED,False,True
USR12027,1,5149.0,1,0,0.0,0.0,5149.0,,,False
USR12038,1,12490.12,0,1,0.0,0.0,12490.12,,,False
USR12040,1,16184.08,1,0,0.0,0.0,16184.08,VERIFIED,False,True
USR12043,1,21455.84,0,1,0.0,0.0,21455.84,,,False
USR12048,1,18621.32,1,0,1.0,846.13,18621.32,,,False
USR12054,1,11349.01,1,0,0.0,0.0,11349.01,,,False
USR12067,1,22883.1,1,0,0.0,0.0,22883.1,,,False
USR12070,1,23916.94,1,0,0.0,0.0,23916.94,,,False
USR12073,1,23789.19,1,0,0.0,0.0,23789.19,,,False
USR12077,1,1308.76,1,0,0.0,0.0,1308.76,,,False
USR12087,1,-11364.89,0,0,0.0,0.0,-11364.89,,,False
USR12088,1,11088.57,1,0,0.0,0.0,11088.57,,,False
USR12090,1,20169.8,1,0,0.0,0.0,20169.8,,,False
USR12091,1,23936.63,1,0,0.0,0.0,23936.63,PENDING,True,True
USR12097,1,1118.23,1,0,0.0,0.0,1118.23,PENDING,False,True
USR12101,2,34920.16,2,0,0.0,0.0,17460.08,,,False
USR12102,1,14110.0,1,0,1.0,-815.95,14110.0,VERIFIED,False,True
USR12104,1,24766.16,1,0,0.0,0.0,24766.16,KYC_DONE,False,True
USR12107,1,19479.59,1,0,0.0,0.0,19479.59,VERIFIED,False,True
USR12116,3,14748.8,3,0,1.0,141.27,4916.266666666666,,,False
USR12118,1,15631.04,1,0,0.0,0.0,15631.04,,,False
USR12123,1,14147.64,1,0,0.0,0.0,14147.64,PENDING,False,True
USR12125,1,22706.63,1,0,0.0,0.0,22706.63,,,False
USR12126,1,12571.21,1,0,0.0,0.0,12571.21,,,False
USR12128,2,3838.1800000000003,2,0,1.0,1364.5,1919.0900000000001,,,False
USR12132,1,15725.23,1,0,0.0,0.0,15725.23,,,False
USR12133,1,24566.48,1,0,0.0,0.0,24566.48,,,False
USR12134,1,6972.92,1,0,1.0,898.64,6972.92,,,False
USR12135,1,24231.36,1,0,0.0,0.0,24231.36,,,False
USR12142,1,22415.4,0,0,0.0,0.0,22415.4,,,False
USR12146,1,7358.75,1,0,1.0,2090.0,7358.75,PENDING,True,True
USR12147,1,3405.79,1,0,0.0,0.0,3405.79,,,False
USR12148,1,205.96,0,1,0.0,0.0,205.96,,,False
USR12149,1,19253.28,1,0,0.0,0.0,19253.28,,,False
USR12153,1,8506.71,0,0,1.0,1095.0,8506.71,,,False
USR12155,1,21949.76,1,0,0.0,0.0,21949.76,,,False
USR12180,2,24693.54,2,0,1.0,-393.4,12346.77,,,False
USR12183,1,10709.09,1,0,0.0,0.0,10709.09,,,False
USR12185,1,4629.51,0,1,0.0,0.0,4629.51,PENDING,False,True
USR12186,1,22356.76,1,0,0.0,0.0,22356.76,,,False
USR12187,1,22907.0,1,0,1.0,4373.83,22907.0,,,False
USR12191,1,14508.51,0,1,0.0,0.0,14508.51,,,False
USR12194,1,24428.86,1,0,0.0,0.0,24428.86,,,False
USR12198,1,13376.62,1,0,0.0,0.0,13376.62,,,False
USR12204,1,10479.0,1,0,0.0,0.0,10479.0,,,False
USR12207,1,5876.51,1,0,0.0,0.0,5876.51,,,False
USR12209,1,11775.7,1,0,0.0,0.0,11775.7,,,False
USR12213,1,17172.33,1,0,0.0,0.0,17172.33,,,False
USR12214,1,8909.92,0,1,0.0,0.0,8909.92,,,False
USR12215,1,5698.54,1,0,0.0,0.0,5698.54,,,False
USR12216,1,501.88,1,0,0.0,0.0,501.88,VERIFIED,False,True
USR12222,1,15042.83,1,0,0.0,0.0,15042.83,KYC_DONE,False,True
USR12223,1,7876.49,1,0,0.0,0.0,7876.49,,,False
USR12226,1,24761.89,1,0,0.0,0.0,24761.89,,,False
USR12227,1,-164.53,0,1,0.0,0.0,-164.53,VERIFIED,False,True
USR12230,1,4185.83,1,0,0.0,0.0,4185.83,VERIFIED,False,True
USR12238,1,5356.9,1,0,0.0,0.0,5356.9,,,False
USR12239,1,5750.61,1,0,0.0,0.0,5750.61,,,False
USR12242,1,5595.12,1,0,0.0,0.0,5595.12,,,False
USR12243,1,11642.52,1,0,0.0,0.0,11642.52,,,False
USR12244,1,16946.3,1,0,0.0,0.0,16946.3,,,False
USR12247,1,18450.81,1,0,1.0,0.0,18450.81,VERIFIED,False,True
USR12251,1,13877.2,1,0,0.0,0.0,13877.2,,,False
USR12252,1,3395.0,1,0,0.0,0.0,3395.0,,,False
USR12253,2,33281.520000000004,2,0,0.0,0.0,16640.760000000002,,,False
USR12263,1,8028.42,1,0,0.0,0.0,8028.42,,,False
USR12265,1,10991.81,1,0,0.0,0.0,10991.81,,,False
USR12272,1,13951.4,1,0,0.0,0.0,13951.4,,,False
USR12273,1,21699.0,1,0,0.0,0.0,21699.0,,,False
USR12280,1,24944.63,1,0,0.0,0.0,24944.63,PENDING,False,True
USR12284,1,3284.0,1,0,0.0,0.0,3284.0,,,False
USR12285,1,4321.0,1,0,0.0,0.0,4321.0,,,False
USR12288,1,8290.0,1,0,0.0,0.0,8290.0,VERIFIED,False,True
USR12289,2,28269.68,2,0,0.0,0.0,14134.84,,,False
USR12293,1,12576.86,1,0,0.0,0.0,12576.86,PENDING,True,True
USR12296,1,11043.85,1,0,0.0,0.0,11043.85,,,False
USR12298,1,11446.22,1,0,1.0,0.0,11446.22,,,False
USR12301,1,11430.49,1,0,0.0,0.0,11430.49,,,False
USR12321,1,5559.68,1,0,0.0,0.0,5559.68,VERIFIED,False,True
USR12346,1,2280.05,1,0,0.0,0.0,2280.05,,,False
USR12348,1,10465.55,1,0,0.0,0.0,10465.55,,,False
USR12355,1,6087.07,1,0,0.0,0.0,6087.07,VERIFIED,True,True
USR12357,1,22868.0,1,0,0.0,0.0,22868.0,,,False
USR12361,1,1701.2,1,0,1.0,6427.42,1701.2,VERIFIED,True,True
USR12366,1,17089.0,0,0,0.0,0.0,17089.0,VERIFIED,False,True
USR12367,1,7384.77,1,0,0.0,0.0,7384.77,,,False
USR12368,2,32327.46,2,0,0.0,0.0,16163.73,,,False
USR12369,1,13881.51,1,0,0.0,0.0,13881.51,VERIFIED,False,True
USR12371,1,5244.0,1,0,1.0,0.0,5244.0,,,False
USR12380,1,2814.9,1,0,0.0,0.0,2814.9,PENDING,False,True
USR12381,1,24551.18,1,0,0.0,0.0,24551.18,,,False
USR12382,1,9988.49,1,0,0.0,0.0,9988.49,,,False
USR12389,1,-4973.8,1,0,0.0,0.0,-4973.8,,,False
USR12396,1,382.61,1,0,0.0,0.0,382.61,,,False
USR12408,1,10243.31,1,0,0.0,0.0,10243.31,REJECT,False,True
USR12425,1,23268.84,1,0,0.0,0.0,23268.84,,,False
USR12427,1,2572.0,1,0,0.0,0.0,2572.0,KYC_DONE,False,True
USR12433,1,1979.0,1,0,0.0,0.0,1979.0,KYC_DONE,False,True
USR12444,1,16116.68,1,0,0.0,0.0,16116.68,VERIFIED,False,True
USR12453,2,35904.979999999996,2,0,0.0,0.0,17952.489999999998,,,False
USR12459,1,19051.62,1,0,0.0,0.0,19051.62,,,False
USR12469,1,-17300.83,0,1,0.0,0.0,-17300.83,,,False
USR12472,2,15312.99,2,0,0.0,0.0,7656.495,,,False
USR12473,1,1153.09,1,0,0.0,0.0,1153.09,,,False
USR12483,1,14268.56,1,0,0.0,0.0,14268.56,,,False
USR12487,1,1684.11,1,0,0.0,0.0,1684.11,,,False
USR12502,1,1930.91,1,0,0.0,0.0,1930.91,,,False
USR12503,2,13393.380000000001,2,0,0.0,0.0,6696.6900000000005,,,False
USR12518,1,1831.82,1,0,0.0,0.0,1831.82,,,False
USR12519,1,9700.23,1,0,0.0,0.0,9700.23,,,False
USR12521,1,659.0,1,0,0.0,0.0,659.0,VERIFIED,False,True
USR12523,1,16790.26,1,0,0.0,0.0,16790.26,VERIFIED,True,True
USR12526,1,13907.33,1,0,1.0,-4295.67,13907.33,,,False
USR12533,1,20351.46,1,0,0.0,0.0,20351.46,,,False
USR12542,1,4797.91,1,0,1.0,1650.21,4797.91,,,False
USR12550,1,8279.56,1,0,0.0,0.0,8279.56,,,False
USR12553,1,13491.89,1,0,1.0,1977.08,13491.89,,,False
USR12556,1,24551.3,1,0,1.0,2880.65,24551.3,,,False
USR12561,1,24493.56,1,0,0.0,0.0,24493.56,,,False
USR12563,1,1590.7,1,0,0.0,0.0,1590.7,VERIFIED,False,True
USR12565,1,5109.57,1,0,0.0,0.0,5109.57,,,False
USR12575,1,23628.61,1,0,0.0,0.0,23628.61,PENDING,False,True
USR12579,1,11887.57,1,0,1.0,-1138.68,11887.57,VERIFIED,False,True
USR12591,1,545.78,1,0,0.0,0.0,545.78,,,False
USR12593,1,515.7,0,1,0.0,0.0,515.7,PENDING,False,True
USR12594,1,21856.82,1,0,0.0,0.0,21856.82,VERIFIED,True,True
USR12596,1,18198.36,1,0,1.0,1918.51,18198.36,KYC_DONE,False,True
USR12602,1,19115.55,1,0,0.0,0.0,19115.55,,,False
USR12605,1,23481.07,1,0,0.0,0.0,23481.07,PENDING,True,True
USR12608,1,20529.55,1,0,0.0,0.0,20529.55,,,False
USR12611,1,15328.3,0,1,1.0,1246.25,15328.3,,,False
USR12615,1,9669.65,1,0,0.0,0.0,9669.65,VERIFIED,False,True
USR12618,1,16772.29,1,0,0.0,0.0,16772.29,VERIFIED,False,True
USR12621,1,11920.0,1,0,0.0,0.0,11920.0,REJECTED,False,True
USR12625,1,16913.2,1,0,0.0,0.0,16913.2,PENDING,True,True
USR12635,1,15913.9,1,0,0.0,0.0,15913.9,KYC_DONE,False,True
USR12644,1,23045.73,1,0,0.0,0.0,23045.73,PENDING,False,True
USR12654,1,16221.85,1,0,0.0,0.0,16221.85,REJECT,True,True
USR12660,1,21213.31,1,0,0.0,0.0,21213.31,,,False
USR12673,1,664.66,1,0,0.0,0.0,664.66,,,False
USR12676,1,4820.09,0,1,0.0,0.0,4820.09,VERIFIED,False,True
USR12678,1,939.01,1,0,0.0,0.0,939.01,,,False
USR12686,2,16815.41,2,0,0.0,0.0,8407.705,,,False
USR12688,1,16388.0,1,0,0.0,0.0,16388.0,,,False
USR12691,1,3850.74,1,0,0.0,0.0,3850.74,VERIFIED,False,True
USR12702,1,5398.07,1,0,0.0,0.0,5398.07,,,False
USR12708,2,29373.449999999997,2,0,0.0,0.0,14686.724999999999,KYC_DONE,False,True
USR12711,1,16725.22,0,1,1.0,1639.85,16725.22,,,False
USR12714,1,17953.17,1,0,0.0,0.0,17953.17,,,False
USR12715,2,27245.98,2,0,0.0,0.0,13622.99,,,False
USR12722,1,7393.16,1,0,0.0,0.0,7393.16,,,False
USR12725,1,12659.19,1,0,0.0,0.0,12659.19,VERIFIED,True,True
USR12727,1,15022.49,1,0,0.0,0.0,15022.49,PENDING,False,True
USR12729,1,8953.87,1,0,0.0,0.0,8953.87,,,False
USR12733,1,3647.03,1,0,0.0,0.0,3647.03,VERIFIED,True,True
USR12744,2,39391.729999999996,2,0,0.0,0.0,19695.864999999998,PENDING,False,True
USR12757,1,14663.24,1,0,1.0,431.5,14663.24,,,False
USR12785,2,23475.53,2,0,0.0,0.0,11737.765,VERIFIED,True,True
USR12787,1,18358.12,1,0,0.0,0.0,18358.12,,,False
USR12788,2,28134.07,1,1,0.0,0.0,14067.035,,,False
USR12799,1,5922.88,1,0,0.0,0.0,5922.88,,,False
USR12813,2,24590.0,2,0,0.0,0.0,12295.0,,,False
USR12815,1,1705.0,1,0,0.0,0.0,1705.0,PENDING,False,True
USR12827,1,11787.66,1,0,0.0,0.0,11787.66,,,False
USR12830,1,24282.72,1,0,0.0,0.0,24282.72,KYC_DONE,False,True
USR12832,1,23677.72,1,0,0.0,0.0,23677.72,VERIFIED,False,True
USR12837,1,4862.11,1,0,0.0,0.0,4862.11,VERIFIED,False,True
USR12841,3,32468.61,2,0,0.0,0.0,10822.87,,,False
USR12843,1,11614.61,1,0,0.0,0.0,11614.61,,,False
USR12844,1,10880.25,1,0,0.0,0.0,10880.25,,,False
USR12845,1,18829.63,1,0,0.0,0.0,18829.63,,,False
USR12848,1,19442.0,1,0,0.0,0.0,19442.0,,,False
USR12850,1,240.0,1,0,0.0,0.0,240.0,,,False
USR12855,1,16278.0,1,0,0.0,0.0,16278.0,,,False
USR12863,1,7202.98,0,1,0.0,0.0,7202.98,,,False
USR12864,1,5618.77,1,0,0.0,0.0,5618.77,REJECTED,False,True
USR12867,1,5518.95,0,1,0.0,0.0,5518.95,,,False
USR12871,1,24787.78,1,0,0.0,0.0,24787.78,VERIFIED,False,True
USR12874,1,22846.22,1,0,1.0,540.0,22846.22,,,False
USR12879,1,10854.04,1,0,1.0,1507.51,10854.04,VERIFIED,False,True
USR12890,1,-16596.72,1,0,0.0,0.0,-16596.72,,,False
USR12898,1,18322.71,1,0,0.0,0.0,18322.71,,,False
USR12900,1,18522.09,1,0,1.0,1552.98,18522.09,,,False
USR12913,1,2646.03,1,0,0.0,0.0,2646.03,,,False
USR12916,2,38015.2,1,0,1.0,532.41,19007.6,,,False
USR12919,1,5847.89,1,0,1.0,482.6,5847.89,,,False
USR12933,2,25700.879999999997,2,0,0.0,0.0,12850.439999999999,KYC_DONE,True,True
USR12935,1,-1609.52,1,0,0.0,0.0,-1609.52,,,False
USR12937,1,22599.79,1,0,0.0,0.0,22599.79,,,False
USR12945,1,18451.45,0,1,0.0,0.0,18451.45,VERIFIED,False,True
USR12948,1,5447.52,1,0,0.0,0.0,5447.52,,,False
USR12952,1,-18533.53,1,0,0.0,0.0,-18533.53,,,False
USR12956,2,10080.719999999998,2,0,0.0,0.0,5040.359999999999,,,False
USR12958,1,10924.0,1,0,0.0,0.0,10924.0,VERIFIED,True,True
USR12962,1,8041.04,1,0,0.0,0.0,8041.04,,,False
USR12966,1,23182.35,0,0,0.0,0.0,23182.35,,,False
USR12970,1,16397.87,1,0,0.0,0.0,16397.87,KYC_DONE,False,True
USR12976,1,7591.07,1,0,0.0,0.0,7591.07,,,False
USR12977,1,22420.17,1,0,0.0,0.0,22420.17,KYC_DONE,False,True
USR12979,2,48709.25,2,0,1.0,848.15,24354.625,VERIFIED,False,True
USR12992,1,8908.86,1,0,0.0,0.0,8908.86,,,False
USR12993,1,8213.09,1,0,0.0,0.0,8213.09,KYC_DONE,False,True
USR12995,1,10183.05,1,0,0.0,0.0,10183.05,,,False
USR13002,1,22936.0,1,0,0.0,0.0,22936.0,KYC_DONE,False,True
USR13003,2,9220.63,2,0,0.0,0.0,4610.315,PENDING,False,True
USR13006,1,3321.15,1,0,0.0,0.0,3321.15,VERIFIED,False,True
USR13007,1,4359.86,1,0,0.0,0.0,4359.86,,,False
USR13008,1,2976.54,1,0,1.0,1061.09,2976.54,,,False
USR13009,2,664.8199999999997,1,0,1.0,513.84,332.40999999999985,,,False
USR13015,1,6792.52,0,1,0.0,0.0,6792.52,,,False
USR13018,1,23344.4,1,0,0.0,0.0,23344.4,VERIFIED,False,True
USR13021,1,21507.59,1,0,0.0,0.0,21507.59,,,False
USR13022,1,4050.19,1,0,0.0,0.0,4050.19,,,False
USR13023,1,12321.68,1,0,0.0,0.0,12321.68,,,False
USR13030,1,16140.81,1,0,0.0,0.0,16140.81,,,False
USR13032,2,21477.63,1,1,0.0,0.0,10738.815,,,False
USR13033,1,21450.36,1,0,0.0,0.0,21450.36,,,False
USR13035,1,7901.48,1,0,0.0,0.0,7901.48,,,False
USR13039,1,22031.12,0,0,2.0,3089.23,22031.12,VERIFIED,False,True
USR13040,1,4387.62,1,0,0.0,0.0,4387.62,,,False
USR13049,1,17035.0,1,0,1.0,1860.96,17035.0,,,False
USR13054,1,19493.06,0,1,0.0,0.0,19493.06,,,False
USR13063,1,16.07,1,0,0.0,0.0,16.07,,,False
USR13066,1,24600.61,1,0,0.0,0.0,24600.61,,,False
USR13067,1,5360.76,1,0,1.0,638.59,5360.76,,,False
USR13068,1,8225.5,1,0,0.0,0.0,8225.5,VERIFIED,True,True
USR13072,1,18838.16,0,1,0.0,0.0,18838.16,VERIFIED,False,True
USR13080,1,18751.95,0,0,0.0,0.0,18751.95,VERIFIED,False,True
USR13081,1,18775.99,1,0,0.0,0.0,18775.99,,,False
USR13082,1,1292.85,1,0,0.0,0.0,1292.85,,,False
USR13084,2,39972.259999999995,2,0,0.0,0.0,19986.129999999997,,,False
USR13091,1,13187.21,1,0,0.0,0.0,13187.21,KYC_DONE,False,True
USR13097,1,11601.99,1,0,0.0,0.0,11601.99,,,False
USR13103,2,20692.25,1,1,0.0,0.0,10346.125,,,False
USR13109,1,3502.91,1,0,0.0,0.0,3502.91,,,False
USR13110,1,15689.87,1,0,0.0,0.0,15689.87,VERIFIED,False,True
USR13116,1,1052.7,1,0,0.0,0.0,1052.7,VERIFIED,False,True
USR13118,1,17373.57,1,0,0.0,0.0,17373.57,,,False
USR13121,1,15336.16,1,0,0.0,0.0,15336.16,,,False
USR13123,1,22731.41,1,0,0.0,0.0,22731.41,VERIFIED,False,True
USR13124,1,3522.42,1,0,0.0,0.0,3522.42,,,False
USR13129,1,15488.56,1,0,0.0,0.0,15488.56,,,False
USR13141,1,18114.27,1,0,0.0,0.0,18114.27,VERIFIED,False,True
USR13149,2,21452.72,1,1,1.0,1282.1,10726.36,,,False
USR13151,1,24305.81,1,0,0.0,0.0,24305.81,,,False
USR13154,1,212.44,1,0,0.0,0.0,212.44,REJECTED,True,True
USR13157,1,7026.0,0,1,0.0,0.0,7026.0,VERIFIED,False,True
USR13159,1,15347.0,1,0,0.0,0.0,15347.0,PENDING,False,True
USR13160,1,15569.54,1,0,0.0,0.0,15569.54,,,False
USR13163,1,-2689.82,0,1,0.0,0.0,-2689.82,KYC_DONE,False,True
USR13164,2,25844.910000000003,1,0,1.0,1495.6,12922.455000000002,,,False
USR13172,1,14949.22,1,0,1.0,5154.73,14949.22,,,False
USR13175,3,43901.24,2,0,0.0,0.0,14633.746666666666,,,False
USR13181,1,4213.41,1,0,0.0,0.0,4213.41,KYC_DONE,True,True
USR13182,1,8981.98,1,0,0.0,0.0,8981.98,,,False
USR13199,1,10985.87,1,0,0.0,0.0,10985.87,VERIFIED,False,True
USR13208,1,15564.12,1,0,0.0,0.0,15564.12,,,False
USR13211,1,11671.19,1,0,1.0,0.0,11671.19,VERIFIED,False,True
USR13221,1,8964.49,1,0,0.0,0.0,8964.49,,,False
USR13222,1,23550.37,0,0,0.0,0.0,23550.37,VERIFIED,False,True
USR13229,1,15645.48,1,0,0.0,0.0,15645.48,,,False
USR13232,1,1704.23,1,0,0.0,0.0,1704.23,,,False
USR13235,1,22260.7,1,0,0.0,0.0,22260.7,,,False
USR13241,1,7354.98,1,0,0.0,0.0,7354.98,VERIFIED,False,True
USR13242,1,8979.0,1,0,0.0,0.0,8979.0,,,False
USR13247,1,4808.49,0,0,0.0,0.0,4808.49,,,False
USR13249,1,19465.11,1,0,0.0,0.0,19465.11,,,False
USR13261,1,16595.74,1,0,2.0,926.6199999999999,16595.74,,,False
USR13265,1,2729.1,1,0,0.0,0.0,2729.1,PENDING,False,True
USR13268,3,24901.129999999997,1,1,0.0,0.0,8300.376666666665,,,False
USR13270,1,-108.19,1,0,1.0,-7727.83,-108.19,VERIFIED,True,True
USR13279,1,10343.15,0,1,0.0,0.0,10343.15,,,False
USR13296,1,6065.82,1,0,1.0,1641.33,6065.82,VERIFIED,False,True
USR13310,1,20981.0,1,0,0.0,0.0,20981.0,,,False
USR13312,1,10685.8,1,0,0.0,0.0,10685.8,,,False
USR13313,1,18236.33,1,0,0.0,0.0,18236.33,,,False
USR13317,1,5943.46,1,0,0.0,0.0,5943.46,KYC_DONE,True,True
USR13318,2,13935.0,2,0,1.0,914.0,6967.5,,,False
USR13328,1,16452.17,0,1,0.0,0.0,16452.17,,,False
USR13329,2,17935.84,1,1,0.0,0.0,8967.92,VERIFIED,False,True
USR13331,1,3014.02,1,0,0.0,0.0,3014.02,KYC_DONE,True,True
USR13332,1,3289.81,0,1,0.0,0.0,3289.81,,,False
USR13337,1,17861.02,1,0,0.0,0.0,17861.02,,,False
USR13340,1,12202.63,1,0,0.0,0.0,12202.63,VERIFIED,False,True
USR13346,1,8559.0,1,0,0.0,0.0,8559.0,,,False
USR13352,1,11911.06,1,0,0.0,0.0,11911.06,VERIFIED,False,True
USR13358,1,2239.66,1,0,0.0,0.0,2239.66,,,False
USR13360,1,3387.81,0,1,0.0,0.0,3387.81,,,False
USR13361,1,5264.8,1,0,0.0,0.0,5264.8,,,False
USR13363,1,10223.4,1,0,0.0,0.0,10223.4,VERIFIED,False,True
USR13364,1,14827.93,1,0,1.0,411.2,14827.93,,,False
USR13367,1,12606.71,0,1,0.0,0.0,12606.71,,,False
USR13385,2,46540.3,2,0,1.0,722.56,23270.15,KYC_DONE,False,True
USR13387,1,11427.63,1,0,0.0,0.0,11427.63,,,False
USR13393,1,17070.64,1,0,0.0,0.0,17070.64,,,False
USR13400,1,18003.71,1,0,1.0,4511.29,18003.71,,,False
USR13407,1,14857.0,1,0,1.0,1528.98,14857.0,,,False
USR13425,1,19047.71,1,0,0.0,0.0,19047.71,VERIFIED,False,True
USR13427,1,6256.82,1,0,0.0,0.0,6256.82,VERIFIED,True,True
USR13436,1,5240.56,0,1,0.0,0.0,5240.56,,,False
USR13437,1,23772.08,1,0,0.0,0.0,23772.08,,,False
USR13440,1,24592.95,1,0,0.0,0.0,24592.95,,,False
USR13448,1,15295.28,1,0,0.0,0.0,15295.28,,,False
USR13449,1,19062.87,1,0,0.0,0.0,19062.87,,,False
USR13450,1,21310.23,1,0,0.0,0.0,21310.23,,,False
USR13454,1,7420.42,0,1,0.0,0.0,7420.42,,,False
USR13457,1,16161.29,1,0,0.0,0.0,16161.29,VERIFIED,False,True
USR13465,1,14594.47,1,0,0.0,0.0,14594.47,,,False
USR13466,1,8567.4,1,0,0.0,0.0,8567.4,,,False
USR13469,1,18364.83,1,0,0.0,0.0,18364.83,,,False
USR13473,1,4182.78,0,0,0.0,0.0,4182.78,VERIFIED,False,True
USR13480,1,4065.4,1,0,0.0,0.0,4065.4,VERIFIED,True,True
USR13482,1,16164.0,1,0,0.0,0.0,16164.0,KYC_DONE,False,True
USR13492,1,5213.71,1,0,0.0,0.0,5213.71,,,False
USR13493,1,23959.13,1,0,0.0,0.0,23959.13,KYC_DONE,True,True
USR13510,1,754.22,1,0,0.0,0.0,754.22,,,False
USR13511,1,3251.36,1,0,1.0,5136.75,3251.36,KYC_DONE,True,True
USR13525,2,26540.760000000002,2,0,0.0,0.0,13270.380000000001,REJECT,False,True
USR13526,2,12837.38,2,0,0.0,0.0,6418.69,VERIFIED,False,True
USR13535,1,4807.47,1,0,0.0,0.0,4807.47,,,False
USR13544,1,15387.54,1,0,2.0,5359.6900000000005,15387.54,,,False
USR13545,1,2706.56,1,0,0.0,0.0,2706.56,,,False
USR13547,2,37456.75,2,0,0.0,0.0,18728.375,,,False
USR13560,1,828.0,1,0,0.0,0.0,828.0,,,False
USR13561,1,13106.57,1,0,0.0,0.0,13106.57,,,False
USR13566,1,1946.18,1,0,0.0,0.0,1946.18,VERIFIED,False,True
USR13574,1,13666.44,1,0,0.0,0.0,13666.44,,,False
USR13577,1,19417.16,1,0,0.0,0.0,19417.16,,,False
USR13579,1,3957.08,0,1,0.0,0.0,3957.08,,,False
USR13580,1,8742.7,1,0,0.0,0.0,8742.7,,,False
USR13581,2,28202.22,2,0,0.0,0.0,14101.11,,,False
USR13589,1,24879.03,1,0,0.0,0.0,24879.03,,,False
USR13595,1,11065.42,1,0,0.0,0.0,11065.42,,,False
USR13603,1,2503.08,1,0,0.0,0.0,2503.08,,,False
USR13604,1,14747.92,1,0,0.0,0.0,14747.92,,,False
USR13608,1,12511.61,1,0,0.0,0.0,12511.61,VERIFIED,True,True
USR13609,1,7017.94,1,0,0.0,0.0,7017.94,,,False
USR13611,1,7723.0,1,0,1.0,1512.54,7723.0,,,False
USR13614,1,2488.46,0,0,0.0,0.0,2488.46,,,False
USR13615,1,18450.72,1,0,0.0,0.0,18450.72,,,False
USR13620,1,22734.91,1,0,1.0,2049.68,22734.91,,,False
USR13624,1,2024.23,0,1,0.0,0.0,2024.23,,,False
USR13626,1,4918.52,1,0,0.0,0.0,4918.52,,,False
USR13637,1,12065.77,0,1,0.0,0.0,12065.77,,,False
USR13640,1,18192.56,1,0,0.0,0.0,18192.56,,,False
USR13651,1,8152.63,0,1,0.0,0.0,8152.63,,,False
USR13664,1,22782.29,1,0,0.0,0.0,22782.29,PENDING,False,True
USR13665,1,24588.2,1,0,0.0,0.0,24588.2,,,False
USR13668,1,17991.76,1,0,0.0,0.0,17991.76,KYC_DONE,False,True
USR13670,1,14411.45,1,0,1.0,1719.0,14411.45,,,False
USR13672,1,12039.75,1,0,0.0,0.0,12039.75,UNDER REVIEW,False,True
USR13676,1,4646.29,1,0,0.0,0.0,4646.29,KYC_DONE,False,True
USR13680,1,20595.37,1,0,0.0,0.0,20595.37,,,False
USR13681,1,8120.86,1,0,1.0,1275.74,8120.86,,,False
USR13691,1,10598.09,1,0,0.0,0.0,10598.09,,,False
USR13692,1,21306.83,1,0,0.0,0.0,21306.83,,,False
USR13700,1,369.39,1,0,0.0,0.0,369.39,,,False
USR13703,1,8580.73,1,0,0.0,0.0,8580.73,VERIFIED,False,True
USR13706,1,16103.51,0,0,0.0,0.0,16103.51,KYC_DONE,False,True
USR13710,1,15408.88,0,0,0.0,0.0,15408.88,,,False
USR13711,1,23727.24,1,0,0.0,0.0,23727.24,,,False
USR13719,1,5409.0,1,0,0.0,0.0,5409.0,,,False
USR13732,1,9282.0,0,0,0.0,0.0,9282.0,REJECTED,False,True
USR13735,1,21677.12,1,0,0.0,0.0,21677.12,,,False
USR13742,1,12318.02,1,0,0.0,0.0,12318.02,KYC_DONE,False,True
USR13745,1,18171.63,1,0,0.0,0.0,18171.63,VERIFIED,False,True
USR13758,1,9962.43,1,0,0.0,0.0,9962.43,,,False
USR13767,1,16071.91,1,0,0.0,0.0,16071.91,,,False
USR13772,2,38579.0,1,1,0.0,0.0,19289.5,VERIFIED,True,True
USR13774,1,12515.48,1,0,0.0,0.0,12515.48,,,False
USR13776,1,11576.14,1,0,0.0,0.0,11576.14,REJECTED,False,True
USR13777,2,28050.64,2,0,0.0,0.0,14025.32,KYC_DONE,True,True
USR13779,1,15192.55,1,0,0.0,0.0,15192.55,,,False
USR13786,1,15586.63,1,0,0.0,0.0,15586.63,,,False
USR13788,1,22589.25,1,0,1.0,0.0,22589.25,PENDING,True,True
USR13790,1,2331.86,1,0,0.0,0.0,2331.86,,,False
USR13800,1,21231.99,1,0,0.0,0.0,21231.99,PENDING,False,True
USR13806,2,29142.04,2,0,0.0,0.0,14571.02,VERIFIED,False,True
USR13821,1,23732.54,1,0,0.0,0.0,23732.54,,,False
USR13823,1,8058.79,1,0,0.0,0.0,8058.79,,,False
USR13825,1,22530.43,1,0,0.0,0.0,22530.43,,,False
USR13826,1,22849.0,1,0,1.0,3985.84,22849.0,,,False
USR13828,1,23670.28,1,0,0.0,0.0,23670.28,,,False
USR13830,1,14303.85,1,0,0.0,0.0,14303.85,,,False
USR13836,1,20198.0,0,1,0.0,0.0,20198.0,,,False
USR13840,1,1602.45,1,0,0.0,0.0,1602.45,,,False
USR13841,1,5787.09,1,0,0.0,0.0,5787.09,,,False
USR13843,1,16995.92,1,0,0.0,0.0,16995.92,VERIFIED,False,True
USR13844,1,915.95,1,0,0.0,0.0,915.95,,,False
USR13848,1,22926.37,1,0,1.0,466.0,22926.37,,,False
USR13853,2,23530.96,2,0,0.0,0.0,11765.48,,,False
USR13860,2,21784.4,2,0,1.0,749.06,10892.2,,,False
USR13864,1,14503.79,1,0,0.0,0.0,14503.79,PENDING,False,True
USR13875,2,20761.07,2,0,1.0,11364.57,10380.535,VERIFIED,False,True
USR13878,1,14575.91,1,0,0.0,0.0,14575.91,VERIFIED,False,True
USR13882,1,11330.84,1,0,0.0,0.0,11330.84,,,False
USR13890,2,-5360.57,2,0,0.0,0.0,-2680.285,,,False
USR13893,1,24032.37,1,0,0.0,0.0,24032.37,,,False
USR13898,1,3034.18,0,1,0.0,0.0,3034.18,PENDING,False,True
USR13904,1,6221.01,1,0,0.0,0.0,6221.01,VERIFIED,False,True
USR13906,1,17732.0,0,0,1.0,1231.74,17732.0,,,False
USR13918,2,41771.17,2,0,0.0,0.0,20885.585,VERIFIED,True,True
USR13924,1,8562.0,0,0,0.0,0.0,8562.0,KYC_DONE,False,True
USR13926,1,10006.0,1,0,0.0,0.0,10006.0,,,False
USR13928,1,19807.5,1,0,0.0,0.0,19807.5,,,False
USR13929,1,17008.9,1,0,0.0,0.0,17008.9,,,False
USR13930,1,12037.04,1,0,1.0,1518.49,12037.04,VERIFIED,False,True
USR13935,1,17252.33,1,0,0.0,0.0,17252.33,,,False
USR13943,1,23298.5,1,0,1.0,2276.53,23298.5,,,False
USR13957,1,21540.49,0,1,1.0,4375.63,21540.49,,,False
USR13959,2,31238.23,2,0,0.0,0.0,15619.115,,,False
USR13969,1,7817.02,0,1,0.0,0.0,7817.02,,,False
USR13975,1,13083.67,0,1,1.0,1707.0,13083.67,KYC_DONE,False,True
USR13976,1,1575.7,1,0,0.0,0.0,1575.7,,,False
USR13977,1,16621.83,1,0,0.0,0.0,16621.83,,,False
USR13980,1,10247.68,1,0,0.0,0.0,10247.68,VERIFIED,False,True
USR13984,1,24610.0,0,1,0.0,0.0,24610.0,,,False
USR13988,1,13123.66,0,0,0.0,0.0,13123.66,,,False
USR13994,1,17899.58,1,0,0.0,0.0,17899.58,,,False
USR13995,2,33183.55,1,1,0.0,0.0,16591.775,,,False
USR13998,1,2167.09,1,0,0.0,0.0,2167.09,VERIFIED,False,True
USR14000,1,6436.24,1,0,0.0,0.0,6436.24,,,False
USR14002,1,4768.43,1,0,0.0,0.0,4768.43,,,False
USR14010,1,24943.76,1,0,0.0,0.0,24943.76,PENDING,False,True
USR14014,1,12410.92,1,0,0.0,0.0,12410.92,PENDING,False,True
USR14015,2,23963.28,2,0,0.0,0.0,11981.64,,,False
USR14024,1,2891.37,1,0,0.0,0.0,2891.37,,,False
USR14027,1,19872.81,1,0,0.0,0.0,19872.81,VERIFIED,False,True
USR14039,1,4726.61,0,0,0.0,0.0,4726.61,,,False
USR14047,1,12623.81,1,0,0.0,0.0,12623.81,VERIFIED,False,True
USR14048,1,4684.22,1,0,0.0,0.0,4684.22,VERIFIED,False,True
USR14051,1,19945.33,1,0,0.0,0.0,19945.33,,,False
USR14060,1,23268.47,1,0,0.0,0.0,23268.47,UNDER REVIEW,False,True
USR14068,1,20375.34,1,0,0.0,0.0,20375.34,,,False
USR14074,1,17982.72,1,0,0.0,0.0,17982.72,,,False
USR14076,1,18970.3,1,0,2.0,8032.32,18970.3,VERIFIED,False,True
USR14080,1,17791.0,1,0,0.0,0.0,17791.0,,,False
USR14086,1,5413.66,1,0,0.0,0.0,5413.66,,,False
USR14089,1,5015.05,0,0,0.0,0.0,5015.05,,,False
USR14093,1,23505.0,1,0,0.0,0.0,23505.0,,,False
USR14096,1,8966.47,1,0,0.0,0.0,8966.47,VERIFIED,True,True
USR14112,2,10890.69,2,0,0.0,0.0,5445.345,,,False
USR14115,1,3372.0,1,0,0.0,0.0,3372.0,,,False
USR14119,1,22739.79,1,0,0.0,0.0,22739.79,,,False
USR14120,1,15621.27,1,0,0.0,0.0,15621.27,,,False
USR14121,2,26018.96,2,0,0.0,0.0,13009.48,,,False
USR14125,1,8619.1,0,1,0.0,0.0,8619.1,,,False
USR14127,1,10549.0,1,0,0.0,0.0,10549.0,,,False
USR14129,1,1842.18,1,0,0.0,0.0,1842.18,VERIFIED,True,True
USR14131,1,5475.7,1,0,1.0,737.83,5475.7,,,False
USR14132,1,19500.1,1,0,0.0,0.0,19500.1,,,False
USR14137,1,-16688.71,1,0,0.0,0.0,-16688.71,,,False
USR14147,1,4252.73,1,0,0.0,0.0,4252.73,VERIFIED,False,True
USR14151,1,14509.0,1,0,0.0,0.0,14509.0,VERIFIED,False,True
USR14155,1,20658.18,1,0,0.0,0.0,20658.18,VERIFIED,False,True
USR14167,1,8495.93,0,1,0.0,0.0,8495.93,,,False
USR14178,1,10449.84,1,0,0.0,0.0,10449.84,VERIFIED,False,True
USR14180,1,5654.3,1,0,0.0,0.0,5654.3,,,False
USR14182,1,6568.58,0,1,1.0,3272.08,6568.58,,,False
USR14183,1,23289.0,0,1,0.0,0.0,23289.0,,,False
USR14187,2,22267.18,2,0,0.0,0.0,11133.59,,,False
USR14193,1,-11721.6,1,0,0.0,0.0,-11721.6,VERIFIED,False,True
USR14198,1,20660.26,1,0,0.0,0.0,20660.26,,,False
USR14203,1,8825.68,1,0,0.0,0.0,8825.68,,,False
USR14205,2,20652.18,2,0,0.0,0.0,10326.09,,,False
USR14208,1,6491.91,1,0,0.0,0.0,6491.91,,,False
USR14224,1,1655.29,1,0,0.0,0.0,1655.29,,,False
USR14229,1,10093.04,1,0,0.0,0.0,10093.04,,,False
USR14236,2,37036.13,2,0,0.0,0.0,18518.065,,,False
USR14239,1,3800.16,1,0,0.0,0.0,3800.16,,,False
USR14244,2,18256.25,2,0,1.0,645.29,9128.125,,,False
USR14251,1,20144.06,1,0,0.0,0.0,20144.06,,,False
USR14257,1,21983.2,1,0,1.0,985.98,21983.2,,,False
USR14258,1,4696.33,1,0,0.0,0.0,4696.33,,,False
USR14260,1,7717.44,1,0,0.0,0.0,7717.44,,,False
USR14261,1,5452.8,1,0,0.0,0.0,5452.8,VERIFIED,True,True
USR14263,1,8378.08,1,0,0.0,0.0,8378.08,,,False
USR14269,1,24036.17,1,0,0.0,0.0,24036.17,PENDING,False,True
USR14282,1,1972.39,1,0,1.0,519.97,1972.39,,,False
USR14284,1,3595.3,1,0,0.0,0.0,3595.3,,,False
USR14285,2,22706.84,1,0,1.0,2625.77,11353.42,PENDING,False,True
USR14290,1,5020.73,1,0,0.0,0.0,5020.73,,,False
USR14302,1,1782.2,1,0,0.0,0.0,1782.2,REJECTED,True,True
USR14304,1,1652.06,1,0,0.0,0.0,1652.06,PENDING,True,True
USR14307,1,14388.5,1,0,0.0,0.0,14388.5,,,False
USR14312,1,18043.52,1,0,1.0,2025.76,18043.52,VERIFIED,False,True
USR14322,1,8475.22,0,1,0.0,0.0,8475.22,,,False
USR14327,1,9329.57,0,1,0.0,0.0,9329.57,,,False
USR14328,1,24567.38,1,0,0.0,0.0,24567.38,,,False
USR14337,1,2759.43,1,0,0.0,0.0,2759.43,,,False
USR14339,1,1444.22,0,0,0.0,0.0,1444.22,VERIFIED,True,True
USR14347,1,2346.37,1,0,0.0,0.0,2346.37,,,False
USR14351,1,8405.29,1,0,0.0,0.0,8405.29,,,False
USR14356,1,7484.01,1,0,0.0,0.0,7484.01,REJECTED,False,True
USR14359,1,22047.55,1,0,1.0,7520.47,22047.55,,,False
USR14360,1,21976.02,1,0,0.0,0.0,21976.02,,,False
USR14363,1,7747.74,0,1,0.0,0.0,7747.74,,,False
USR14376,1,10275.32,1,0,0.0,0.0,10275.32,VERIFIED,True,True
USR14389,1,22386.0,0,1,0.0,0.0,22386.0,,,False
USR14390,1,11122.24,1,0,0.0,0.0,11122.24,,,False
USR14394,1,3908.3,1,0,0.0,0.0,3908.3,,,False
USR14395,1,803.28,1,0,0.0,0.0,803.28,REJECTED,False,True
USR14398,1,4424.0,1,0,1.0,203.0,4424.0,PENDING,True,True
USR14414,1,22394.02,1,0,1.0,2771.91,22394.02,KYC_DONE,True,True
USR14424,1,13953.14,1,0,1.0,3151.89,13953.14,PENDING,False,True
USR14426,2,10990.970000000001,2,0,0.0,0.0,5495.485000000001,VERIFIED,False,True
USR14428,1,9302.2,1,0,0.0,0.0,9302.2,UNDER REVIEW,False,True
USR14434,1,-21055.71,1,0,0.0,0.0,-21055.71,VERIFIED,False,True
USR14436,1,16503.0,1,0,0.0,0.0,16503.0,,,False
USR14441,1,1154.0,1,0,0.0,0.0,1154.0,,,False
USR14444,1,1582.06,1,0,0.0,0.0,1582.06,VERIFIED,True,True
USR14450,1,6470.07,1,0,0.0,0.0,6470.07,,,False
USR14458,1,3755.07,1,0,0.0,0.0,3755.07,,,False
USR14471,2,29277.17,2,0,1.0,-2999.91,14638.585,VERIFIED,False,True
USR14484,1,21085.59,1,0,0.0,0.0,21085.59,,,False
USR14485,2,32670.28,1,1,0.0,0.0,16335.14,UNDER REVIEW,False,True
USR14501,1,20168.56,1,0,0.0,0.0,20168.56,,,False
USR14506,2,35453.63,2,0,2.0,9434.869999999999,17726.815,,,False
USR14526,1,8640.1,0,0,0.0,0.0,8640.1,,,False
USR14528,1,6729.92,1,0,0.0,0.0,6729.92,,,False
USR14534,1,3624.93,1,0,0.0,0.0,3624.93,,,False
USR14536,1,10603.25,1,0,1.0,3305.27,10603.25,VERIFIED,True,True
USR14552,1,14111.88,0,1,0.0,0.0,14111.88,,,False
USR14555,2,28927.68,2,0,0.0,0.0,14463.84,,,False
USR14564,1,12295.48,0,0,0.0,0.0,12295.48,,,False
USR14567,1,13260.89,1,0,0.0,0.0,13260.89,,,False
USR14570,1,5759.81,0,1,0.0,0.0,5759.81,KYC_DONE,False,True
USR14576,1,7187.44,1,0,0.0,0.0,7187.44,VERIFIED,False,True
USR14582,1,2258.0,1,0,0.0,0.0,2258.0,,,False
USR14586,1,7316.65,1,0,2.0,12828.71,7316.65,,,False
USR14598,1,11262.13,1,0,1.0,-728.36,11262.13,,,False
USR14602,1,6109.92,1,0,0.0,0.0,6109.92,,,False
USR14604,1,17525.0,1,0,0.0,0.0,17525.0,REJECT,False,True
USR14606,1,4018.24,1,0,0.0,0.0,4018.24,REJECTED,False,True
USR14612,1,5095.74,1,0,0.0,0.0,5095.74,,,False
USR14613,1,15430.49,1,0,0.0,0.0,15430.49,VERIFIED,False,True
USR14618,1,15662.87,1,0,0.0,0.0,15662.87,,,False
USR14627,1,8516.27,0,0,0.0,0.0,8516.27,,,False
USR14645,1,10028.56,1,0,0.0,0.0,10028.56,VERIFIED,False,True
USR14655,1,4503.15,1,0,0.0,0.0,4503.15,VERIFIED,False,True
USR14668,1,19040.15,1,0,0.0,0.0,19040.15,,,False
USR14678,1,21820.12,1,0,1.0,3127.19,21820.12,,,False
USR14682,1,10223.0,1,0,0.0,0.0,10223.0,,,False
USR14685,1,9938.0,1,0,0.0,0.0,9938.0,,,False
USR14687,1,1690.34,1,0,0.0,0.0,1690.34,,,False
USR14692,1,2917.13,1,0,0.0,0.0,2917.13,,,False
USR14707,1,13392.35,0,1,0.0,0.0,13392.35,,,False
USR14716,1,10133.52,1,0,0.0,0.0,10133.52,,,False
USR14719,1,4492.32,0,0,1.0,4136.0,4492.32,VERIFIED,False,True
USR14725,1,6461.37,1,0,0.0,0.0,6461.37,,,False
USR14730,1,6748.21,1,0,0.0,0.0,6748.21,VERIFIED,False,True
USR14733,1,8582.67,1,0,0.0,0.0,8582.67,,,False
USR14735,1,13481.83,1,0,0.0,0.0,13481.83,REJECTED,False,True
USR14739,1,15846.45,1,0,1.0,794.23,15846.45,VERIFIED,False,True
USR14741,1,9758.0,1,0,0.0,0.0,9758.0,,,False
USR14757,1,169.41,1,0,0.0,0.0,169.41,,,False
USR14762,2,20766.45,2,0,0.0,0.0,10383.225,VERIFIED,False,True
USR14766,1,21165.39,1,0,0.0,0.0,21165.39,,,False
USR14768,1,23644.0,1,0,0.0,0.0,23644.0,,,False
USR14772,1,9364.68,0,1,1.0,0.0,9364.68,,,False
USR14773,1,16785.06,0,0,0.0,0.0,16785.06,,,False
USR14774,1,17804.68,1,0,0.0,0.0,17804.68,VERIFIED,True,True
USR14781,1,11951.91,1,0,0.0,0.0,11951.91,VERIFIED,False,True
USR14784,2,47768.76,2,0,0.0,0.0,23884.38,,,False
USR14798,1,17527.22,1,0,0.0,0.0,17527.22,VERIFIED,False,True
USR14799,1,6480.02,1,0,0.0,0.0,6480.02,,,False
USR14801,1,8912.11,1,0,1.0,2585.0,8912.11,VERIFIED,True,True
USR14803,2,23682.9,2,0,0.0,0.0,11841.45,,,False
USR14806,1,21274.15,0,0,0.0,0.0,21274.15,VERIFIED,True,True
USR14807,1,17640.51,1,0,0.0,0.0,17640.51,KYC_DONE,True,True
USR14814,1,931.8,1,0,0.0,0.0,931.8,VERIFIED,False,True
USR14823,1,2011.84,1,0,1.0,2126.85,2011.84,,,False
USR14825,1,2171.25,0,0,0.0,0.0,2171.25,,,False
USR14840,1,12011.87,0,1,0.0,0.0,12011.87,,,False
USR14852,1,4182.08,1,0,0.0,0.0,4182.08,VERIFIED,False,True
USR14854,1,20737.87,1,0,0.0,0.0,20737.87,,,False
USR14856,1,10080.29,1,0,1.0,2218.94,10080.29,VERIFIED,False,True
USR14868,1,18308.68,1,0,0.0,0.0,18308.68,VERIFIED,False,True
USR14870,1,23820.85,1,0,1.0,2273.34,23820.85,,,False
USR14876,1,18328.46,1,0,0.0,0.0,18328.46,,,False
USR14885,2,11130.380000000001,2,0,0.0,0.0,5565.1900000000005,,,False
USR14886,1,8431.21,1,0,0.0,0.0,8431.21,KYC_DONE,True,True
USR14887,1,3680.95,1,0,0.0,0.0,3680.95,,,False
USR14891,1,17284.1,1,0,1.0,3630.2,17284.1,VERIFIED,False,True
USR14895,1,8119.42,0,1,0.0,0.0,8119.42,VERIFIED,False,True
USR14896,1,-251.56,0,0,0.0,0.0,-251.56,,,False
USR14906,1,1927.42,1,0,1.0,2538.37,1927.42,,,False
USR14910,1,21841.73,1,0,0.0,0.0,21841.73,,,False
USR14911,2,22698.29,2,0,0.0,0.0,11349.145,,,False
USR14916,1,8754.71,1,0,0.0,0.0,8754.71,,,False
USR14920,2,42431.05,2,0,2.0,12163.57,21215.525,,,False
USR14927,1,15341.18,1,0,0.0,0.0,15341.18,,,False
USR14932,2,22323.1,2,0,0.0,0.0,11161.55,,,False
USR14935,1,10697.45,1,0,0.0,0.0,10697.45,,,False
USR14940,1,14557.8,1,0,0.0,0.0,14557.8,,,False
USR14941,1,8997.32,0,1,0.0,0.0,8997.32,,,False
USR14943,1,24309.41,1,0,1.0,1159.44,24309.41,,,False
USR14947,1,20378.7,0,1,0.0,0.0,20378.7,PENDING,False,True
USR14952,1,13510.03,1,0,0.0,0.0,13510.03,,,False
USR14967,1,22256.61,1,0,2.0,5863.87,22256.61,VERIFIED,True,True
USR14984,1,320.0,1,0,0.0,0.0,320.0,VERIFIED,False,True
USR14987,1,217.54,1,0,0.0,0.0,217.54,,,False
USR14998,1,16562.67,1,0,0.0,0.0,16562.67,,,False
USR15004,1,19519.25,1,0,0.0,0.0,19519.25,,,False
USR15006,1,14814.44,1,0,0.0,0.0,14814.44,REJECTED,False,True
USR15018,1,2946.98,1,0,0.0,0.0,2946.98,,,False
USR15022,1,10014.24,1,0,0.0,0.0,10014.24,,,False
USR15037,1,5182.74,1,0,0.0,0.0,5182.74,,,False
USR15038,1,6363.77,1,0,1.0,-734.96,6363.77,,,False
USR15039,2,-2383.649999999998,2,0,1.0,1706.04,-1191.824999999999,REJECTED,False,True
USR15043,1,17314.21,1,0,0.0,0.0,17314.21,VERIFIED,False,True
USR15056,1,5249.43,1,0,0.0,0.0,5249.43,,,False
USR15061,1,4143.37,1,0,0.0,0.0,4143.37,VERIFIED,False,True
USR15066,1,15112.99,1,0,0.0,0.0,15112.99,VERIFIED,False,True
USR15068,1,984.09,1,0,0.0,0.0,984.09,KYC_DONE,False,True
USR15073,1,18378.28,1,0,0.0,0.0,18378.28,VERIFIED,False,True
USR15076,1,16.02,1,0,0.0,0.0,16.02,,,False
USR15082,1,3490.0,1,0,0.0,0.0,3490.0,VERIFIED,False,True
USR15101,1,18591.17,1,0,0.0,0.0,18591.17,VERIFIED,True,True
USR15102,1,8553.22,1,0,0.0,0.0,8553.22,KYC_DONE,True,True
USR15103,1,15788.09,1,0,0.0,0.0,15788.09,,,False
USR15104,1,23522.6,1,0,0.0,0.0,23522.6,PENDING,False,True
USR15110,2,25949.269999999997,2,0,0.0,0.0,12974.634999999998,,,False
USR15113,1,12024.73,0,1,0.0,0.0,12024.73,,,False
USR15121,1,14240.12,1,0,0.0,0.0,14240.12,,,False
USR15122,1,22570.37,1,0,0.0,0.0,22570.37,,,False
USR15139,1,5829.14,0,0,0.0,0.0,5829.14,,,False
USR15149,1,20451.44,1,0,0.0,0.0,20451.44,,,False
USR15156,2,21331.85,2,0,0.0,0.0,10665.925,,,False
USR15161,4,49813.31,2,2,1.0,1402.12,12453.3275,,,False
USR15163,1,11207.8,1,0,0.0,0.0,11207.8,PENDING,False,True
USR15164,1,24223.92,0,1,0.0,0.0,24223.92,VERIFIED,False,True
USR15167,1,3333.91,1,0,0.0,0.0,3333.91,,,False
USR15168,1,2567.28,1,0,1.0,3785.87,2567.28,,,False
USR15171,1,23590.96,1,0,0.0,0.0,23590.96,,,False
USR15179,2,34697.35,2,0,1.0,1142.95,17348.675,,,False
USR15184,1,1300.53,0,1,0.0,0.0,1300.53,,,False
USR15192,1,18279.59,1,0,0.0,0.0,18279.59,,,False
USR15210,1,24327.19,1,0,0.0,0.0,24327.19,,,False
USR15211,1,4570.0,1,0,0.0,0.0,4570.0,,,False
USR15215,1,23865.89,1,0,0.0,0.0,23865.89,PENDING,False,True
USR15218,1,13196.66,1,0,0.0,0.0,13196.66,KYC_DONE,True,True
USR15221,1,11234.21,1,0,0.0,0.0,11234.21,VERIFIED,True,True
USR15222,1,22389.13,1,0,1.0,2066.08,22389.13,VERIFIED,False,True
USR15225,1,21551.74,1,0,0.0,0.0,21551.74,VERIFIED,False,True
USR15230,2,38394.71,2,0,0.0,0.0,19197.355,,,False
USR15232,1,13897.03,1,0,0.0,0.0,13897.03,,,False
USR15234,1,14906.09,0,1,0.0,0.0,14906.09,,,False
USR15236,1,16822.39,1,0,0.0,0.0,16822.39,,,False
USR15244,1,11437.92,1,0,0.0,0.0,11437.92,VERIFIED,True,True
USR15248,1,13712.82,0,1,0.0,0.0,13712.82,,,False
USR15256,1,6512.68,1,0,0.0,0.0,6512.68,VERIFIED,False,True
USR15259,2,33708.63,2,0,0.0,0.0,16854.315,REJECTED,True,True
USR15269,1,19913.05,1,0,0.0,0.0,19913.05,VERIFIED,False,True
USR15273,1,19999.9,0,1,0.0,0.0,19999.9,,,False
USR15284,2,43251.78,2,0,1.0,1078.9,21625.89,,,False
USR15287,1,20323.15,1,0,0.0,0.0,20323.15,,,False
USR15293,1,4487.31,1,0,0.0,0.0,4487.31,,,False
USR15299,1,11926.0,1,0,0.0,0.0,11926.0,UNDER REVIEW,False,True
USR15300,1,10203.28,1,0,0.0,0.0,10203.28,,,False
USR15301,1,19991.47,1,0,0.0,0.0,19991.47,,,False
USR15302,1,8727.03,1,0,0.0,0.0,8727.03,REJECTED,False,True
USR15311,2,40072.100000000006,2,0,1.0,2519.45,20036.050000000003,,,False
USR15314,1,12411.02,0,0,0.0,0.0,12411.02,,,False
USR15316,1,-10175.28,1,0,0.0,0.0,-10175.28,VERIFIED,False,True
USR15318,1,20702.8,1,0,0.0,0.0,20702.8,VERIFIED,True,True
USR15325,1,23522.18,1,0,0.0,0.0,23522.18,,,False
USR15326,1,293.73,1,0,0.0,0.0,293.73,KYC_DONE,False,True
USR15333,1,9862.0,1,0,1.0,2971.18,9862.0,,,False
USR15339,2,19397.75,1,0,0.0,0.0,9698.875,,,False
USR15344,2,12902.93,0,2,0.0,0.0,6451.465,VERIFIED,True,True
USR15356,1,13980.94,1,0,1.0,862.23,13980.94,,,False
USR15357,1,6818.95,1,0,0.0,0.0,6818.95,PENDING,False,True
USR15365,1,2294.0,1,0,0.0,0.0,2294.0,KYC_DONE,False,True
USR15370,1,16275.43,0,1,0.0,0.0,16275.43,,,False
USR15371,1,21317.03,1,0,0.0,0.0,21317.03,,,False
USR15375,1,22071.47,0,0,0.0,0.0,22071.47,VERIFIED,False,True
USR15377,1,24660.1,1,0,1.0,2187.0,24660.1,,,False
USR15378,1,4773.34,1,0,0.0,0.0,4773.34,REJECTED,True,True
USR15380,2,6444.379999999999,1,1,0.0,0.0,3222.1899999999996,,,False
USR15385,1,13589.71,1,0,0.0,0.0,13589.71,,,False
USR15392,1,4477.62,1,0,1.0,6544.91,4477.62,VERIFIED,False,True
USR15393,1,21193.55,1,0,0.0,0.0,21193.55,,,False
USR15397,1,13492.0,0,1,0.0,0.0,13492.0,,,False
USR15405,1,2639.41,1,0,1.0,1937.0,2639.41,,,False
USR15407,1,21524.65,1,0,0.0,0.0,21524.65,,,False
USR15430,1,16433.37,1,0,0.0,0.0,16433.37,,,False
USR15432,1,13727.98,1,0,0.0,0.0,13727.98,,,False
USR15434,1,4672.08,1,0,0.0,0.0,4672.08,,,False
USR15443,1,7674.0,1,0,0.0,0.0,7674.0,,,False
USR15451,1,2052.32,1,0,0.0,0.0,2052.32,,,False
USR15456,1,15868.21,1,0,0.0,0.0,15868.21,,,False
USR15460,2,30707.940000000002,2,0,0.0,0.0,15353.970000000001,PENDING,False,True
USR15463,1,5444.33,1,0,0.0,0.0,5444.33,,,False
USR15466,1,10302.19,1,0,0.0,0.0,10302.19,VERIFIED,False,True
USR15478,1,7605.62,1,0,1.0,3019.75,7605.62,,,False
USR15482,1,1823.64,1,0,1.0,-5331.95,1823.64,,,False
USR15485,2,6178.74,2,0,0.0,0.0,3089.37,VERIFIED,False,True
USR15488,2,18224.739999999998,2,0,0.0,0.0,9112.369999999999,VERIFIED,False,True
USR15490,1,332.31,1,0,0.0,0.0,332.31,,,False
USR15491,1,19227.89,1,0,0.0,0.0,19227.89,KYC_DONE,True,True
USR15499,1,10895.37,1,0,0.0,0.0,10895.37,,,False
USR15500,2,20334.11,1,1,0.0,0.0,10167.055,,,False
USR15502,1,22545.33,0,1,0.0,0.0,22545.33,VERIFIED,False,True
USR15508,2,21916.0,2,0,0.0,0.0,10958.0,,,False
USR15510,1,474.08,1,0,1.0,-1194.2,474.08,VERIFIED,False,True
USR15513,1,14890.29,1,0,0.0,0.0,14890.29,,,False
USR15518,1,-20438.07,1,0,0.0,0.0,-20438.07,VERIFIED,False,True
USR15525,1,13768.76,1,0,0.0,0.0,13768.76,KYC_DONE,False,True
USR15528,1,18320.15,1,0,1.0,707.43,18320.15,VERIFIED,False,True
USR15536,1,11141.0,1,0,0.0,0.0,11141.0,KYC_DONE,False,True
USR15539,1,1551.39,1,0,0.0,0.0,1551.39,,,False
USR15540,1,20137.75,1,0,0.0,0.0,20137.75,,,False
USR15543,1,11081.57,0,1,0.0,0.0,11081.57,VERIFIED,False,True
USR15546,1,8843.0,1,0,1.0,2380.3,8843.0,,,False
USR15556,1,8358.0,1,0,0.0,0.0,8358.0,,,False
USR15564,1,9876.23,1,0,0.0,0.0,9876.23,VERIFIED,False,True
USR15565,1,23498.71,1,0,0.0,0.0,23498.71,,,False
USR15571,1,3267.21,1,0,0.0,0.0,3267.21,PENDING,False,True
USR15573,1,12727.26,1,0,0.0,0.0,12727.26,VERIFIED,False,True
USR15574,1,16130.99,1,0,0.0,0.0,16130.99,VERIFIED,False,True
USR15577,1,14845.58,1,0,0.0,0.0,14845.58,,,False
USR15578,1,6255.0,1,0,0.0,0.0,6255.0,,,False
USR15579,1,21835.5,0,0,0.0,0.0,21835.5,REJECTED,True,True
USR15581,1,10243.87,1,0,0.0,0.0,10243.87,VERIFIED,False,True
USR15582,1,5781.85,1,0,0.0,0.0,5781.85,VERIFIED,False,True
USR15586,1,23990.21,1,0,2.0,11018.82,23990.21,,,False
USR15596,1,18688.64,1,0,0.0,0.0,18688.64,,,False
USR15597,1,1022.58,1,0,0.0,0.0,1022.58,,,False
USR15598,1,13867.27,1,0,0.0,0.0,13867.27,,,False
USR15602,2,25751.98,2,0,1.0,4970.0,12875.99,,,False
USR15604,1,17218.9,0,1,0.0,0.0,17218.9,,,False
USR15614,1,23445.43,1,0,0.0,0.0,23445.43,,,False
USR15616,2,29892.780000000002,2,0,0.0,0.0,14946.390000000001,,,False
USR15619,1,17851.81,1,0,0.0,0.0,17851.81,,,False
USR15624,2,33470.66,1,1,0.0,0.0,16735.33,,,False
USR15635,1,2194.94,1,0,0.0,0.0,2194.94,,,False
USR15636,1,12551.72,1,0,0.0,0.0,12551.72,,,False
USR15653,1,14341.56,0,0,1.0,2018.57,14341.56,,,False
USR15666,1,16086.67,1,0,0.0,0.0,16086.67,,,False
USR15670,1,4434.27,1,0,0.0,0.0,4434.27,,,False
USR15677,1,6103.16,1,0,0.0,0.0,6103.16,VERIFIED,False,True
USR15682,1,17202.19,0,1,0.0,0.0,17202.19,VERIFIED,False,True
USR15694,1,9228.37,1,0,0.0,0.0,9228.37,REJECTED,True,True
USR15713,1,9893.97,1,0,0.0,0.0,9893.97,,,False
USR15715,1,14519.69,1,0,0.0,0.0,14519.69,,,False
USR15716,1,3718.15,1,0,0.0,0.0,3718.15,PENDING,False,True
USR15717,1,8241.16,1,0,0.0,0.0,8241.16,VERIFIED,False,True
USR15725,1,6054.32,1,0,0.0,0.0,6054.32,,,False
USR15733,1,12191.14,1,0,0.0,0.0,12191.14,,,False
USR15735,1,24885.98,1,0,0.0,0.0,24885.98,VERIFIED,False,True
USR15739,1,21784.63,1,0,1.0,1002.8,21784.63,,,False
USR15741,1,21911.97,1,0,1.0,3642.0,21911.97,,,False
USR15744,1,24450.06,1,0,1.0,-2662.81,24450.06,VERIFIED,False,True
USR15746,1,735.68,1,0,0.0,0.0,735.68,,,False
USR15747,1,17333.31,1,0,0.0,0.0,17333.31,,,False
USR15748,1,6640.45,1,0,0.0,0.0,6640.45,,,False
USR15750,1,17431.42,1,0,0.0,0.0,17431.42,,,False
USR15751,1,4145.84,0,1,0.0,0.0,4145.84,,,False
USR15756,1,24248.05,1,0,0.0,0.0,24248.05,,,False
USR15768,1,13512.08,1,0,1.0,269.0,13512.08,,,False
USR15769,3,39067.17,3,0,1.0,9521.14,13022.39,,,False
USR15771,1,13838.75,1,0,1.0,993.95,13838.75,REJECTED,True,True
USR15778,1,5546.0,1,0,0.0,0.0,5546.0,,,False
USR15783,2,8817.91,2,0,0.0,0.0,4408.955,,,False
USR15786,1,1263.88,1,0,0.0,0.0,1263.88,VERIFIED,False,True
USR15789,1,8367.72,1,0,0.0,0.0,8367.72,KYC_DONE,False,True
USR15798,1,14109.81,1,0,0.0,0.0,14109.81,VERIFIED,False,True
USR15799,1,23872.08,1,0,0.0,0.0,23872.08,VERIFIED,False,True
USR15805,1,11752.55,1,0,0.0,0.0,11752.55,,,False
USR15827,1,22466.99,1,0,0.0,0.0,22466.99,,,False
USR15828,1,14905.64,1,0,0.0,0.0,14905.64,,,False
USR15831,1,12702.36,1,0,0.0,0.0,12702.36,,,False
USR15833,1,148.0,1,0,0.0,0.0,148.0,VERIFIED,False,True
USR15834,1,8892.43,1,0,0.0,0.0,8892.43,,,False
USR15845,1,1460.58,1,0,0.0,0.0,1460.58,,,False
USR15852,1,2214.98,1,0,0.0,0.0,2214.98,VERIFIED,False,True
USR15858,1,5923.72,0,0,0.0,0.0,5923.72,VERIFIED,False,True
USR15860,1,23007.58,1,0,0.0,0.0,23007.58,,,False
USR15861,1,16701.32,1,0,0.0,0.0,16701.32,VERIFIED,True,True
USR15862,1,11925.11,1,0,0.0,0.0,11925.11,,,False
USR15866,1,2524.93,0,0,0.0,0.0,2524.93,VERIFIED,False,True
USR15869,1,11716.85,1,0,0.0,0.0,11716.85,,,False
USR15872,1,20024.16,1,0,0.0,0.0,20024.16,,,False
USR15879,1,22511.13,1,0,0.0,0.0,22511.13,,,False
USR15885,1,1176.98,1,0,0.0,0.0,1176.98,,,False
USR15895,1,13014.1,1,0,0.0,0.0,13014.1,,,False
USR15896,1,4800.56,1,0,0.0,0.0,4800.56,,,False
USR15898,1,6651.0,0,1,0.0,0.0,6651.0,,,False
USR15902,1,17884.0,1,0,0.0,0.0,17884.0,VERIFIED,False,True
USR15909,1,793.12,1,0,0.0,0.0,793.12,,,False
USR15918,2,28497.02,2,0,0.0,0.0,14248.51,,,False
USR15920,1,-12336.25,1,0,0.0,0.0,-12336.25,PENDING,False,True
USR15925,1,4882.01,1,0,0.0,0.0,4882.01,VERIFIED,False,True
USR15927,1,5491.01,1,0,1.0,3732.8,5491.01,,,False
USR15928,1,20478.0,1,0,2.0,6210.740000000001,20478.0,,,False
USR15938,1,18295.0,1,0,0.0,0.0,18295.0,,,False
USR15942,1,-12354.43,1,0,0.0,0.0,-12354.43,,,False
USR15946,2,24239.66,2,0,0.0,0.0,12119.83,KYC_DONE,False,True
USR15951,2,31108.17,2,0,0.0,0.0,15554.085,,,False
USR15960,1,13825.52,1,0,0.0,0.0,13825.52,,,False
USR15971,2,29331.870000000003,2,0,0.0,0.0,14665.935000000001,PENDING,False,True
USR15974,1,18960.06,1,0,0.0,0.0,18960.06,,,False
USR15975,2,36924.14,2,0,2.0,-3605.11,18462.07,,,False
USR15977,1,19685.85,1,0,1.0,652.86,19685.85,VERIFIED,True,True
USR15978,1,395.23,1,0,0.0,0.0,395.23,,,False
USR15980,1,22771.0,1,0,0.0,0.0,22771.0,,,False
USR15987,2,26825.230000000003,2,0,0.0,0.0,13412.615000000002,,,False
USR15989,1,15406.3,1,0,0.0,0.0,15406.3,,,False
USR15990,1,20707.04,1,0,0.0,0.0,20707.04,,,False
USR15995,1,24655.41,1,0,0.0,0.0,24655.41,,,False
USR16002,1,17338.09,1,0,0.0,0.0,17338.09,,,False
USR16003,1,8547.61,0,1,0.0,0.0,8547.61,,,False
USR16019,1,5122.79,1,0,0.0,0.0,5122.79,,,False
USR16029,2,12770.21,2,0,0.0,0.0,6385.105,,,False
USR16039,1,6714.22,1,0,0.0,0.0,6714.22,,,False
USR16041,1,21401.0,1,0,0.0,0.0,21401.0,VERIFIED,False,True
USR16045,1,5892.23,1,0,0.0,0.0,5892.23,,,False
USR16047,1,16536.87,1,0,0.0,0.0,16536.87,,,False
USR16051,1,17309.0,1,0,0.0,0.0,17309.0,VERIFIED,False,True
USR16055,1,9610.89,1,0,0.0,0.0,9610.89,,,False
USR16058,1,17998.56,1,0,1.0,891.13,17998.56,,,False
USR16076,2,26720.469999999998,2,0,0.0,0.0,13360.234999999999,,,False
USR16079,1,-16529.07,1,0,0.0,0.0,-16529.07,VERIFIED,False,True
USR16081,1,5351.0,1,0,1.0,1166.57,5351.0,,,False
USR16083,1,12831.6,1,0,0.0,0.0,12831.6,,,False
USR16084,1,11601.0,0,1,1.0,-5341.0,11601.0,VERIFIED,True,True
USR16085,1,16460.51,1,0,0.0,0.0,16460.51,,,False
USR16089,1,14920.61,1,0,2.0,0.0,14920.61,VERIFIED,False,True
USR16094,1,21836.85,1,0,0.0,0.0,21836.85,,,False
USR16096,1,14927.82,0,0,0.0,0.0,14927.82,VERIFIED,False,True
USR16099,1,24380.06,1,0,0.0,0.0,24380.06,,,False
USR16103,1,3903.0,1,0,0.0,0.0,3903.0,VERIFIED,False,True
USR16111,1,18458.09,1,0,0.0,0.0,18458.09,,,False
USR16113,1,23321.83,1,0,0.0,0.0,23321.83,PENDING,False,True
USR16116,1,12111.81,1,0,0.0,0.0,12111.81,,,False
USR16119,1,13252.18,1,0,0.0,0.0,13252.18,,,False
USR16125,1,12323.79,0,0,1.0,501.3,12323.79,REJECTED,False,True
USR16131,1,21043.88,1,0,0.0,0.0,21043.88,UNDER REVIEW,False,True
USR16137,1,23711.0,0,1,0.0,0.0,23711.0,,,False
USR16140,1,23963.32,0,0,1.0,1247.52,23963.32,,,False
USR16145,1,23625.98,1,0,0.0,0.0,23625.98,,,False
USR16146,1,7728.0,1,0,0.0,0.0,7728.0,,,False
USR16151,1,20099.08,1,0,0.0,0.0,20099.08,VERIFIED,False,True
USR16154,1,14509.91,1,0,0.0,0.0,14509.91,,,False
USR16158,1,11254.09,1,0,0.0,0.0,11254.09,,,False
USR16159,2,11187.19,2,0,0.0,0.0,5593.595,,,False
USR16164,1,17248.63,1,0,1.0,2299.14,17248.63,VERIFIED,False,True
USR16166,1,1016.0,1,0,0.0,0.0,1016.0,KYC_DONE,False,True
USR16170,1,18656.3,1,0,0.0,0.0,18656.3,,,False
USR16179,2,-10858.820000000002,2,0,0.0,0.0,-5429.410000000001,,,False
USR16181,1,15156.68,1,0,0.0,0.0,15156.68,,,False
USR16185,1,17193.25,1,0,0.0,0.0,17193.25,,,False
USR16187,1,3526.38,1,0,0.0,0.0,3526.38,,,False
USR16190,1,13438.27,1,0,0.0,0.0,13438.27,,,False
USR16192,1,2488.87,1,0,0.0,0.0,2488.87,,,False
USR16198,1,2098.02,1,0,0.0,0.0,2098.02,,,False
USR16207,1,2261.68,1,0,0.0,0.0,2261.68,,,False
USR16208,1,1002.38,1,0,0.0,0.0,1002.38,VERIFIED,True,True
USR16217,1,14747.33,1,0,0.0,0.0,14747.33,VERIFIED,False,True
USR16219,1,23339.72,1,0,0.0,0.0,23339.72,,,False
USR16224,1,18873.14,1,0,0.0,0.0,18873.14,,,False
USR16229,1,7650.38,0,1,0.0,0.0,7650.38,,,False
USR16233,1,23303.93,1,0,0.0,0.0,23303.93,,,False
USR16239,1,6065.72,1,0,0.0,0.0,6065.72,KYC_DONE,False,True
USR16251,1,5982.55,1,0,0.0,0.0,5982.55,VERIFIED,True,True
USR16257,1,6803.8,1,0,0.0,0.0,6803.8,VERIFIED,False,True
USR16259,1,3776.92,1,0,0.0,0.0,3776.92,,,False
USR16260,1,11797.0,1,0,1.0,1358.0,11797.0,,,False
USR16263,1,15674.55,1,0,0.0,0.0,15674.55,,,False
USR16265,2,30565.04,2,0,1.0,0.0,15282.52,VERIFIED,False,True
USR16267,1,22127.49,1,0,0.0,0.0,22127.49,,,False
USR16276,1,24575.58,1,0,0.0,0.0,24575.58,,,False
USR16280,1,5114.37,1,0,1.0,2284.0,5114.37,VERIFIED,False,True
USR16281,1,16102.12,1,0,0.0,0.0,16102.12,,,False
USR16285,1,22654.52,1,0,0.0,0.0,22654.52,,,False
USR16288,1,9884.93,1,0,0.0,0.0,9884.93,,,False
USR16293,1,12226.28,1,0,0.0,0.0,12226.28,PENDING,False,True
USR16295,1,12019.86,1,0,0.0,0.0,12019.86,,,False
USR16298,1,1369.13,1,0,0.0,0.0,1369.13,,,False
USR16299,1,16966.14,1,0,1.0,17825.75,16966.14,,,False
USR16303,1,7537.77,1,0,0.0,0.0,7537.77,,,False
USR16310,1,7989.73,1,0,0.0,0.0,7989.73,VERIFIED,True,True
USR16320,1,8993.0,1,0,0.0,0.0,8993.0,,,False
USR16334,1,5636.77,1,0,1.0,0.0,5636.77,,,False
USR16336,1,5659.72,1,0,0.0,0.0,5659.72,,,False
USR16346,2,9311.54,1,0,0.0,0.0,4655.77,,,False
USR16352,1,9888.26,1,0,1.0,2159.7,9888.26,VERIFIED,True,True
USR16353,1,9894.1,1,0,0.0,0.0,9894.1,,,False
USR16358,1,14139.43,0,1,0.0,0.0,14139.43,UNDER REVIEW,False,True
USR16362,1,12636.26,0,1,0.0,0.0,12636.26,KYC_DONE,False,True
USR16371,1,806.8,1,0,0.0,0.0,806.8,,,False
USR16385,1,24767.07,1,0,0.0,0.0,24767.07,PENDING,False,True
USR16389,1,14338.69,1,0,0.0,0.0,14338.69,,,False
USR16392,1,16748.27,1,0,0.0,0.0,16748.27,,,False
USR16394,1,10611.69,1,0,0.0,0.0,10611.69,,,False
USR16400,1,23760.78,1,0,0.0,0.0,23760.78,VERIFIED,False,True
USR16401,1,7256.06,0,0,0.0,0.0,7256.06,,,False
USR16403,2,37126.55,2,0,0.0,0.0,18563.275,VERIFIED,False,True
USR16411,2,23185.0,2,0,0.0,0.0,11592.5,,,False
USR16413,1,5110.15,1,0,0.0,0.0,5110.15,VERIFIED,False,True
USR16416,1,6317.82,1,0,0.0,0.0,6317.82,,,False
USR16422,1,23972.21,1,0,0.0,0.0,23972.21,,,False
USR16423,1,2457.0,1,0,0.0,0.0,2457.0,,,False
USR16432,1,10473.19,1,0,0.0,0.0,10473.19,,,False
USR16436,1,14818.28,1,0,1.0,361.6,14818.28,,,False
USR16442,1,1864.0,0,1,1.0,1023.96,1864.0,VERIFIED,False,True
USR16443,1,4860.42,1,0,0.0,0.0,4860.42,PENDING,False,True
USR16445,1,1049.66,0,1,0.0,0.0,1049.66,VERIFIED,False,True
USR16446,1,3938.53,1,0,0.0,0.0,3938.53,VERIFIED,True,True
USR16450,1,19915.47,1,0,1.0,802.62,19915.47,VERIFIED,False,True
USR16451,1,7691.24,1,0,0.0,0.0,7691.24,VERIFIED,False,True
USR16461,1,4179.0,1,0,0.0,0.0,4179.0,,,False
USR16463,1,22813.0,1,0,0.0,0.0,22813.0,VERIFIED,True,True
USR16470,2,24250.27,2,0,1.0,1617.78,12125.135,,,False
USR16471,1,16737.02,1,0,0.0,0.0,16737.02,KYC_DONE,False,True
USR16484,1,10373.11,1,0,1.0,367.0,10373.11,REJECTED,False,True
USR16485,1,19382.02,1,0,0.0,0.0,19382.02,,,False
USR16487,1,23532.06,1,0,1.0,1913.11,23532.06,,,False
USR16490,1,3842.59,1,0,0.0,0.0,3842.59,,,False
USR16493,1,9156.72,1,0,0.0,0.0,9156.72,,,False
USR16494,1,16809.85,1,0,0.0,0.0,16809.85,VERIFIED,False,True
USR16505,1,477.93,1,0,0.0,0.0,477.93,,,False
USR16510,1,14509.67,1,0,0.0,0.0,14509.67,KYC_DONE,True,True
USR16514,1,22174.48,1,0,0.0,0.0,22174.48,VERIFIED,False,True
USR16524,1,18337.71,1,0,0.0,0.0,18337.71,,,False
USR16526,1,9862.0,1,0,0.0,0.0,9862.0,VERIFIED,False,True
USR16528,1,3951.0,1,0,0.0,0.0,3951.0,VERIFIED,True,True
USR16537,1,8306.1,1,0,0.0,0.0,8306.1,VERIFIED,True,True
USR16540,1,8772.73,1,0,0.0,0.0,8772.73,KYC_DONE,True,True
USR16541,1,6528.27,1,0,0.0,0.0,6528.27,,,False
USR16542,1,14145.18,1,0,0.0,0.0,14145.18,,,False
USR16545,2,27174.309999999998,1,1,0.0,0.0,13587.154999999999,VERIFIED,False,True
USR16553,4,44839.97,3,0,0.0,0.0,11209.9925,VERIFIED,False,True
USR16556,1,18456.39,1,0,0.0,0.0,18456.39,,,False
USR16557,1,18575.0,1,0,0.0,0.0,18575.0,,,False
USR16559,1,5436.0,1,0,0.0,0.0,5436.0,,,False
USR16562,2,31068.28,1,1,0.0,0.0,15534.14,VERIFIED,False,True
USR16563,1,7989.65,1,0,0.0,0.0,7989.65,,,False
USR16569,2,13599.81,2,0,2.0,12772.880000000001,6799.905,,,False
USR16587,1,1342.97,1,0,0.0,0.0,1342.97,REJECTED,True,True
USR16592,1,19451.84,1,0,1.0,1603.01,19451.84,,,False
USR16598,1,4118.17,1,0,0.0,0.0,4118.17,,,False
USR16599,1,15904.65,0,0,0.0,0.0,15904.65,VERIFIED,True,True
USR16600,1,19027.57,1,0,0.0,0.0,19027.57,,,False
USR16618,1,-15617.72,1,0,0.0,0.0,-15617.72,,,False
USR16628,1,16455.73,1,0,0.0,0.0,16455.73,VERIFIED,False,True
USR16629,2,31429.629999999997,2,0,0.0,0.0,15714.814999999999,,,False
USR16640,1,4856.26,1,0,0.0,0.0,4856.26,,,False
USR16644,1,17889.95,0,0,1.0,797.17,17889.95,,,False
USR16646,1,12793.0,1,0,0.0,0.0,12793.0,,,False
USR16652,1,3351.05,1,0,0.0,0.0,3351.05,,,False
USR16655,1,17625.73,1,0,0.0,0.0,17625.73,,,False
USR16669,1,15926.19,1,0,0.0,0.0,15926.19,,,False
USR16673,1,16912.26,1,0,0.0,0.0,16912.26,,,False
USR16675,1,8216.0,1,0,0.0,0.0,8216.0,VERIFIED,False,True
USR16679,1,21522.77,1,0,0.0,0.0,21522.77,,,False
USR16682,1,23443.24,1,0,1.0,5143.78,23443.24,,,False
USR16683,1,14451.5,1,0,1.0,6434.35,14451.5,,,False
USR16695,1,22318.0,0,1,0.0,0.0,22318.0,,,False
USR16699,1,14301.17,0,0,0.0,0.0,14301.17,VERIFIED,True,True
USR16700,1,11724.0,1,0,0.0,0.0,11724.0,PENDING,False,True
USR16702,1,22879.37,1,0,0.0,0.0,22879.37,VERIFIED,False,True
USR16710,1,14927.66,0,1,0.0,0.0,14927.66,,,False
USR16714,1,21151.07,1,0,0.0,0.0,21151.07,VERIFIED,False,True
USR16722,1,6315.28,0,1,0.0,0.0,6315.28,KYC_DONE,False,True
USR16729,1,1016.55,1,0,0.0,0.0,1016.55,,,False
USR16730,1,15082.72,1,0,1.0,3617.74,15082.72,,,False
USR16731,1,14150.61,1,0,1.0,830.77,14150.61,VERIFIED,False,True
USR16736,1,21440.25,1,0,0.0,0.0,21440.25,,,False
USR16737,1,18349.69,1,0,0.0,0.0,18349.69,,,False
USR16748,1,20730.49,1,0,0.0,0.0,20730.49,,,False
USR16763,1,9284.28,1,0,0.0,0.0,9284.28,,,False
USR16764,1,19372.49,1,0,0.0,0.0,19372.49,VERIFIED,False,True
USR16765,1,8592.33,1,0,0.0,0.0,8592.33,VERIFIED,False,True
USR16785,2,40700.94,2,0,1.0,1904.98,20350.47,VERIFIED,False,True
USR16787,1,4617.36,1,0,0.0,0.0,4617.36,KYC_DONE,False,True
USR16790,1,454.45,1,0,0.0,0.0,454.45,,,False
USR16793,3,29039.34,3,0,0.0,0.0,9679.78,,,False
USR16798,1,13608.0,1,0,0.0,0.0,13608.0,,,False
USR16807,1,24929.1,1,0,0.0,0.0,24929.1,,,False
USR16815,1,5642.59,1,0,0.0,0.0,5642.59,,,False
USR16817,1,21149.58,1,0,0.0,0.0,21149.58,,,False
USR16818,1,9920.5,1,0,0.0,0.0,9920.5,,,False
USR16822,2,9530.42,2,0,1.0,579.06,4765.21,VERIFIED,False,True
USR16831,2,40223.130000000005,2,0,0.0,0.0,20111.565000000002,,,False
USR16834,1,9833.67,1,0,0.0,0.0,9833.67,,,False
USR16845,1,17721.13,1,0,0.0,0.0,17721.13,REJECTED,False,True
USR16855,1,8632.82,1,0,0.0,0.0,8632.82,VERIFIED,False,True
USR16859,1,-10009.74,0,1,0.0,0.0,-10009.74,REJECTED,True,True
USR16862,1,12655.07,1,0,0.0,0.0,12655.07,PENDING,False,True
USR16870,1,-397.34,1,0,0.0,0.0,-397.34,KYC_DONE,False,True
USR16871,1,17863.46,1,0,0.0,0.0,17863.46,,,False
USR16872,1,11013.68,0,1,0.0,0.0,11013.68,VERIFIED,False,True
USR16879,1,7197.94,1,0,0.0,0.0,7197.94,,,False
USR16887,1,17375.23,1,0,0.0,0.0,17375.23,,,False
USR16896,1,22137.11,1,0,0.0,0.0,22137.11,,,False
USR16899,1,13505.33,1,0,0.0,0.0,13505.33,,,False
USR16902,1,1084.92,1,0,0.0,0.0,1084.92,,,False
USR16910,1,17609.54,0,1,0.0,0.0,17609.54,REJECTED,False,True
USR16914,1,11016.63,0,1,0.0,0.0,11016.63,,,False
USR16919,1,11314.83,1,0,0.0,0.0,11314.83,VERIFIED,False,True
USR16924,1,20418.21,0,1,0.0,0.0,20418.21,,,False
USR16925,1,3153.8,1,0,1.0,-443.81,3153.8,,,False
USR16929,1,2653.0,1,0,0.0,0.0,2653.0,KYC_DONE,False,True
USR16930,1,15211.36,1,0,0.0,0.0,15211.36,,,False
USR16933,1,13660.73,1,0,0.0,0.0,13660.73,,,False
USR16943,1,18055.0,1,0,0.0,0.0,18055.0,,,False
USR16951,1,10994.68,1,0,0.0,0.0,10994.68,,,False
USR16956,1,23921.32,1,0,1.0,1939.11,23921.32,,,False
USR16959,1,23414.89,1,0,0.0,0.0,23414.89,,,False
USR16962,1,17311.93,1,0,0.0,0.0,17311.93,,,False
USR16973,1,23435.33,0,0,0.0,0.0,23435.33,,,False
USR16978,1,458.77,1,0,0.0,0.0,458.77,,,False
USR16990,1,20093.77,1,0,0.0,0.0,20093.77,VERIFIED,False,True
USR16998,1,5189.99,1,0,0.0,0.0,5189.99,,,False
USR16999,1,22795.51,1,0,0.0,0.0,22795.51,,,False
USR17001,1,14165.43,1,0,0.0,0.0,14165.43,,,False
USR17002,2,12138.49,2,0,0.0,0.0,6069.245,,,False
USR17004,1,18120.49,1,0,1.0,8317.58,18120.49,,,False
USR17008,1,13191.14,1,0,0.0,0.0,13191.14,,,False
USR17010,1,24328.89,1,0,1.0,-2477.45,24328.89,,,False
USR17012,1,3281.0,1,0,0.0,0.0,3281.0,,,False
USR17017,1,22384.7,1,0,0.0,0.0,22384.7,VERIFIED,True,True
USR17019,1,10942.47,1,0,0.0,0.0,10942.47,,,False
USR17022,1,21662.56,1,0,0.0,0.0,21662.56,,,False
USR17031,2,28172.61,2,0,0.0,0.0,14086.305,VERIFIED,False,True
USR17034,1,15614.38,1,0,0.0,0.0,15614.38,,,False
USR17038,1,968.66,1,0,0.0,0.0,968.66,,,False
USR17049,1,16964.8,1,0,2.0,3972.42,16964.8,,,False
USR17050,2,41214.520000000004,2,0,0.0,0.0,20607.260000000002,,,False
USR17051,1,10710.32,1,0,0.0,0.0,10710.32,,,False
USR17053,1,998.54,1,0,0.0,0.0,998.54,,,False
USR17062,1,18240.74,1,0,0.0,0.0,18240.74,,,False
USR17073,1,5483.77,1,0,0.0,0.0,5483.77,,,False
USR17074,2,19032.09,1,1,0.0,0.0,9516.045,,,False
USR17075,1,2945.72,1,0,1.0,653.0,2945.72,,,False
USR17103,1,3694.85,1,0,0.0,0.0,3694.85,,,False
USR17108,2,16072.51,2,0,0.0,0.0,8036.255,,,False
USR17115,1,7287.0,1,0,0.0,0.0,7287.0,,,False
USR17117,1,11427.79,1,0,0.0,0.0,11427.79,VERIFIED,False,True
USR17120,1,11603.77,1,0,0.0,0.0,11603.77,,,False
USR17126,1,18712.12,1,0,0.0,0.0,18712.12,,,False
USR17130,1,18798.14,1,0,0.0,0.0,18798.14,VERIFIED,False,True
USR17132,1,21925.95,1,0,0.0,0.0,21925.95,,,False
USR17143,1,6798.11,1,0,0.0,0.0,6798.11,,,False
USR17144,2,6411.0599999999995,2,0,0.0,0.0,3205.5299999999997,,,False
USR17157,1,13442.7,1,0,0.0,0.0,13442.7,VERIFIED,False,True
USR17174,1,7021.95,1,0,0.0,0.0,7021.95,,,False
USR17179,1,19055.62,1,0,1.0,3582.63,19055.62,,,False
USR17182,1,23082.0,0,1,0.0,0.0,23082.0,,,False
USR17194,1,-23973.03,1,0,0.0,0.0,-23973.03,,,False
USR17197,1,6227.0,0,0,0.0,0.0,6227.0,VERIFIED,True,True
USR17198,2,25390.93,2,0,2.0,5015.36,12695.465,VERIFIED,False,True
USR17201,1,11337.58,1,0,0.0,0.0,11337.58,,,False
USR17218,1,390.26,1,0,0.0,0.0,390.26,PENDING,False,True
USR17224,1,19823.43,1,0,0.0,0.0,19823.43,,,False
USR17228,1,20330.0,1,0,0.0,0.0,20330.0,,,False
USR17246,1,14159.12,1,0,0.0,0.0,14159.12,VERIFIED,True,True
USR17249,1,3022.97,1,0,0.0,0.0,3022.97,,,False
USR17258,1,3297.95,1,0,0.0,0.0,3297.95,,,False
USR17259,1,2555.95,1,0,1.0,8601.0,2555.95,,,False
USR17264,1,241.0,1,0,0.0,0.0,241.0,VERIFIED,True,True
USR17266,1,14051.31,1,0,1.0,1671.67,14051.31,,,False
USR17272,1,12160.36,0,0,0.0,0.0,12160.36,,,False
USR17273,1,22209.26,1,0,0.0,0.0,22209.26,PENDING,False,True
USR17289,1,14439.21,1,0,1.0,1826.0,14439.21,,,False
USR17291,1,10169.39,1,0,0.0,0.0,10169.39,,,False
USR17300,1,8279.49,1,0,0.0,0.0,8279.49,,,False
USR17314,1,9004.1,1,0,0.0,0.0,9004.1,,,False
USR17315,1,16881.5,1,0,0.0,0.0,16881.5,REJECTED,False,True
USR17318,1,15031.06,1,0,0.0,0.0,15031.06,,,False
USR17321,1,12411.51,1,0,0.0,0.0,12411.51,,,False
USR17323,1,12077.53,1,0,0.0,0.0,12077.53,,,False
USR17336,1,6775.91,1,0,0.0,0.0,6775.91,,,False
USR17338,1,12009.79,1,0,0.0,0.0,12009.79,,,False
USR17346,2,-4318.18,0,2,0.0,0.0,-2159.09,,,False
USR17350,1,19552.04,0,1,1.0,5338.83,19552.04,,,False
USR17351,1,21015.0,1,0,0.0,0.0,21015.0,VERIFIED,True,True
USR17353,1,-114.89,1,0,0.0,0.0,-114.89,VERIFIED,False,True
USR17355,1,23749.53,1,0,0.0,0.0,23749.53,,,False
USR17361,1,9439.18,1,0,0.0,0.0,9439.18,,,False
USR17371,1,7870.51,1,0,0.0,0.0,7870.51,,,False
USR17377,1,359.38,1,0,1.0,547.94,359.38,,,False
USR17386,1,1679.26,1,0,1.0,7913.77,1679.26,VERIFIED,False,True
USR17396,1,21975.68,1,0,0.0,0.0,21975.68,,,False
USR17397,1,21851.21,0,0,0.0,0.0,21851.21,VERIFIED,False,True
USR17402,1,21779.59,1,0,0.0,0.0,21779.59,,,False
USR17407,1,22653.12,1,0,0.0,0.0,22653.12,,,False
USR17418,1,4828.12,1,0,0.0,0.0,4828.12,,,False
USR17420,2,25299.61,2,0,0.0,0.0,12649.805,,,False
USR17425,1,23180.17,1,0,0.0,0.0,23180.17,,,False
USR17427,1,314.37,1,0,0.0,0.0,314.37,,,False
USR17430,1,23468.6,1,0,0.0,0.0,23468.6,,,False
USR17432,1,14228.56,1,0,0.0,0.0,14228.56,,,False
USR17433,1,6367.25,1,0,0.0,0.0,6367.25,PENDING,False,True
USR17447,1,3060.0,1,0,0.0,0.0,3060.0,KYC_DONE,False,True
USR17451,1,10658.77,1,0,0.0,0.0,10658.77,,,False
USR17453,1,-10439.36,1,0,0.0,0.0,-10439.36,,,False
USR17455,1,6415.98,0,1,0.0,0.0,6415.98,VERIFIED,False,True
USR17458,1,24233.35,1,0,0.0,0.0,24233.35,,,False
USR17472,1,10893.27,1,0,1.0,-1284.43,10893.27,,,False
USR17473,1,7056.14,1,0,0.0,0.0,7056.14,,,False
USR17492,2,45748.86,2,0,1.0,578.72,22874.43,VERIFIED,False,True
USR17495,1,-19479.66,0,0,0.0,0.0,-19479.66,VERIFIED,False,True
USR17498,1,5110.0,1,0,0.0,0.0,5110.0,VERIFIED,False,True
USR17500,1,4593.0,0,1,0.0,0.0,4593.0,,,False
USR17503,1,14555.93,1,0,1.0,-99.96,14555.93,VERIFIED,False,True
USR17514,2,33916.8,2,0,0.0,0.0,16958.4,,,False
USR17528,1,12648.5,1,0,0.0,0.0,12648.5,,,False
USR17535,1,14787.65,1,0,0.0,0.0,14787.65,,,False
USR17539,1,6049.06,1,0,0.0,0.0,6049.06,,,False
USR17540,1,7778.05,1,0,0.0,0.0,7778.05,,,False
USR17541,1,2752.0,1,0,0.0,0.0,2752.0,,,False
USR17542,1,14129.9,1,0,0.0,0.0,14129.9,,,False
USR17546,1,21043.46,1,0,0.0,0.0,21043.46,,,False
USR17547,1,6126.18,1,0,0.0,0.0,6126.18,,,False
USR17550,1,981.45,1,0,1.0,2738.39,981.45,,,False
USR17556,1,19298.0,1,0,0.0,0.0,19298.0,,,False
USR17572,1,11902.55,1,0,0.0,0.0,11902.55,,,False
USR17577,1,21060.5,1,0,0.0,0.0,21060.5,VERIFIED,False,True
USR17587,1,620.54,1,0,0.0,0.0,620.54,KYC_DONE,False,True
USR17594,1,20875.99,1,0,0.0,0.0,20875.99,,,False
USR17612,1,23090.83,1,0,0.0,0.0,23090.83,,,False
USR17619,1,9405.27,1,0,0.0,0.0,9405.27,,,False
USR17626,2,34655.259999999995,1,1,0.0,0.0,17327.629999999997,,,False
USR17630,1,19366.0,1,0,0.0,0.0,19366.0,,,False
USR17648,1,4989.0,1,0,1.0,5179.58,4989.0,VERIFIED,False,True
USR17650,1,19368.57,0,1,0.0,0.0,19368.57,,,False
USR17656,3,23219.489999999998,3,0,0.0,0.0,7739.829999999999,,,False
USR17660,1,9142.63,1,0,0.0,0.0,9142.63,,,False
USR17661,1,6955.27,1,0,0.0,0.0,6955.27,,,False
USR17666,2,18084.94,1,1,0.0,0.0,9042.47,,,False
USR17675,1,23420.0,0,1,0.0,0.0,23420.0,VERIFIED,False,True
USR17677,1,19953.0,1,0,0.0,0.0,19953.0,KYC_DONE,False,True
USR17679,2,26436.0,2,0,0.0,0.0,13218.0,,,False
USR17683,1,12122.56,1,0,0.0,0.0,12122.56,KYC_DONE,True,True
USR17687,1,9060.92,0,1,0.0,0.0,9060.92,VERIFIED,False,True
USR17691,1,17809.1,1,0,0.0,0.0,17809.1,,,False
USR17694,1,16493.32,1,0,0.0,0.0,16493.32,,,False
USR17700,1,4092.54,1,0,0.0,0.0,4092.54,VERIFIED,False,True
USR17701,1,4528.46,1,0,0.0,0.0,4528.46,PENDING,False,True
USR17705,2,32369.43,1,0,0.0,0.0,16184.715,PENDING,False,True
USR17706,1,12257.89,1,0,0.0,0.0,12257.89,,,False
USR17716,1,17666.95,1,0,1.0,14932.0,17666.95,VERIFIED,False,True
USR17718,1,6033.33,1,0,0.0,0.0,6033.33,,,False
USR17722,1,559.44,1,0,0.0,0.0,559.44,,,False
USR17724,1,21993.9,1,0,0.0,0.0,21993.9,,,False
USR17731,1,17828.0,1,0,0.0,0.0,17828.0,,,False
USR17732,1,8568.39,1,0,0.0,0.0,8568.39,KYC_DONE,False,True
USR17733,1,9133.7,1,0,0.0,0.0,9133.7,VERIFIED,False,True
USR17736,1,10492.0,1,0,1.0,634.21,10492.0,,,False
USR17742,1,12150.66,1,0,0.0,0.0,12150.66,,,False
USR17752,1,12956.79,0,0,0.0,0.0,12956.79,,,False
USR17754,1,10377.0,1,0,0.0,0.0,10377.0,REJECTED,False,True
USR17760,1,2201.54,1,0,0.0,0.0,2201.54,,,False
USR17762,1,20998.13,0,1,0.0,0.0,20998.13,VERIFIED,False,True
USR17774,2,20697.52,1,1,0.0,0.0,10348.76,,,False
USR17775,1,12137.17,1,0,0.0,0.0,12137.17,,,False
USR17779,1,11318.82,1,0,0.0,0.0,11318.82,VERIFIED,False,True
USR17781,1,2679.0,1,0,0.0,0.0,2679.0,VERIFIED,True,True
USR17782,1,3749.42,1,0,0.0,0.0,3749.42,,,False
USR17785,2,44142.2,2,0,0.0,0.0,22071.1,,,False
USR17798,2,31154.48,2,0,0.0,0.0,15577.24,,,False
USR17801,1,7055.6,1,0,0.0,0.0,7055.6,,,False
USR17808,1,2804.88,1,0,0.0,0.0,2804.88,,,False
USR17810,1,17099.91,1,0,1.0,1625.15,17099.91,KYC_DONE,False,True
USR17816,1,22867.48,1,0,0.0,0.0,22867.48,,,False
USR17817,1,12638.25,1,0,0.0,0.0,12638.25,PENDING,False,True
USR17821,1,10176.05,1,0,0.0,0.0,10176.05,,,False
USR17832,1,6057.0,1,0,0.0,0.0,6057.0,,,False
USR17834,1,2426.28,0,0,0.0,0.0,2426.28,,,False
USR17836,1,4099.76,1,0,0.0,0.0,4099.76,,,False
USR17839,1,13722.5,0,1,0.0,0.0,13722.5,,,False
USR17847,1,18234.01,1,0,0.0,0.0,18234.01,,,False
USR17848,1,2923.41,1,0,0.0,0.0,2923.41,,,False
USR17849,1,1269.92,1,0,1.0,5763.03,1269.92,KYC_DONE,False,True
USR17853,1,14509.98,1,0,0.0,0.0,14509.98,VERIFIED,False,True
USR17855,2,28187.52,2,0,0.0,0.0,14093.76,,,False
USR17860,1,17241.46,1,0,1.0,1746.55,17241.46,,,False
USR17863,1,3251.0,1,0,0.0,0.0,3251.0,,,False
USR17866,1,13787.93,1,0,0.0,0.0,13787.93,,,False
USR17876,1,14471.73,1,0,0.0,0.0,14471.73,,,False
USR17878,1,7842.13,1,0,1.0,263.29,7842.13,,,False
USR17882,1,4986.93,1,0,0.0,0.0,4986.93,,,False
USR17890,1,24471.61,1,0,0.0,0.0,24471.61,VERIFIED,False,True
USR17901,1,20618.78,1,0,0.0,0.0,20618.78,,,False
USR17904,1,7938.31,1,0,0.0,0.0,7938.31,,,False
USR17910,1,19418.24,1,0,0.0,0.0,19418.24,,,False
USR17917,1,19352.04,1,0,1.0,422.45,19352.04,VERIFIED,False,True
USR17922,1,15240.04,1,0,0.0,0.0,15240.04,,,False
USR17926,1,15462.47,1,0,1.0,690.97,15462.47,,,False
USR17936,1,15994.0,1,0,0.0,0.0,15994.0,,,False
USR17938,1,10636.0,1,0,0.0,0.0,10636.0,PENDING,False,True
USR17940,1,7999.0,0,0,0.0,0.0,7999.0,,,False
USR17957,1,364.77,1,0,0.0,0.0,364.77,,,False
USR17964,1,2091.73,1,0,0.0,0.0,2091.73,,,False
USR17966,1,23514.03,1,0,0.0,0.0,23514.03,VERIFIED,False,True
USR17969,1,6631.53,1,0,0.0,0.0,6631.53,,,False
USR17973,1,8358.59,1,0,0.0,0.0,8358.59,,,False
USR17977,2,11605.98,2,0,0.0,0.0,5802.99,VERIFIED,False,True
USR17979,1,24820.87,1,0,0.0,0.0,24820.87,REJECT,False,True
USR17982,1,20794.11,1,0,0.0,0.0,20794.11,,,False
USR17985,1,3267.49,1,0,0.0,0.0,3267.49,,,False
USR17990,1,18421.0,1,0,0.0,0.0,18421.0,REJECTED,True,True
USR17994,1,16056.81,1,0,0.0,0.0,16056.81,,,False
USR18006,1,5948.15,1,0,0.0,0.0,5948.15,,,False
USR18007,1,18990.41,1,0,0.0,0.0,18990.41,,,False
USR18014,2,23668.13,2,0,0.0,0.0,11834.065,,,False
USR18019,1,2049.93,1,0,0.0,0.0,2049.93,VERIFIED,False,True
USR18020,1,14820.54,1,0,0.0,0.0,14820.54,,,False
USR18021,1,8404.49,1,0,0.0,0.0,8404.49,VERIFIED,False,True
USR18022,2,13956.05,2,0,0.0,0.0,6978.025,KYC_DONE,False,True
USR18025,1,5751.07,1,0,0.0,0.0,5751.07,,,False
USR18028,1,9497.55,1,0,0.0,0.0,9497.55,,,False
USR18030,1,9251.63,1,0,0.0,0.0,9251.63,,,False
USR18031,1,20855.76,1,0,0.0,0.0,20855.76,VERIFIED,False,True
USR18038,1,12764.79,1,0,0.0,0.0,12764.79,,,False
USR18045,1,15728.42,1,0,0.0,0.0,15728.42,,,False
USR18048,1,8579.81,1,0,0.0,0.0,8579.81,,,False
USR18052,2,29668.78,2,0,1.0,0.0,14834.39,,,False
USR18058,2,22083.27,2,0,0.0,0.0,11041.635,,,False
USR18063,1,20301.0,1,0,0.0,0.0,20301.0,VERIFIED,False,True
USR18064,1,5444.15,1,0,0.0,0.0,5444.15,VERIFIED,False,True
USR18076,1,24087.85,1,0,0.0,0.0,24087.85,,,False
USR18088,1,22711.85,1,0,0.0,0.0,22711.85,VERIFIED,False,True
USR18089,1,5203.52,1,0,1.0,4196.87,5203.52,VERIFIED,False,True
USR18099,1,16565.84,1,0,0.0,0.0,16565.84,,,False
USR18105,1,-11137.92,1,0,0.0,0.0,-11137.92,,,False
USR18109,1,22353.55,1,0,0.0,0.0,22353.55,,,False
USR18119,1,14986.35,1,0,0.0,0.0,14986.35,KYC_DONE,True,True
USR18136,1,16141.89,0,0,0.0,0.0,16141.89,,,False
USR18140,1,-659.3,1,0,0.0,0.0,-659.3,PENDING,True,True
USR18146,1,20002.0,1,0,0.0,0.0,20002.0,,,False
USR18169,1,12384.47,1,0,0.0,0.0,12384.47,PENDING,False,True
USR18177,1,23942.01,1,0,0.0,0.0,23942.01,VERIFIED,False,True
USR18185,1,18640.12,1,0,0.0,0.0,18640.12,,,False
USR18189,1,10341.28,1,0,0.0,0.0,10341.28,PENDING,False,True
USR18204,1,22611.59,1,0,0.0,0.0,22611.59,,,False
USR18205,1,5833.14,1,0,0.0,0.0,5833.14,,,False
USR18213,1,6305.0,0,1,0.0,0.0,6305.0,,,False
USR18227,1,3949.28,1,0,0.0,0.0,3949.28,,,False
USR18229,1,12980.62,0,1,0.0,0.0,12980.62,,,False
USR18230,1,8086.51,1,0,0.0,0.0,8086.51,,,False
USR18231,1,4044.83,0,1,1.0,1101.44,4044.83,,,False
USR18242,2,47557.94,2,0,0.0,0.0,23778.97,,,False
USR18246,1,12375.7,1,0,0.0,0.0,12375.7,VERIFIED,False,True
USR18248,2,15360.11,2,0,0.0,0.0,7680.055,,,False
USR18253,1,9087.75,0,0,0.0,0.0,9087.75,,,False
USR18258,1,4854.64,0,1,0.0,0.0,4854.64,,,False
USR18261,1,15930.0,1,0,0.0,0.0,15930.0,,,False
USR18272,1,19060.0,1,0,0.0,0.0,19060.0,KYC_DONE,False,True
USR18273,1,15862.75,1,0,0.0,0.0,15862.75,,,False
USR18281,1,10097.13,1,0,0.0,0.0,10097.13,VERIFIED,False,True
USR18286,1,17041.56,1,0,0.0,0.0,17041.56,KYC_DONE,False,True
USR18291,1,7415.74,0,1,0.0,0.0,7415.74,,,False
USR18292,1,9176.29,1,0,1.0,1023.0,9176.29,,,False
USR18294,1,12879.99,1,0,0.0,0.0,12879.99,,,False
USR18296,1,20362.0,1,0,0.0,0.0,20362.0,,,False
USR18298,1,16814.14,0,1,0.0,0.0,16814.14,,,False
USR18299,1,4999.75,1,0,0.0,0.0,4999.75,,,False
USR18305,1,21783.21,1,0,0.0,0.0,21783.21,,,False
USR18311,1,7163.0,1,0,0.0,0.0,7163.0,,,False
USR18314,2,16886.46,1,1,0.0,0.0,8443.23,,,False
USR18320,1,23696.94,1,0,0.0,0.0,23696.94,VERIFIED,False,True
USR18324,1,19520.14,1,0,0.0,0.0,19520.14,VERIFIED,False,True
USR18326,3,37102.29,3,0,0.0,0.0,12367.43,PENDING,False,True
USR18329,1,5284.29,1,0,0.0,0.0,5284.29,,,False
USR18333,1,11613.65,1,0,0.0,0.0,11613.65,,,False
USR18337,1,787.4,1,0,0.0,0.0,787.4,,,False
USR18339,1,90.42,1,0,0.0,0.0,90.42,PENDING,True,True
USR18341,1,13375.11,1,0,0.0,0.0,13375.11,REJECTED,True,True
USR18342,1,19349.25,1,0,0.0,0.0,19349.25,,,False
USR18345,1,21393.85,1,0,0.0,0.0,21393.85,,,False
USR18352,1,11723.0,1,0,0.0,0.0,11723.0,,,False
USR18359,1,19030.43,1,0,0.0,0.0,19030.43,,,False
USR18363,1,24031.26,1,0,0.0,0.0,24031.26,,,False
USR18372,2,7104.5599999999995,1,0,1.0,497.0,3552.2799999999997,,,False
USR18374,1,4902.42,1,0,1.0,1356.41,4902.42,,,False
USR18378,1,12602.39,1,0,1.0,-1889.21,12602.39,VERIFIED,True,True
USR18383,1,4778.33,0,1,0.0,0.0,4778.33,VERIFIED,False,True
USR18387,1,20330.65,1,0,0.0,0.0,20330.65,,,False
USR18392,1,10644.1,1,0,0.0,0.0,10644.1,,,False
USR18398,1,-239.05,1,0,0.0,0.0,-239.05,,,False
USR18400,2,21061.84,2,0,0.0,0.0,10530.92,VERIFIED,False,True
USR18410,1,10800.86,1,0,0.0,0.0,10800.86,,,False
USR18416,1,9118.88,1,0,0.0,0.0,9118.88,,,False
USR18418,1,14740.19,1,0,0.0,0.0,14740.19,VERIFIED,False,True
USR18419,1,5358.0,1,0,0.0,0.0,5358.0,,,False
USR18437,1,1944.78,1,0,0.0,0.0,1944.78,VERIFIED,False,True
USR18442,3,37621.09,3,0,2.0,4350.59,12540.363333333333,,,False
USR18450,1,3614.84,1,0,0.0,0.0,3614.84,VERIFIED,False,True
USR18456,1,13443.13,1,0,2.0,-1690.9699999999998,13443.13,,,False
USR18474,3,31574.15,2,1,0.0,0.0,10524.716666666667,VERIFIED,False,True
USR18479,1,18289.84,1,0,0.0,0.0,18289.84,VERIFIED,False,True
USR18484,1,14231.14,1,0,0.0,0.0,14231.14,,,False
USR18487,1,22872.0,1,0,0.0,0.0,22872.0,,,False
USR18488,1,8142.0,1,0,0.0,0.0,8142.0,VERIFIED,False,True
USR18489,1,19073.76,1,0,0.0,0.0,19073.76,,,False
USR18493,1,12930.2,1,0,0.0,0.0,12930.2,,,False
USR18495,1,19239.63,1,0,0.0,0.0,19239.63,,,False
USR18498,1,7313.3,1,0,0.0,0.0,7313.3,,,False
USR18504,1,13419.82,1,0,0.0,0.0,13419.82,VERIFIED,True,True
USR18509,1,9805.61,1,0,0.0,0.0,9805.61,REJECT,False,True
USR18512,1,3313.17,1,0,0.0,0.0,3313.17,,,False
USR18513,2,30130.18,1,1,0.0,0.0,15065.09,,,False
USR18514,1,7946.49,1,0,0.0,0.0,7946.49,VERIFIED,False,True
USR18520,2,6503.48,1,1,0.0,0.0,3251.74,,,False
USR18523,1,19286.79,1,0,0.0,0.0,19286.79,,,False
USR18535,1,21495.1,1,0,0.0,0.0,21495.1,,,False
USR18536,2,24247.69,1,1,0.0,0.0,12123.845,,,False
USR18540,1,8851.19,1,0,0.0,0.0,8851.19,REJECTED,True,True
USR18542,1,16479.54,0,0,1.0,2983.97,16479.54,,,False
USR18553,1,3004.82,1,0,0.0,0.0,3004.82,,,False
USR18558,1,7698.9,1,0,0.0,0.0,7698.9,VERIFIED,True,True
USR18559,2,20365.97,2,0,0.0,0.0,10182.985,VERIFIED,False,True
USR18563,1,24035.83,1,0,1.0,384.26,24035.83,KYC_DONE,False,True
USR18566,1,13847.25,1,0,0.0,0.0,13847.25,UNDER REVIEW,False,True
USR18573,1,243.2,1,0,0.0,0.0,243.2,REJECTED,False,True
USR18575,1,4947.96,1,0,0.0,0.0,4947.96,UNDER REVIEW,False,True
USR18580,1,21266.9,1,0,0.0,0.0,21266.9,REJECTED,False,True
USR18589,1,20251.37,1,0,1.0,318.82,20251.37,,,False
USR18593,2,48325.09,2,0,0.0,0.0,24162.545,VERIFIED,False,True
USR18596,1,18428.28,1,0,0.0,0.0,18428.28,VERIFIED,True,True
USR18597,1,14003.5,1,0,0.0,0.0,14003.5,VERIFIED,True,True
USR18607,1,24822.0,1,0,1.0,0.0,24822.0,,,False
USR18609,1,5376.84,0,1,0.0,0.0,5376.84,,,False
USR18613,1,23184.89,1,0,1.0,4466.49,23184.89,VERIFIED,False,True
USR18619,1,17203.88,1,0,0.0,0.0,17203.88,,,False
USR18621,1,18001.79,1,0,0.0,0.0,18001.79,,,False
USR18634,1,9299.76,0,1,0.0,0.0,9299.76,,,False
USR18639,1,18962.51,0,1,0.0,0.0,18962.51,,,False
USR18640,1,7322.39,1,0,0.0,0.0,7322.39,,,False
USR18645,2,22589.44,2,0,0.0,0.0,11294.72,VERIFIED,False,True
USR18646,1,21625.56,1,0,0.0,0.0,21625.56,,,False
USR18648,1,7821.82,0,1,0.0,0.0,7821.82,,,False
USR18653,3,22814.72,2,1,0.0,0.0,7604.906666666667,,,False
USR18655,1,14430.56,1,0,0.0,0.0,14430.56,,,False
USR18658,1,12968.86,1,0,0.0,0.0,12968.86,,,False
USR18662,1,20313.72,0,1,0.0,0.0,20313.72,KYC_DONE,False,True
USR18664,1,23053.79,1,0,0.0,0.0,23053.79,,,False
USR18678,1,2507.42,1,0,0.0,0.0,2507.42,,,False
USR18679,1,15673.8,1,0,0.0,0.0,15673.8,UNDER REVIEW,False,True
USR18680,1,11108.15,1,0,0.0,0.0,11108.15,,,False
USR18688,1,203.91,0,1,0.0,0.0,203.91,,,False
USR18689,1,4716.79,0,1,0.0,0.0,4716.79,,,False
USR18691,1,19982.69,1,0,0.0,0.0,19982.69,VERIFIED,False,True
USR18692,1,3019.98,1,0,0.0,0.0,3019.98,,,False
USR18693,1,4500.28,1,0,0.0,0.0,4500.28,,,False
USR18694,2,6633.280000000001,0,2,1.0,5374.95,3316.6400000000003,,,False
USR18702,1,11931.9,1,0,0.0,0.0,11931.9,,,False
USR18704,1,7136.81,0,1,0.0,0.0,7136.81,,,False
USR18707,1,14706.44,1,0,0.0,0.0,14706.44,,,False
USR18714,1,20485.46,1,0,0.0,0.0,20485.46,VERIFIED,False,True
USR18716,2,8561.77,2,0,2.0,5837.790000000001,4280.885,PENDING,False,True
USR18720,1,-8733.93,1,0,1.0,1505.0,-8733.93,,,False
USR18721,1,312.33,1,0,0.0,0.0,312.33,,,False
USR18722,1,1554.59,1,0,1.0,1284.94,1554.59,PENDING,True,True
USR18724,1,19841.84,1,0,0.0,0.0,19841.84,,,False
USR18738,1,5892.83,1,0,0.0,0.0,5892.83,,,False
USR18739,1,528.99,0,1,0.0,0.0,528.99,VERIFIED,False,True
USR18741,1,20681.4,1,0,0.0,0.0,20681.4,,,False
USR18749,1,2815.7,1,0,0.0,0.0,2815.7,,,False
USR18751,1,23554.24,0,1,0.0,0.0,23554.24,VERIFIED,False,True
USR18752,2,26481.370000000003,2,0,0.0,0.0,13240.685000000001,,,False
USR18754,1,501.09,0,0,0.0,0.0,501.09,VERIFIED,True,True
USR18757,1,10281.6,1,0,0.0,0.0,10281.6,,,False
USR18758,1,5277.72,0,1,0.0,0.0,5277.72,VERIFIED,False,True
USR18766,1,22815.48,1,0,0.0,0.0,22815.48,,,False
USR18768,2,26779.45,1,1,0.0,0.0,13389.725,,,False
USR18769,1,23786.23,1,0,0.0,0.0,23786.23,,,False
USR18772,1,12922.0,1,0,1.0,4361.29,12922.0,,,False
USR18773,1,22074.04,1,0,1.0,342.28,22074.04,,,False
USR18776,1,7400.86,1,0,0.0,0.0,7400.86,VERIFIED,False,True
USR18778,1,18880.39,1,0,0.0,0.0,18880.39,KYC_DONE,False,True
USR18781,1,19868.63,1,0,0.0,0.0,19868.63,PENDING,False,True
USR18784,1,11853.29,1,0,0.0,0.0,11853.29,VERIFIED,False,True
USR18791,1,19006.42,1,0,0.0,0.0,19006.42,,,False
USR18793,1,6521.02,1,0,0.0,0.0,6521.02,,,False
USR18796,1,18820.39,1,0,0.0,0.0,18820.39,,,False
USR18800,1,-7722.11,1,0,0.0,0.0,-7722.11,,,False
USR18802,1,3674.0,1,0,0.0,0.0,3674.0,,,False
USR18803,1,6588.52,1,0,0.0,0.0,6588.52,,,False
USR18807,1,13995.41,1,0,0.0,0.0,13995.41,,,False
USR18812,2,35552.82,2,0,0.0,0.0,17776.41,,,False
USR18817,1,22649.54,1,0,0.0,0.0,22649.54,,,False
USR18819,1,16629.75,1,0,0.0,0.0,16629.75,,,False
USR18820,1,8086.62,1,0,0.0,0.0,8086.62,,,False
USR18825,1,13251.59,1,0,0.0,0.0,13251.59,,,False
USR18826,1,11176.39,1,0,0.0,0.0,11176.39,,,False
USR18829,1,3724.12,1,0,0.0,0.0,3724.12,,,False
USR18831,1,10496.49,1,0,0.0,0.0,10496.49,,,False
USR18833,1,-18301.88,1,0,0.0,0.0,-18301.88,VERIFIED,False,True
USR18834,1,7437.97,1,0,0.0,0.0,7437.97,PENDING,True,True
USR18850,1,7109.76,1,0,0.0,0.0,7109.76,VERIFIED,False,True
USR18860,1,23646.65,1,0,1.0,-5621.9,23646.65,,,False
USR18876,1,11131.02,1,0,0.0,0.0,11131.02,,,False
USR18880,1,11638.77,1,0,0.0,0.0,11638.77,,,False
USR18886,1,21737.78,1,0,1.0,2545.52,21737.78,,,False
USR18888,1,17317.39,0,1,0.0,0.0,17317.39,,,False
USR18889,1,2478.0,1,0,0.0,0.0,2478.0,,,False
USR18893,1,14049.33,1,0,0.0,0.0,14049.33,,,False
USR18899,1,18364.0,1,0,0.0,0.0,18364.0,VERIFIED,False,True
USR18905,1,21673.0,1,0,0.0,0.0,21673.0,,,False
USR18907,1,10806.15,1,0,0.0,0.0,10806.15,,,False
USR18911,1,16112.7,1,0,1.0,1744.0,16112.7,,,False
USR18912,1,7853.75,1,0,0.0,0.0,7853.75,,,False
USR18913,1,13428.99,1,0,0.0,0.0,13428.99,,,False
USR18926,1,2749.61,0,1,0.0,0.0,2749.61,,,False
USR18930,1,5548.0,1,0,0.0,0.0,5548.0,,,False
USR18932,1,2524.0,1,0,0.0,0.0,2524.0,,,False
USR18954,1,8127.35,1,0,0.0,0.0,8127.35,,,False
USR18965,1,22936.47,1,0,0.0,0.0,22936.47,,,False
USR18967,1,7205.56,0,1,0.0,0.0,7205.56,,,False
USR18990,1,21479.2,1,0,0.0,0.0,21479.2,,,False
USR18997,2,25937.879999999997,2,0,1.0,608.69,12968.939999999999,VERIFIED,False,True
USR19003,1,5119.62,1,0,0.0,0.0,5119.62,,,False
USR19006,1,10288.95,1,0,0.0,0.0,10288.95,,,False
USR19007,1,7938.21,1,0,1.0,0.0,7938.21,,,False
USR19010,1,983.56,1,0,1.0,3976.68,983.56,,,False
USR19015,1,19743.94,0,1,1.0,3825.17,19743.94,,,False
USR19018,1,17032.62,1,0,1.0,1061.55,17032.62,,,False
USR19023,1,24150.64,1,0,0.0,0.0,24150.64,,,False
USR19029,1,22328.32,1,0,0.0,0.0,22328.32,,,False
USR19040,1,23465.62,1,0,0.0,0.0,23465.62,VERIFIED,False,True
USR19057,1,19059.94,1,0,0.0,0.0,19059.94,VERIFIED,True,True
USR19058,1,10587.25,1,0,0.0,0.0,10587.25,,,False
USR19060,1,20805.74,1,0,1.0,0.0,20805.74,,,False
USR19065,1,21220.32,1,0,0.0,0.0,21220.32,VERIFIED,False,True
USR19075,2,1212.2199999999993,2,0,0.0,0.0,606.1099999999997,,,False
USR19076,1,4668.56,1,0,0.0,0.0,4668.56,,,False
USR19077,1,2568.84,0,0,0.0,0.0,2568.84,KYC_DONE,True,True
USR19078,1,6862.64,1,0,0.0,0.0,6862.64,UNDER REVIEW,False,True
USR19094,2,20855.0,1,1,0.0,0.0,10427.5,VERIFIED,False,True
USR19101,1,13830.42,1,0,0.0,0.0,13830.42,,,False
USR19102,1,4074.0,1,0,1.0,0.0,4074.0,,,False
USR19104,1,923.88,1,0,0.0,0.0,923.88,,,False
USR19119,1,12625.0,1,0,0.0,0.0,12625.0,,,False
USR19121,1,16736.19,1,0,1.0,418.0,16736.19,,,False
USR19126,1,17346.21,1,0,0.0,0.0,17346.21,,,False
USR19132,1,24754.89,1,0,0.0,0.0,24754.89,,,False
USR19139,1,12378.85,1,0,0.0,0.0,12378.85,,,False
USR19140,1,855.2,1,0,0.0,0.0,855.2,,,False
USR19141,1,10630.81,0,1,0.0,0.0,10630.81,,,False
USR19154,1,17040.75,0,1,0.0,0.0,17040.75,PENDING,False,True
USR19159,1,16929.17,1,0,0.0,0.0,16929.17,,,False
USR19171,1,14468.22,0,0,0.0,0.0,14468.22,,,False
USR19178,1,24372.0,1,0,0.0,0.0,24372.0,,,False
USR19185,1,15696.23,1,0,0.0,0.0,15696.23,,,False
USR19193,1,18803.59,1,0,0.0,0.0,18803.59,VERIFIED,False,True
USR19211,1,4623.97,1,0,0.0,0.0,4623.97,KYC_DONE,False,True
USR19222,1,3116.19,1,0,0.0,0.0,3116.19,VERIFIED,True,True
USR19225,2,36916.19,2,0,0.0,0.0,18458.095,,,False
USR19227,1,5850.46,1,0,0.0,0.0,5850.46,,,False
USR19243,1,19713.3,0,1,0.0,0.0,19713.3,,,False
USR19244,1,5426.33,0,0,0.0,0.0,5426.33,,,False
USR19253,3,40028.95,3,0,0.0,0.0,13342.983333333332,,,False
USR19254,1,16752.14,1,0,0.0,0.0,16752.14,,,False
USR19261,1,16407.09,1,0,0.0,0.0,16407.09,,,False
USR19269,2,14776.07,2,0,0.0,0.0,7388.035,VERIFIED,True,True
USR19290,1,19285.37,1,0,0.0,0.0,19285.37,,,False
USR19294,1,6884.72,1,0,1.0,597.81,6884.72,,,False
USR19295,1,11466.2,1,0,1.0,1723.81,11466.2,,,False
USR19302,1,15246.29,0,1,0.0,0.0,15246.29,VERIFIED,True,True
USR19303,1,14721.41,0,0,2.0,4010.97,14721.41,,,False
USR19306,1,22871.25,1,0,0.0,0.0,22871.25,,,False
USR19307,1,10321.42,1,0,0.0,0.0,10321.42,,,False
USR19310,1,6876.0,1,0,0.0,0.0,6876.0,KYC_DONE,False,True
USR19311,1,2821.48,1,0,0.0,0.0,2821.48,,,False
USR19321,1,-4666.06,0,1,0.0,0.0,-4666.06,VERIFIED,False,True
USR19326,1,3285.0,0,1,0.0,0.0,3285.0,,,False
USR19341,1,16589.82,1,0,0.0,0.0,16589.82,,,False
USR19344,2,46142.61,2,0,0.0,0.0,23071.305,VERIFIED,False,True
USR19350,2,8192.65,2,0,0.0,0.0,4096.325,,,False
USR19351,1,13645.63,0,0,0.0,0.0,13645.63,PENDING,False,True
USR19354,1,14183.0,0,1,0.0,0.0,14183.0,VERIFIED,False,True
USR19363,1,18907.24,1,0,1.0,0.0,18907.24,,,False
USR19365,1,14792.3,1,0,0.0,0.0,14792.3,,,False
USR19366,1,4179.29,1,0,0.0,0.0,4179.29,,,False
USR19381,1,11126.28,1,0,0.0,0.0,11126.28,,,False
USR19386,1,17420.87,1,0,0.0,0.0,17420.87,,,False
USR19387,1,13767.1,1,0,0.0,0.0,13767.1,,,False
USR19392,1,1301.53,1,0,0.0,0.0,1301.53,,,False
USR19394,1,17935.31,1,0,0.0,0.0,17935.31,,,False
USR19395,1,24563.21,1,0,0.0,0.0,24563.21,VERIFIED,False,True
USR19402,1,13195.34,1,0,1.0,16164.46,13195.34,REJECTED,False,True
USR19404,1,23191.08,0,0,0.0,0.0,23191.08,,,False
USR19411,1,2557.28,1,0,0.0,0.0,2557.28,,,False
USR19429,1,6053.46,1,0,0.0,0.0,6053.46,KYC_DONE,False,True
USR19438,1,11774.35,1,0,0.0,0.0,11774.35,,,False
USR19439,1,4731.36,1,0,0.0,0.0,4731.36,VERIFIED,True,True
USR19443,1,6533.6,1,0,1.0,414.69,6533.6,,,False
USR19450,2,3563.99,2,0,1.0,272.77,1781.995,VERIFIED,False,True
USR19459,1,18815.44,1,0,0.0,0.0,18815.44,,,False
USR19463,1,13680.66,1,0,1.0,11573.0,13680.66,,,False
USR19464,1,18796.0,1,0,0.0,0.0,18796.0,VERIFIED,False,True
USR19483,1,10300.0,1,0,0.0,0.0,10300.0,,,False
USR19485,1,11586.11,1,0,0.0,0.0,11586.11,PENDING,False,True
USR19494,1,2631.56,1,0,1.0,1234.0,2631.56,,,False
USR19499,1,11515.05,1,0,1.0,2614.31,11515.05,VERIFIED,False,True
USR19501,1,6302.85,1,0,0.0,0.0,6302.85,PENDING,False,True
USR19508,1,20487.76,1,0,0.0,0.0,20487.76,VERIFIED,True,True
USR19514,1,-24736.38,1,0,1.0,3933.58,-24736.38,,,False
USR19516,1,-5301.53,1,0,0.0,0.0,-5301.53,VERIFIED,False,True
USR19522,1,24343.83,1,0,0.0,0.0,24343.83,,,False
USR19525,1,14589.55,0,0,0.0,0.0,14589.55,,,False
USR19526,1,4713.92,1,0,0.0,0.0,4713.92,,,False
USR19528,1,6324.46,1,0,0.0,0.0,6324.46,VERIFIED,False,True
USR19531,1,11903.0,1,0,0.0,0.0,11903.0,,,False
USR19535,2,7769.75,2,0,0.0,0.0,3884.875,,,False
USR19538,1,1422.33,1,0,0.0,0.0,1422.33,,,False
USR19540,1,20391.52,1,0,0.0,0.0,20391.52,UNDER REVIEW,False,True
USR19542,1,15936.18,1,0,0.0,0.0,15936.18,,,False
USR19547,1,6313.8,0,0,0.0,0.0,6313.8,,,False
USR19550,1,24986.52,1,0,0.0,0.0,24986.52,,,False
USR19552,1,5834.0,1,0,0.0,0.0,5834.0,,,False
USR19554,1,9400.23,0,1,0.0,0.0,9400.23,,,False
USR19561,1,20012.0,1,0,0.0,0.0,20012.0,VERIFIED,False,True
USR19563,1,13998.29,1,0,0.0,0.0,13998.29,VERIFIED,False,True
USR19567,1,9583.7,1,0,0.0,0.0,9583.7,,,False
USR19571,1,13536.25,1,0,0.0,0.0,13536.25,PENDING,False,True
USR19575,1,6492.99,1,0,0.0,0.0,6492.99,VERIFIED,False,True
USR19579,1,15427.0,0,1,0.0,0.0,15427.0,PENDING,True,True
USR19587,1,-11238.91,1,0,1.0,645.98,-11238.91,PENDING,False,True
USR19589,1,12314.25,1,0,0.0,0.0,12314.25,,,False
USR19592,1,23047.99,0,0,0.0,0.0,23047.99,VERIFIED,False,True
USR19596,1,1415.05,0,1,0.0,0.0,1415.05,VERIFIED,False,True
USR19598,1,3304.98,0,0,0.0,0.0,3304.98,VERIFIED,True,True
USR19604,1,10231.1,1,0,0.0,0.0,10231.1,,,False
USR19606,1,10698.02,1,0,0.0,0.0,10698.02,VERIFIED,False,True
USR19617,1,4680.87,1,0,0.0,0.0,4680.87,,,False
USR19622,1,2039.93,1,0,0.0,0.0,2039.93,,,False
USR19624,1,325.94,1,0,0.0,0.0,325.94,,,False
USR19626,1,9575.77,1,0,1.0,6954.75,9575.77,VERIFIED,False,True
USR19633,1,1386.99,0,1,0.0,0.0,1386.99,REJECTED,False,True
USR19653,1,17712.24,1,0,0.0,0.0,17712.24,,,False
USR19656,1,17984.52,1,0,1.0,1017.0,17984.52,,,False
USR19658,2,10374.92,2,0,2.0,2525.8900000000003,5187.46,,,False
USR19667,1,16490.4,1,0,1.0,849.13,16490.4,PENDING,True,True
USR19676,1,3474.93,1,0,0.0,0.0,3474.93,,,False
USR19680,1,5267.2,1,0,0.0,0.0,5267.2,,,False
USR19687,1,8129.0,1,0,0.0,0.0,8129.0,,,False
USR19689,1,12690.22,1,0,0.0,0.0,12690.22,,,False
USR19690,1,11933.47,1,0,0.0,0.0,11933.47,,,False
USR19696,1,4184.37,1,0,0.0,0.0,4184.37,,,False
USR19697,1,23568.87,1,0,0.0,0.0,23568.87,VERIFIED,False,True
USR19702,1,17245.64,1,0,0.0,0.0,17245.64,,,False
USR19708,1,19717.04,1,0,0.0,0.0,19717.04,,,False
USR19721,1,16918.66,1,0,0.0,0.0,16918.66,,,False
USR19722,1,21891.0,1,0,1.0,27330.78,21891.0,VERIFIED,False,True
USR19724,1,4733.54,1,0,0.0,0.0,4733.54,,,False
USR19743,1,19131.07,1,0,0.0,0.0,19131.07,,,False
USR19749,1,9086.1,0,1,1.0,509.15,9086.1,REJECTED,False,True
USR19751,1,8936.24,1,0,0.0,0.0,8936.24,,,False
USR19753,1,15742.65,1,0,0.0,0.0,15742.65,VERIFIED,False,True
USR19755,1,24602.0,1,0,0.0,0.0,24602.0,,,False
USR19758,1,9880.81,1,0,0.0,0.0,9880.81,,,False
USR19766,1,947.84,1,0,0.0,0.0,947.84,,,False
USR19769,1,8668.27,1,0,0.0,0.0,8668.27,,,False
USR19777,1,-11408.07,1,0,0.0,0.0,-11408.07,,,False
USR19781,2,16898.03,1,0,1.0,7081.78,8449.015,,,False
USR19784,1,23376.75,0,1,0.0,0.0,23376.75,REJECTED,False,True
USR19789,1,18369.02,0,1,0.0,0.0,18369.02,,,False
USR19813,2,15889.45,2,0,0.0,0.0,7944.725,,,False
USR19823,1,23360.93,1,0,0.0,0.0,23360.93,,,False
USR19831,1,5391.11,1,0,0.0,0.0,5391.11,,,False
USR19837,4,61310.74,4,0,1.0,0.0,15327.685,,,False
USR19838,1,8892.0,1,0,0.0,0.0,8892.0,,,False
USR19841,1,22097.59,1,0,0.0,0.0,22097.59,,,False
USR19843,1,17734.71,1,0,0.0,0.0,17734.71,,,False
USR19845,1,11022.0,1,0,0.0,0.0,11022.0,,,False
USR19853,1,17844.37,1,0,1.0,739.74,17844.37,,,False
USR19863,1,21598.03,1,0,0.0,0.0,21598.03,,,False
USR19864,1,24596.31,1,0,0.0,0.0,24596.31,,,False
USR19865,1,3193.03,1,0,0.0,0.0,3193.03,VERIFIED,False,True
USR19867,1,11103.48,1,0,0.0,0.0,11103.48,,,False
USR19875,1,6093.92,1,0,0.0,0.0,6093.92,,,False
USR19877,1,12369.98,0,0,0.0,0.0,12369.98,REJECTED,False,True
USR19881,1,12369.71,1,0,0.0,0.0,12369.71,,,False
USR19884,1,17677.34,1,0,1.0,3155.0,17677.34,,,False
USR19887,1,4777.9,1,0,0.0,0.0,4777.9,VERIFIED,False,True
USR19891,1,13075.46,1,0,1.0,1942.12,13075.46,,,False
USR19898,2,19634.34,1,0,0.0,0.0,9817.17,,,False
USR19899,1,17009.84,1,0,0.0,0.0,17009.84,,,False
USR19902,1,3973.54,1,0,0.0,0.0,3973.54,,,False
USR19905,1,21216.21,1,0,1.0,2932.55,21216.21,,,False
USR19932,1,3423.66,1,0,0.0,0.0,3423.66,VERIFIED,False,True
USR19941,1,20246.5,1,0,0.0,0.0,20246.5,,,False
USR19952,1,19674.72,1,0,0.0,0.0,19674.72,,,False
USR19953,1,15430.74,1,0,0.0,0.0,15430.74,,,False
USR19958,1,12967.77,1,0,0.0,0.0,12967.77,KYC_DONE,False,True
USR19961,1,15566.67,1,0,0.0,0.0,15566.67,VERIFIED,False,True
USR19963,1,20438.85,1,0,0.0,0.0,20438.85,VERIFIED,False,True
USR19965,1,7054.53,1,0,1.0,671.14,7054.53,KYC_DONE,True,True
USR19973,1,13919.58,1,0,0.0,0.0,13919.58,,,False
USR19974,1,10695.76,1,0,0.0,0.0,10695.76,,,False
USR19975,1,2294.64,1,0,0.0,0.0,2294.64,VERIFIED,True,True
USR19979,2,3871.55,2,0,0.0,0.0,1935.775,PENDING,True,True
USR19989,1,506.8,1,0,0.0,0.0,506.8,,,False
USR19991,1,12506.46,1,0,0.0,0.0,12506.46,,,False
USR19994,1,17761.68,1,0,0.0,0.0,17761.68,KYC_DONE,False,True
USR19996,2,46346.83,2,0,0.0,0.0,23173.415,,,False
USR20001,1,22342.28,0,0,0.0,0.0,22342.28,,,False
USR20007,2,13179.69,2,0,0.0,0.0,6589.845,,,False
USR20008,1,14061.44,1,0,1.0,2898.89,14061.44,,,False
USR20027,1,19961.92,1,0,0.0,0.0,19961.92,,,False
USR20031,1,11721.83,1,0,0.0,0.0,11721.83,,,False
USR20032,1,3755.86,1,0,0.0,0.0,3755.86,,,False
USR20036,1,150.78,1,0,0.0,0.0,150.78,REJECTED,False,True
USR20038,1,9906.65,1,0,0.0,0.0,9906.65,,,False
USR20040,1,7454.0,1,0,0.0,0.0,7454.0,VERIFIED,False,True
USR20053,1,22433.49,1,0,0.0,0.0,22433.49,VERIFIED,True,True
USR20059,1,1660.72,1,0,0.0,0.0,1660.72,,,False
USR20065,1,8378.56,1,0,0.0,0.0,8378.56,,,False
USR20069,1,14833.02,1,0,0.0,0.0,14833.02,,,False
USR20071,1,4552.0,1,0,0.0,0.0,4552.0,VERIFIED,False,True
USR20074,1,2111.7,0,1,1.0,2224.0,2111.7,VERIFIED,False,True
USR20077,1,13559.47,1,0,0.0,0.0,13559.47,VERIFIED,False,True
USR20082,1,16771.44,1,0,0.0,0.0,16771.44,VERIFIED,False,True
USR20088,1,-22251.28,1,0,0.0,0.0,-22251.28,,,False
USR20089,1,6534.06,1,0,0.0,0.0,6534.06,UNDER REVIEW,False,True
USR20097,3,37663.479999999996,3,0,2.0,635.3500000000004,12554.493333333332,VERIFIED,False,True
USR20098,1,23162.33,1,0,0.0,0.0,23162.33,,,False
USR20114,1,14301.76,1,0,0.0,0.0,14301.76,,,False
USR20118,1,15203.63,0,1,0.0,0.0,15203.63,,,False
USR20127,1,3919.36,1,0,1.0,2189.0,3919.36,VERIFIED,False,True
USR20139,1,10086.16,1,0,0.0,0.0,10086.16,,,False
USR20143,1,21474.22,0,1,0.0,0.0,21474.22,,,False
USR20144,1,10972.08,1,0,1.0,10770.37,10972.08,,,False
USR20149,1,23035.73,1,0,0.0,0.0,23035.73,KYC_DONE,False,True
USR20150,1,24235.31,1,0,0.0,0.0,24235.31,,,False
USR20157,1,21487.27,1,0,0.0,0.0,21487.27,,,False
USR20162,1,15726.34,1,0,0.0,0.0,15726.34,,,False
USR20164,1,24925.0,1,0,0.0,0.0,24925.0,VERIFIED,False,True
USR20173,1,9156.67,1,0,0.0,0.0,9156.67,KYC_DONE,True,True
USR20178,1,4947.64,1,0,0.0,0.0,4947.64,VERIFIED,False,True
USR20180,1,-20129.21,1,0,0.0,0.0,-20129.21,VERIFIED,True,True
USR20189,1,6573.21,1,0,0.0,0.0,6573.21,,,False
USR20190,1,17726.76,1,0,1.0,-3214.54,17726.76,,,False
USR20191,1,7452.0,1,0,0.0,0.0,7452.0,,,False
USR20193,1,23922.64,0,1,0.0,0.0,23922.64,PENDING,False,True
USR20196,1,18158.8,1,0,0.0,0.0,18158.8,VERIFIED,False,True
USR20218,1,5259.22,1,0,0.0,0.0,5259.22,,,False
USR20222,1,16259.87,1,0,0.0,0.0,16259.87,,,False
USR20239,1,3283.03,1,0,0.0,0.0,3283.03,,,False
USR20240,1,21441.12,1,0,0.0,0.0,21441.12,,,False
USR20255,1,11009.31,1,0,0.0,0.0,11009.31,UNDER REVIEW,False,True
USR20256,1,17852.93,1,0,0.0,0.0,17852.93,,,False
USR20271,1,7643.05,1,0,0.0,0.0,7643.05,,,False
USR20275,1,14754.41,1,0,0.0,0.0,14754.41,,,False
USR20283,1,19576.79,1,0,0.0,0.0,19576.79,,,False
USR20293,1,10445.96,1,0,0.0,0.0,10445.96,,,False
USR20301,1,7236.0,1,0,0.0,0.0,7236.0,,,False
USR20303,2,21724.420000000002,2,0,0.0,0.0,10862.210000000001,VERIFIED,False,True
USR20310,2,26692.72,1,1,0.0,0.0,13346.36,VERIFIED,False,True
USR20311,1,2698.39,1,0,0.0,0.0,2698.39,,,False
USR20312,1,18842.1,1,0,0.0,0.0,18842.1,VERIFIED,False,True
USR20313,1,10644.64,1,0,0.0,0.0,10644.64,,,False
USR20316,1,21212.15,0,1,0.0,0.0,21212.15,,,False
USR20322,1,24875.83,0,1,0.0,0.0,24875.83,,,False
USR20323,1,21716.29,0,1,0.0,0.0,21716.29,VERIFIED,False,True
USR20333,1,1377.77,1,0,0.0,0.0,1377.77,,,False
USR20336,1,17625.37,1,0,0.0,0.0,17625.37,VERIFIED,False,True
USR20337,1,3214.47,1,0,0.0,0.0,3214.47,,,False
USR20339,1,5008.22,1,0,0.0,0.0,5008.22,,,False
USR20341,1,23224.38,1,0,0.0,0.0,23224.38,REJECT,False,True
USR20345,1,1101.0,1,0,0.0,0.0,1101.0,,,False
USR20346,1,2139.16,1,0,0.0,0.0,2139.16,,,False
USR20361,1,16565.8,1,0,0.0,0.0,16565.8,VERIFIED,True,True
USR20363,1,19204.55,1,0,0.0,0.0,19204.55,,,False
USR20364,2,38789.42,2,0,0.0,0.0,19394.71,,,False
USR20372,1,9175.13,1,0,1.0,-1151.15,9175.13,UNDER REVIEW,False,True
USR20374,1,2195.0,1,0,1.0,2917.69,2195.0,VERIFIED,False,True
USR20375,1,17731.0,0,0,0.0,0.0,17731.0,,,False
USR20388,1,24758.4,1,0,0.0,0.0,24758.4,,,False
USR20390,1,23008.0,1,0,0.0,0.0,23008.0,,,False
USR20391,1,13850.82,1,0,0.0,0.0,13850.82,,,False
USR20407,1,13609.06,1,0,0.0,0.0,13609.06,,,False
USR20408,1,19028.33,1,0,0.0,0.0,19028.33,,,False
USR20413,1,9339.0,1,0,1.0,589.34,9339.0,VERIFIED,False,True
USR20414,1,11051.42,1,0,0.0,0.0,11051.42,,,False
USR20415,1,6795.2,1,0,0.0,0.0,6795.2,VERIFIED,True,True
USR20427,1,21260.2,1,0,0.0,0.0,21260.2,PENDING,False,True
USR20434,1,8761.16,1,0,0.0,0.0,8761.16,VERIFIED,True,True
USR20435,1,-10380.79,1,0,0.0,0.0,-10380.79,PENDING,False,True
USR20441,1,18559.88,0,0,0.0,0.0,18559.88,VERIFIED,False,True
USR20443,1,7089.28,1,0,0.0,0.0,7089.28,,,False
USR20445,1,8623.38,1,0,0.0,0.0,8623.38,KYC_DONE,False,True
USR20447,1,21957.53,1,0,0.0,0.0,21957.53,,,False
USR20457,1,18355.77,1,0,0.0,0.0,18355.77,KYC_DONE,False,True
USR20462,1,15241.53,1,0,0.0,0.0,15241.53,,,False
USR20464,1,16172.91,1,0,2.0,2687.42,16172.91,,,False
USR20473,1,15264.0,1,0,0.0,0.0,15264.0,,,False
USR20475,1,13950.77,1,0,0.0,0.0,13950.77,,,False
USR20476,1,1752.0,1,0,0.0,0.0,1752.0,,,False
USR20479,2,33427.15,2,0,0.0,0.0,16713.575,,,False
USR20481,1,3338.92,1,0,1.0,7433.73,3338.92,,,False
USR20486,1,10321.32,1,0,0.0,0.0,10321.32,,,False
USR20487,1,7448.64,1,0,1.0,2956.42,7448.64,VERIFIED,False,True
USR20493,1,11217.65,1,0,0.0,0.0,11217.65,VERIFIED,False,True
USR20497,1,21436.8,1,0,1.0,2142.84,21436.8,,,False
USR20499,1,20022.44,1,0,0.0,0.0,20022.44,VERIFIED,False,True
USR20505,1,17549.54,1,0,0.0,0.0,17549.54,,,False
USR20506,1,18561.82,1,0,0.0,0.0,18561.82,VERIFIED,False,True
USR20509,1,14723.98,1,0,0.0,0.0,14723.98,,,False
USR20517,1,23878.33,1,0,0.0,0.0,23878.33,,,False
USR20518,1,17546.85,1,0,0.0,0.0,17546.85,VERIFIED,False,True
USR20522,2,7697.179999999999,2,0,0.0,0.0,3848.5899999999997,,,False
USR20526,1,19725.88,1,0,0.0,0.0,19725.88,,,False
USR20531,1,9554.0,0,1,0.0,0.0,9554.0,VERIFIED,False,True
USR20534,1,3510.7,1,0,0.0,0.0,3510.7,,,False
USR20536,1,15380.68,1,0,0.0,0.0,15380.68,VERIFIED,True,True
USR20551,1,23074.0,1,0,1.0,1143.89,23074.0,VERIFIED,False,True
USR20552,1,7102.0,1,0,0.0,0.0,7102.0,REJECTED,False,True
USR20553,2,22870.18,0,2,0.0,0.0,11435.09,VERIFIED,False,True
USR20558,1,3506.58,0,1,0.0,0.0,3506.58,,,False
USR20567,1,8669.64,1,0,0.0,0.0,8669.64,,,False
USR20589,2,38499.31,2,0,0.0,0.0,19249.655,,,False
USR20593,1,18350.83,0,1,0.0,0.0,18350.83,,,False
USR20599,1,21840.15,1,0,0.0,0.0,21840.15,VERIFIED,True,True
USR20607,1,4286.0,1,0,0.0,0.0,4286.0,VERIFIED,False,True
USR20613,1,13979.57,1,0,0.0,0.0,13979.57,VERIFIED,False,True
USR20625,1,17296.09,1,0,0.0,0.0,17296.09,,,False
USR20633,1,9904.47,1,0,0.0,0.0,9904.47,,,False
USR20637,3,10334.35,3,0,1.0,660.0,3444.7833333333333,,,False
USR20644,1,10396.54,1,0,0.0,0.0,10396.54,,,False
USR20646,1,22739.04,1,0,0.0,0.0,22739.04,KYC_DONE,True,True
USR20652,1,5727.67,1,0,0.0,0.0,5727.67,,,False
USR20653,1,14908.0,0,1,1.0,-2480.91,14908.0,VERIFIED,False,True
USR20656,1,23298.74,1,0,0.0,0.0,23298.74,,,False
USR20657,1,21670.59,1,0,0.0,0.0,21670.59,,,False
USR20673,1,21519.61,1,0,0.0,0.0,21519.61,,,False
USR20689,1,6293.24,0,0,0.0,0.0,6293.24,,,False
USR20691,1,9601.99,1,0,0.0,0.0,9601.99,VERIFIED,True,True
USR20714,1,22065.17,1,0,0.0,0.0,22065.17,REJECTED,False,True
USR20721,1,21637.0,1,0,0.0,0.0,21637.0,,,False
USR20726,1,3276.15,1,0,0.0,0.0,3276.15,,,False
USR20736,1,18286.31,1,0,0.0,0.0,18286.31,,,False
USR20741,1,8375.24,1,0,0.0,0.0,8375.24,VERIFIED,True,True
USR20742,1,21092.51,0,1,0.0,0.0,21092.51,,,False
USR20747,1,9531.0,1,0,0.0,0.0,9531.0,,,False
USR20749,2,27776.65,2,0,0.0,0.0,13888.325,VERIFIED,False,True
USR20752,2,26858.57,1,1,0.0,0.0,13429.285,,,False
USR20759,1,1336.29,1,0,0.0,0.0,1336.29,,,False
USR20760,1,5228.69,1,0,0.0,0.0,5228.69,KYC_DONE,True,True
USR20769,1,22389.94,1,0,0.0,0.0,22389.94,VERIFIED,False,True
USR20772,1,926.42,1,0,0.0,0.0,926.42,,,False
USR20774,1,24870.38,1,0,0.0,0.0,24870.38,,,False
USR20775,2,27972.89,2,0,0.0,0.0,13986.445,,,False
USR20782,1,9426.72,1,0,0.0,0.0,9426.72,,,False
USR20784,1,-9444.86,0,1,0.0,0.0,-9444.86,,,False
USR20788,1,1473.55,1,0,1.0,3737.05,1473.55,,,False
USR20791,1,16399.67,1,0,1.0,90.26,16399.67,,,False
USR20793,2,32274.43,2,0,0.0,0.0,16137.215,VERIFIED,False,True
USR20794,1,21319.72,1,0,0.0,0.0,21319.72,,,False
USR20798,1,1639.46,1,0,0.0,0.0,1639.46,,,False
USR20800,1,8739.68,1,0,0.0,0.0,8739.68,,,False
USR20811,1,8499.47,1,0,0.0,0.0,8499.47,KYC_DONE,False,True
USR20822,1,4436.0,1,0,0.0,0.0,4436.0,,,False
USR20828,1,9228.76,0,1,0.0,0.0,9228.76,,,False
USR20830,1,16536.95,1,0,0.0,0.0,16536.95,,,False
USR20831,1,12583.38,1,0,0.0,0.0,12583.38,VERIFIED,True,True
USR20832,2,27558.61,2,0,0.0,0.0,13779.305,,,False
USR20838,1,-20090.51,1,0,0.0,0.0,-20090.51,VERIFIED,False,True
USR20855,1,20211.85,1,0,0.0,0.0,20211.85,VERIFIED,False,True
USR20858,1,13490.06,0,1,0.0,0.0,13490.06,VERIFIED,True,True
USR20863,1,4074.89,1,0,0.0,0.0,4074.89,,,False
USR20871,1,23242.03,1,0,0.0,0.0,23242.03,,,False
USR20874,2,36496.7,1,1,0.0,0.0,18248.35,,,False
USR20876,1,1773.05,0,0,1.0,7884.04,1773.05,VERIFIED,True,True
USR20878,2,28367.36,1,0,0.0,0.0,14183.68,,,False
USR20879,1,20668.89,1,0,0.0,0.0,20668.89,,,False
USR20883,1,13881.58,1,0,0.0,0.0,13881.58,VERIFIED,False,True
USR20888,2,23401.3,2,0,0.0,0.0,11700.65,,,False
USR20891,2,21026.43,2,0,0.0,0.0,10513.215,VERIFIED,False,True
USR20895,1,198.45,1,0,0.0,0.0,198.45,,,False
USR20898,1,11850.47,1,0,0.0,0.0,11850.47,,,False
USR20899,1,8256.07,1,0,0.0,0.0,8256.07,VERIFIED,False,True
USR20914,1,5178.38,1,0,0.0,0.0,5178.38,VERIFIED,False,True
USR20918,2,21528.93,2,0,0.0,0.0,10764.465,REJECTED,False,True
USR20919,1,6055.87,1,0,0.0,0.0,6055.87,,,False
USR20922,1,24037.88,1,0,2.0,2882.4500000000003,24037.88,,,False
USR20928,1,24596.14,1,0,1.0,3972.17,24596.14,VERIFIED,False,True
USR20929,1,10241.2,1,0,1.0,1207.28,10241.2,,,False
USR20944,1,22859.37,1,0,0.0,0.0,22859.37,,,False
USR20953,1,-8310.99,0,1,0.0,0.0,-8310.99,,,False
USR20958,1,14962.95,1,0,1.0,378.3,14962.95,,,False
USR20959,1,5718.36,1,0,0.0,0.0,5718.36,,,False
USR20962,1,10489.17,1,0,0.0,0.0,10489.17,VERIFIED,False,True
USR20967,1,6446.62,1,0,0.0,0.0,6446.62,,,False
USR20969,2,-11112.259999999998,2,0,0.0,0.0,-5556.129999999999,,,False
USR20971,1,7961.2,0,0,0.0,0.0,7961.2,,,False
USR20972,1,1630.21,1,0,0.0,0.0,1630.21,VERIFIED,False,True
USR20973,1,18338.7,1,0,0.0,0.0,18338.7,,,False
USR20982,1,7372.51,1,0,0.0,0.0,7372.51,,,False
USR20984,1,19128.94,0,1,1.0,1181.22,19128.94,,,False
USR20988,1,1178.96,1,0,0.0,0.0,1178.96,,,False
USR20990,1,22214.9,0,1,0.0,0.0,22214.9,,,False
USR20992,1,12608.28,1,0,0.0,0.0,12608.28,,,False
USR21005,1,24672.3,1,0,0.0,0.0,24672.3,,,False
USR21011,1,12803.35,1,0,1.0,709.86,12803.35,,,False
USR21014,2,30206.88,1,1,1.0,2349.32,15103.44,,,False
USR21016,1,2130.09,1,0,0.0,0.0,2130.09,,,False
USR21017,1,9205.94,1,0,1.0,996.0,9205.94,,,False
USR21023,1,11900.09,1,0,1.0,290.31,11900.09,,,False
USR21024,1,-3095.35,0,1,0.0,0.0,-3095.35,,,False
USR21050,1,2482.82,1,0,2.0,9559.32,2482.82,,,False
USR21056,1,21861.21,1,0,0.0,0.0,21861.21,VERIFIED,False,True
USR21062,1,6044.19,0,1,0.0,0.0,6044.19,,,False
USR21067,1,13446.93,1,0,0.0,0.0,13446.93,,,False
USR21069,1,2623.15,1,0,0.0,0.0,2623.15,,,False
USR21080,1,23049.67,1,0,0.0,0.0,23049.67,VERIFIED,True,True
USR21082,1,14728.42,1,0,0.0,0.0,14728.42,,,False
USR21086,1,17825.52,0,1,0.0,0.0,17825.52,,,False
USR21089,1,15187.04,1,0,1.0,1631.64,15187.04,,,False
USR21093,2,7371.5700000000015,1,1,0.0,0.0,3685.7850000000008,VERIFIED,True,True
USR21094,1,-14904.79,1,0,0.0,0.0,-14904.79,,,False
USR21108,1,16968.89,1,0,0.0,0.0,16968.89,,,False
USR21114,1,20100.92,0,0,0.0,0.0,20100.92,,,False
USR21116,1,8593.0,1,0,0.0,0.0,8593.0,VERIFIED,False,True
USR21118,1,7055.0,1,0,0.0,0.0,7055.0,,,False
USR21120,1,21129.57,1,0,0.0,0.0,21129.57,,,False
USR21123,1,13727.82,1,0,1.0,1735.16,13727.82,,,False
USR21139,1,12822.07,1,0,0.0,0.0,12822.07,,,False
USR21140,1,9398.89,1,0,0.0,0.0,9398.89,,,False
USR21141,2,27866.89,1,0,0.0,0.0,13933.445,,,False
USR21142,1,10984.35,1,0,0.0,0.0,10984.35,,,False
USR21146,1,20663.35,1,0,0.0,0.0,20663.35,,,False
USR21147,1,18915.9,1,0,0.0,0.0,18915.9,,,False
USR21151,1,8006.92,1,0,0.0,0.0,8006.92,,,False
USR21157,1,15988.27,1,0,0.0,0.0,15988.27,,,False
USR21162,1,1063.34,1,0,0.0,0.0,1063.34,,,False
USR21164,1,2579.19,1,0,0.0,0.0,2579.19,VERIFIED,False,True
USR21165,1,3885.79,0,1,0.0,0.0,3885.79,,,False
USR21170,1,4215.28,1,0,0.0,0.0,4215.28,,,False
USR21174,1,23850.85,0,1,0.0,0.0,23850.85,,,False
USR21190,1,16828.47,1,0,0.0,0.0,16828.47,PENDING,True,True
USR21223,1,15341.73,1,0,0.0,0.0,15341.73,KYC_DONE,False,True
USR21239,2,25939.97,2,0,0.0,0.0,12969.985,,,False
USR21242,1,22921.41,1,0,1.0,-4982.63,22921.41,,,False
USR21245,1,24292.0,1,0,1.0,4972.38,24292.0,,,False
USR21265,2,5177.889999999999,2,0,0.0,0.0,2588.9449999999997,,,False
USR21266,1,19507.29,1,0,0.0,0.0,19507.29,,,False
USR21273,1,8925.69,1,0,0.0,0.0,8925.69,,,False
USR21274,1,2144.09,1,0,0.0,0.0,2144.09,,,False
USR21284,2,13582.24,2,0,0.0,0.0,6791.12,,,False
USR21293,1,-1849.72,1,0,0.0,0.0,-1849.72,,,False
USR21294,1,9958.2,1,0,0.0,0.0,9958.2,VERIFIED,False,True
USR21296,1,23594.72,1,0,0.0,0.0,23594.72,,,False
USR21318,1,20575.53,1,0,0.0,0.0,20575.53,VERIFIED,False,True
USR21319,1,17783.57,1,0,0.0,0.0,17783.57,,,False
USR21321,1,11630.59,1,0,0.0,0.0,11630.59,,,False
USR21325,1,442.18,1,0,0.0,0.0,442.18,,,False
USR21326,1,13073.09,1,0,0.0,0.0,13073.09,,,False
USR21327,2,33836.12,2,0,1.0,276.59,16918.06,,,False
USR21330,1,5164.24,1,0,0.0,0.0,5164.24,,,False
USR21331,1,14553.0,1,0,0.0,0.0,14553.0,,,False
USR21334,1,11219.08,1,0,1.0,3711.97,11219.08,,,False
USR21338,1,459.98,1,0,0.0,0.0,459.98,,,False
USR21343,3,43963.6,2,1,0.0,0.0,14654.533333333333,,,False
USR21353,1,1017.85,1,0,0.0,0.0,1017.85,VERIFIED,True,True
USR21359,1,13707.52,1,0,0.0,0.0,13707.52,,,False
USR21372,1,17238.0,0,0,0.0,0.0,17238.0,,,False
USR21380,1,8082.45,1,0,0.0,0.0,8082.45,,,False
USR21382,2,26363.32,2,0,0.0,0.0,13181.66,,,False
USR21386,1,7668.38,1,0,0.0,0.0,7668.38,,,False
USR21387,1,6120.24,0,1,0.0,0.0,6120.24,,,False
USR21400,1,19461.51,1,0,1.0,2367.83,19461.51,VERIFIED,False,True
USR21404,2,28569.57,1,1,0.0,0.0,14284.785,,,False
USR21415,1,17673.0,1,0,0.0,0.0,17673.0,VERIFIED,False,True
USR21416,1,4730.96,1,0,1.0,5693.78,4730.96,,,False
USR21417,1,-2471.38,1,0,0.0,0.0,-2471.38,,,False
USR21420,1,4353.23,1,0,0.0,0.0,4353.23,,,False
USR21421,1,22062.21,1,0,0.0,0.0,22062.21,,,False
USR21423,1,24285.19,1,0,1.0,41457.94,24285.19,,,False
USR21428,2,34143.479999999996,2,0,0.0,0.0,17071.739999999998,,,False
USR21435,1,5289.0,1,0,1.0,1706.49,5289.0,,,False
USR21453,1,6911.48,0,0,0.0,0.0,6911.48,VERIFIED,False,True
USR21469,1,2502.09,1,0,1.0,11640.86,2502.09,,,False
USR21471,1,2014.0,1,0,0.0,0.0,2014.0,PENDING,False,True
USR21473,1,18875.96,1,0,0.0,0.0,18875.96,REJECTED,True,True
USR21484,1,22287.46,1,0,0.0,0.0,22287.46,,,False
USR21498,3,20318.35,3,0,1.0,-1908.15,6772.783333333333,,,False
USR21505,1,16335.72,1,0,0.0,0.0,16335.72,VERIFIED,False,True
USR21526,1,4656.98,1,0,0.0,0.0,4656.98,VERIFIED,False,True
USR21527,1,23869.29,1,0,0.0,0.0,23869.29,,,False
USR21535,1,1455.49,1,0,0.0,0.0,1455.49,,,False
USR21546,1,15489.93,0,1,0.0,0.0,15489.93,,,False
USR21549,1,23199.95,1,0,0.0,0.0,23199.95,,,False
USR21550,1,12777.04,0,0,0.0,0.0,12777.04,,,False
USR21555,1,-19022.02,1,0,0.0,0.0,-19022.02,VERIFIED,False,True
USR21561,1,8465.81,1,0,1.0,5763.76,8465.81,VERIFIED,True,True
USR21562,1,5471.53,0,1,0.0,0.0,5471.53,,,False
USR21564,1,3013.98,1,0,0.0,0.0,3013.98,,,False
USR21565,1,10261.02,1,0,0.0,0.0,10261.02,VERIFIED,False,True
USR21566,1,24005.0,1,0,0.0,0.0,24005.0,,,False
USR21569,2,28003.97,2,0,0.0,0.0,14001.985,,,False
USR21570,1,20720.32,1,0,0.0,0.0,20720.32,KYC_DONE,False,True
USR21583,1,8495.86,1,0,0.0,0.0,8495.86,VERIFIED,True,True
USR21584,3,41945.56,3,0,1.0,756.07,13981.853333333333,VERIFIED,False,True
USR21588,1,22272.0,0,1,0.0,0.0,22272.0,VERIFIED,False,True
USR21590,1,15045.73,0,1,0.0,0.0,15045.73,,,False
USR21591,1,5859.1,1,0,0.0,0.0,5859.1,,,False
USR21594,1,14287.77,1,0,0.0,0.0,14287.77,REJECTED,False,True
USR21602,1,8872.13,1,0,0.0,0.0,8872.13,,,False
USR21609,2,31526.11,2,0,1.0,3309.0,15763.055,,,False
USR21614,1,8157.33,1,0,0.0,0.0,8157.33,,,False
USR21623,2,15510.619999999999,1,0,0.0,0.0,7755.3099999999995,KYC_DONE,False,True
USR21624,1,10714.51,1,0,0.0,0.0,10714.51,,,False
USR21626,1,11286.0,1,0,0.0,0.0,11286.0,,,False
USR21627,1,23322.36,1,0,1.0,1535.65,23322.36,,,False
USR21629,1,8588.25,0,0,0.0,0.0,8588.25,PENDING,False,True
USR21636,1,21313.98,1,0,0.0,0.0,21313.98,,,False
USR21641,1,-14334.84,1,0,1.0,506.18,-14334.84,,,False
USR21648,1,13180.77,1,0,0.0,0.0,13180.77,KYC_DONE,False,True
USR21660,1,10299.57,1,0,0.0,0.0,10299.57,KYC_DONE,False,True
USR21668,2,41728.84,1,1,0.0,0.0,20864.42,VERIFIED,True,True
USR21679,1,20126.68,1,0,0.0,0.0,20126.68,,,False
USR21689,3,29143.11,3,0,0.0,0.0,9714.37,VERIFIED,False,True
USR21696,1,17748.0,1,0,0.0,0.0,17748.0,REJECTED,False,True
USR21699,1,10586.75,1,0,0.0,0.0,10586.75,,,False
USR21715,1,21740.0,1,0,0.0,0.0,21740.0,,,False
USR21719,1,9532.96,1,0,0.0,0.0,9532.96,,,False
USR21721,1,19393.61,1,0,0.0,0.0,19393.61,,,False
USR21723,1,11680.32,1,0,0.0,0.0,11680.32,PENDING,False,True
USR21725,1,18290.1,1,0,0.0,0.0,18290.1,VERIFIED,False,True
USR21726,1,7786.7,1,0,0.0,0.0,7786.7,PENDING,True,True
USR21727,2,19295.33,1,0,0.0,0.0,9647.665,VERIFIED,False,True
USR21736,1,4469.48,0,1,1.0,2225.43,4469.48,,,False
USR21740,1,21516.51,1,0,0.0,0.0,21516.51,,,False
USR21749,1,24400.59,1,0,0.0,0.0,24400.59,,,False
USR21751,2,13527.69,2,0,0.0,0.0,6763.845,,,False
USR21753,1,22770.84,1,0,0.0,0.0,22770.84,VERIFIED,True,True
USR21761,1,21945.18,1,0,0.0,0.0,21945.18,,,False
USR21770,1,16180.28,1,0,0.0,0.0,16180.28,PENDING,False,True
USR21773,1,14071.92,0,1,0.0,0.0,14071.92,,,False
USR21776,1,18875.76,1,0,0.0,0.0,18875.76,,,False
USR21789,1,6490.78,1,0,0.0,0.0,6490.78,VERIFIED,True,True
USR21792,1,-8651.69,1,0,0.0,0.0,-8651.69,,,False
USR21793,1,1972.62,0,0,0.0,0.0,1972.62,VERIFIED,False,True
USR21794,1,5994.82,1,0,0.0,0.0,5994.82,,,False
USR21799,2,9217.73,2,0,0.0,0.0,4608.865,,,False
USR21802,1,17352.86,1,0,0.0,0.0,17352.86,,,False
USR21804,1,19158.47,1,0,0.0,0.0,19158.47,,,False
USR21808,1,15572.3,1,0,0.0,0.0,15572.3,,,False
USR21809,1,1952.03,1,0,0.0,0.0,1952.03,REJECTED,False,True
USR21813,1,3716.06,1,0,0.0,0.0,3716.06,,,False
USR21818,2,18572.99,2,0,0.0,0.0,9286.495,,,False
USR21819,1,17783.0,1,0,0.0,0.0,17783.0,VERIFIED,True,True
USR21824,1,24069.99,1,0,0.0,0.0,24069.99,,,False
USR21827,1,23020.0,0,1,0.0,0.0,23020.0,,,False
USR21834,1,17125.0,1,0,0.0,0.0,17125.0,VERIFIED,False,True
USR21835,2,17195.339999999997,2,0,0.0,0.0,8597.669999999998,,,False
USR21839,1,18734.77,1,0,0.0,0.0,18734.77,,,False
USR21842,1,1108.85,1,0,0.0,0.0,1108.85,VERIFIED,True,True
USR21848,1,-24166.7,1,0,1.0,1984.03,-24166.7,VERIFIED,False,True
USR21853,2,38343.7,2,0,1.0,1286.87,19171.85,,,False
USR21855,1,7684.95,1,0,0.0,0.0,7684.95,,,False
USR21857,1,2857.32,1,0,0.0,0.0,2857.32,VERIFIED,False,True
USR21858,1,24015.0,1,0,0.0,0.0,24015.0,,,False
USR21867,2,26632.84,2,0,1.0,2008.0,13316.42,,,False
USR21870,2,34987.17,2,0,0.0,0.0,17493.585,,,False
USR21880,1,2290.35,1,0,0.0,0.0,2290.35,,,False
USR21881,1,9717.04,1,0,0.0,0.0,9717.04,,,False
USR21885,1,13599.32,1,0,0.0,0.0,13599.32,,,False
USR21890,1,24277.1,1,0,0.0,0.0,24277.1,,,False
USR21892,1,24958.7,1,0,0.0,0.0,24958.7,,,False
USR21895,1,15841.91,1,0,0.0,0.0,15841.91,,,False
USR21900,1,2632.21,1,0,0.0,0.0,2632.21,,,False
USR21905,1,22229.09,1,0,0.0,0.0,22229.09,,,False
USR21909,1,2490.51,1,0,0.0,0.0,2490.51,,,False
USR21910,1,1675.03,1,0,1.0,4849.0,1675.03,,,False
USR21916,1,24969.0,1,0,0.0,0.0,24969.0,,,False
USR21921,1,10300.02,0,1,1.0,0.0,10300.02,,,False
USR21923,1,7135.0,1,0,0.0,0.0,7135.0,,,False
USR21925,1,10755.33,1,0,0.0,0.0,10755.33,KYC_DONE,True,True
USR21930,1,1017.94,1,0,0.0,0.0,1017.94,,,False
USR21941,1,16838.06,0,0,0.0,0.0,16838.06,,,False
USR21946,1,23634.5,0,1,0.0,0.0,23634.5,,,False
USR21950,1,7416.0,1,0,0.0,0.0,7416.0,,,False
USR21955,1,19656.35,1,0,0.0,0.0,19656.35,,,False
USR21965,1,11707.0,0,0,0.0,0.0,11707.0,,,False
USR21970,1,20331.42,1,0,0.0,0.0,20331.42,,,False
USR21974,1,6086.87,1,0,0.0,0.0,6086.87,,,False
USR21976,1,10422.59,0,1,0.0,0.0,10422.59,,,False
USR21980,1,14902.21,1,0,2.0,1377.31,14902.21,,,False
USR21982,1,18797.44,1,0,0.0,0.0,18797.44,VERIFIED,False,True
USR21988,1,15291.26,1,0,0.0,0.0,15291.26,,,False
USR21993,1,22194.91,1,0,0.0,0.0,22194.91,KYC_DONE,False,True
USR22004,1,15821.47,0,1,0.0,0.0,15821.47,,,False
USR22006,1,13.94,0,0,0.0,0.0,13.94,PENDING,False,True
USR22008,1,20568.11,1,0,0.0,0.0,20568.11,VERIFIED,False,True
USR22011,1,3482.61,1,0,0.0,0.0,3482.61,KYC_DONE,False,True
USR22014,1,20069.41,1,0,0.0,0.0,20069.41,,,False
USR22018,1,23657.15,1,0,0.0,0.0,23657.15,,,False
USR22019,2,18267.47,2,0,1.0,-7890.76,9133.735,VERIFIED,True,True
USR22040,1,10947.0,1,0,1.0,7275.81,10947.0,KYC_DONE,False,True
USR22042,1,5130.85,1,0,0.0,0.0,5130.85,,,False
USR22045,1,5907.84,1,0,0.0,0.0,5907.84,,,False
USR22060,1,15720.82,1,0,0.0,0.0,15720.82,,,False
USR22061,1,18646.07,1,0,0.0,0.0,18646.07,,,False
USR22062,2,29567.84,2,0,2.0,577.53,14783.92,,,False
USR22065,1,22525.01,1,0,0.0,0.0,22525.01,VERIFIED,False,True
USR22067,1,24700.47,1,0,0.0,0.0,24700.47,,,False
USR22071,1,6328.38,0,0,1.0,2852.68,6328.38,REJECT,False,True
USR22073,1,22098.06,1,0,0.0,0.0,22098.06,,,False
USR22074,1,17898.47,1,0,0.0,0.0,17898.47,,,False
USR22077,1,21797.37,0,0,0.0,0.0,21797.37,,,False
USR22088,1,24314.0,1,0,0.0,0.0,24314.0,,,False
USR22093,2,28521.35,2,0,0.0,0.0,14260.675,VERIFIED,True,True
USR22094,2,26689.64,1,0,0.0,0.0,13344.82,VERIFIED,False,True
USR22097,1,20947.66,1,0,0.0,0.0,20947.66,VERIFIED,True,True
USR22099,1,20077.27,1,0,0.0,0.0,20077.27,,,False
USR22103,1,7409.0,1,0,0.0,0.0,7409.0,,,False
USR22108,2,32544.7,2,0,0.0,0.0,16272.35,,,False
USR22112,1,23573.31,1,0,0.0,0.0,23573.31,,,False
USR22119,1,20032.24,1,0,0.0,0.0,20032.24,,,False
USR22120,1,24732.11,1,0,0.0,0.0,24732.11,,,False
USR22137,1,19027.54,1,0,0.0,0.0,19027.54,,,False
USR22144,1,12948.34,1,0,0.0,0.0,12948.34,,,False
USR22147,1,13266.27,1,0,0.0,0.0,13266.27,VERIFIED,False,True
USR22156,1,12667.47,1,0,1.0,2891.42,12667.47,,,False
USR22162,1,8497.9,1,0,0.0,0.0,8497.9,,,False
USR22165,1,2668.04,1,0,1.0,1532.42,2668.04,,,False
USR22169,1,21821.18,0,1,0.0,0.0,21821.18,,,False
USR22170,2,25049.28,1,0,0.0,0.0,12524.64,VERIFIED,True,True
USR22172,1,7420.08,1,0,0.0,0.0,7420.08,,,False
USR22177,1,12666.46,1,0,0.0,0.0,12666.46,,,False
USR22180,1,7827.99,1,0,0.0,0.0,7827.99,,,False
USR22181,1,5245.89,1,0,0.0,0.0,5245.89,,,False
USR22182,1,3580.77,1,0,1.0,983.91,3580.77,,,False
USR22185,1,2773.98,1,0,0.0,0.0,2773.98,,,False
USR22190,1,7251.0,1,0,1.0,781.0,7251.0,VERIFIED,True,True
USR22199,1,10384.49,1,0,0.0,0.0,10384.49,VERIFIED,False,True
USR22209,2,28180.47,1,1,0.0,0.0,14090.235,VERIFIED,False,True
USR22214,1,19497.72,1,0,0.0,0.0,19497.72,,,False
USR22218,1,7890.94,1,0,1.0,1305.0,7890.94,,,False
USR22220,1,14688.72,1,0,1.0,1587.1,14688.72,VERIFIED,False,True
USR22225,1,6733.15,1,0,0.0,0.0,6733.15,,,False
USR22226,1,10805.79,1,0,0.0,0.0,10805.79,REJECTED,False,True
USR22234,1,12522.63,1,0,1.0,1094.0,12522.63,,,False
USR22237,1,17206.49,0,0,1.0,6040.0,17206.49,VERIFIED,True,True
USR22243,1,11113.94,0,1,0.0,0.0,11113.94,,,False
USR22245,1,-24140.99,1,0,0.0,0.0,-24140.99,,,False
USR22251,1,24481.16,1,0,0.0,0.0,24481.16,VERIFIED,False,True
USR22252,1,24245.77,1,0,0.0,0.0,24245.77,,,False
USR22254,1,23219.8,1,0,0.0,0.0,23219.8,,,False
USR22256,1,4808.66,1,0,0.0,0.0,4808.66,REJECTED,False,True
USR22258,1,4515.45,0,1,0.0,0.0,4515.45,PENDING,False,True
USR22260,2,28131.65,2,0,2.0,5635.24,14065.825,VERIFIED,False,True
USR22264,1,22033.63,1,0,0.0,0.0,22033.63,REJECTED,False,True
USR22265,1,4524.0,1,0,1.0,6191.71,4524.0,,,False
USR22269,1,15855.0,1,0,0.0,0.0,15855.0,,,False
USR22270,1,21086.36,1,0,1.0,452.46,21086.36,,,False
USR22274,1,4723.09,0,1,0.0,0.0,4723.09,VERIFIED,False,True
USR22281,1,4026.23,1,0,0.0,0.0,4026.23,,,False
USR22290,1,4821.45,1,0,0.0,0.0,4821.45,,,False
USR22292,1,661.19,1,0,0.0,0.0,661.19,PENDING,False,True
USR22293,1,16482.3,1,0,0.0,0.0,16482.3,REJECTED,True,True
USR22296,1,12044.21,0,1,0.0,0.0,12044.21,,,False
USR22302,1,24934.55,1,0,1.0,2097.39,24934.55,VERIFIED,False,True
USR22306,1,8214.43,1,0,0.0,0.0,8214.43,VERIFIED,False,True
USR22310,1,8325.77,1,0,1.0,4363.55,8325.77,VERIFIED,False,True
USR22312,1,10026.3,1,0,0.0,0.0,10026.3,,,False
USR22321,1,6232.73,1,0,0.0,0.0,6232.73,VERIFIED,False,True
USR22324,1,4620.06,1,0,0.0,0.0,4620.06,,,False
USR22326,1,568.0,0,1,0.0,0.0,568.0,,,False
USR22328,1,645.77,1,0,0.0,0.0,645.77,,,False
USR22332,1,4601.64,1,0,1.0,1168.0,4601.64,,,False
USR22336,1,23848.02,1,0,1.0,1397.32,23848.02,KYC_DONE,False,True
USR22339,1,23588.05,1,0,0.0,0.0,23588.05,,,False
USR22341,1,6752.82,1,0,0.0,0.0,6752.82,VERIFIED,True,True
USR22345,1,17519.8,1,0,0.0,0.0,17519.8,,,False
USR22346,1,12301.98,1,0,0.0,0.0,12301.98,,,False
USR22347,1,15510.77,1,0,0.0,0.0,15510.77,VERIFIED,True,True
USR22348,1,20297.15,1,0,0.0,0.0,20297.15,VERIFIED,True,True
USR22353,1,3534.0,1,0,0.0,0.0,3534.0,,,False
USR22355,1,16797.6,1,0,0.0,0.0,16797.6,,,False
USR22359,1,283.98,1,0,0.0,0.0,283.98,,,False
USR22362,1,-9801.35,1,0,0.0,0.0,-9801.35,,,False
USR22368,1,4010.0,0,1,0.0,0.0,4010.0,VERIFIED,False,True
USR22369,1,1793.46,1,0,0.0,0.0,1793.46,,,False
USR22372,1,6434.83,0,1,0.0,0.0,6434.83,VERIFIED,False,True
USR22381,1,14988.1,1,0,0.0,0.0,14988.1,VERIFIED,False,True
USR22388,1,11379.0,1,0,0.0,0.0,11379.0,VERIFIED,False,True
USR22395,2,15927.01,2,0,1.0,1181.91,7963.505,VERIFIED,False,True
USR22396,1,-7609.32,1,0,0.0,0.0,-7609.32,,,False
USR22397,1,8121.4,0,1,0.0,0.0,8121.4,REJECTED,False,True
USR22407,1,22457.0,1,0,1.0,2658.78,22457.0,,,False
USR22412,1,24485.72,1,0,0.0,0.0,24485.72,VERIFIED,True,True
USR22414,1,23695.65,1,0,0.0,0.0,23695.65,,,False
USR22419,1,10354.0,1,0,0.0,0.0,10354.0,VERIFIED,True,True
USR22420,1,1609.36,1,0,0.0,0.0,1609.36,,,False
USR22424,1,18412.69,1,0,0.0,0.0,18412.69,,,False
USR22431,1,3691.1,1,0,0.0,0.0,3691.1,,,False
USR22440,1,2032.17,1,0,0.0,0.0,2032.17,VERIFIED,False,True
USR22441,1,11103.0,1,0,0.0,0.0,11103.0,,,False
USR22445,1,9017.07,0,1,0.0,0.0,9017.07,,,False
USR22448,1,22787.24,1,0,0.0,0.0,22787.24,,,False
USR22462,1,15333.13,0,1,0.0,0.0,15333.13,,,False
USR22472,1,6423.61,1,0,0.0,0.0,6423.61,REJECTED,False,True
USR22478,1,8931.02,1,0,0.0,0.0,8931.02,,,False
USR22480,1,13754.44,1,0,0.0,0.0,13754.44,,,False
USR22484,1,20680.68,1,0,0.0,0.0,20680.68,VERIFIED,False,True
USR22487,1,20693.71,1,0,0.0,0.0,20693.71,REJECT,False,True
USR22492,1,21693.88,1,0,0.0,0.0,21693.88,,,False
USR22506,1,11803.73,1,0,0.0,0.0,11803.73,,,False
USR22509,1,9286.98,1,0,1.0,440.57,9286.98,,,False
USR22510,1,19999.28,1,0,0.0,0.0,19999.28,,,False
USR22513,1,2481.28,0,0,0.0,0.0,2481.28,,,False
USR22516,2,27131.79,2,0,0.0,0.0,13565.895,,,False
USR22518,1,13217.59,1,0,1.0,174.11,13217.59,,,False
USR22527,1,3753.91,1,0,0.0,0.0,3753.91,,,False
USR22528,1,12653.89,1,0,0.0,0.0,12653.89,,,False
USR22531,2,43759.74,1,0,0.0,0.0,21879.87,,,False
USR22536,1,17416.51,1,0,0.0,0.0,17416.51,,,False
USR22537,1,18639.0,0,1,1.0,1851.93,18639.0,VERIFIED,False,True
USR22541,1,10786.53,1,0,0.0,0.0,10786.53,PENDING,False,True
USR22554,1,2101.19,1,0,0.0,0.0,2101.19,,,False
USR22559,1,13570.69,1,0,0.0,0.0,13570.69,VERIFIED,True,True
USR22561,1,11109.54,1,0,0.0,0.0,11109.54,,,False
USR22564,1,3694.84,1,0,2.0,12232.05,3694.84,VERIFIED,False,True
USR22568,1,7205.75,1,0,0.0,0.0,7205.75,,,False
USR22572,1,9896.02,1,0,0.0,0.0,9896.02,,,False
USR22576,1,22928.29,0,1,0.0,0.0,22928.29,,,False
USR22579,2,26127.78,2,0,0.0,0.0,13063.89,,,False
USR22580,1,6123.93,1,0,0.0,0.0,6123.93,,,False
USR22594,1,3837.08,1,0,0.0,0.0,3837.08,,,False
USR22595,1,1094.5,1,0,0.0,0.0,1094.5,,,False
USR22598,2,32986.07,2,0,0.0,0.0,16493.035,,,False
USR22599,1,21441.7,1,0,0.0,0.0,21441.7,,,False
USR22604,1,13305.55,1,0,0.0,0.0,13305.55,,,False
USR22606,2,29922.45,2,0,0.0,0.0,14961.225,PENDING,False,True
USR22615,1,4394.62,1,0,0.0,0.0,4394.62,VERIFIED,True,True
USR22616,1,13492.19,0,0,0.0,0.0,13492.19,REJECTED,True,True
USR22630,1,11624.96,1,0,0.0,0.0,11624.96,,,False
USR22631,1,677.06,1,0,0.0,0.0,677.06,,,False
USR22633,1,5507.58,1,0,0.0,0.0,5507.58,,,False
USR22635,1,5908.9,1,0,1.0,1852.28,5908.9,,,False
USR22648,1,21964.1,1,0,0.0,0.0,21964.1,,,False
USR22653,1,12207.43,1,0,0.0,0.0,12207.43,KYC_DONE,False,True
USR22657,1,4877.9,1,0,0.0,0.0,4877.9,,,False
USR22659,1,4882.43,1,0,0.0,0.0,4882.43,REJECTED,False,True
USR22664,1,7154.81,1,0,0.0,0.0,7154.81,VERIFIED,False,True
USR22682,1,-12892.84,1,0,0.0,0.0,-12892.84,,,False
USR22685,1,19750.0,1,0,0.0,0.0,19750.0,,,False
USR22695,1,13194.42,1,0,0.0,0.0,13194.42,KYC_DONE,False,True
USR22700,1,13924.89,1,0,1.0,13713.48,13924.89,,,False
USR22705,1,1618.73,1,0,0.0,0.0,1618.73,,,False
USR22709,1,7061.85,1,0,0.0,0.0,7061.85,,,False
USR22711,1,22420.74,1,0,0.0,0.0,22420.74,,,False
USR22722,1,3862.08,0,1,0.0,0.0,3862.08,,,False
USR22723,2,36314.49,2,0,0.0,0.0,18157.245,,,False
USR22725,1,19969.0,1,0,0.0,0.0,19969.0,,,False
USR22726,1,19762.28,1,0,0.0,0.0,19762.28,,,False
USR22727,1,1519.44,1,0,0.0,0.0,1519.44,VERIFIED,False,True
USR22730,1,15505.62,1,0,0.0,0.0,15505.62,,,False
USR22733,1,3768.92,1,0,0.0,0.0,3768.92,,,False
USR22736,1,4997.29,1,0,1.0,2179.89,4997.29,,,False
USR22744,1,9217.54,1,0,0.0,0.0,9217.54,PENDING,False,True
USR22755,1,3064.63,1,0,0.0,0.0,3064.63,,,False
USR22759,1,13085.22,0,1,0.0,0.0,13085.22,,,False
USR22761,1,21771.22,1,0,0.0,0.0,21771.22,,,False
USR22763,1,7001.38,0,0,0.0,0.0,7001.38,KYC_DONE,False,True
USR22770,1,1011.33,1,0,0.0,0.0,1011.33,PENDING,False,True
USR22776,1,22733.92,1,0,0.0,0.0,22733.92,,,False
USR22780,1,24311.81,1,0,0.0,0.0,24311.81,,,False
USR22793,1,1240.03,1,0,0.0,0.0,1240.03,,,False
USR22800,1,10268.52,1,0,0.0,0.0,10268.52,,,False
USR22801,1,4792.0,1,0,0.0,0.0,4792.0,,,False
USR22806,1,1863.57,1,0,0.0,0.0,1863.57,,,False
USR22813,1,6472.88,1,0,1.0,10226.59,6472.88,,,False
USR22817,1,8965.61,1,0,0.0,0.0,8965.61,,,False
USR22838,1,2138.33,1,0,0.0,0.0,2138.33,,,False
USR22845,1,17476.73,1,0,0.0,0.0,17476.73,,,False
USR22856,1,11919.43,1,0,0.0,0.0,11919.43,VERIFIED,False,True
USR22878,1,20403.0,0,1,0.0,0.0,20403.0,VERIFIED,True,True
USR22879,1,24476.01,1,0,0.0,0.0,24476.01,,,False
USR22880,1,14580.21,1,0,0.0,0.0,14580.21,REJECTED,False,True
USR22881,1,4329.78,1,0,0.0,0.0,4329.78,,,False
USR22883,2,23683.59,2,0,1.0,3904.6,11841.795,VERIFIED,True,True
USR22887,1,511.58,1,0,0.0,0.0,511.58,,,False
USR22889,1,6299.09,1,0,0.0,0.0,6299.09,,,False
USR22892,1,24433.23,1,0,1.0,1306.0,24433.23,,,False
USR22903,1,10041.94,1,0,0.0,0.0,10041.94,,,False
USR22905,1,162.13,1,0,1.0,1105.07,162.13,,,False
USR22908,1,8298.94,0,0,0.0,0.0,8298.94,,,False
USR22913,1,4904.02,1,0,0.0,0.0,4904.02,,,False
USR22915,1,5534.44,1,0,0.0,0.0,5534.44,,,False
USR22917,1,10383.53,1,0,0.0,0.0,10383.53,,,False
USR22920,1,19753.0,1,0,1.0,994.02,19753.0,,,False
USR22923,1,13916.0,1,0,0.0,0.0,13916.0,VERIFIED,False,True
USR22930,1,4157.21,0,0,0.0,0.0,4157.21,REJECTED,False,True
USR22931,1,6194.22,1,0,0.0,0.0,6194.22,,,False
USR22932,1,22118.03,1,0,0.0,0.0,22118.03,,,False
USR22947,1,16728.87,1,0,0.0,0.0,16728.87,,,False
USR22948,1,21545.73,1,0,0.0,0.0,21545.73,,,False
USR22950,1,10993.4,1,0,1.0,2583.16,10993.4,,,False
USR22954,1,22740.0,1,0,0.0,0.0,22740.0,,,False
USR22955,1,13114.51,1,0,1.0,2164.0,13114.51,,,False
USR22960,3,31235.85,3,0,0.0,0.0,10411.949999999999,VERIFIED,False,True
USR22963,1,324.69,1,0,0.0,0.0,324.69,VERIFIED,True,True
USR22970,1,2966.92,1,0,0.0,0.0,2966.92,VERIFIED,False,True
USR22972,1,21644.52,1,0,0.0,0.0,21644.52,,,False
USR22982,1,12200.98,1,0,0.0,0.0,12200.98,PENDING,False,True
USR22994,1,1175.43,1,0,0.0,0.0,1175.43,VERIFIED,True,True
USR22995,1,17905.18,0,0,0.0,0.0,17905.18,,,False
USR23003,1,12466.0,1,0,0.0,0.0,12466.0,,,False
USR23004,1,19676.05,1,0,1.0,-1084.65,19676.05,,,False
USR23035,1,868.73,1,0,0.0,0.0,868.73,,,False
USR23036,1,19968.41,1,0,0.0,0.0,19968.41,VERIFIED,True,True
USR23051,1,10245.0,1,0,1.0,7942.83,10245.0,,,False
USR23065,1,13945.48,1,0,0.0,0.0,13945.48,,,False
USR23066,1,7298.41,1,0,0.0,0.0,7298.41,,,False
USR23068,1,20439.28,1,0,0.0,0.0,20439.28,VERIFIED,False,True
USR23070,2,27239.77,2,0,0.0,0.0,13619.885,VERIFIED,True,True
USR23071,2,35634.39,1,1,0.0,0.0,17817.195,,,False
USR23075,1,19575.52,1,0,0.0,0.0,19575.52,,,False
USR23076,1,24738.81,1,0,0.0,0.0,24738.81,,,False
USR23077,1,5208.53,1,0,0.0,0.0,5208.53,,,False
USR23082,1,18343.77,1,0,0.0,0.0,18343.77,,,False
USR23090,3,39425.479999999996,3,0,1.0,2601.86,13141.826666666666,,,False
USR23091,1,24876.34,0,1,0.0,0.0,24876.34,VERIFIED,False,True
USR23093,1,13894.87,1,0,1.0,2342.66,13894.87,VERIFIED,False,True
USR23094,1,5669.25,1,0,0.0,0.0,5669.25,,,False
USR23095,1,16252.6,1,0,0.0,0.0,16252.6,,,False
USR23096,1,7662.92,1,0,0.0,0.0,7662.92,,,False
USR23100,1,14699.08,1,0,0.0,0.0,14699.08,,,False
USR23101,1,5344.1,1,0,1.0,1635.13,5344.1,,,False
USR23103,1,6933.96,1,0,0.0,0.0,6933.96,,,False
USR23108,1,22916.91,1,0,0.0,0.0,22916.91,,,False
USR23115,1,839.75,1,0,1.0,201.03,839.75,,,False
USR23118,1,16709.24,1,0,0.0,0.0,16709.24,,,False
USR23119,1,8681.59,1,0,0.0,0.0,8681.59,,,False
USR23122,2,21754.15,1,0,0.0,0.0,10877.075,,,False
USR23123,1,16222.0,1,0,0.0,0.0,16222.0,,,False
USR23124,1,8579.14,1,0,0.0,0.0,8579.14,,,False
USR23125,1,12151.94,1,0,0.0,0.0,12151.94,,,False
USR23126,1,10047.11,0,1,0.0,0.0,10047.11,,,False
USR23129,1,10206.93,0,0,0.0,0.0,10206.93,VERIFIED,False,True
USR23134,1,22428.79,1,0,0.0,0.0,22428.79,VERIFIED,False,True
USR23141,2,17353.62,1,1,0.0,0.0,8676.81,VERIFIED,False,True
USR23145,1,9455.92,1,0,0.0,0.0,9455.92,,,False
USR23155,3,34336.91,2,0,0.0,0.0,11445.636666666667,,,False
USR23156,1,4796.12,1,0,1.0,1748.13,4796.12,,,False
USR23158,1,17235.21,1,0,0.0,0.0,17235.21,,,False
USR23164,1,12814.7,1,0,0.0,0.0,12814.7,,,False
USR23166,1,10891.55,1,0,0.0,0.0,10891.55,,,False
USR23167,1,23944.59,1,0,0.0,0.0,23944.59,REJECTED,False,True
USR23170,1,17031.63,1,0,1.0,4272.46,17031.63,,,False
USR23173,1,1838.65,1,0,0.0,0.0,1838.65,VERIFIED,False,True
USR23179,1,22562.31,1,0,0.0,0.0,22562.31,,,False
USR23181,1,959.18,1,0,0.0,0.0,959.18,,,False
USR23182,1,4252.26,1,0,0.0,0.0,4252.26,,,False
USR23193,1,18361.8,1,0,0.0,0.0,18361.8,,,False
USR23206,1,10744.0,1,0,0.0,0.0,10744.0,,,False
USR23213,1,14688.37,1,0,1.0,2742.66,14688.37,VERIFIED,False,True
USR23217,1,20703.09,1,0,0.0,0.0,20703.09,,,False
USR23224,1,6838.76,0,1,0.0,0.0,6838.76,,,False
USR23229,1,17071.77,1,0,0.0,0.0,17071.77,,,False
USR23242,1,3274.29,1,0,0.0,0.0,3274.29,,,False
USR23246,1,23591.41,1,0,0.0,0.0,23591.41,,,False
USR23248,1,18071.82,1,0,0.0,0.0,18071.82,,,False
USR23254,1,24054.69,0,0,0.0,0.0,24054.69,,,False
USR23255,1,17721.53,1,0,0.0,0.0,17721.53,,,False
USR23272,1,15697.04,0,1,0.0,0.0,15697.04,,,False
USR23273,1,24918.19,1,0,0.0,0.0,24918.19,,,False
USR23275,1,6905.31,1,0,0.0,0.0,6905.31,VERIFIED,False,True
USR23277,2,25064.43,2,0,0.0,0.0,12532.215,VERIFIED,False,True
USR23291,2,11378.5,2,0,0.0,0.0,5689.25,VERIFIED,False,True
USR23292,1,13840.16,1,0,0.0,0.0,13840.16,VERIFIED,False,True
USR23294,1,13947.0,0,0,0.0,0.0,13947.0,,,False
USR23295,1,5464.0,1,0,0.0,0.0,5464.0,,,False
USR23303,1,15520.31,0,0,0.0,0.0,15520.31,,,False
USR23304,2,18217.05,2,0,0.0,0.0,9108.525,,,False
USR23305,1,1275.06,1,0,0.0,0.0,1275.06,,,False
USR23307,1,19290.95,1,0,0.0,0.0,19290.95,VERIFIED,False,True
USR23308,1,4252.0,1,0,0.0,0.0,4252.0,,,False
USR23311,2,11477.88,2,0,0.0,0.0,5738.94,,,False
USR23315,1,8126.72,1,0,0.0,0.0,8126.72,,,False
USR23317,1,12765.01,1,0,1.0,755.08,12765.01,,,False
USR23318,1,2277.11,1,0,0.0,0.0,2277.11,KYC_DONE,True,True
USR23320,1,2432.82,1,0,0.0,0.0,2432.82,,,False
USR23324,1,21254.82,1,0,0.0,0.0,21254.82,KYC_DONE,False,True
USR23325,1,23316.88,1,0,0.0,0.0,23316.88,,,False
USR23326,1,22123.99,1,0,0.0,0.0,22123.99,,,False
USR23332,1,14696.7,1,0,0.0,0.0,14696.7,VERIFIED,True,True
USR23336,1,17041.05,1,0,1.0,11540.0,17041.05,VERIFIED,True,True
USR23340,1,13865.84,1,0,0.0,0.0,13865.84,KYC_DONE,False,True
USR23343,1,1334.0,1,0,0.0,0.0,1334.0,,,False
USR23346,1,4713.12,1,0,0.0,0.0,4713.12,,,False
USR23370,1,20722.27,1,0,0.0,0.0,20722.27,,,False
USR23372,1,11059.0,1,0,0.0,0.0,11059.0,,,False
USR23376,1,5271.11,1,0,0.0,0.0,5271.11,,,False
USR23392,1,17337.5,0,1,0.0,0.0,17337.5,VERIFIED,False,True
USR23396,1,627.19,0,1,0.0,0.0,627.19,VERIFIED,False,True
USR23398,1,742.19,1,0,0.0,0.0,742.19,KYC_DONE,False,True
USR23402,2,24211.88,2,0,0.0,0.0,12105.94,VERIFIED,False,True
USR23404,1,18585.45,1,0,0.0,0.0,18585.45,VERIFIED,False,True
USR23409,1,22392.77,1,0,0.0,0.0,22392.77,,,False
USR23412,1,19081.73,1,0,1.0,709.53,19081.73,,,False
USR23413,1,18974.11,1,0,0.0,0.0,18974.11,,,False
USR23422,1,7951.46,1,0,0.0,0.0,7951.46,VERIFIED,True,True
USR23428,1,1287.78,1,0,0.0,0.0,1287.78,,,False
USR23431,1,3673.9,1,0,0.0,0.0,3673.9,,,False
USR23438,1,24484.6,1,0,0.0,0.0,24484.6,,,False
USR23441,1,11835.64,1,0,0.0,0.0,11835.64,,,False
USR23448,1,4249.0,1,0,0.0,0.0,4249.0,,,False
USR23449,2,15510.91,0,2,0.0,0.0,7755.455,,,False
USR23451,1,13789.6,0,1,0.0,0.0,13789.6,,,False
USR23462,1,-5024.09,1,0,0.0,0.0,-5024.09,,,False
USR23473,1,7919.39,0,1,0.0,0.0,7919.39,,,False
USR23478,1,19810.85,1,0,0.0,0.0,19810.85,,,False
USR23485,1,11115.12,1,0,1.0,2826.0,11115.12,PENDING,False,True
USR23489,1,17370.46,1,0,0.0,0.0,17370.46,,,False
USR23493,1,14241.74,0,1,0.0,0.0,14241.74,KYC_DONE,False,True
USR23494,1,848.64,1,0,0.0,0.0,848.64,,,False
USR23497,1,15719.49,1,0,1.0,861.86,15719.49,,,False
USR23504,1,15043.0,1,0,0.0,0.0,15043.0,KYC_DONE,False,True
USR23506,2,7848.219999999999,2,0,0.0,0.0,3924.1099999999997,VERIFIED,True,True
USR23513,2,21209.08,2,0,0.0,0.0,10604.54,,,False
USR23514,1,18135.51,1,0,0.0,0.0,18135.51,,,False
USR23515,1,20613.63,1,0,0.0,0.0,20613.63,,,False
USR23525,1,2212.0,1,0,1.0,216.3,2212.0,,,False
USR23527,1,16028.74,1,0,0.0,0.0,16028.74,,,False
USR23531,1,21908.55,1,0,0.0,0.0,21908.55,,,False
USR23534,1,21893.73,1,0,0.0,0.0,21893.73,,,False
USR23537,2,13176.599999999999,2,0,0.0,0.0,6588.299999999999,,,False
USR23538,1,13452.7,1,0,0.0,0.0,13452.7,VERIFIED,False,True
USR23547,1,24387.29,1,0,1.0,2087.83,24387.29,,,False
USR23574,2,28185.199999999997,2,0,1.0,3223.69,14092.599999999999,VERIFIED,True,True
USR23575,1,7569.0,1,0,0.0,0.0,7569.0,,,False
USR23580,1,17162.3,1,0,0.0,0.0,17162.3,VERIFIED,False,True
USR23582,3,43247.020000000004,3,0,0.0,0.0,14415.673333333334,,,False
USR23586,1,2350.5,1,0,0.0,0.0,2350.5,,,False
USR23596,1,3603.19,1,0,0.0,0.0,3603.19,,,False
USR23604,1,147.59,1,0,0.0,0.0,147.59,,,False
USR23607,1,1683.67,0,1,0.0,0.0,1683.67,,,False
USR23610,1,20520.19,1,0,0.0,0.0,20520.19,,,False
USR23611,1,11471.13,1,0,0.0,0.0,11471.13,VERIFIED,False,True
USR23614,1,184.49,1,0,1.0,5005.08,184.49,,,False
USR23616,2,17864.239999999998,2,0,0.0,0.0,8932.119999999999,,,False
USR23626,1,11185.59,1,0,0.0,0.0,11185.59,,,False
USR23629,1,1058.9,1,0,0.0,0.0,1058.9,,,False
USR23643,1,23953.87,1,0,0.0,0.0,23953.87,,,False
USR23657,1,8359.0,1,0,0.0,0.0,8359.0,,,False
USR23664,1,13810.03,1,0,0.0,0.0,13810.03,,,False
USR23673,1,12450.0,1,0,0.0,0.0,12450.0,,,False
USR23674,1,11087.72,1,0,0.0,0.0,11087.72,,,False
USR23680,1,18772.78,1,0,0.0,0.0,18772.78,,,False
USR23685,1,22441.37,1,0,0.0,0.0,22441.37,,,False
USR23691,1,15154.78,1,0,1.0,2917.55,15154.78,,,False
USR23695,1,4991.1,1,0,0.0,0.0,4991.1,,,False
USR23697,1,5389.57,1,0,0.0,0.0,5389.57,VERIFIED,True,True
USR23702,1,14001.73,0,0,0.0,0.0,14001.73,,,False
USR23708,1,24887.14,1,0,0.0,0.0,24887.14,,,False
USR23709,1,19980.96,1,0,0.0,0.0,19980.96,KYC_DONE,False,True
USR23711,1,13884.47,1,0,0.0,0.0,13884.47,VERIFIED,False,True
USR23715,1,5436.43,0,0,0.0,0.0,5436.43,PENDING,False,True
USR23717,1,1242.0,1,0,0.0,0.0,1242.0,VERIFIED,False,True
USR23719,1,15574.5,1,0,0.0,0.0,15574.5,PENDING,False,True
USR23730,1,2598.38,1,0,1.0,4066.0,2598.38,,,False
USR23737,2,16120.32,1,1,0.0,0.0,8060.16,,,False
USR23741,1,14088.96,1,0,1.0,1062.27,14088.96,VERIFIED,True,True
USR23746,1,11273.44,1,0,0.0,0.0,11273.44,,,False
USR23749,1,6633.53,1,0,0.0,0.0,6633.53,,,False
USR23756,1,9817.2,1,0,0.0,0.0,9817.2,,,False
USR23757,1,24790.0,1,0,0.0,0.0,24790.0,,,False
USR23767,1,17855.9,1,0,1.0,4466.44,17855.9,,,False
USR23771,1,163.15,1,0,0.0,0.0,163.15,,,False
USR23787,1,9988.9,1,0,0.0,0.0,9988.9,,,False
USR23792,2,44264.7,1,0,0.0,0.0,22132.35,,,False
USR23793,1,14434.22,1,0,0.0,0.0,14434.22,,,False
USR23810,1,21916.0,1,0,0.0,0.0,21916.0,,,False
USR23846,1,21840.73,1,0,0.0,0.0,21840.73,,,False
USR23848,1,10727.07,1,0,0.0,0.0,10727.07,,,False
USR23853,1,7563.89,1,0,0.0,0.0,7563.89,VERIFIED,False,True
USR23863,2,20891.49,2,0,0.0,0.0,10445.745,KYC_DONE,False,True
USR23865,1,10281.95,1,0,0.0,0.0,10281.95,,,False
USR23871,1,22297.88,0,1,0.0,0.0,22297.88,VERIFIED,False,True
USR23872,1,19026.73,1,0,0.0,0.0,19026.73,,,False
USR23875,1,20126.12,1,0,0.0,0.0,20126.12,,,False
USR23876,1,3124.0,1,0,0.0,0.0,3124.0,,,False
USR23879,1,20377.04,1,0,0.0,0.0,20377.04,,,False
USR23889,1,8065.65,1,0,0.0,0.0,8065.65,REJECTED,False,True
USR23891,1,14124.81,1,0,0.0,0.0,14124.81,,,False
USR23895,1,4931.17,0,0,0.0,0.0,4931.17,,,False
USR23896,1,735.0,0,1,0.0,0.0,735.0,,,False
USR23899,1,10691.99,1,0,0.0,0.0,10691.99,,,False
USR23910,1,20757.95,1,0,0.0,0.0,20757.95,PENDING,False,True
USR23916,1,23822.21,1,0,0.0,0.0,23822.21,,,False
USR23921,1,13648.28,1,0,0.0,0.0,13648.28,,,False
USR23925,1,20964.18,1,0,0.0,0.0,20964.18,,,False
USR23931,1,2666.58,1,0,0.0,0.0,2666.58,PENDING,True,True
USR23932,1,12518.49,1,0,0.0,0.0,12518.49,,,False
USR23933,1,8986.24,0,1,0.0,0.0,8986.24,,,False
USR23936,1,14825.08,1,0,0.0,0.0,14825.08,,,False
USR23948,2,28774.77,2,0,0.0,0.0,14387.385,,,False
USR23949,2,23432.42,2,0,2.0,2607.0,11716.21,,,False
USR23950,1,9371.57,0,1,0.0,0.0,9371.57,,,False
USR23953,1,23993.0,1,0,1.0,15054.0,23993.0,,,False
USR23958,3,39712.39,2,1,0.0,0.0,13237.463333333333,VERIFIED,False,True
USR23960,1,21939.86,1,0,0.0,0.0,21939.86,,,False
USR23965,1,17293.82,1,0,0.0,0.0,17293.82,VERIFIED,False,True
USR23968,1,6771.28,1,0,0.0,0.0,6771.28,KYC_DONE,False,True
USR23973,1,8641.46,1,0,1.0,-1273.59,8641.46,,,False
USR23977,1,9137.0,1,0,0.0,0.0,9137.0,,,False
USR23985,1,16481.25,1,0,0.0,0.0,16481.25,,,False
USR23989,1,11261.85,1,0,0.0,0.0,11261.85,VERIFIED,False,True
USR23991,1,869.08,1,0,0.0,0.0,869.08,VERIFIED,False,True
USR24000,1,2285.74,1,0,0.0,0.0,2285.74,,,False
USR24002,1,11110.14,1,0,0.0,0.0,11110.14,VERIFIED,False,True
USR24003,1,21843.19,1,0,0.0,0.0,21843.19,,,False
USR24010,1,11523.73,1,0,1.0,1027.78,11523.73,,,False
USR24016,1,19069.53,1,0,0.0,0.0,19069.53,,,False
USR24018,1,19090.26,1,0,1.0,1212.0,19090.26,,,False
USR24020,1,12820.0,1,0,1.0,0.0,12820.0,VERIFIED,True,True
USR24025,1,24623.38,1,0,1.0,161.0,24623.38,,,False
USR24029,1,20486.76,1,0,1.0,1336.86,20486.76,,,False
USR24031,1,7114.01,1,0,0.0,0.0,7114.01,,,False
USR24033,1,12633.9,1,0,0.0,0.0,12633.9,,,False
USR24034,1,19344.25,1,0,0.0,0.0,19344.25,,,False
USR24040,1,23525.4,0,0,0.0,0.0,23525.4,,,False
USR24042,1,14358.31,1,0,0.0,0.0,14358.31,,,False
USR24043,1,298.0,1,0,0.0,0.0,298.0,VERIFIED,False,True
USR24044,1,9682.38,1,0,0.0,0.0,9682.38,,,False
USR24048,1,11652.12,1,0,0.0,0.0,11652.12,,,False
USR24051,1,18308.12,1,0,0.0,0.0,18308.12,,,False
USR24053,1,22247.01,1,0,0.0,0.0,22247.01,,,False
USR24058,1,23318.44,1,0,1.0,3287.47,23318.44,,,False
USR24074,1,21874.58,1,0,0.0,0.0,21874.58,,,False
USR24075,1,20590.57,1,0,0.0,0.0,20590.57,,,False
USR24077,1,16671.05,0,1,0.0,0.0,16671.05,VERIFIED,False,True
USR24081,1,3945.0,1,0,0.0,0.0,3945.0,,,False
USR24085,1,10754.64,1,0,0.0,0.0,10754.64,PENDING,False,True
USR24093,1,995.05,1,0,0.0,0.0,995.05,,,False
USR24095,1,23399.07,1,0,0.0,0.0,23399.07,KYC_DONE,True,True
USR24104,1,1634.11,0,1,0.0,0.0,1634.11,REJECTED,False,True
USR24110,1,14020.81,0,0,0.0,0.0,14020.81,,,False
USR24113,1,1288.24,1,0,0.0,0.0,1288.24,,,False
USR24122,1,9836.0,1,0,1.0,1968.12,9836.0,,,False
USR24126,1,555.37,0,0,0.0,0.0,555.37,VERIFIED,False,True
USR24127,1,7358.05,1,0,0.0,0.0,7358.05,,,False
USR24129,3,43846.21,3,0,0.0,0.0,14615.403333333334,,,False
USR24130,1,11292.88,1,0,0.0,0.0,11292.88,,,False
USR24136,1,24325.53,1,0,0.0,0.0,24325.53,VERIFIED,False,True
USR24140,1,14423.25,1,0,0.0,0.0,14423.25,,,False
USR24150,1,17701.62,1,0,0.0,0.0,17701.62,,,False
USR24157,1,19736.68,1,0,0.0,0.0,19736.68,,,False
USR24166,1,181.88,1,0,0.0,0.0,181.88,,,False
USR24179,1,11148.79,1,0,0.0,0.0,11148.79,VERIFIED,False,True
USR24192,2,-2246.2199999999975,2,0,0.0,0.0,-1123.1099999999988,PENDING,False,True
USR24199,1,14034.53,1,0,0.0,0.0,14034.53,REJECTED,False,True
USR24201,1,18772.25,0,0,0.0,0.0,18772.25,KYC_DONE,True,True
USR24202,1,19965.91,1,0,1.0,1800.88,19965.91,KYC_DONE,False,True
USR24208,1,1840.41,1,0,0.0,0.0,1840.41,,,False
USR24213,1,15262.97,0,1,0.0,0.0,15262.97,VERIFIED,False,True
USR24216,1,22449.9,1,0,0.0,0.0,22449.9,,,False
USR24220,1,7313.0,1,0,0.0,0.0,7313.0,PENDING,False,True
USR24224,1,18946.84,1,0,0.0,0.0,18946.84,VERIFIED,False,True
USR24240,1,10768.93,1,0,0.0,0.0,10768.93,,,False
USR24242,1,11803.71,1,0,0.0,0.0,11803.71,VERIFIED,False,True
USR24249,2,14775.98,2,0,0.0,0.0,7387.99,,,False
USR24250,1,14572.21,1,0,0.0,0.0,14572.21,,,False
USR24257,2,32434.2,2,0,1.0,2649.1,16217.1,,,False
USR24267,2,31350.86,2,0,0.0,0.0,15675.43,,,False
USR24271,1,16025.88,0,1,1.0,2973.45,16025.88,VERIFIED,False,True
USR24282,1,23833.15,1,0,0.0,0.0,23833.15,,,False
USR24300,1,21425.18,1,0,1.0,3582.55,21425.18,,,False
USR24307,1,18106.16,1,0,0.0,0.0,18106.16,REJECTED,False,True
USR24314,1,12748.29,1,0,0.0,0.0,12748.29,,,False
USR24331,1,13522.05,1,0,0.0,0.0,13522.05,,,False
USR24334,1,1434.59,0,1,0.0,0.0,1434.59,VERIFIED,False,True
USR24338,2,23122.3,2,0,0.0,0.0,11561.15,,,False
USR24347,1,21177.7,1,0,0.0,0.0,21177.7,,,False
USR24349,1,4002.14,1,0,0.0,0.0,4002.14,,,False
USR24354,1,11801.36,1,0,0.0,0.0,11801.36,,,False
USR24357,1,23200.94,1,0,0.0,0.0,23200.94,VERIFIED,True,True
USR24375,1,20112.31,1,0,1.0,1984.96,20112.31,VERIFIED,False,True
USR24379,1,8937.48,1,0,0.0,0.0,8937.48,,,False
USR24381,1,18793.0,1,0,0.0,0.0,18793.0,,,False
USR24383,1,9954.85,1,0,0.0,0.0,9954.85,,,False
USR24394,1,8559.89,1,0,1.0,595.39,8559.89,PENDING,False,True
USR24396,1,7444.86,1,0,0.0,0.0,7444.86,VERIFIED,False,True
USR24399,1,21241.78,1,0,1.0,193.64,21241.78,,,False
USR24401,1,8366.69,1,0,0.0,0.0,8366.69,VERIFIED,False,True
USR24406,1,7161.66,1,0,1.0,1538.91,7161.66,KYC_DONE,False,True
USR24409,1,16506.38,1,0,1.0,1285.26,16506.38,,,False
USR24416,1,15340.0,1,0,0.0,0.0,15340.0,,,False
USR24417,1,9141.5,1,0,0.0,0.0,9141.5,,,False
USR24423,1,20441.69,1,0,0.0,0.0,20441.69,,,False
USR24433,1,5629.92,1,0,0.0,0.0,5629.92,,,False
USR24434,1,23272.52,1,0,0.0,0.0,23272.52,,,False
USR24441,1,7300.18,1,0,0.0,0.0,7300.18,,,False
USR24444,1,3902.12,1,0,1.0,333.0,3902.12,,,False
USR24450,1,3693.11,1,0,0.0,0.0,3693.11,VERIFIED,False,True
USR24467,1,12316.13,1,0,0.0,0.0,12316.13,VERIFIED,False,True
USR24472,1,6027.69,1,0,0.0,0.0,6027.69,,,False
USR24475,1,4383.0,1,0,0.0,0.0,4383.0,VERIFIED,False,True
USR24476,1,8931.0,1,0,0.0,0.0,8931.0,,,False
USR24478,1,13735.79,1,0,0.0,0.0,13735.79,,,False
USR24491,1,980.0,0,1,0.0,0.0,980.0,,,False
USR24496,1,13822.12,1,0,0.0,0.0,13822.12,,,False
USR24497,1,15519.72,1,0,0.0,0.0,15519.72,,,False
USR24500,1,4815.3,0,0,0.0,0.0,4815.3,,,False
USR24502,1,1176.65,1,0,0.0,0.0,1176.65,,,False
USR24505,1,8052.95,1,0,0.0,0.0,8052.95,VERIFIED,False,True
USR24519,1,9811.52,1,0,0.0,0.0,9811.52,,,False
USR24535,2,23132.85,2,0,0.0,0.0,11566.425,,,False
USR24536,1,23342.64,1,0,1.0,819.04,23342.64,,,False
USR24540,1,7061.64,1,0,0.0,0.0,7061.64,VERIFIED,True,True
USR24543,1,7174.0,1,0,0.0,0.0,7174.0,,,False
USR24545,1,11926.32,1,0,0.0,0.0,11926.32,,,False
USR24548,1,16344.88,1,0,0.0,0.0,16344.88,VERIFIED,False,True
USR24550,1,8021.64,1,0,0.0,0.0,8021.64,,,False
USR24553,1,-4184.18,0,1,0.0,0.0,-4184.18,VERIFIED,False,True
USR24557,1,994.36,1,0,0.0,0.0,994.36,,,False
USR24566,1,17389.73,1,0,0.0,0.0,17389.73,,,False
USR24569,1,3369.02,0,1,0.0,0.0,3369.02,VERIFIED,False,True
USR24570,2,33865.119999999995,2,0,0.0,0.0,16932.559999999998,,,False
USR24575,1,18795.41,1,0,0.0,0.0,18795.41,,,False
USR24579,2,31967.65,2,0,0.0,0.0,15983.825,,,False
USR24591,2,21131.33,1,1,0.0,0.0,10565.665,VERIFIED,False,True
USR24596,1,9052.71,1,0,0.0,0.0,9052.71,,,False
USR24601,1,12960.28,1,0,0.0,0.0,12960.28,VERIFIED,False,True
USR24602,1,2422.4,1,0,0.0,0.0,2422.4,VERIFIED,False,True
USR24605,1,22561.3,1,0,0.0,0.0,22561.3,PENDING,False,True
USR24606,1,20430.01,1,0,0.0,0.0,20430.01,,,False
USR24610,1,15083.0,1,0,0.0,0.0,15083.0,,,False
USR24611,2,44751.29,2,0,0.0,0.0,22375.645,VERIFIED,False,True
USR24617,1,13545.44,1,0,0.0,0.0,13545.44,,,False
USR24620,1,8653.79,1,0,0.0,0.0,8653.79,,,False
USR24633,1,4675.61,0,0,0.0,0.0,4675.61,VERIFIED,True,True
USR24637,2,25309.06,2,0,0.0,0.0,12654.53,,,False
USR24638,1,2537.06,1,0,0.0,0.0,2537.06,PENDING,False,True
USR24651,1,22490.37,0,0,0.0,0.0,22490.37,,,False
USR24652,1,22707.0,1,0,0.0,0.0,22707.0,,,False
USR24663,1,-11096.7,1,0,0.0,0.0,-11096.7,KYC_DONE,False,True
USR24664,1,1902.0,1,0,0.0,0.0,1902.0,,,False
USR24665,1,9084.59,1,0,0.0,0.0,9084.59,,,False
USR24669,1,2234.19,1,0,0.0,0.0,2234.19,,,False
USR24673,2,23101.32,2,0,0.0,0.0,11550.66,VERIFIED,True,True
USR24674,1,21336.36,1,0,0.0,0.0,21336.36,,,False
USR24679,1,17564.6,1,0,0.0,0.0,17564.6,,,False
USR24681,1,10881.01,1,0,0.0,0.0,10881.01,,,False
USR24688,1,1357.78,0,1,0.0,0.0,1357.78,,,False
USR24694,1,7460.59,0,1,0.0,0.0,7460.59,,,False
USR24697,1,9370.0,1,0,0.0,0.0,9370.0,,,False
USR24701,1,21761.57,0,1,0.0,0.0,21761.57,,,False
USR24723,2,36437.68,2,0,0.0,0.0,18218.84,,,False
USR24733,1,5946.21,1,0,0.0,0.0,5946.21,,,False
USR24736,1,1911.74,1,0,1.0,3544.0,1911.74,VERIFIED,True,True
USR24744,1,-16359.35,1,0,0.0,0.0,-16359.35,,,False
USR24746,1,20766.28,1,0,0.0,0.0,20766.28,,,False
USR24747,1,9480.11,1,0,0.0,0.0,9480.11,VERIFIED,False,True
USR24751,1,13249.08,0,1,0.0,0.0,13249.08,,,False
USR24756,1,4019.96,1,0,0.0,0.0,4019.96,,,False
USR24760,1,23891.68,1,0,0.0,0.0,23891.68,,,False
USR24761,1,14399.05,1,0,0.0,0.0,14399.05,,,False
USR24765,1,10078.21,1,0,0.0,0.0,10078.21,REJECTED,False,True
USR24770,1,394.72,1,0,1.0,1019.25,394.72,VERIFIED,False,True
USR24771,1,9645.22,1,0,0.0,0.0,9645.22,,,False
USR24773,1,13013.0,1,0,0.0,0.0,13013.0,KYC_DONE,False,True
USR24774,1,19093.16,1,0,0.0,0.0,19093.16,,,False
USR24775,1,4106.37,1,0,0.0,0.0,4106.37,,,False
USR24778,1,16853.12,1,0,0.0,0.0,16853.12,,,False
USR24780,1,5825.93,0,0,0.0,0.0,5825.93,VERIFIED,False,True
USR24787,1,16399.3,1,0,0.0,0.0,16399.3,,,False
USR24788,1,11436.95,1,0,0.0,0.0,11436.95,,,False
USR24789,1,8331.72,1,0,0.0,0.0,8331.72,KYC_DONE,False,True
USR24790,1,2165.37,1,0,1.0,4947.89,2165.37,,,False
USR24804,1,22419.7,1,0,0.0,0.0,22419.7,VERIFIED,False,True
USR24805,1,10122.34,1,0,0.0,0.0,10122.34,,,False
USR24809,1,9576.78,0,1,0.0,0.0,9576.78,VERIFIED,False,True
USR24810,1,19054.17,1,0,0.0,0.0,19054.17,KYC_DONE,False,True
USR24828,1,18596.75,1,0,0.0,0.0,18596.75,,,False
USR24832,1,5096.34,0,0,0.0,0.0,5096.34,,,False
USR24836,1,14235.06,1,0,0.0,0.0,14235.06,,,False
USR24858,1,21928.49,1,0,0.0,0.0,21928.49,,,False
USR24859,1,24414.0,1,0,0.0,0.0,24414.0,VERIFIED,True,True
USR24860,1,11456.14,1,0,1.0,2950.32,11456.14,PENDING,False,True
USR24862,1,-20266.99,1,0,0.0,0.0,-20266.99,,,False
USR24879,2,30634.590000000004,1,1,0.0,0.0,15317.295000000002,VERIFIED,True,True
USR24888,1,3529.43,1,0,0.0,0.0,3529.43,,,False
USR24891,1,18935.97,1,0,0.0,0.0,18935.97,,,False
USR24900,1,22584.0,1,0,0.0,0.0,22584.0,VERIFIED,False,True
USR24906,1,12650.21,1,0,0.0,0.0,12650.21,VERIFIED,False,True
USR24919,1,22209.48,1,0,0.0,0.0,22209.48,,,False
USR24920,1,12075.61,1,0,0.0,0.0,12075.61,,,False
USR24925,1,22271.39,1,0,0.0,0.0,22271.39,,,False
USR24926,1,21758.89,1,0,0.0,0.0,21758.89,VERIFIED,True,True
USR24928,1,3347.62,1,0,0.0,0.0,3347.62,VERIFIED,True,True
USR24930,1,253.18,1,0,0.0,0.0,253.18,,,False
USR24934,1,4597.65,1,0,0.0,0.0,4597.65,PENDING,False,True
USR24936,1,8578.8,1,0,1.0,24414.54,8578.8,,,False
USR24944,2,31073.89,2,0,1.0,326.32,15536.945,VERIFIED,True,True
USR24948,1,11211.18,1,0,1.0,2144.03,11211.18,VERIFIED,False,True
USR24952,1,20658.47,1,0,0.0,0.0,20658.47,PENDING,False,True
USR24960,1,18705.54,1,0,0.0,0.0,18705.54,,,False
USR24961,1,1383.4,1,0,0.0,0.0,1383.4,,,False
USR24969,1,13010.56,1,0,0.0,0.0,13010.56,,,False
USR24970,1,22157.67,1,0,0.0,0.0,22157.67,VERIFIED,False,True
USR24973,1,7887.83,1,0,0.0,0.0,7887.83,VERIFIED,True,True
USR24980,1,12534.15,1,0,2.0,1299.7,12534.15,,,False
USR24992,1,6514.57,1,0,0.0,0.0,6514.57,,,False
USR24997,1,23116.07,1,0,0.0,0.0,23116.07,,,False
USR24999,1,16539.41,1,0,0.0,0.0,16539.41,,,False
USR25002,1,10709.45,1,0,0.0,0.0,10709.45,,,False
USR25009,1,8719.16,1,0,0.0,0.0,8719.16,KYC_DONE,False,True
USR25012,1,10670.53,1,0,0.0,0.0,10670.53,,,False
USR25013,1,3927.67,1,0,0.0,0.0,3927.67,VERIFIED,False,True
USR25022,2,41670.11,2,0,0.0,0.0,20835.055,,,False
USR25029,1,9015.85,1,0,0.0,0.0,9015.85,,,False
USR25032,1,9392.52,1,0,0.0,0.0,9392.52,,,False
USR25039,1,9457.0,1,0,0.0,0.0,9457.0,,,False
USR25046,1,17394.06,1,0,1.0,2123.46,17394.06,,,False
USR25058,1,5311.13,1,0,0.0,0.0,5311.13,VERIFIED,False,True
USR25060,1,7115.75,1,0,0.0,0.0,7115.75,,,False
USR25062,1,8760.54,0,0,0.0,0.0,8760.54,,,False
USR25071,1,14323.59,0,1,0.0,0.0,14323.59,,,False
USR25092,1,17103.78,1,0,0.0,0.0,17103.78,,,False
USR25093,1,21575.36,1,0,0.0,0.0,21575.36,PENDING,False,True
USR25095,2,19071.95,2,0,1.0,774.67,9535.975,PENDING,False,True
USR25105,1,6269.19,1,0,0.0,0.0,6269.19,,,False
USR25109,1,22680.8,1,0,0.0,0.0,22680.8,,,False
USR25111,1,23861.65,1,0,0.0,0.0,23861.65,,,False
USR25112,1,16942.33,0,0,0.0,0.0,16942.33,,,False
USR25118,1,11719.24,1,0,0.0,0.0,11719.24,VERIFIED,False,True
USR25126,1,15048.0,1,0,0.0,0.0,15048.0,,,False
USR25130,1,19750.81,1,0,0.0,0.0,19750.81,,,False
USR25133,1,15802.0,1,0,0.0,0.0,15802.0,,,False
USR25143,1,24432.23,1,0,0.0,0.0,24432.23,,,False
USR25146,1,18489.47,1,0,0.0,0.0,18489.47,,,False
USR25147,1,11619.92,1,0,1.0,1847.49,11619.92,,,False
USR25159,1,21384.31,1,0,0.0,0.0,21384.31,,,False
USR25163,1,2773.55,1,0,0.0,0.0,2773.55,,,False
USR25169,1,9596.39,1,0,0.0,0.0,9596.39,,,False
USR25181,2,34153.12,2,0,0.0,0.0,17076.56,,,False
USR25184,1,4195.6,1,0,0.0,0.0,4195.6,PENDING,False,True
USR25187,1,4974.13,0,1,0.0,0.0,4974.13,VERIFIED,True,True
USR25195,1,12060.81,1,0,0.0,0.0,12060.81,,,False
USR25198,2,30841.14,1,0,0.0,0.0,15420.57,VERIFIED,True,True
USR25205,1,4902.64,0,1,0.0,0.0,4902.64,,,False
USR25212,1,11627.12,1,0,0.0,0.0,11627.12,,,False
USR25216,1,20935.8,0,1,0.0,0.0,20935.8,,,False
USR25226,1,17403.82,1,0,0.0,0.0,17403.82,,,False
USR25229,1,17249.13,1,0,0.0,0.0,17249.13,,,False
USR25232,1,9287.96,0,1,1.0,1317.13,9287.96,VERIFIED,False,True
USR25238,1,14036.32,1,0,0.0,0.0,14036.32,,,False
USR25244,1,23313.07,1,0,1.0,6523.57,23313.07,,,False
USR25247,2,28546.81,2,0,0.0,0.0,14273.405,,,False
USR25249,1,16439.53,1,0,0.0,0.0,16439.53,,,False
USR25254,1,3789.66,1,0,0.0,0.0,3789.66,VERIFIED,False,True
USR25257,1,6709.0,0,0,0.0,0.0,6709.0,,,False
USR25260,1,13082.22,1,0,0.0,0.0,13082.22,PENDING,False,True
USR25267,2,20139.079999999998,2,0,0.0,0.0,10069.539999999999,,,False
USR25269,1,15112.0,0,0,0.0,0.0,15112.0,VERIFIED,False,True
USR25271,1,10538.31,1,0,0.0,0.0,10538.31,PENDING,False,True
USR25279,1,17711.89,1,0,0.0,0.0,17711.89,VERIFIED,False,True
USR25289,1,899.95,1,0,0.0,0.0,899.95,VERIFIED,False,True
USR25301,1,20909.0,1,0,0.0,0.0,20909.0,,,False
USR25306,2,20073.51,2,0,0.0,0.0,10036.755,VERIFIED,False,True
USR25307,1,14714.9,0,0,0.0,0.0,14714.9,,,False
USR25313,1,11294.14,1,0,1.0,-2212.96,11294.14,VERIFIED,False,True
USR25325,1,24929.59,1,0,1.0,1169.68,24929.59,VERIFIED,False,True
USR25331,2,26646.35,1,1,0.0,0.0,13323.175,,,False
USR25338,1,21868.8,1,0,0.0,0.0,21868.8,,,False
USR25363,1,24037.69,1,0,0.0,0.0,24037.69,,,False
USR25365,1,3924.29,1,0,0.0,0.0,3924.29,,,False
USR25370,1,18630.87,1,0,0.0,0.0,18630.87,,,False
USR25373,1,24781.49,1,0,0.0,0.0,24781.49,,,False
USR25397,2,28490.1,1,0,0.0,0.0,14245.05,,,False
USR25398,1,12959.44,1,0,0.0,0.0,12959.44,,,False
USR25421,1,13658.15,1,0,0.0,0.0,13658.15,,,False
USR25423,1,17687.85,1,0,0.0,0.0,17687.85,,,False
USR25429,3,36007.66,3,0,1.0,411.83,12002.553333333335,,,False
USR25437,1,4539.0,1,0,0.0,0.0,4539.0,,,False
USR25440,1,7492.58,1,0,0.0,0.0,7492.58,,,False
USR25442,1,16475.55,1,0,0.0,0.0,16475.55,,,False
USR25443,1,8454.16,1,0,0.0,0.0,8454.16,VERIFIED,False,True
USR25449,1,-20926.82,1,0,0.0,0.0,-20926.82,,,False
USR25450,1,1007.66,0,1,1.0,-3671.61,1007.66,,,False
USR25453,1,22183.4,0,0,0.0,0.0,22183.4,,,False
USR25455,1,12967.14,0,1,1.0,903.47,12967.14,,,False
USR25459,1,6645.73,1,0,0.0,0.0,6645.73,,,False
USR25468,1,21322.0,0,1,0.0,0.0,21322.0,PENDING,False,True
USR25476,1,7918.55,1,0,0.0,0.0,7918.55,,,False
USR25493,1,8958.55,1,0,0.0,0.0,8958.55,,,False
USR25496,1,10023.6,1,0,0.0,0.0,10023.6,,,False
USR25501,3,49595.509999999995,3,0,1.0,1595.05,16531.836666666666,,,False
USR25507,2,34765.68,1,1,0.0,0.0,17382.84,,,False
USR25518,1,3762.34,1,0,0.0,0.0,3762.34,,,False
USR25520,1,16073.62,1,0,0.0,0.0,16073.62,,,False
USR25521,1,19570.57,1,0,0.0,0.0,19570.57,KYC_DONE,False,True
USR25524,1,5701.47,1,0,1.0,2207.71,5701.47,,,False
USR25527,1,8602.12,0,0,1.0,0.0,8602.12,,,False
USR25530,1,24301.33,0,1,0.0,0.0,24301.33,,,False
USR25533,1,8772.56,1,0,0.0,0.0,8772.56,VERIFIED,True,True
USR25534,2,18882.32,2,0,0.0,0.0,9441.16,,,False
USR25535,1,19557.9,0,1,0.0,0.0,19557.9,,,False
USR25551,1,6570.13,1,0,0.0,0.0,6570.13,VERIFIED,False,True
USR25552,1,13457.64,1,0,1.0,7505.86,13457.64,REJECTED,False,True
USR25553,1,3626.32,1,0,0.0,0.0,3626.32,,,False
USR25558,1,13117.73,1,0,1.0,741.15,13117.73,KYC_DONE,False,True
USR25563,1,10914.42,1,0,0.0,0.0,10914.42,,,False
USR25565,1,22781.75,1,0,0.0,0.0,22781.75,,,False
USR25568,1,14797.01,1,0,0.0,0.0,14797.01,,,False
USR25578,1,20214.75,1,0,0.0,0.0,20214.75,,,False
USR25588,1,8174.82,1,0,0.0,0.0,8174.82,,,False
USR25591,1,5064.33,1,0,0.0,0.0,5064.33,,,False
USR25593,1,247.56,1,0,0.0,0.0,247.56,,,False
USR25596,1,6463.09,0,1,0.0,0.0,6463.09,,,False
USR25600,1,15750.79,1,0,0.0,0.0,15750.79,VERIFIED,False,True
USR25603,1,5063.36,1,0,0.0,0.0,5063.36,,,False
USR25606,2,21494.79,2,0,0.0,0.0,10747.395,VERIFIED,False,True
USR25608,1,9688.41,1,0,1.0,2301.28,9688.41,,,False
USR25612,1,7657.09,1,0,0.0,0.0,7657.09,VERIFIED,False,True
USR25619,1,14945.73,1,0,1.0,2267.96,14945.73,VERIFIED,True,True
USR25622,1,-2035.34,1,0,0.0,0.0,-2035.34,,,False
USR25626,1,4201.93,1,0,0.0,0.0,4201.93,,,False
USR25627,2,36822.07,2,0,0.0,0.0,18411.035,,,False
USR25637,1,20680.48,1,0,0.0,0.0,20680.48,VERIFIED,False,True
USR25640,1,5135.29,0,1,0.0,0.0,5135.29,,,False
USR25641,1,3509.72,1,0,0.0,0.0,3509.72,,,False
USR25647,1,21391.51,1,0,0.0,0.0,21391.51,,,False
USR25650,1,22770.15,1,0,0.0,0.0,22770.15,,,False
USR25653,1,2450.83,1,0,0.0,0.0,2450.83,,,False
USR25655,1,22115.83,1,0,0.0,0.0,22115.83,,,False
USR25663,1,15091.16,1,0,0.0,0.0,15091.16,VERIFIED,False,True
USR25675,1,10371.46,0,1,0.0,0.0,10371.46,VERIFIED,False,True
USR25681,1,23294.53,1,0,0.0,0.0,23294.53,VERIFIED,False,True
USR25686,1,12341.0,0,1,0.0,0.0,12341.0,UNDER REVIEW,False,True
USR25687,1,9794.23,1,0,1.0,1859.77,9794.23,,,False
USR25689,1,20706.36,1,0,0.0,0.0,20706.36,VERIFIED,False,True
USR25696,1,17428.63,0,1,0.0,0.0,17428.63,VERIFIED,False,True
USR25704,1,19231.98,0,1,0.0,0.0,19231.98,,,False
USR25717,1,23199.0,1,0,0.0,0.0,23199.0,,,False
USR25722,1,6592.46,1,0,1.0,248.1,6592.46,,,False
USR25725,2,32194.25,1,1,0.0,0.0,16097.125,,,False
USR25728,1,2089.61,1,0,2.0,13780.14,2089.61,VERIFIED,False,True
USR25734,1,3792.02,1,0,0.0,0.0,3792.02,,,False
USR25738,1,11103.55,0,1,0.0,0.0,11103.55,KYC_DONE,False,True
USR25753,1,3616.36,1,0,0.0,0.0,3616.36,,,False
USR25760,2,17485.510000000002,2,0,0.0,0.0,8742.755000000001,,,False
USR25761,1,10235.82,1,0,1.0,-2970.62,10235.82,,,False
USR25765,4,42784.71,4,0,1.0,6345.72,10696.1775,,,False
USR25767,1,20233.05,1,0,0.0,0.0,20233.05,,,False
USR25769,2,2527.5300000000007,2,0,0.0,0.0,1263.7650000000003,,,False
USR25771,1,23178.49,1,0,0.0,0.0,23178.49,REJECTED,True,True
USR25775,1,12003.67,1,0,0.0,0.0,12003.67,,,False
USR25776,1,13481.97,1,0,0.0,0.0,13481.97,,,False
USR25789,1,17670.0,1,0,0.0,0.0,17670.0,,,False
USR25791,1,5311.01,1,0,1.0,1786.57,5311.01,,,False
USR25793,1,19130.01,0,1,0.0,0.0,19130.01,,,False
USR25796,1,23607.21,0,1,0.0,0.0,23607.21,,,False
USR25798,1,11588.52,1,0,0.0,0.0,11588.52,,,False
USR25809,1,12200.46,1,0,0.0,0.0,12200.46,PENDING,False,True
USR25818,1,2366.87,1,0,2.0,348.87999999999994,2366.87,,,False
USR25819,1,19102.0,1,0,0.0,0.0,19102.0,,,False
USR25830,1,13463.1,0,1,0.0,0.0,13463.1,,,False
USR25832,1,2507.3,1,0,0.0,0.0,2507.3,VERIFIED,True,True
USR25842,1,8570.06,1,0,0.0,0.0,8570.06,VERIFIED,False,True
USR25850,1,6202.83,1,0,0.0,0.0,6202.83,VERIFIED,False,True
USR25854,1,16906.0,0,0,0.0,0.0,16906.0,,,False
USR25857,1,1671.74,0,0,0.0,0.0,1671.74,,,False
USR25861,1,22435.17,1,0,1.0,1516.67,22435.17,,,False
USR25862,1,16932.0,1,0,0.0,0.0,16932.0,,,False
USR25866,1,20619.83,1,0,0.0,0.0,20619.83,VERIFIED,False,True
USR25869,1,16356.78,1,0,1.0,1823.47,16356.78,VERIFIED,False,True
USR25874,1,314.57,1,0,0.0,0.0,314.57,,,False
USR25876,1,3233.18,1,0,0.0,0.0,3233.18,,,False
USR25894,2,31526.719999999998,2,0,0.0,0.0,15763.359999999999,VERIFIED,True,True
USR25900,1,10972.0,1,0,0.0,0.0,10972.0,VERIFIED,False,True
USR25901,1,5538.33,1,0,0.0,0.0,5538.33,,,False
USR25914,1,22975.29,1,0,0.0,0.0,22975.29,VERIFIED,False,True
USR25917,2,13575.87,2,0,1.0,495.68,6787.935,,,False
USR25927,1,6482.0,0,1,0.0,0.0,6482.0,,,False
USR25930,2,17133.36,1,1,0.0,0.0,8566.68,,,False
USR25931,1,9736.0,0,1,0.0,0.0,9736.0,VERIFIED,False,True
USR25932,1,21388.13,0,1,0.0,0.0,21388.13,PENDING,False,True
USR25941,1,7698.3,1,0,0.0,0.0,7698.3,,,False
USR25951,2,20107.230000000003,2,0,1.0,1245.09,10053.615000000002,KYC_DONE,True,True
USR25953,1,16192.99,1,0,0.0,0.0,16192.99,VERIFIED,False,True
USR25970,1,16018.97,1,0,0.0,0.0,16018.97,,,False
USR25972,1,8675.53,0,0,1.0,745.95,8675.53,,,False
USR25987,1,22749.48,1,0,1.0,1274.21,22749.48,REJECTED,False,True
USR25988,1,24041.4,1,0,0.0,0.0,24041.4,,,False
USR25989,1,516.03,1,0,0.0,0.0,516.03,PENDING,False,True
USR25992,1,-23517.85,1,0,0.0,0.0,-23517.85,KYC_DONE,False,True
USR25994,1,16778.0,1,0,0.0,0.0,16778.0,,,False
USR26003,2,32095.05,2,0,0.0,0.0,16047.525,,,False
USR26005,1,-13062.01,1,0,0.0,0.0,-13062.01,VERIFIED,False,True
USR26011,1,18664.0,1,0,0.0,0.0,18664.0,,,False
USR26014,1,17542.12,1,0,1.0,271.69,17542.12,,,False
USR26020,1,516.8,1,0,0.0,0.0,516.8,,,False
USR26027,1,11654.51,0,0,0.0,0.0,11654.51,VERIFIED,False,True
USR26034,1,21203.89,1,0,0.0,0.0,21203.89,,,False
USR26044,1,17325.79,1,0,0.0,0.0,17325.79,,,False
USR26049,1,18881.02,1,0,0.0,0.0,18881.02,,,False
USR26054,1,20637.11,1,0,0.0,0.0,20637.11,,,False
USR26056,1,21329.25,0,1,0.0,0.0,21329.25,,,False
USR26061,1,23583.0,1,0,0.0,0.0,23583.0,PENDING,False,True
USR26071,1,13951.26,1,0,1.0,2691.36,13951.26,KYC_DONE,False,True
USR26074,1,13343.53,0,1,0.0,0.0,13343.53,,,False
USR26102,1,24987.63,0,1,0.0,0.0,24987.63,,,False
USR26105,1,288.75,0,0,0.0,0.0,288.75,,,False
USR26110,1,7853.81,0,1,1.0,691.4,7853.81,,,False
USR26114,1,9736.32,0,1,0.0,0.0,9736.32,,,False
USR26124,1,23510.63,1,0,0.0,0.0,23510.63,,,False
USR26129,1,4597.24,0,0,0.0,0.0,4597.24,,,False
USR26135,1,5931.54,1,0,1.0,1768.72,5931.54,,,False
USR26136,4,49006.53,3,1,0.0,0.0,12251.6325,,,False
USR26144,1,15981.31,1,0,0.0,0.0,15981.31,,,False
USR26153,1,4808.48,1,0,0.0,0.0,4808.48,,,False
USR26159,1,119.31,0,0,0.0,0.0,119.31,,,False
USR26160,1,7402.64,1,0,0.0,0.0,7402.64,KYC_DONE,True,True
USR26165,1,9858.15,1,0,0.0,0.0,9858.15,VERIFIED,True,True
USR26167,1,10616.6,1,0,0.0,0.0,10616.6,,,False
USR26175,1,18711.9,1,0,0.0,0.0,18711.9,,,False
USR26176,1,17252.21,1,0,0.0,0.0,17252.21,VERIFIED,False,True
USR26183,1,13672.0,1,0,1.0,19958.58,13672.0,,,False
USR26186,2,17862.46,2,0,1.0,2315.48,8931.23,,,False
USR26187,1,21063.24,1,0,0.0,0.0,21063.24,,,False
USR26208,1,6270.0,1,0,0.0,0.0,6270.0,,,False
USR26216,1,2785.2,1,0,0.0,0.0,2785.2,VERIFIED,False,True
USR26217,1,14905.0,1,0,1.0,22390.0,14905.0,,,False
USR26223,1,17326.08,1,0,1.0,4839.05,17326.08,,,False
USR26241,1,7421.03,1,0,0.0,0.0,7421.03,,,False
USR26254,1,7389.58,1,0,0.0,0.0,7389.58,,,False
USR26257,1,10139.74,1,0,1.0,3505.15,10139.74,,,False
USR26260,1,11572.37,0,1,0.0,0.0,11572.37,,,False
USR26263,1,20115.62,1,0,0.0,0.0,20115.62,,,False
USR26268,1,19490.5,1,0,0.0,0.0,19490.5,,,False
USR26270,2,13246.5,2,0,0.0,0.0,6623.25,VERIFIED,False,True
USR26284,1,1784.98,1,0,0.0,0.0,1784.98,PENDING,False,True
USR26287,1,13460.12,1,0,0.0,0.0,13460.12,,,False
USR26294,1,21892.58,1,0,1.0,1817.11,21892.58,VERIFIED,False,True
USR26295,1,1770.81,1,0,0.0,0.0,1770.81,PENDING,False,True
USR26299,1,18355.33,1,0,0.0,0.0,18355.33,VERIFIED,False,True
USR26301,1,1604.48,1,0,0.0,0.0,1604.48,,,False
USR26309,1,20865.95,1,0,0.0,0.0,20865.95,,,False
USR26310,1,23682.64,1,0,0.0,0.0,23682.64,VERIFIED,True,True
USR26317,1,6309.23,1,0,0.0,0.0,6309.23,,,False
USR26326,1,-24243.39,1,0,0.0,0.0,-24243.39,,,False
USR26327,1,20449.43,1,0,0.0,0.0,20449.43,,,False
USR26331,1,11586.47,1,0,0.0,0.0,11586.47,,,False
USR26337,1,21493.0,0,1,0.0,0.0,21493.0,,,False
USR26338,1,1614.58,1,0,0.0,0.0,1614.58,,,False
USR26342,1,4566.56,1,0,0.0,0.0,4566.56,,,False
USR26343,2,25028.61,2,0,0.0,0.0,12514.305,,,False
USR26356,1,18099.54,0,1,0.0,0.0,18099.54,VERIFIED,False,True
USR26357,1,12921.35,1,0,0.0,0.0,12921.35,,,False
USR26359,1,19748.8,1,0,0.0,0.0,19748.8,VERIFIED,False,True
USR26361,1,16590.62,1,0,0.0,0.0,16590.62,,,False
USR26366,1,8881.36,1,0,0.0,0.0,8881.36,REJECTED,False,True
USR26368,1,18765.59,0,0,0.0,0.0,18765.59,,,False
USR26386,1,23120.4,1,0,0.0,0.0,23120.4,,,False
USR26387,1,18102.09,1,0,0.0,0.0,18102.09,VERIFIED,False,True
USR26389,1,18186.56,1,0,1.0,5058.0,18186.56,,,False
USR26391,1,10118.94,1,0,0.0,0.0,10118.94,,,False
USR26392,1,15456.08,0,1,0.0,0.0,15456.08,,,False
USR26396,1,11194.08,1,0,0.0,0.0,11194.08,,,False
USR26397,1,5013.52,0,1,0.0,0.0,5013.52,,,False
USR26418,1,3085.97,1,0,0.0,0.0,3085.97,,,False
USR26424,1,16771.97,1,0,1.0,2830.0,16771.97,,,False
USR26427,1,13610.48,1,0,0.0,0.0,13610.48,,,False
USR26433,2,21468.980000000003,2,0,0.0,0.0,10734.490000000002,,,False
USR26441,1,13647.12,1,0,0.0,0.0,13647.12,,,False
USR26456,1,13701.29,0,1,0.0,0.0,13701.29,VERIFIED,False,True
USR26469,1,7752.9,1,0,0.0,0.0,7752.9,VERIFIED,False,True
USR26470,1,23132.36,0,1,0.0,0.0,23132.36,,,False
USR26484,2,41881.6,2,0,0.0,0.0,20940.8,,,False
USR26486,1,12819.47,1,0,0.0,0.0,12819.47,VERIFIED,False,True
USR26493,1,20724.0,1,0,0.0,0.0,20724.0,,,False
USR26507,1,8876.49,1,0,0.0,0.0,8876.49,,,False
USR26517,1,7861.04,1,0,0.0,0.0,7861.04,VERIFIED,False,True
USR26521,1,13170.79,1,0,1.0,748.64,13170.79,VERIFIED,True,True
USR26522,3,38053.17,3,0,0.0,0.0,12684.39,VERIFIED,True,True
USR26525,1,20151.19,1,0,0.0,0.0,20151.19,,,False
USR26529,1,12797.57,0,1,0.0,0.0,12797.57,,,False
USR26541,1,17171.05,1,0,0.0,0.0,17171.05,UNDER REVIEW,False,True
USR26543,1,12564.94,1,0,0.0,0.0,12564.94,,,False
USR26544,1,154.0,1,0,0.0,0.0,154.0,VERIFIED,False,True
USR26546,2,31002.510000000002,0,1,1.0,851.0,15501.255000000001,,,False
USR26547,1,8122.18,1,0,0.0,0.0,8122.18,,,False
USR26553,1,2162.04,1,0,0.0,0.0,2162.04,VERIFIED,True,True
USR26554,1,9337.56,1,0,0.0,0.0,9337.56,,,False
USR26557,1,20095.76,1,0,1.0,1791.89,20095.76,,,False
USR26558,1,13949.68,1,0,0.0,0.0,13949.68,,,False
USR26564,1,18165.89,1,0,0.0,0.0,18165.89,,,False
USR26569,2,27058.62,0,0,0.0,0.0,13529.31,,,False
USR26571,1,9705.44,1,0,1.0,1107.86,9705.44,,,False
USR26577,1,3303.94,1,0,0.0,0.0,3303.94,,,False
USR26578,1,18820.65,1,0,1.0,3359.61,18820.65,,,False
USR26580,1,2464.24,1,0,0.0,0.0,2464.24,PENDING,True,True
USR26581,2,41635.88,2,0,0.0,0.0,20817.94,,,False
USR26584,1,16260.92,1,0,0.0,0.0,16260.92,,,False
USR26585,1,5412.55,0,1,0.0,0.0,5412.55,,,False
USR26601,1,20689.82,1,0,1.0,2319.55,20689.82,,,False
USR26616,1,20188.87,1,0,0.0,0.0,20188.87,REJECTED,False,True
USR26617,1,3707.48,1,0,0.0,0.0,3707.48,KYC_DONE,False,True
USR26621,1,2340.44,0,1,0.0,0.0,2340.44,,,False
USR26622,1,9594.04,1,0,0.0,0.0,9594.04,,,False
USR26624,1,5436.71,1,0,1.0,1093.6,5436.71,,,False
USR26626,1,23691.81,0,1,0.0,0.0,23691.81,,,False
USR26629,1,14498.49,0,0,0.0,0.0,14498.49,,,False
USR26633,1,22638.18,1,0,0.0,0.0,22638.18,VERIFIED,True,True
USR26640,1,-16683.64,1,0,0.0,0.0,-16683.64,,,False
USR26643,1,8061.61,0,1,0.0,0.0,8061.61,PENDING,False,True
USR26653,1,13753.97,1,0,0.0,0.0,13753.97,REJECTED,False,True
USR26661,1,20736.57,1,0,0.0,0.0,20736.57,VERIFIED,True,True
USR26663,2,14726.300000000001,0,0,0.0,0.0,7363.150000000001,,,False
USR26666,1,18797.0,1,0,1.0,164.3,18797.0,,,False
USR26668,1,7819.51,1,0,1.0,0.0,7819.51,,,False
USR26670,1,17271.17,1,0,0.0,0.0,17271.17,,,False
USR26671,1,6055.77,1,0,0.0,0.0,6055.77,,,False
USR26675,1,2291.81,1,0,0.0,0.0,2291.81,VERIFIED,False,True
USR26683,1,13624.0,1,0,0.0,0.0,13624.0,,,False
USR26688,2,24320.0,2,0,0.0,0.0,12160.0,REJECT,False,True
USR26701,1,13291.06,0,0,0.0,0.0,13291.06,PENDING,False,True
USR26703,1,17369.85,1,0,0.0,0.0,17369.85,VERIFIED,False,True
USR26706,1,19092.75,1,0,0.0,0.0,19092.75,,,False
USR26719,1,18266.7,1,0,0.0,0.0,18266.7,,,False
USR26722,1,6560.2,1,0,0.0,0.0,6560.2,VERIFIED,False,True
USR26728,1,8409.38,0,0,0.0,0.0,8409.38,,,False
USR26740,1,14760.43,1,0,0.0,0.0,14760.43,,,False
USR26741,1,7288.9,1,0,0.0,0.0,7288.9,KYC_DONE,False,True
USR26749,1,12780.01,1,0,0.0,0.0,12780.01,,,False
USR26753,1,3658.96,1,0,1.0,385.53,3658.96,,,False
USR26757,1,21021.22,1,0,0.0,0.0,21021.22,PENDING,False,True
USR26758,1,10227.0,1,0,0.0,0.0,10227.0,,,False
USR26765,1,13640.24,1,0,0.0,0.0,13640.24,,,False
USR26766,1,6187.68,1,0,0.0,0.0,6187.68,,,False
USR26770,1,13694.33,0,0,0.0,0.0,13694.33,,,False
USR26777,1,7729.0,0,1,0.0,0.0,7729.0,,,False
USR26780,1,22487.33,1,0,0.0,0.0,22487.33,,,False
USR26791,1,4255.37,0,0,0.0,0.0,4255.37,,,False
USR26794,1,235.87,1,0,0.0,0.0,235.87,VERIFIED,False,True
USR26802,1,7231.32,1,0,0.0,0.0,7231.32,,,False
USR26803,3,14786.27,2,1,0.0,0.0,4928.756666666667,,,False
USR26808,1,15412.74,1,0,0.0,0.0,15412.74,,,False
USR26812,1,3644.12,1,0,0.0,0.0,3644.12,,,False
USR26814,2,34034.32,2,0,0.0,0.0,17017.16,,,False
USR26817,1,17855.03,1,0,0.0,0.0,17855.03,VERIFIED,False,True
USR26827,1,7826.32,0,1,0.0,0.0,7826.32,VERIFIED,False,True
USR26837,1,14268.12,1,0,0.0,0.0,14268.12,,,False
USR26843,1,14775.0,1,0,0.0,0.0,14775.0,VERIFIED,True,True
USR26846,1,12422.42,1,0,0.0,0.0,12422.42,,,False
USR26847,2,3106.19,2,0,0.0,0.0,1553.095,,,False
USR26849,1,463.0,1,0,0.0,0.0,463.0,,,False
USR26865,1,4687.59,0,1,0.0,0.0,4687.59,,,False
USR26872,1,13377.27,1,0,0.0,0.0,13377.27,VERIFIED,False,True
USR26874,1,14391.1,1,0,0.0,0.0,14391.1,PENDING,False,True
USR26877,2,34398.36,2,0,0.0,0.0,17199.18,,,False
USR26880,1,20972.6,1,0,0.0,0.0,20972.6,KYC_DONE,False,True
USR26883,2,25526.94,2,0,0.0,0.0,12763.47,VERIFIED,False,True
USR26884,1,21715.71,1,0,0.0,0.0,21715.71,,,False
USR26891,1,5874.74,1,0,0.0,0.0,5874.74,,,False
USR26893,1,23458.24,1,0,0.0,0.0,23458.24,,,False
USR26894,2,-9961.02,1,0,0.0,0.0,-4980.51,VERIFIED,False,True
USR26901,1,11286.0,1,0,0.0,0.0,11286.0,VERIFIED,False,True
USR26919,1,243.53,1,0,1.0,548.0,243.53,,,False
USR26926,2,17458.510000000002,2,0,1.0,2119.11,8729.255000000001,VERIFIED,True,True
USR26934,1,22557.12,1,0,0.0,0.0,22557.12,,,False
USR26943,1,3587.69,1,0,1.0,2893.0,3587.69,,,False
USR26947,1,24947.9,1,0,0.0,0.0,24947.9,,,False
USR26953,1,12266.58,1,0,0.0,0.0,12266.58,,,False
USR26960,1,8009.0,1,0,0.0,0.0,8009.0,,,False
USR26964,1,4075.87,1,0,0.0,0.0,4075.87,VERIFIED,False,True
USR26970,1,11268.91,1,0,0.0,0.0,11268.91,VERIFIED,False,True
USR26972,1,4767.64,1,0,0.0,0.0,4767.64,,,False
USR26974,2,39602.9,1,1,0.0,0.0,19801.45,VERIFIED,False,True
USR26988,1,21537.58,1,0,0.0,0.0,21537.58,,,False
USR27004,1,21041.97,1,0,0.0,0.0,21041.97,,,False
USR27005,1,2004.98,1,0,0.0,0.0,2004.98,,,False
USR27008,1,23319.0,0,0,0.0,0.0,23319.0,VERIFIED,False,True
USR27009,1,11637.29,1,0,0.0,0.0,11637.29,,,False
USR27010,1,23101.62,1,0,0.0,0.0,23101.62,,,False
USR27013,1,1826.37,1,0,0.0,0.0,1826.37,,,False
USR27014,1,15432.45,1,0,0.0,0.0,15432.45,VERIFIED,True,True
USR27023,1,23319.5,1,0,0.0,0.0,23319.5,,,False
USR27025,1,9260.27,1,0,0.0,0.0,9260.27,,,False
USR27037,2,6886.89,2,0,0.0,0.0,3443.445,,,False
USR27038,1,2502.28,1,0,0.0,0.0,2502.28,,,False
USR27040,1,24900.36,1,0,0.0,0.0,24900.36,,,False
USR27042,1,18163.77,0,1,0.0,0.0,18163.77,,,False
USR27043,1,16838.76,1,0,0.0,0.0,16838.76,,,False
USR27046,2,18051.97,1,1,0.0,0.0,9025.985,,,False
USR27056,1,14062.78,1,0,0.0,0.0,14062.78,,,False
USR27070,1,5050.6,0,1,0.0,0.0,5050.6,,,False
USR27083,1,9490.35,1,0,0.0,0.0,9490.35,,,False
USR27093,1,16915.0,1,0,0.0,0.0,16915.0,KYC_DONE,False,True
USR27103,1,7859.12,1,0,1.0,2183.47,7859.12,,,False
USR27106,1,11452.93,1,0,0.0,0.0,11452.93,,,False
USR27111,1,12144.3,1,0,1.0,6328.27,12144.3,,,False
USR27112,1,15077.54,1,0,0.0,0.0,15077.54,PENDING,True,True
USR27115,1,23005.72,1,0,0.0,0.0,23005.72,KYC_DONE,True,True
USR27121,1,3307.0,1,0,0.0,0.0,3307.0,,,False
USR27123,1,-10981.34,1,0,0.0,0.0,-10981.34,,,False
USR27124,1,12520.6,1,0,0.0,0.0,12520.6,REJECTED,False,True
USR27126,1,5809.64,0,1,0.0,0.0,5809.64,,,False
USR27139,1,7264.53,1,0,1.0,0.0,7264.53,VERIFIED,False,True
USR27144,1,17256.38,1,0,0.0,0.0,17256.38,KYC_DONE,False,True
USR27145,1,17231.69,1,0,0.0,0.0,17231.69,,,False
USR27151,1,606.87,0,1,0.0,0.0,606.87,,,False
USR27161,1,15430.19,1,0,0.0,0.0,15430.19,VERIFIED,False,True
USR27169,1,12114.36,1,0,0.0,0.0,12114.36,,,False
USR27173,2,32587.190000000002,2,0,0.0,0.0,16293.595000000001,VERIFIED,False,True
USR27181,1,14631.65,1,0,0.0,0.0,14631.65,,,False
USR27187,1,12288.35,1,0,0.0,0.0,12288.35,,,False
USR27196,1,14609.78,1,0,0.0,0.0,14609.78,,,False
USR27203,1,20345.57,1,0,0.0,0.0,20345.57,,,False
USR27208,1,17232.04,0,0,1.0,-1637.49,17232.04,,,False
USR27219,1,19103.75,1,0,0.0,0.0,19103.75,VERIFIED,False,True
USR27224,1,423.26,1,0,0.0,0.0,423.26,,,False
USR27236,1,1634.37,0,0,0.0,0.0,1634.37,,,False
USR27239,1,9871.78,1,0,0.0,0.0,9871.78,,,False
USR27253,1,9644.96,1,0,0.0,0.0,9644.96,KYC_DONE,True,True
USR27255,1,24141.0,1,0,0.0,0.0,24141.0,,,False
USR27259,1,17735.76,1,0,0.0,0.0,17735.76,,,False
USR27261,1,3479.29,1,0,0.0,0.0,3479.29,,,False
USR27263,2,8152.23,1,0,1.0,6009.85,4076.115,,,False
USR27268,1,11825.38,0,1,0.0,0.0,11825.38,VERIFIED,False,True
USR27273,1,24136.8,1,0,0.0,0.0,24136.8,,,False
USR27276,1,14271.53,1,0,0.0,0.0,14271.53,,,False
USR27277,1,24954.0,1,0,0.0,0.0,24954.0,,,False
USR27282,1,1878.0,1,0,0.0,0.0,1878.0,VERIFIED,False,True
USR27283,1,19208.51,1,0,0.0,0.0,19208.51,,,False
USR27284,1,9519.14,1,0,0.0,0.0,9519.14,,,False
USR27287,1,7246.67,1,0,0.0,0.0,7246.67,VERIFIED,False,True
USR27289,1,14392.25,1,0,0.0,0.0,14392.25,,,False
USR27295,1,5683.53,1,0,1.0,5464.95,5683.53,,,False
USR27301,1,15246.34,0,1,0.0,0.0,15246.34,,,False
USR27304,1,23117.03,1,0,0.0,0.0,23117.03,,,False
USR27307,1,9135.43,1,0,0.0,0.0,9135.43,,,False
USR27308,1,20357.08,1,0,0.0,0.0,20357.08,,,False
USR27321,1,14129.79,1,0,0.0,0.0,14129.79,,,False
USR27322,1,22664.2,0,1,0.0,0.0,22664.2,VERIFIED,False,True
USR27327,1,4229.15,1,0,0.0,0.0,4229.15,VERIFIED,True,True
USR27335,1,22050.87,0,1,1.0,4857.19,22050.87,,,False
USR27336,1,2111.91,1,0,0.0,0.0,2111.91,VERIFIED,True,True
USR27337,1,21314.24,1,0,0.0,0.0,21314.24,,,False
USR27339,1,2393.07,1,0,0.0,0.0,2393.07,,,False
USR27346,1,3081.79,1,0,1.0,2926.63,3081.79,,,False
USR27348,1,14175.79,1,0,0.0,0.0,14175.79,,,False
USR27353,1,6978.15,0,1,0.0,0.0,6978.15,,,False
USR27354,1,4664.26,1,0,0.0,0.0,4664.26,,,False
USR27355,2,28399.66,2,0,0.0,0.0,14199.83,,,False
USR27358,1,18544.11,1,0,0.0,0.0,18544.11,,,False
USR27359,1,12991.12,1,0,0.0,0.0,12991.12,REJECT,False,True
USR27360,1,12588.59,1,0,0.0,0.0,12588.59,KYC_DONE,False,True
USR27368,1,-19466.76,1,0,1.0,1207.49,-19466.76,,,False
USR27369,1,914.26,1,0,0.0,0.0,914.26,,,False
USR27373,1,20757.19,1,0,0.0,0.0,20757.19,,,False
USR27380,1,8352.45,0,1,0.0,0.0,8352.45,,,False
USR27383,1,2989.07,1,0,0.0,0.0,2989.07,,,False
USR27386,1,14294.6,1,0,0.0,0.0,14294.6,,,False
USR27387,1,4169.14,1,0,0.0,0.0,4169.14,,,False
USR27388,1,9224.44,1,0,0.0,0.0,9224.44,VERIFIED,True,True
USR27389,1,21931.31,1,0,0.0,0.0,21931.31,,,False
USR27393,1,15218.2,1,0,0.0,0.0,15218.2,,,False
USR27397,1,15838.76,1,0,0.0,0.0,15838.76,VERIFIED,False,True
USR27405,1,3757.93,1,0,0.0,0.0,3757.93,UNDER REVIEW,False,True
USR27412,1,10328.65,1,0,0.0,0.0,10328.65,,,False
USR27419,1,16049.07,1,0,0.0,0.0,16049.07,,,False
USR27424,1,14147.97,1,0,0.0,0.0,14147.97,,,False
USR27427,2,24567.32,2,0,0.0,0.0,12283.66,KYC_DONE,False,True
USR27436,1,15352.2,1,0,0.0,0.0,15352.2,VERIFIED,False,True
USR27438,1,15772.57,1,0,0.0,0.0,15772.57,,,False
USR27443,1,5403.12,1,0,0.0,0.0,5403.12,,,False
USR27445,1,14070.76,1,0,0.0,0.0,14070.76,,,False
USR27447,1,21142.0,0,1,0.0,0.0,21142.0,,,False
USR27454,1,20840.03,1,0,0.0,0.0,20840.03,,,False
USR27460,1,19959.35,0,0,0.0,0.0,19959.35,,,False
USR27464,1,14531.85,1,0,0.0,0.0,14531.85,,,False
USR27466,1,4527.44,1,0,0.0,0.0,4527.44,,,False
USR27467,1,6505.31,0,1,0.0,0.0,6505.31,,,False
USR27479,1,13882.0,1,0,0.0,0.0,13882.0,,,False
USR27481,1,23400.0,0,1,0.0,0.0,23400.0,,,False
USR27494,1,6180.44,0,1,0.0,0.0,6180.44,REJECTED,False,True
USR27495,2,7523.219999999999,2,0,0.0,0.0,3761.6099999999997,UNDER REVIEW,True,True
USR27496,1,23802.04,0,0,0.0,0.0,23802.04,,,False
USR27500,1,7105.1,1,0,0.0,0.0,7105.1,,,False
USR27501,1,943.33,1,0,0.0,0.0,943.33,VERIFIED,True,True
USR27504,1,6245.55,1,0,0.0,0.0,6245.55,REJECTED,False,True
USR27506,1,20756.27,1,0,1.0,-1779.15,20756.27,VERIFIED,False,True
USR27516,1,13662.28,1,0,0.0,0.0,13662.28,PENDING,False,True
USR27527,1,24183.53,0,1,0.0,0.0,24183.53,,,False
USR27539,1,17471.19,1,0,0.0,0.0,17471.19,,,False
USR27540,1,15669.83,1,0,0.0,0.0,15669.83,,,False
USR27550,1,12350.03,1,0,0.0,0.0,12350.03,,,False
USR27553,1,15263.3,0,1,0.0,0.0,15263.3,,,False
USR27555,1,12047.68,1,0,0.0,0.0,12047.68,,,False
USR27557,2,34505.47,2,0,1.0,-3369.42,17252.735,KYC_DONE,True,True
USR27560,1,2106.61,1,0,0.0,0.0,2106.61,,,False
USR27561,1,4545.63,0,0,1.0,1778.59,4545.63,,,False
USR27563,1,2150.4,1,0,0.0,0.0,2150.4,,,False
USR27565,1,11425.84,1,0,0.0,0.0,11425.84,VERIFIED,False,True
USR27566,1,4284.0,1,0,0.0,0.0,4284.0,VERIFIED,True,True
USR27574,1,20912.69,0,0,0.0,0.0,20912.69,VERIFIED,False,True
USR27594,1,732.51,1,0,0.0,0.0,732.51,,,False
USR27596,1,5346.44,1,0,0.0,0.0,5346.44,,,False
USR27600,1,5799.48,1,0,0.0,0.0,5799.48,,,False
USR27605,1,2910.18,1,0,0.0,0.0,2910.18,,,False
USR27607,1,1848.35,1,0,1.0,504.58,1848.35,,,False
USR27613,1,15340.3,1,0,0.0,0.0,15340.3,,,False
USR27616,2,38576.0,2,0,2.0,3035.04,19288.0,VERIFIED,False,True
USR27619,1,21792.0,0,1,0.0,0.0,21792.0,,,False
USR27621,1,8210.4,1,0,0.0,0.0,8210.4,UNDER REVIEW,False,True
USR27625,2,10889.67,2,0,0.0,0.0,5444.835,,,False
USR27628,1,23577.47,1,0,0.0,0.0,23577.47,,,False
USR27631,1,6567.59,0,1,0.0,0.0,6567.59,PENDING,False,True
USR27635,1,19563.16,0,1,0.0,0.0,19563.16,,,False
USR27646,1,4785.73,1,0,0.0,0.0,4785.73,,,False
USR27654,1,16541.0,1,0,0.0,0.0,16541.0,UNDER REVIEW,True,True
USR27656,1,22226.13,1,0,0.0,0.0,22226.13,VERIFIED,False,True
USR27657,2,19234.6,2,0,0.0,0.0,9617.3,,,False
USR27664,1,20743.0,1,0,0.0,0.0,20743.0,,,False
USR27671,1,15509.55,1,0,0.0,0.0,15509.55,,,False
USR27680,1,9897.21,1,0,0.0,0.0,9897.21,,,False
USR27682,1,13855.92,1,0,0.0,0.0,13855.92,,,False
USR27685,1,23688.6,1,0,0.0,0.0,23688.6,,,False
USR27687,1,22087.78,1,0,0.0,0.0,22087.78,VERIFIED,False,True
USR27688,2,35509.04,2,0,0.0,0.0,17754.52,,,False
USR27691,1,15038.39,1,0,0.0,0.0,15038.39,,,False
USR27723,1,11151.18,1,0,0.0,0.0,11151.18,VERIFIED,False,True
USR27725,2,27445.739999999998,2,0,1.0,494.63,13722.869999999999,KYC_DONE,False,True
USR27728,1,24052.26,0,1,0.0,0.0,24052.26,VERIFIED,True,True
USR27730,2,48116.479999999996,2,0,0.0,0.0,24058.239999999998,,,False
USR27741,1,16406.86,1,0,0.0,0.0,16406.86,,,False
USR27743,1,18270.37,1,0,0.0,0.0,18270.37,KYC_DONE,False,True
USR27751,1,24080.43,1,0,0.0,0.0,24080.43,,,False
USR27757,1,5129.98,1,0,0.0,0.0,5129.98,,,False
USR27758,1,18500.88,1,0,0.0,0.0,18500.88,,,False
USR27765,1,18503.5,1,0,0.0,0.0,18503.5,,,False
USR27770,2,11479.56,2,0,0.0,0.0,5739.78,,,False
USR27773,1,21590.05,1,0,0.0,0.0,21590.05,,,False
USR27774,1,21246.56,0,1,0.0,0.0,21246.56,,,False
USR27777,1,779.0,1,0,0.0,0.0,779.0,,,False
USR27778,1,22823.0,1,0,0.0,0.0,22823.0,,,False
USR27782,1,11354.43,0,1,0.0,0.0,11354.43,,,False
USR27784,1,11489.07,1,0,0.0,0.0,11489.07,,,False
USR27788,2,23534.71,2,0,1.0,6782.66,11767.355,VERIFIED,False,True
USR27789,1,16676.52,1,0,1.0,7640.62,16676.52,,,False
USR27790,1,10239.53,1,0,1.0,2727.04,10239.53,,,False
USR27795,1,20719.44,0,1,0.0,0.0,20719.44,,,False
USR27797,1,21568.23,1,0,1.0,188.6,21568.23,VERIFIED,False,True
USR27810,1,5243.07,1,0,0.0,0.0,5243.07,UNDER REVIEW,True,True
USR27813,2,12232.4,1,0,0.0,0.0,6116.2,,,False
USR27818,1,18910.73,1,0,0.0,0.0,18910.73,VERIFIED,False,True
USR27819,1,8718.46,1,0,1.0,270.77,8718.46,,,False
USR27824,1,12793.03,1,0,0.0,0.0,12793.03,VERIFIED,True,True
USR27827,1,11302.21,1,0,0.0,0.0,11302.21,,,False
USR27836,2,14965.260000000002,2,0,0.0,0.0,7482.630000000001,VERIFIED,True,True
USR27839,2,23392.0,1,0,0.0,0.0,11696.0,VERIFIED,False,True
USR27841,1,20152.0,1,0,0.0,0.0,20152.0,,,False
USR27842,1,20599.17,1,0,0.0,0.0,20599.17,PENDING,False,True
USR27847,1,12764.71,1,0,0.0,0.0,12764.71,,,False
USR27849,1,7076.0,1,0,0.0,0.0,7076.0,,,False
USR27853,1,3105.0,1,0,0.0,0.0,3105.0,,,False
USR27858,1,10326.86,1,0,0.0,0.0,10326.86,,,False
USR27864,1,4221.18,1,0,0.0,0.0,4221.18,VERIFIED,False,True
USR27873,1,9825.71,0,0,2.0,7066.299999999999,9825.71,,,False
USR27874,1,3645.61,1,0,0.0,0.0,3645.61,VERIFIED,False,True
USR27890,1,17808.0,1,0,0.0,0.0,17808.0,,,False
USR27891,1,11981.23,1,0,0.0,0.0,11981.23,,,False
USR27898,1,18419.05,1,0,0.0,0.0,18419.05,PENDING,False,True
USR27899,1,9830.04,0,1,0.0,0.0,9830.04,VERIFIED,False,True
USR27908,1,22691.7,1,0,0.0,0.0,22691.7,,,False
USR27912,1,22231.46,1,0,1.0,264.51,22231.46,,,False
USR27918,2,29454.82,1,1,0.0,0.0,14727.41,,,False
USR27919,2,24665.06,2,0,0.0,0.0,12332.53,,,False
USR27932,2,24534.1,2,0,0.0,0.0,12267.05,,,False
USR27937,1,14774.21,1,0,0.0,0.0,14774.21,,,False
USR27938,1,14497.63,1,0,0.0,0.0,14497.63,,,False
USR27942,1,4754.98,1,0,1.0,11808.21,4754.98,,,False
USR27944,1,11324.24,1,0,0.0,0.0,11324.24,VERIFIED,False,True
USR27946,1,19389.88,1,0,0.0,0.0,19389.88,VERIFIED,False,True
USR27947,1,15158.78,1,0,0.0,0.0,15158.78,REJECTED,True,True
USR27949,1,18325.99,1,0,0.0,0.0,18325.99,VERIFIED,False,True
USR27950,1,9921.25,1,0,0.0,0.0,9921.25,,,False
USR27956,1,-21190.22,1,0,0.0,0.0,-21190.22,,,False
USR27964,1,2077.59,1,0,0.0,0.0,2077.59,,,False
USR27965,1,13243.78,1,0,1.0,6441.32,13243.78,,,False
USR27968,1,2658.0,1,0,0.0,0.0,2658.0,,,False
USR27970,1,8263.87,1,0,0.0,0.0,8263.87,,,False
USR27980,1,4342.6,1,0,1.0,-933.13,4342.6,VERIFIED,True,True
USR27982,1,22312.8,0,0,0.0,0.0,22312.8,,,False
USR27985,1,2744.67,1,0,0.0,0.0,2744.67,,,False
USR27991,1,19016.79,0,0,0.0,0.0,19016.79,,,False
USR27997,1,19275.0,1,0,0.0,0.0,19275.0,KYC_DONE,False,True
USR28003,1,550.46,1,0,0.0,0.0,550.46,,,False
USR28012,1,10560.58,1,0,0.0,0.0,10560.58,,,False
USR28013,1,18266.85,0,1,0.0,0.0,18266.85,,,False
USR28015,1,13862.52,1,0,0.0,0.0,13862.52,,,False
USR28017,1,4553.39,1,0,0.0,0.0,4553.39,,,False
USR28018,1,12982.1,1,0,0.0,0.0,12982.1,REJECT,False,True
USR28025,1,760.35,1,0,0.0,0.0,760.35,VERIFIED,False,True
USR28026,1,3040.41,1,0,0.0,0.0,3040.41,,,False
USR28033,1,16694.0,1,0,0.0,0.0,16694.0,,,False
USR28035,1,13381.49,1,0,0.0,0.0,13381.49,PENDING,False,True
USR28040,1,5115.87,0,0,0.0,0.0,5115.87,,,False
USR28043,1,17944.0,1,0,0.0,0.0,17944.0,VERIFIED,False,True
USR28045,1,7151.1,1,0,0.0,0.0,7151.1,,,False
USR28049,1,9346.71,0,0,0.0,0.0,9346.71,VERIFIED,False,True
USR28051,1,8938.0,1,0,0.0,0.0,8938.0,,,False
USR28057,1,-179.64,1,0,0.0,0.0,-179.64,VERIFIED,False,True
USR28058,1,6103.54,1,0,0.0,0.0,6103.54,,,False
USR28070,1,10956.41,1,0,0.0,0.0,10956.41,,,False
USR28074,1,19706.11,1,0,0.0,0.0,19706.11,,,False
USR28081,1,10672.58,1,0,0.0,0.0,10672.58,,,False
USR28083,1,10521.55,1,0,0.0,0.0,10521.55,,,False
USR28094,1,21403.82,1,0,0.0,0.0,21403.82,,,False
USR28095,1,23434.12,1,0,0.0,0.0,23434.12,,,False
USR28098,1,17867.75,1,0,0.0,0.0,17867.75,,,False
USR28099,1,24012.39,1,0,0.0,0.0,24012.39,,,False
USR28101,2,16937.579999999998,2,0,0.0,0.0,8468.789999999999,UNDER REVIEW,True,True
USR28116,1,13484.45,0,0,0.0,0.0,13484.45,,,False
USR28117,1,15338.91,0,1,0.0,0.0,15338.91,,,False
USR28119,1,12126.62,1,0,0.0,0.0,12126.62,,,False
USR28121,1,19308.28,1,0,1.0,1364.41,19308.28,,,False
USR28124,1,23248.74,1,0,0.0,0.0,23248.74,,,False
USR28127,1,17484.08,1,0,0.0,0.0,17484.08,,,False
USR28129,1,10130.88,1,0,1.0,9937.63,10130.88,,,False
USR28132,1,20109.29,1,0,0.0,0.0,20109.29,,,False
USR28135,2,25775.78,1,1,0.0,0.0,12887.89,,,False
USR28141,1,21426.03,0,0,0.0,0.0,21426.03,,,False
USR28151,1,4253.81,0,1,0.0,0.0,4253.81,,,False
USR28154,1,19717.49,1,0,0.0,0.0,19717.49,VERIFIED,True,True
USR28156,1,16574.87,1,0,0.0,0.0,16574.87,,,False
USR28162,1,14675.0,1,0,1.0,4308.0,14675.0,VERIFIED,False,True
USR28168,1,7015.57,1,0,0.0,0.0,7015.57,,,False
USR28178,1,2818.99,1,0,0.0,0.0,2818.99,,,False
USR28180,1,13070.86,1,0,1.0,1505.96,13070.86,,,False
USR28181,1,24102.32,1,0,0.0,0.0,24102.32,,,False
USR28185,1,7124.02,1,0,0.0,0.0,7124.02,,,False
USR28197,1,21956.63,1,0,0.0,0.0,21956.63,VERIFIED,False,True
USR28201,1,21753.94,1,0,0.0,0.0,21753.94,,,False
USR28204,1,10066.44,1,0,0.0,0.0,10066.44,,,False
USR28209,1,21830.25,1,0,0.0,0.0,21830.25,,,False
USR28218,1,4193.9,0,0,0.0,0.0,4193.9,,,False
USR28228,1,11579.0,1,0,0.0,0.0,11579.0,,,False
USR28238,1,11592.9,1,0,0.0,0.0,11592.9,,,False
USR28245,2,27509.95,2,0,0.0,0.0,13754.975,,,False
USR28254,1,5077.2,1,0,0.0,0.0,5077.2,,,False
USR28255,2,11355.96,2,0,0.0,0.0,5677.98,VERIFIED,False,True
USR28257,1,3217.46,1,0,0.0,0.0,3217.46,VERIFIED,False,True
USR28258,1,13189.0,1,0,1.0,1273.0,13189.0,,,False
USR28275,1,19535.23,1,0,0.0,0.0,19535.23,VERIFIED,True,True
USR28279,1,20819.75,1,0,0.0,0.0,20819.75,VERIFIED,False,True
USR28283,1,21773.59,1,0,0.0,0.0,21773.59,,,False
USR28285,1,6948.0,1,0,0.0,0.0,6948.0,,,False
USR28287,1,11287.84,1,0,0.0,0.0,11287.84,VERIFIED,False,True
USR28289,2,16591.12,2,0,0.0,0.0,8295.56,,,False
USR28290,1,22872.46,0,1,0.0,0.0,22872.46,VERIFIED,True,True
USR28291,1,17149.95,1,0,0.0,0.0,17149.95,,,False
USR28293,1,3694.87,1,0,0.0,0.0,3694.87,,,False
USR28294,1,23022.95,1,0,0.0,0.0,23022.95,VERIFIED,False,True
USR28302,1,11933.89,1,0,0.0,0.0,11933.89,VERIFIED,False,True
USR28305,1,9167.75,1,0,0.0,0.0,9167.75,,,False
USR28312,1,9436.27,1,0,0.0,0.0,9436.27,VERIFIED,False,True
USR28314,2,38594.119999999995,2,0,0.0,0.0,19297.059999999998,,,False
USR28322,1,8716.22,1,0,0.0,0.0,8716.22,,,False
USR28325,1,17276.53,0,1,0.0,0.0,17276.53,,,False
USR28326,1,18137.53,1,0,1.0,9878.08,18137.53,,,False
USR28328,1,23347.34,1,0,0.0,0.0,23347.34,,,False
USR28329,1,19490.12,1,0,0.0,0.0,19490.12,VERIFIED,True,True
USR28331,1,5176.6,1,0,0.0,0.0,5176.6,VERIFIED,False,True
USR28338,2,13004.67,2,0,1.0,590.13,6502.335,VERIFIED,False,True
USR28340,1,18121.92,1,0,0.0,0.0,18121.92,,,False
USR28341,2,20604.97,1,1,0.0,0.0,10302.485,VERIFIED,False,True
USR28342,2,23182.48,2,0,0.0,0.0,11591.24,,,False
USR28350,1,7563.21,1,0,0.0,0.0,7563.21,VERIFIED,False,True
USR28351,1,23263.0,1,0,0.0,0.0,23263.0,,,False
USR28352,1,19934.41,1,0,0.0,0.0,19934.41,,,False
USR28364,1,12252.45,1,0,1.0,5021.55,12252.45,,,False
USR28377,1,22238.35,1,0,0.0,0.0,22238.35,,,False
USR28378,1,16093.01,1,0,0.0,0.0,16093.01,REJECTED,False,True
USR28385,1,12401.93,1,0,0.0,0.0,12401.93,,,False
USR28386,1,10170.13,1,0,0.0,0.0,10170.13,UNDER REVIEW,False,True
USR28389,1,8842.0,1,0,0.0,0.0,8842.0,,,False
USR28393,1,-2952.92,1,0,1.0,3261.84,-2952.92,UNDER REVIEW,False,True
USR28394,1,19939.88,1,0,0.0,0.0,19939.88,,,False
USR28396,2,19384.8,2,0,0.0,0.0,9692.4,,,False
USR28402,1,3626.88,1,0,0.0,0.0,3626.88,VERIFIED,False,True
USR28405,1,22403.32,0,0,0.0,0.0,22403.32,,,False
USR28407,1,16052.87,1,0,0.0,0.0,16052.87,,,False
USR28411,1,5603.2,1,0,0.0,0.0,5603.2,KYC_DONE,False,True
USR28430,1,2082.0,1,0,1.0,0.0,2082.0,VERIFIED,False,True
USR28431,1,31.33,1,0,0.0,0.0,31.33,VERIFIED,False,True
USR28435,1,16288.49,0,1,0.0,0.0,16288.49,,,False
USR28439,1,21372.31,1,0,0.0,0.0,21372.31,,,False
USR28440,1,19443.29,1,0,0.0,0.0,19443.29,,,False
USR28441,1,2023.71,1,0,1.0,1770.17,2023.71,,,False
USR28442,1,826.05,1,0,0.0,0.0,826.05,,,False
USR28444,1,8215.66,1,0,0.0,0.0,8215.66,,,False
USR28446,2,21730.21,2,0,0.0,0.0,10865.105,,,False
USR28456,1,12003.34,1,0,0.0,0.0,12003.34,,,False
USR28458,1,2646.79,1,0,0.0,0.0,2646.79,,,False
USR28459,1,12036.27,1,0,0.0,0.0,12036.27,,,False
USR28460,1,14151.56,1,0,0.0,0.0,14151.56,KYC_DONE,False,True
USR28461,2,21468.93,2,0,0.0,0.0,10734.465,,,False
USR28463,1,21227.37,1,0,1.0,883.5,21227.37,,,False
USR28469,2,28150.78,2,0,0.0,0.0,14075.39,,,False
USR28500,1,7609.71,1,0,0.0,0.0,7609.71,,,False
USR28513,1,3186.71,1,0,0.0,0.0,3186.71,,,False
USR28514,2,31892.239999999998,2,0,0.0,0.0,15946.119999999999,PENDING,False,True
USR28519,2,16173.74,2,0,0.0,0.0,8086.87,,,False
USR28520,1,3678.38,1,0,0.0,0.0,3678.38,PENDING,True,True
USR28524,1,9370.08,1,0,0.0,0.0,9370.08,,,False
USR28526,2,36029.09,2,0,0.0,0.0,18014.545,,,False
USR28527,1,22467.42,0,1,0.0,0.0,22467.42,,,False
USR28528,1,15098.98,1,0,1.0,2738.74,15098.98,VERIFIED,False,True
USR28529,1,9542.14,1,0,0.0,0.0,9542.14,VERIFIED,False,True
USR28531,1,21504.89,1,0,1.0,3144.27,21504.89,,,False
USR28532,1,21787.59,1,0,0.0,0.0,21787.59,,,False
USR28535,1,8241.19,1,0,0.0,0.0,8241.19,UNDER REVIEW,False,True
USR28538,1,9983.74,1,0,0.0,0.0,9983.74,,,False
USR28541,1,21326.71,1,0,0.0,0.0,21326.71,,,False
USR28542,1,11784.6,0,0,0.0,0.0,11784.6,,,False
USR28543,1,6495.95,1,0,0.0,0.0,6495.95,VERIFIED,False,True
USR28546,1,5964.86,1,0,0.0,0.0,5964.86,,,False
USR28549,1,317.14,1,0,0.0,0.0,317.14,KYC_DONE,False,True
USR28551,1,405.79,1,0,0.0,0.0,405.79,,,False
USR28554,1,6652.0,1,0,0.0,0.0,6652.0,VERIFIED,False,True
USR28564,2,44352.8,2,0,0.0,0.0,22176.4,,,False
USR28568,2,17655.3,2,0,0.0,0.0,8827.65,,,False
USR28574,1,8537.78,1,0,0.0,0.0,8537.78,KYC_DONE,True,True
USR28579,1,9238.33,1,0,0.0,0.0,9238.33,,,False
USR28580,1,19068.69,1,0,1.0,690.45,19068.69,VERIFIED,False,True
USR28581,2,21336.86,2,0,0.0,0.0,10668.43,,,False
USR28582,1,2538.0,0,1,0.0,0.0,2538.0,VERIFIED,False,True
USR28591,1,7533.14,1,0,0.0,0.0,7533.14,KYC_DONE,False,True
USR28594,1,21237.06,1,0,2.0,874.25,21237.06,,,False
USR28596,2,13700.52,2,0,0.0,0.0,6850.26,,,False
USR28601,2,29923.57,0,2,0.0,0.0,14961.785,,,False
USR28605,1,23496.4,1,0,0.0,0.0,23496.4,,,False
USR28610,1,8696.02,1,0,0.0,0.0,8696.02,,,False
USR28611,1,2724.1,1,0,0.0,0.0,2724.1,,,False
USR28615,1,19370.0,1,0,0.0,0.0,19370.0,,,False
USR28617,1,16551.32,1,0,0.0,0.0,16551.32,,,False
USR28623,2,15827.32,1,1,0.0,0.0,7913.66,,,False
USR28625,1,14714.95,1,0,0.0,0.0,14714.95,VERIFIED,False,True
USR28628,1,11138.54,1,0,0.0,0.0,11138.54,,,False
USR28639,1,10056.66,1,0,0.0,0.0,10056.66,,,False
USR28643,1,7159.0,1,0,1.0,660.0,7159.0,,,False
USR28648,1,16612.74,1,0,0.0,0.0,16612.74,REJECTED,False,True
USR28653,1,24799.0,1,0,0.0,0.0,24799.0,,,False
USR28654,1,16354.04,1,0,0.0,0.0,16354.04,,,False
USR28656,1,13419.09,0,1,0.0,0.0,13419.09,,,False
USR28665,1,3419.63,1,0,0.0,0.0,3419.63,,,False
USR28670,1,2946.37,1,0,0.0,0.0,2946.37,,,False
USR28672,1,2513.0,1,0,1.0,964.98,2513.0,,,False
USR28682,1,10806.3,1,0,0.0,0.0,10806.3,,,False
USR28690,3,28925.710000000003,2,0,0.0,0.0,9641.903333333334,VERIFIED,True,True
USR28691,1,16423.99,1,0,0.0,0.0,16423.99,,,False
USR28694,1,2293.0,1,0,1.0,3046.01,2293.0,,,False
USR28696,1,284.04,1,0,0.0,0.0,284.04,,,False
USR28705,1,16611.96,1,0,0.0,0.0,16611.96,,,False
USR28706,1,21637.08,0,1,0.0,0.0,21637.08,,,False
USR28711,1,16698.44,1,0,0.0,0.0,16698.44,,,False
USR28715,1,1631.19,1,0,0.0,0.0,1631.19,VERIFIED,False,True
USR28720,1,4150.0,1,0,0.0,0.0,4150.0,,,False
USR28722,1,12606.73,1,0,0.0,0.0,12606.73,,,False
USR28733,1,5275.09,1,0,0.0,0.0,5275.09,VERIFIED,False,True
USR28737,1,7705.17,1,0,0.0,0.0,7705.17,VERIFIED,False,True
USR28742,1,15821.43,0,1,0.0,0.0,15821.43,,,False
USR28754,1,23661.95,1,0,0.0,0.0,23661.95,,,False
USR28764,1,24731.51,1,0,1.0,996.14,24731.51,,,False
USR28767,1,17643.44,0,0,0.0,0.0,17643.44,PENDING,False,True
USR28769,1,21645.7,1,0,0.0,0.0,21645.7,,,False
USR28771,1,3619.47,1,0,1.0,905.53,3619.47,,,False
USR28774,1,14783.71,1,0,0.0,0.0,14783.71,,,False
USR28785,1,7750.87,1,0,0.0,0.0,7750.87,,,False
USR28790,1,12661.59,0,0,0.0,0.0,12661.59,,,False
USR28803,1,10164.01,1,0,0.0,0.0,10164.01,,,False
USR28807,1,12919.15,1,0,0.0,0.0,12919.15,KYC_DONE,False,True
USR28817,1,10485.81,1,0,0.0,0.0,10485.81,,,False
USR28825,1,4963.0,1,0,0.0,0.0,4963.0,VERIFIED,True,True
USR28828,1,11177.39,1,0,0.0,0.0,11177.39,,,False
USR28829,1,11569.0,1,0,1.0,6768.55,11569.0,,,False
USR28837,1,13974.84,1,0,0.0,0.0,13974.84,,,False
USR28847,1,5929.4,1,0,0.0,0.0,5929.4,,,False
USR28850,1,1976.0,1,0,0.0,0.0,1976.0,KYC_DONE,False,True
USR28857,1,17145.96,1,0,0.0,0.0,17145.96,,,False
USR28860,1,22005.12,1,0,0.0,0.0,22005.12,,,False
USR28861,1,22521.92,0,0,0.0,0.0,22521.92,,,False
USR28868,1,2594.82,1,0,0.0,0.0,2594.82,,,False
USR28871,1,1450.49,1,0,0.0,0.0,1450.49,,,False
USR28872,1,9054.38,1,0,0.0,0.0,9054.38,,,False
USR28876,1,16689.03,0,0,0.0,0.0,16689.03,,,False
USR28882,1,5768.11,1,0,0.0,0.0,5768.11,,,False
USR28883,2,23566.44,1,0,0.0,0.0,11783.22,,,False
USR28894,2,47183.33,2,0,0.0,0.0,23591.665,,,False
USR28900,1,634.02,1,0,0.0,0.0,634.02,,,False
USR28903,1,7365.1,0,0,0.0,0.0,7365.1,,,False
USR28904,1,8180.02,1,0,0.0,0.0,8180.02,,,False
USR28917,1,126.07,1,0,0.0,0.0,126.07,,,False
USR28919,2,38833.71,1,1,1.0,1820.01,19416.855,,,False
USR28920,1,19551.18,1,0,0.0,0.0,19551.18,VERIFIED,False,True
USR28924,2,21578.49,2,0,0.0,0.0,10789.245,VERIFIED,False,True
USR28926,1,11839.12,0,1,1.0,2563.38,11839.12,,,False
USR28927,1,11411.35,0,1,1.0,0.0,11411.35,KYC_DONE,True,True
USR28928,1,6221.0,1,0,0.0,0.0,6221.0,,,False
USR28932,1,15550.83,0,1,0.0,0.0,15550.83,REJECTED,False,True
USR28939,1,12837.21,1,0,1.0,226.51,12837.21,REJECTED,False,True
USR28941,1,13771.08,0,0,0.0,0.0,13771.08,,,False
USR28958,2,35679.94,2,0,0.0,0.0,17839.97,VERIFIED,False,True
USR28960,1,15955.94,1,0,1.0,7668.14,15955.94,,,False
USR28965,1,10600.02,1,0,0.0,0.0,10600.02,VERIFIED,False,True
USR28966,1,10360.87,1,0,0.0,0.0,10360.87,,,False
USR28970,1,15524.61,1,0,0.0,0.0,15524.61,,,False
USR28972,1,11694.0,1,0,0.0,0.0,11694.0,VERIFIED,True,True
USR28973,1,15328.52,1,0,0.0,0.0,15328.52,,,False
USR28977,1,18917.28,1,0,0.0,0.0,18917.28,,,False
USR28982,1,3965.57,0,1,0.0,0.0,3965.57,,,False
USR28983,1,23836.36,1,0,0.0,0.0,23836.36,,,False
USR29001,1,9112.05,0,0,0.0,0.0,9112.05,KYC_DONE,False,True
USR29003,1,17438.53,1,0,0.0,0.0,17438.53,,,False
USR29012,1,13396.06,1,0,0.0,0.0,13396.06,,,False
USR29024,1,-21911.76,1,0,0.0,0.0,-21911.76,VERIFIED,True,True
USR29025,1,15651.0,1,0,0.0,0.0,15651.0,VERIFIED,False,True
USR29029,2,21975.48,2,0,1.0,-1623.25,10987.74,,,False
USR29030,1,16407.18,1,0,0.0,0.0,16407.18,,,False
USR29034,1,23795.78,1,0,0.0,0.0,23795.78,,,False
USR29038,1,12528.23,0,1,0.0,0.0,12528.23,VERIFIED,False,True
USR29039,1,24397.57,1,0,0.0,0.0,24397.57,VERIFIED,False,True
USR29054,1,6634.0,1,0,0.0,0.0,6634.0,,,False
USR29058,1,-21556.45,1,0,0.0,0.0,-21556.45,VERIFIED,False,True
USR29065,1,3253.28,1,0,0.0,0.0,3253.28,REJECTED,False,True
USR29070,1,12494.06,1,0,0.0,0.0,12494.06,PENDING,True,True
USR29075,1,14388.23,1,0,0.0,0.0,14388.23,,,False
USR29079,1,19900.2,1,0,1.0,-4189.62,19900.2,,,False
USR29080,2,4996.22,2,0,0.0,0.0,2498.11,VERIFIED,False,True
USR29086,1,10239.48,1,0,0.0,0.0,10239.48,,,False
USR29089,2,21572.440000000002,1,0,0.0,0.0,10786.220000000001,VERIFIED,True,True
USR29096,1,23997.0,1,0,0.0,0.0,23997.0,,,False
USR29097,1,7880.18,1,0,1.0,875.42,7880.18,,,False
USR29099,1,14889.42,1,0,0.0,0.0,14889.42,VERIFIED,False,True
USR29105,1,-11542.32,0,0,0.0,0.0,-11542.32,,,False
USR29106,1,4101.01,1,0,0.0,0.0,4101.01,,,False
USR29111,1,22425.91,1,0,0.0,0.0,22425.91,,,False
USR29124,1,5037.59,1,0,0.0,0.0,5037.59,,,False
USR29125,1,14915.71,1,0,0.0,0.0,14915.71,,,False
USR29128,1,7405.34,1,0,0.0,0.0,7405.34,VERIFIED,False,True
USR29134,1,18693.0,1,0,0.0,0.0,18693.0,VERIFIED,False,True
USR29137,1,6187.67,1,0,0.0,0.0,6187.67,,,False
USR29150,1,12476.29,0,1,0.0,0.0,12476.29,PENDING,False,True
USR29151,1,18127.9,1,0,0.0,0.0,18127.9,VERIFIED,False,True
USR29152,1,1734.5,0,0,0.0,0.0,1734.5,,,False
USR29162,1,18335.53,1,0,0.0,0.0,18335.53,VERIFIED,False,True
USR29165,1,7122.9,1,0,0.0,0.0,7122.9,,,False
USR29169,1,1971.53,1,0,1.0,3677.06,1971.53,,,False
USR29181,1,8505.9,1,0,0.0,0.0,8505.9,VERIFIED,True,True
USR29192,1,208.77,1,0,0.0,0.0,208.77,,,False
USR29203,1,19303.07,1,0,1.0,876.37,19303.07,,,False
USR29205,1,21804.38,1,0,0.0,0.0,21804.38,VERIFIED,False,True
USR29207,1,8474.94,1,0,0.0,0.0,8474.94,,,False
USR29215,1,20312.22,1,0,0.0,0.0,20312.22,KYC_DONE,False,True
USR29216,3,29295.84,2,1,0.0,0.0,9765.28,,,False
USR29221,1,3728.41,1,0,0.0,0.0,3728.41,PENDING,True,True
USR29225,2,24482.08,2,0,0.0,0.0,12241.04,,,False
USR29228,1,10278.0,1,0,0.0,0.0,10278.0,,,False
USR29232,1,4224.02,0,1,0.0,0.0,4224.02,PENDING,False,True
USR29233,1,18245.0,1,0,0.0,0.0,18245.0,,,False
USR29234,1,16233.77,1,0,1.0,9759.54,16233.77,VERIFIED,False,True
USR29235,1,8731.38,1,0,0.0,0.0,8731.38,KYC_DONE,False,True
USR29240,1,18414.99,1,0,0.0,0.0,18414.99,VERIFIED,False,True
USR29248,1,2919.97,1,0,0.0,0.0,2919.97,,,False
USR29250,1,22717.0,1,0,0.0,0.0,22717.0,KYC_DONE,False,True
USR29258,1,984.77,1,0,0.0,0.0,984.77,,,False
USR29265,1,8571.0,1,0,0.0,0.0,8571.0,KYC_DONE,False,True
USR29277,1,11449.16,1,0,0.0,0.0,11449.16,,,False
USR29278,1,7921.89,1,0,1.0,3625.88,7921.89,,,False
USR29282,1,-9071.8,1,0,1.0,-3106.54,-9071.8,,,False
USR29285,1,9830.0,1,0,1.0,17242.91,9830.0,VERIFIED,False,True
USR29288,1,3900.35,1,0,0.0,0.0,3900.35,,,False
USR29289,1,17230.0,1,0,0.0,0.0,17230.0,,,False
USR29297,1,731.16,1,0,0.0,0.0,731.16,,,False
USR29299,1,15745.79,1,0,0.0,0.0,15745.79,KYC_DONE,False,True
USR29301,1,12091.89,1,0,1.0,1335.62,12091.89,,,False
USR29303,1,10620.07,1,0,0.0,0.0,10620.07,,,False
USR29307,2,25572.0,2,0,0.0,0.0,12786.0,,,False
USR29312,1,6093.97,1,0,1.0,-2108.75,6093.97,,,False
USR29314,1,6528.0,1,0,0.0,0.0,6528.0,,,False
USR29318,1,10999.11,1,0,0.0,0.0,10999.11,VERIFIED,False,True
USR29322,1,22526.95,0,1,0.0,0.0,22526.95,,,False
USR29323,1,21911.45,0,1,0.0,0.0,21911.45,,,False
USR29324,1,16350.99,1,0,0.0,0.0,16350.99,,,False
USR29331,1,17403.78,0,1,0.0,0.0,17403.78,VERIFIED,False,True
USR29333,1,16207.72,1,0,0.0,0.0,16207.72,,,False
USR29334,1,20056.9,1,0,0.0,0.0,20056.9,,,False
USR29335,1,4142.61,1,0,0.0,0.0,4142.61,,,False
USR29344,1,17555.41,1,0,0.0,0.0,17555.41,,,False
USR29348,1,8139.13,1,0,0.0,0.0,8139.13,,,False
USR29350,1,15789.16,1,0,0.0,0.0,15789.16,,,False
USR29356,1,9673.81,1,0,0.0,0.0,9673.81,VERIFIED,False,True
USR29373,2,30099.88,1,0,0.0,0.0,15049.94,,,False
USR29375,1,23692.68,1,0,0.0,0.0,23692.68,VERIFIED,False,True
USR29382,1,15910.92,0,1,0.0,0.0,15910.92,,,False
USR29383,1,11489.0,1,0,0.0,0.0,11489.0,VERIFIED,False,True
USR29391,1,1374.71,1,0,0.0,0.0,1374.71,VERIFIED,False,True
USR29394,1,14582.42,1,0,0.0,0.0,14582.42,,,False
USR29401,1,3756.44,0,0,0.0,0.0,3756.44,VERIFIED,False,True
USR29403,1,15589.56,0,0,0.0,0.0,15589.56,,,False
USR29409,1,7915.18,1,0,0.0,0.0,7915.18,REJECTED,True,True
USR29415,1,7114.36,1,0,0.0,0.0,7114.36,,,False
USR29420,1,2433.17,0,1,0.0,0.0,2433.17,,,False
USR29434,1,8304.34,1,0,0.0,0.0,8304.34,,,False
USR29435,1,5527.0,1,0,0.0,0.0,5527.0,VERIFIED,False,True
USR29442,1,18228.55,0,1,0.0,0.0,18228.55,,,False
USR29445,2,8247.05,2,0,0.0,0.0,4123.525,,,False
USR29446,1,23359.83,0,1,0.0,0.0,23359.83,,,False
USR29448,1,4398.91,1,0,0.0,0.0,4398.91,,,False
USR29449,1,20353.16,1,0,0.0,0.0,20353.16,VERIFIED,True,True
USR29456,1,19504.3,1,0,0.0,0.0,19504.3,,,False
USR29463,1,1781.08,1,0,1.0,4883.77,1781.08,,,False
USR29464,1,16966.77,1,0,0.0,0.0,16966.77,,,False
USR29493,1,5677.05,1,0,0.0,0.0,5677.05,VERIFIED,False,True
USR29503,1,22550.68,1,0,0.0,0.0,22550.68,,,False
USR29505,1,-6434.47,1,0,0.0,0.0,-6434.47,VERIFIED,False,True
USR29510,1,12194.4,1,0,0.0,0.0,12194.4,,,False
USR29516,2,32427.08,2,0,0.0,0.0,16213.54,VERIFIED,True,True
USR29518,1,-20890.94,1,0,0.0,0.0,-20890.94,,,False
USR29523,1,18403.52,1,0,0.0,0.0,18403.52,,,False
USR29528,1,18947.75,1,0,0.0,0.0,18947.75,PENDING,False,True
USR29533,1,17204.26,1,0,0.0,0.0,17204.26,KYC_DONE,False,True
USR29542,1,13646.94,1,0,0.0,0.0,13646.94,,,False
USR29549,1,12032.0,1,0,0.0,0.0,12032.0,,,False
USR29557,1,2829.89,1,0,0.0,0.0,2829.89,,,False
USR29560,1,4972.59,0,1,0.0,0.0,4972.59,VERIFIED,False,True
USR29561,1,17725.41,1,0,0.0,0.0,17725.41,VERIFIED,False,True
USR29564,1,1056.59,1,0,0.0,0.0,1056.59,VERIFIED,True,True
USR29565,1,8402.05,1,0,0.0,0.0,8402.05,,,False
USR29567,1,8430.75,0,1,0.0,0.0,8430.75,,,False
USR29570,1,24983.38,1,0,0.0,0.0,24983.38,,,False
USR29572,1,12087.52,1,0,0.0,0.0,12087.52,VERIFIED,False,True
USR29575,1,15377.0,1,0,0.0,0.0,15377.0,PENDING,False,True
USR29579,1,3488.3,0,1,1.0,1349.33,3488.3,VERIFIED,False,True
USR29580,1,15902.51,1,0,0.0,0.0,15902.51,KYC_DONE,False,True
USR29583,1,8071.0,1,0,0.0,0.0,8071.0,,,False
USR29588,1,20226.0,1,0,0.0,0.0,20226.0,PENDING,False,True
USR29593,1,487.71,1,0,0.0,0.0,487.71,,,False
USR29605,1,8175.63,0,1,0.0,0.0,8175.63,,,False
USR29609,1,22015.76,1,0,0.0,0.0,22015.76,,,False
USR29612,1,15850.9,1,0,0.0,0.0,15850.9,,,False
USR29615,1,-21176.83,1,0,0.0,0.0,-21176.83,,,False
USR29617,1,11612.17,1,0,0.0,0.0,11612.17,REJECTED,False,True
USR29619,1,8244.97,1,0,0.0,0.0,8244.97,VERIFIED,True,True
USR29622,1,20882.75,0,1,0.0,0.0,20882.75,VERIFIED,False,True
USR29624,1,10735.98,1,0,0.0,0.0,10735.98,VERIFIED,False,True
USR29631,1,11882.96,1,0,0.0,0.0,11882.96,,,False
USR29647,1,-3365.53,0,1,0.0,0.0,-3365.53,VERIFIED,False,True
USR29649,1,20081.23,1,0,0.0,0.0,20081.23,,,False
USR29651,1,18883.36,1,0,0.0,0.0,18883.36,,,False
USR29654,1,11904.82,0,1,0.0,0.0,11904.82,,,False
USR29655,1,22333.68,1,0,0.0,0.0,22333.68,,,False
USR29662,1,8456.52,1,0,1.0,4923.1,8456.52,,,False
USR29666,1,14884.79,1,0,0.0,0.0,14884.79,VERIFIED,False,True
USR29671,1,16769.88,1,0,0.0,0.0,16769.88,,,False
USR29672,1,4459.12,1,0,2.0,-492.78999999999996,4459.12,,,False
USR29677,1,19221.42,1,0,0.0,0.0,19221.42,VERIFIED,False,True
USR29689,1,9859.39,1,0,0.0,0.0,9859.39,,,False
USR29699,1,18451.32,0,0,1.0,5874.15,18451.32,,,False
USR29705,1,107.92,1,0,0.0,0.0,107.92,,,False
USR29711,2,20790.239999999998,2,0,0.0,0.0,10395.119999999999,,,False
USR29715,1,5774.44,0,1,1.0,1383.39,5774.44,,,False
USR29718,1,23723.42,1,0,0.0,0.0,23723.42,KYC_DONE,False,True
USR29725,1,3260.86,1,0,0.0,0.0,3260.86,,,False
USR29729,1,7576.31,0,1,0.0,0.0,7576.31,VERIFIED,True,True
USR29731,1,620.11,1,0,0.0,0.0,620.11,,,False
USR29732,1,2764.72,1,0,0.0,0.0,2764.72,VERIFIED,False,True
USR29736,1,19503.4,1,0,1.0,4290.41,19503.4,VERIFIED,False,True
USR29739,1,6763.49,1,0,1.0,-224.97,6763.49,UNDER REVIEW,False,True
USR29749,1,10799.0,1,0,0.0,0.0,10799.0,,,False
USR29750,1,22503.08,1,0,0.0,0.0,22503.08,,,False
USR29757,1,18646.33,1,0,0.0,0.0,18646.33,,,False
USR29758,1,1159.61,1,0,0.0,0.0,1159.61,,,False
USR29762,1,602.67,1,0,0.0,0.0,602.67,,,False
USR29767,1,6832.99,1,0,0.0,0.0,6832.99,,,False
USR29770,1,15953.7,0,0,0.0,0.0,15953.7,,,False
USR29779,1,16004.82,1,0,0.0,0.0,16004.82,,,False
USR29782,1,10836.94,0,1,1.0,1087.14,10836.94,,,False
USR29783,1,11234.0,0,0,0.0,0.0,11234.0,,,False
USR29785,1,22532.47,1,0,0.0,0.0,22532.47,,,False
USR29794,1,5950.09,1,0,0.0,0.0,5950.09,VERIFIED,False,True
USR29796,1,11755.01,1,0,0.0,0.0,11755.01,,,False
USR29798,1,3711.87,1,0,1.0,4146.46,3711.87,,,False
USR29810,1,18894.49,1,0,0.0,0.0,18894.49,,,False
USR29813,1,16549.0,1,0,0.0,0.0,16549.0,VERIFIED,False,True
USR29821,1,-14687.99,0,1,0.0,0.0,-14687.99,,,False
USR29831,1,15939.76,1,0,0.0,0.0,15939.76,VERIFIED,True,True
USR29835,1,6841.86,1,0,0.0,0.0,6841.86,KYC_DONE,True,True
USR29836,1,17254.98,1,0,0.0,0.0,17254.98,,,False
USR29841,1,17982.85,1,0,0.0,0.0,17982.85,,,False
USR29842,1,19092.63,1,0,1.0,1671.34,19092.63,,,False
USR29843,1,9066.64,0,1,0.0,0.0,9066.64,,,False
USR29850,1,22085.37,1,0,0.0,0.0,22085.37,,,False
USR29853,1,10308.22,1,0,0.0,0.0,10308.22,,,False
USR29857,1,12211.0,1,0,0.0,0.0,12211.0,PENDING,False,True
USR29863,1,2589.0,1,0,0.0,0.0,2589.0,KYC_DONE,False,True
USR29864,1,-8685.7,1,0,0.0,0.0,-8685.7,VERIFIED,False,True
USR29865,1,5167.6,1,0,0.0,0.0,5167.6,,,False
USR29866,1,639.58,0,0,0.0,0.0,639.58,,,False
USR29873,1,573.82,0,1,0.0,0.0,573.82,VERIFIED,True,True
USR29875,1,22217.18,0,1,0.0,0.0,22217.18,,,False
USR29876,1,9724.27,1,0,0.0,0.0,9724.27,,,False
USR29882,1,17189.05,0,1,0.0,0.0,17189.05,VERIFIED,False,True
USR29884,1,11604.9,1,0,1.0,5092.34,11604.9,,,False
USR29890,1,18889.92,1,0,1.0,6616.61,18889.92,,,False
USR29892,1,17955.9,1,0,0.0,0.0,17955.9,VERIFIED,False,True
USR29893,2,21782.58,2,0,2.0,427.33,10891.29,,,False
USR29895,1,19994.3,0,0,0.0,0.0,19994.3,,,False
USR29901,1,24174.96,0,1,0.0,0.0,24174.96,,,False
USR29902,1,14865.96,1,0,0.0,0.0,14865.96,,,False
USR29908,1,1991.21,1,0,0.0,0.0,1991.21,UNDER REVIEW,False,True
USR29915,1,14494.92,1,0,0.0,0.0,14494.92,KYC_DONE,False,True
USR29920,1,2334.83,1,0,0.0,0.0,2334.83,,,False
USR29925,1,996.09,0,0,0.0,0.0,996.09,,,False
USR29929,1,15262.24,1,0,0.0,0.0,15262.24,UNDER REVIEW,False,True
USR29943,1,21775.48,1,0,0.0,0.0,21775.48,PENDING,False,True
USR29949,1,19498.34,1,0,0.0,0.0,19498.34,,,False
USR29950,1,2786.32,1,0,0.0,0.0,2786.32,VERIFIED,False,True
USR29952,1,7039.95,1,0,1.0,0.0,7039.95,,,False
USR29956,2,33397.14,1,1,0.0,0.0,16698.57,,,False
USR29958,2,36812.84,2,0,1.0,2059.37,18406.42,,,False
USR29961,1,7287.82,1,0,0.0,0.0,7287.82,,,False
USR29963,1,19086.9,0,1,0.0,0.0,19086.9,VERIFIED,False,True
USR29967,1,17851.43,0,0,0.0,0.0,17851.43,,,False
USR29969,1,6673.74,1,0,0.0,0.0,6673.74,VERIFIED,False,True
USR29970,1,15307.62,1,0,1.0,1931.29,15307.62,,,False
USR29973,1,7756.95,1,0,0.0,0.0,7756.95,,,False
USR29988,1,-17176.94,1,0,0.0,0.0,-17176.94,,,False
USR30002,1,19872.29,1,0,0.0,0.0,19872.29,,,False
USR30005,1,19596.16,1,0,1.0,2521.22,19596.16,VERIFIED,False,True
USR30007,1,11337.96,1,0,0.0,0.0,11337.96,,,False
USR30012,1,9148.36,1,0,0.0,0.0,9148.36,,,False
USR30014,1,3885.81,0,1,0.0,0.0,3885.81,,,False
USR30016,1,1600.39,1,0,0.0,0.0,1600.39,,,False
USR30017,1,1016.05,1,0,0.0,0.0,1016.05,,,False
USR30022,1,24479.04,1,0,0.0,0.0,24479.04,REJECTED,False,True
USR30023,1,19705.09,0,1,0.0,0.0,19705.09,,,False
USR30035,1,15230.95,1,0,0.0,0.0,15230.95,,,False
USR30045,1,9715.29,1,0,0.0,0.0,9715.29,PENDING,False,True
USR30047,1,7163.61,1,0,0.0,0.0,7163.61,,,False
USR30050,1,4112.98,1,0,0.0,0.0,4112.98,VERIFIED,False,True
USR30052,1,10701.31,1,0,1.0,9736.35,10701.31,,,False
USR30058,1,277.78,0,1,0.0,0.0,277.78,,,False
USR30066,1,10766.38,1,0,0.0,0.0,10766.38,PENDING,False,True
USR30072,1,1497.52,1,0,0.0,0.0,1497.52,,,False
USR30073,1,8849.92,1,0,0.0,0.0,8849.92,,,False
USR30079,1,1635.64,1,0,0.0,0.0,1635.64,VERIFIED,False,True
USR30083,1,12463.81,1,0,0.0,0.0,12463.81,,,False
USR30087,1,17546.44,1,0,0.0,0.0,17546.44,,,False
USR30092,1,13393.49,1,0,0.0,0.0,13393.49,,,False
USR30095,1,22934.55,1,0,1.0,2251.54,22934.55,VERIFIED,False,True
USR30096,1,24513.7,1,0,0.0,0.0,24513.7,,,False
USR30097,1,13918.89,1,0,1.0,378.0,13918.89,,,False
USR30106,1,16556.56,1,0,0.0,0.0,16556.56,,,False
USR30109,1,10432.05,1,0,0.0,0.0,10432.05,REJECT,False,True
USR30120,1,4313.74,1,0,0.0,0.0,4313.74,,,False
USR30128,1,7594.07,1,0,0.0,0.0,7594.07,,,False
USR30134,1,12459.0,1,0,0.0,0.0,12459.0,,,False
USR30139,1,14701.26,1,0,0.0,0.0,14701.26,,,False
USR30142,1,20010.91,1,0,0.0,0.0,20010.91,,,False
USR30149,1,-20280.95,1,0,0.0,0.0,-20280.95,VERIFIED,True,True
USR30150,1,12146.0,0,1,0.0,0.0,12146.0,,,False
USR30169,1,17077.21,0,0,0.0,0.0,17077.21,VERIFIED,False,True
USR30172,1,2603.51,0,0,0.0,0.0,2603.51,,,False
USR30173,1,17683.64,1,0,0.0,0.0,17683.64,,,False
USR30174,1,10112.53,1,0,0.0,0.0,10112.53,,,False
USR30175,1,-2674.52,0,0,0.0,0.0,-2674.52,,,False
USR30180,2,17450.71,2,0,0.0,0.0,8725.355,,,False
USR30184,1,18918.6,1,0,0.0,0.0,18918.6,VERIFIED,False,True
USR30185,1,13.37,1,0,0.0,0.0,13.37,,,False
USR30191,1,12653.23,0,1,0.0,0.0,12653.23,,,False
USR30196,1,16100.0,1,0,0.0,0.0,16100.0,VERIFIED,False,True
USR30197,1,17412.43,1,0,0.0,0.0,17412.43,,,False
USR30201,1,23046.64,0,1,1.0,1825.0,23046.64,,,False
USR30203,1,7346.86,1,0,0.0,0.0,7346.86,,,False
USR30206,2,25420.32,1,0,0.0,0.0,12710.16,,,False
USR30207,2,13324.78,1,0,0.0,0.0,6662.39,VERIFIED,False,True
USR30218,1,21719.0,1,0,0.0,0.0,21719.0,VERIFIED,False,True
USR30219,1,24636.08,1,0,0.0,0.0,24636.08,,,False
USR30222,1,19521.83,0,1,1.0,0.0,19521.83,,,False
USR30227,1,18097.64,1,0,0.0,0.0,18097.64,VERIFIED,False,True
USR30242,1,15290.24,1,0,2.0,6166.88,15290.24,,,False
USR30260,1,3167.99,1,0,0.0,0.0,3167.99,,,False
USR30263,1,23756.43,1,0,0.0,0.0,23756.43,,,False
USR30267,1,2990.06,1,0,0.0,0.0,2990.06,,,False
USR30273,1,6182.0,1,0,0.0,0.0,6182.0,,,False
USR30275,1,11976.03,1,0,0.0,0.0,11976.03,VERIFIED,False,True
USR30280,1,21814.29,1,0,1.0,6017.37,21814.29,,,False
USR30281,1,23301.83,0,0,0.0,0.0,23301.83,VERIFIED,False,True
USR30284,2,30561.989999999998,2,0,0.0,0.0,15280.994999999999,PENDING,False,True
USR30285,2,22977.14,2,0,0.0,0.0,11488.57,,,False
USR30289,1,17880.0,1,0,0.0,0.0,17880.0,,,False
USR30297,1,14416.46,1,0,0.0,0.0,14416.46,VERIFIED,True,True
USR30314,1,3940.26,1,0,0.0,0.0,3940.26,VERIFIED,True,True
USR30316,2,7441.41,2,0,1.0,3275.35,3720.705,,,False
USR30317,1,23912.97,1,0,2.0,7245.79,23912.97,,,False
USR30319,1,3074.0,1,0,1.0,3489.66,3074.0,,,False
USR30323,1,12523.37,1,0,0.0,0.0,12523.37,,,False
USR30337,1,23404.3,0,0,0.0,0.0,23404.3,,,False
USR30341,1,10306.32,1,0,0.0,0.0,10306.32,PENDING,False,True
USR30344,1,16666.0,1,0,0.0,0.0,16666.0,VERIFIED,True,True
USR30349,1,16357.82,0,0,0.0,0.0,16357.82,,,False
USR30355,1,-1222.66,1,0,0.0,0.0,-1222.66,VERIFIED,True,True
USR30357,1,-20050.64,0,1,0.0,0.0,-20050.64,KYC_DONE,False,True
USR30377,1,19526.55,1,0,0.0,0.0,19526.55,,,False
USR30380,1,21035.51,1,0,0.0,0.0,21035.51,,,False
USR30387,1,5983.0,1,0,0.0,0.0,5983.0,,,False
USR30388,2,16451.73,1,1,1.0,1070.58,8225.865,,,False
USR30390,2,37997.53,2,0,1.0,9661.7,18998.765,,,False
USR30393,1,11077.33,0,1,1.0,972.52,11077.33,VERIFIED,False,True
USR30394,1,21250.48,1,0,0.0,0.0,21250.48,,,False
USR30397,1,24070.03,0,0,1.0,2274.67,24070.03,,,False
USR30408,2,21410.77,2,0,0.0,0.0,10705.385,,,False
USR30415,1,11313.43,1,0,0.0,0.0,11313.43,VERIFIED,False,True
USR30416,1,417.48,1,0,0.0,0.0,417.48,,,False
USR30428,1,4009.02,1,0,0.0,0.0,4009.02,,,False
USR30431,2,9289.42,1,0,0.0,0.0,4644.71,,,False
USR30434,1,21560.47,0,1,0.0,0.0,21560.47,,,False
USR30435,1,23260.66,1,0,0.0,0.0,23260.66,VERIFIED,False,True
USR30437,1,6004.45,1,0,0.0,0.0,6004.45,,,False
USR30438,1,23895.74,1,0,1.0,1756.0,23895.74,,,False
USR30439,1,23117.22,1,0,0.0,0.0,23117.22,,,False
USR30443,1,23558.1,1,0,0.0,0.0,23558.1,,,False
USR30455,2,13246.51,1,0,0.0,0.0,6623.255,,,False
USR30457,1,15325.26,1,0,0.0,0.0,15325.26,,,False
USR30469,1,1221.12,1,0,2.0,117.75999999999999,1221.12,,,False
USR30474,1,5871.26,0,0,0.0,0.0,5871.26,PENDING,False,True
USR30479,1,7913.59,1,0,0.0,0.0,7913.59,KYC_DONE,False,True
USR30483,1,11706.84,0,1,0.0,0.0,11706.84,,,False
USR30498,1,4636.47,1,0,0.0,0.0,4636.47,,,False
USR30502,1,15127.7,0,1,0.0,0.0,15127.7,REJECT,True,True
USR30516,1,1938.92,1,0,0.0,0.0,1938.92,,,False
USR30518,1,1264.83,1,0,0.0,0.0,1264.83,,,False
USR30523,1,2282.48,1,0,0.0,0.0,2282.48,VERIFIED,True,True
USR30532,1,10451.29,0,1,0.0,0.0,10451.29,KYC_DONE,False,True
USR30535,1,18414.46,1,0,1.0,0.0,18414.46,,,False
USR30541,1,16931.24,1,0,0.0,0.0,16931.24,,,False
USR30543,1,14285.83,0,1,0.0,0.0,14285.83,PENDING,False,True
USR30549,1,5458.23,1,0,0.0,0.0,5458.23,,,False
USR30558,1,17346.6,1,0,0.0,0.0,17346.6,,,False
USR30562,2,37763.55,2,0,0.0,0.0,18881.775,UNDER REVIEW,False,True
USR30564,1,13051.61,1,0,0.0,0.0,13051.61,,,False
USR30565,1,8845.17,1,0,1.0,5439.35,8845.17,,,False
USR30571,1,16802.98,0,1,1.0,1458.95,16802.98,,,False
USR30572,1,-20938.44,1,0,1.0,448.0,-20938.44,KYC_DONE,False,True
USR30574,2,15395.27,1,1,0.0,0.0,7697.635,,,False
USR30575,1,22549.49,1,0,3.0,7854.99,22549.49,,,False
USR30576,1,13531.36,0,1,0.0,0.0,13531.36,,,False
USR30582,1,13657.01,0,0,0.0,0.0,13657.01,,,False
USR30585,1,5050.48,1,0,0.0,0.0,5050.48,,,False
USR30593,1,23755.78,1,0,0.0,0.0,23755.78,,,False
USR30595,1,21231.4,1,0,0.0,0.0,21231.4,,,False
USR30601,1,10206.42,0,0,0.0,0.0,10206.42,,,False
USR30615,1,5475.56,1,0,0.0,0.0,5475.56,,,False
USR30623,1,10269.22,1,0,0.0,0.0,10269.22,,,False
USR30629,1,1373.59,1,0,0.0,0.0,1373.59,,,False
USR30630,1,17081.03,1,0,0.0,0.0,17081.03,,,False
USR30631,1,8349.27,1,0,0.0,0.0,8349.27,,,False
USR30632,1,-22229.37,1,0,0.0,0.0,-22229.37,VERIFIED,False,True
USR30637,1,11478.32,1,0,1.0,972.0,11478.32,,,False
USR30641,1,4561.13,0,0,0.0,0.0,4561.13,,,False
USR30648,1,7958.0,1,0,0.0,0.0,7958.0,,,False
USR30653,1,19280.69,1,0,0.0,0.0,19280.69,,,False
USR30655,1,6978.98,1,0,0.0,0.0,6978.98,,,False
USR30658,1,22927.0,1,0,0.0,0.0,22927.0,,,False
USR30665,1,9405.24,1,0,0.0,0.0,9405.24,,,False
USR30667,1,10983.88,0,0,1.0,3654.65,10983.88,,,False
USR30669,1,15119.27,1,0,0.0,0.0,15119.27,,,False
USR30670,1,22311.73,1,0,0.0,0.0,22311.73,,,False
USR30672,1,4821.32,1,0,0.0,0.0,4821.32,VERIFIED,False,True
USR30674,1,2548.29,1,0,0.0,0.0,2548.29,,,False
USR30687,1,7446.0,0,1,0.0,0.0,7446.0,,,False
USR30696,1,22575.39,1,0,0.0,0.0,22575.39,,,False
USR30697,1,4285.85,1,0,0.0,0.0,4285.85,VERIFIED,False,True
USR30700,1,1848.0,1,0,0.0,0.0,1848.0,VERIFIED,True,True
USR30701,1,20165.96,1,0,0.0,0.0,20165.96,,,False
USR30702,1,19038.58,1,0,0.0,0.0,19038.58,,,False
USR30709,1,4398.63,1,0,0.0,0.0,4398.63,,,False
USR30719,1,13084.22,1,0,1.0,1445.01,13084.22,,,False
USR30722,1,6286.72,1,0,0.0,0.0,6286.72,,,False
USR30731,1,5274.45,1,0,0.0,0.0,5274.45,,,False
USR30738,1,8384.62,1,0,0.0,0.0,8384.62,,,False
USR30746,1,13339.33,1,0,0.0,0.0,13339.33,,,False
USR30748,1,22482.27,1,0,0.0,0.0,22482.27,,,False
USR30749,1,22712.0,1,0,0.0,0.0,22712.0,,,False
USR30750,1,6874.85,1,0,0.0,0.0,6874.85,,,False
USR30751,1,6577.95,1,0,0.0,0.0,6577.95,,,False
USR30753,2,44252.979999999996,2,0,0.0,0.0,22126.489999999998,,,False
USR30756,1,2759.34,1,0,0.0,0.0,2759.34,,,False
USR30761,1,9253.52,1,0,0.0,0.0,9253.52,KYC_DONE,False,True
USR30762,1,13848.81,1,0,0.0,0.0,13848.81,,,False
USR30780,1,12409.44,1,0,0.0,0.0,12409.44,,,False
USR30787,2,32150.519999999997,1,0,0.0,0.0,16075.259999999998,,,False
USR30788,2,46097.05,2,0,0.0,0.0,23048.525,,,False
USR30807,2,24975.93,2,0,0.0,0.0,12487.965,KYC_DONE,False,True
USR30808,1,16780.62,1,0,0.0,0.0,16780.62,VERIFIED,False,True
USR30812,1,6757.42,1,0,0.0,0.0,6757.42,KYC_DONE,False,True
USR30815,1,12085.97,1,0,0.0,0.0,12085.97,VERIFIED,False,True
USR30829,1,19707.25,1,0,0.0,0.0,19707.25,VERIFIED,False,True
USR30830,1,16771.6,1,0,0.0,0.0,16771.6,,,False
USR30831,1,20734.0,1,0,0.0,0.0,20734.0,,,False
USR30836,1,14230.47,1,0,1.0,1504.76,14230.47,KYC_DONE,False,True
USR30843,1,17377.24,1,0,0.0,0.0,17377.24,VERIFIED,False,True
USR30848,1,19919.07,1,0,0.0,0.0,19919.07,VERIFIED,False,True
USR30849,2,12197.07,1,1,1.0,2152.04,6098.535,,,False
USR30855,1,4433.49,0,0,0.0,0.0,4433.49,,,False
USR30856,1,20796.31,1,0,0.0,0.0,20796.31,,,False
USR30863,1,-696.86,0,0,0.0,0.0,-696.86,,,False
USR30865,1,14548.0,1,0,1.0,-3192.45,14548.0,VERIFIED,False,True
USR30868,2,17109.01,2,0,1.0,1416.0,8554.505,,,False
USR30869,1,17602.61,1,0,0.0,0.0,17602.61,VERIFIED,False,True
USR30873,1,18.25,0,0,0.0,0.0,18.25,,,False
USR30875,1,8065.62,1,0,0.0,0.0,8065.62,,,False
USR30876,1,5107.83,1,0,0.0,0.0,5107.83,,,False
USR30880,1,21568.25,1,0,0.0,0.0,21568.25,VERIFIED,False,True
USR30883,1,-12542.89,1,0,0.0,0.0,-12542.89,,,False
USR30884,1,24302.0,1,0,0.0,0.0,24302.0,,,False
USR30896,1,8347.37,1,0,0.0,0.0,8347.37,VERIFIED,True,True
USR30898,1,16692.07,1,0,0.0,0.0,16692.07,,,False
USR30899,1,17448.14,1,0,0.0,0.0,17448.14,VERIFIED,False,True
USR30900,1,11310.0,1,0,1.0,-1523.73,11310.0,,,False
USR30902,1,-5781.2,1,0,0.0,0.0,-5781.2,,,False
USR30903,1,-1049.48,0,1,0.0,0.0,-1049.48,REJECTED,True,True
USR30904,1,6728.65,0,1,0.0,0.0,6728.65,,,False
USR30913,1,23261.28,1,0,0.0,0.0,23261.28,,,False
USR30924,1,23808.01,1,0,0.0,0.0,23808.01,,,False
USR30929,1,12979.7,1,0,0.0,0.0,12979.7,,,False
USR30937,2,25543.089999999997,2,0,0.0,0.0,12771.544999999998,VERIFIED,False,True
USR30941,2,47261.07,2,0,0.0,0.0,23630.535,,,False
USR30943,1,1082.38,1,0,0.0,0.0,1082.38,VERIFIED,False,True
USR30946,2,16847.14,2,0,0.0,0.0,8423.57,,,False
USR30948,1,24530.0,1,0,1.0,447.3,24530.0,REJECT,False,True
USR30949,1,24167.15,1,0,0.0,0.0,24167.15,,,False
USR30953,1,6692.38,1,0,0.0,0.0,6692.38,,,False
USR30955,1,8245.26,1,0,0.0,0.0,8245.26,,,False
USR30958,1,2843.82,1,0,0.0,0.0,2843.82,,,False
USR30959,1,1470.19,1,0,1.0,1297.0,1470.19,,,False
USR30966,1,1337.48,1,0,0.0,0.0,1337.48,,,False
USR30973,1,3149.06,0,0,0.0,0.0,3149.06,,,False
USR30974,1,24948.0,1,0,1.0,590.0,24948.0,VERIFIED,False,True
USR30976,1,2570.03,1,0,1.0,2124.72,2570.03,,,False
USR30978,1,24191.5,1,0,0.0,0.0,24191.5,VERIFIED,False,True
USR30980,1,1369.71,1,0,0.0,0.0,1369.71,,,False
USR30987,1,1589.98,1,0,0.0,0.0,1589.98,,,False
USR30991,1,3879.49,1,0,0.0,0.0,3879.49,,,False
USR30993,1,1747.0,1,0,1.0,879.08,1747.0,REJECTED,False,True
USR31003,1,23829.91,1,0,0.0,0.0,23829.91,VERIFIED,True,True
USR31004,1,6877.4,1,0,0.0,0.0,6877.4,,,False
USR31006,1,8944.26,1,0,0.0,0.0,8944.26,,,False
USR31013,3,17764.95,3,0,0.0,0.0,5921.650000000001,VERIFIED,False,True
USR31016,1,4578.51,1,0,0.0,0.0,4578.51,,,False
USR31023,1,14203.68,1,0,0.0,0.0,14203.68,VERIFIED,False,True
USR31026,1,10449.99,1,0,0.0,0.0,10449.99,,,False
USR31031,1,8202.68,1,0,0.0,0.0,8202.68,VERIFIED,False,True
USR31049,1,7588.85,1,0,0.0,0.0,7588.85,,,False
USR31060,1,10459.11,1,0,0.0,0.0,10459.11,,,False
USR31065,1,8881.0,1,0,0.0,0.0,8881.0,,,False
USR31067,1,19554.0,1,0,0.0,0.0,19554.0,VERIFIED,True,True
USR31073,1,5666.01,1,0,0.0,0.0,5666.01,,,False
USR31087,2,27678.1,2,0,0.0,0.0,13839.05,,,False
USR31091,1,19947.08,1,0,0.0,0.0,19947.08,,,False
USR31098,1,7039.3,1,0,1.0,1360.01,7039.3,KYC_DONE,False,True
USR31102,1,14907.49,1,0,1.0,348.42,14907.49,,,False
USR31115,2,42216.65,1,1,0.0,0.0,21108.325,,,False
USR31129,1,19857.0,1,0,0.0,0.0,19857.0,,,False
USR31132,1,20390.41,1,0,0.0,0.0,20390.41,,,False
USR31137,1,258.0,1,0,0.0,0.0,258.0,,,False
USR31141,1,20465.38,1,0,0.0,0.0,20465.38,VERIFIED,False,True
USR31146,1,24672.05,1,0,0.0,0.0,24672.05,,,False
USR31152,1,24237.07,1,0,1.0,4474.08,24237.07,,,False
USR31153,1,4074.68,1,0,0.0,0.0,4074.68,,,False
USR31163,1,11796.36,1,0,0.0,0.0,11796.36,VERIFIED,False,True
USR31165,2,22995.629999999997,2,0,0.0,0.0,11497.814999999999,PENDING,False,True
USR31169,1,12991.03,1,0,0.0,0.0,12991.03,,,False
USR31174,1,12530.5,1,0,0.0,0.0,12530.5,PENDING,False,True
USR31176,2,21876.230000000003,2,0,0.0,0.0,10938.115000000002,,,False
USR31177,1,15866.0,0,0,0.0,0.0,15866.0,,,False
USR31183,1,5612.07,1,0,0.0,0.0,5612.07,,,False
USR31193,1,2107.95,0,1,0.0,0.0,2107.95,VERIFIED,False,True
USR31197,1,22079.99,1,0,0.0,0.0,22079.99,VERIFIED,False,True
USR31211,1,24280.79,1,0,0.0,0.0,24280.79,,,False
USR31212,1,21709.42,1,0,1.0,-6649.93,21709.42,VERIFIED,False,True
USR31215,1,23294.0,1,0,0.0,0.0,23294.0,,,False
USR31217,1,18693.82,0,1,0.0,0.0,18693.82,KYC_DONE,False,True
USR31218,1,24248.1,1,0,0.0,0.0,24248.1,VERIFIED,False,True
USR31220,1,5365.0,1,0,0.0,0.0,5365.0,,,False
USR31227,1,8020.87,0,1,0.0,0.0,8020.87,VERIFIED,True,True
USR31231,1,7405.2,1,0,0.0,0.0,7405.2,,,False
USR31233,3,53806.19,2,0,1.0,372.66,17935.396666666667,VERIFIED,False,True
USR31240,1,4583.11,1,0,0.0,0.0,4583.11,,,False
USR31245,2,33335.49,2,0,0.0,0.0,16667.745,,,False
USR31247,1,13140.55,1,0,0.0,0.0,13140.55,,,False
USR31253,1,22727.72,1,0,0.0,0.0,22727.72,VERIFIED,True,True
USR31260,2,28713.33,2,0,0.0,0.0,14356.665,VERIFIED,False,True
USR31268,1,17108.4,1,0,0.0,0.0,17108.4,,,False
USR31271,1,18784.46,0,1,0.0,0.0,18784.46,VERIFIED,False,True
USR31273,1,2382.35,0,1,0.0,0.0,2382.35,,,False
USR31274,1,2746.0,1,0,0.0,0.0,2746.0,,,False
USR31282,1,4996.57,1,0,0.0,0.0,4996.57,,,False
USR31286,1,23604.92,1,0,0.0,0.0,23604.92,VERIFIED,False,True
USR31289,1,9884.32,1,0,1.0,4547.87,9884.32,,,False
USR31292,1,11360.05,1,0,0.0,0.0,11360.05,PENDING,True,True
USR31300,2,16022.150000000001,2,0,0.0,0.0,8011.075000000001,,,False
USR31302,1,14548.96,1,0,0.0,0.0,14548.96,,,False
USR31310,1,16440.78,1,0,1.0,1918.05,16440.78,VERIFIED,False,True
USR31327,1,7227.36,1,0,0.0,0.0,7227.36,,,False
USR31329,1,12748.83,0,1,0.0,0.0,12748.83,VERIFIED,False,True
USR31331,2,10667.21,1,0,0.0,0.0,5333.605,UNDER REVIEW,False,True
USR31337,1,6714.5,1,0,0.0,0.0,6714.5,,,False
USR31339,1,13871.63,1,0,0.0,0.0,13871.63,,,False
USR31346,1,18691.89,1,0,0.0,0.0,18691.89,VERIFIED,True,True
USR31349,1,1820.45,1,0,0.0,0.0,1820.45,,,False
USR31351,1,14598.48,1,0,0.0,0.0,14598.48,KYC_DONE,False,True
USR31358,1,17571.43,0,0,0.0,0.0,17571.43,KYC_DONE,False,True
USR31365,2,33284.49,2,0,0.0,0.0,16642.245,,,False
USR31370,1,23925.22,1,0,0.0,0.0,23925.22,,,False
USR31376,1,4122.0,1,0,0.0,0.0,4122.0,,,False
USR31377,2,27926.22,2,0,1.0,685.65,13963.11,,,False
USR31381,1,11906.5,1,0,0.0,0.0,11906.5,,,False
USR31385,1,13754.21,1,0,0.0,0.0,13754.21,,,False
USR31388,1,18730.4,1,0,1.0,-1274.02,18730.4,,,False
USR31392,1,14627.55,1,0,0.0,0.0,14627.55,VERIFIED,False,True
USR31396,1,3363.72,0,0,0.0,0.0,3363.72,,,False
USR31398,1,11893.9,1,0,0.0,0.0,11893.9,PENDING,True,True
USR31402,1,9219.47,1,0,0.0,0.0,9219.47,,,False
USR31409,1,12840.0,1,0,0.0,0.0,12840.0,,,False
USR31410,1,11305.69,1,0,0.0,0.0,11305.69,VERIFIED,False,True
USR31412,1,492.42,1,0,0.0,0.0,492.42,,,False
USR31413,1,4609.19,1,0,0.0,0.0,4609.19,,,False
USR31414,2,18851.469999999998,2,0,0.0,0.0,9425.734999999999,,,False
USR31416,1,13301.48,1,0,1.0,26842.07,13301.48,,,False
USR31418,1,1520.31,0,0,0.0,0.0,1520.31,VERIFIED,False,True
USR31435,1,9968.63,0,1,0.0,0.0,9968.63,,,False
USR31436,1,5682.76,1,0,0.0,0.0,5682.76,,,False
USR31443,1,19950.6,1,0,0.0,0.0,19950.6,REJECTED,True,True
USR31446,1,18570.84,1,0,0.0,0.0,18570.84,,,False
USR31452,1,2128.67,1,0,1.0,1409.0,2128.67,,,False
USR31453,1,20245.75,0,1,0.0,0.0,20245.75,,,False
USR31459,1,16904.64,0,1,0.0,0.0,16904.64,,,False
USR31478,1,24773.03,0,1,0.0,0.0,24773.03,,,False
USR31482,1,15197.74,1,0,0.0,0.0,15197.74,,,False
USR31483,1,7188.0,0,1,1.0,-2226.56,7188.0,,,False
USR31488,1,21310.36,0,1,0.0,0.0,21310.36,VERIFIED,False,True
USR31497,1,-6975.06,1,0,0.0,0.0,-6975.06,,,False
USR31499,2,9217.130000000001,2,0,0.0,0.0,4608.5650000000005,,,False
USR31505,1,24323.41,0,0,1.0,0.0,24323.41,,,False
USR31510,1,18708.49,1,0,0.0,0.0,18708.49,,,False
USR31519,2,35999.6,2,0,0.0,0.0,17999.8,,,False
USR31522,1,5934.0,1,0,0.0,0.0,5934.0,REJECTED,True,True
USR31527,1,3605.47,1,0,1.0,-244.97,3605.47,,,False
USR31531,1,5030.77,1,0,0.0,0.0,5030.77,VERIFIED,False,True
USR31532,1,15714.38,1,0,0.0,0.0,15714.38,,,False
USR31534,1,-12130.6,0,0,0.0,0.0,-12130.6,,,False
USR31545,1,4148.85,1,0,0.0,0.0,4148.85,,,False
USR31551,1,21703.77,1,0,0.0,0.0,21703.77,PENDING,False,True
USR31552,1,488.43,1,0,0.0,0.0,488.43,,,False
USR31554,1,11039.78,1,0,0.0,0.0,11039.78,,,False
USR31558,1,12235.0,1,0,0.0,0.0,12235.0,,,False
USR31566,1,13114.14,1,0,0.0,0.0,13114.14,,,False
USR31575,1,2691.89,1,0,0.0,0.0,2691.89,,,False
USR31577,1,13564.24,1,0,0.0,0.0,13564.24,,,False
USR31578,1,7505.0,0,1,0.0,0.0,7505.0,,,False
USR31585,1,22905.52,1,0,1.0,687.73,22905.52,,,False
USR31587,1,16211.47,1,0,0.0,0.0,16211.47,,,False
USR31591,2,25835.8,1,1,1.0,406.58,12917.9,,,False
USR31602,1,11460.54,1,0,0.0,0.0,11460.54,VERIFIED,False,True
USR31605,1,5626.5,1,0,0.0,0.0,5626.5,,,False
USR31613,1,11940.63,1,0,0.0,0.0,11940.63,,,False
USR31614,1,19755.0,1,0,0.0,0.0,19755.0,KYC_DONE,False,True
USR31616,1,10274.18,1,0,0.0,0.0,10274.18,VERIFIED,True,True
USR31623,1,11741.18,1,0,0.0,0.0,11741.18,,,False
USR31634,1,156.56,0,1,0.0,0.0,156.56,,,False
USR31645,1,4277.5,1,0,0.0,0.0,4277.5,VERIFIED,True,True
USR31651,1,2393.39,1,0,1.0,1239.17,2393.39,,,False
USR31655,1,15756.03,1,0,0.0,0.0,15756.03,,,False
USR31660,1,1572.53,1,0,0.0,0.0,1572.53,,,False
USR31671,2,20784.02,1,1,0.0,0.0,10392.01,,,False
USR31672,1,9070.95,1,0,0.0,0.0,9070.95,,,False
USR31693,1,5344.06,1,0,0.0,0.0,5344.06,VERIFIED,False,True
USR31702,1,9213.7,1,0,1.0,2001.83,9213.7,,,False
USR31703,1,18655.0,1,0,0.0,0.0,18655.0,,,False
USR31705,1,16418.0,1,0,0.0,0.0,16418.0,KYC_DONE,False,True
USR31706,2,11846.22,1,1,0.0,0.0,5923.11,,,False
USR31710,1,7128.97,1,0,0.0,0.0,7128.97,,,False
USR31711,2,16686.91,2,0,0.0,0.0,8343.455,,,False
USR31724,1,2850.15,1,0,0.0,0.0,2850.15,KYC_DONE,False,True
USR31729,1,6983.72,1,0,0.0,0.0,6983.72,,,False
USR31741,1,24160.27,1,0,1.0,3883.93,24160.27,,,False
USR31745,1,7190.97,1,0,0.0,0.0,7190.97,,,False
USR31748,1,20992.0,1,0,0.0,0.0,20992.0,,,False
USR31750,1,10665.69,1,0,0.0,0.0,10665.69,,,False
USR31764,1,12349.0,1,0,0.0,0.0,12349.0,,,False
USR31782,1,8588.45,1,0,0.0,0.0,8588.45,,,False
USR31784,1,11701.27,0,1,0.0,0.0,11701.27,VERIFIED,False,True
USR31785,1,17049.01,1,0,0.0,0.0,17049.01,,,False
USR31786,1,23156.0,1,0,1.0,1647.57,23156.0,,,False
USR31787,1,8786.91,1,0,0.0,0.0,8786.91,KYC_DONE,False,True
USR31804,2,22245.01,2,0,0.0,0.0,11122.505,VERIFIED,True,True
USR31808,2,22380.57,2,0,0.0,0.0,11190.285,,,False
USR31816,1,17737.98,0,0,1.0,-447.83,17737.98,VERIFIED,False,True
USR31818,2,20041.02,1,0,0.0,0.0,10020.51,,,False
USR31819,1,2844.55,1,0,0.0,0.0,2844.55,,,False
USR31821,1,13487.06,1,0,0.0,0.0,13487.06,VERIFIED,True,True
USR31823,1,8065.11,1,0,0.0,0.0,8065.11,,,False
USR31831,1,2228.44,1,0,0.0,0.0,2228.44,,,False
USR31840,1,4014.04,1,0,0.0,0.0,4014.04,VERIFIED,False,True
USR31845,1,21720.24,1,0,0.0,0.0,21720.24,,,False
USR31848,1,17477.55,1,0,0.0,0.0,17477.55,,,False
USR31854,1,23165.42,1,0,0.0,0.0,23165.42,,,False
USR31856,1,23361.56,0,0,0.0,0.0,23361.56,,,False
USR31860,1,23486.45,1,0,0.0,0.0,23486.45,,,False
USR31870,1,2999.56,1,0,0.0,0.0,2999.56,,,False
USR31871,1,16768.0,1,0,0.0,0.0,16768.0,VERIFIED,False,True
USR31873,1,19155.24,1,0,0.0,0.0,19155.24,KYC_DONE,True,True
USR31875,1,9930.83,0,0,0.0,0.0,9930.83,,,False
USR31878,1,24638.13,1,0,1.0,1016.01,24638.13,,,False
USR31879,1,14242.1,1,0,1.0,3037.16,14242.1,,,False
USR31880,1,24701.82,1,0,0.0,0.0,24701.82,,,False
USR31889,2,6087.18,2,0,0.0,0.0,3043.59,VERIFIED,True,True
USR31890,1,8884.74,1,0,0.0,0.0,8884.74,,,False
USR31893,1,4652.57,1,0,0.0,0.0,4652.57,VERIFIED,False,True
USR31895,1,14307.0,1,0,0.0,0.0,14307.0,PENDING,True,True
USR31913,1,3798.18,1,0,0.0,0.0,3798.18,VERIFIED,False,True
USR31917,1,3875.0,1,0,0.0,0.0,3875.0,VERIFIED,True,True
USR31925,1,21331.0,1,0,0.0,0.0,21331.0,,,False
USR31937,1,13670.74,1,0,0.0,0.0,13670.74,,,False
USR31939,1,10475.65,1,0,0.0,0.0,10475.65,PENDING,False,True
USR31951,2,9381.85,2,0,0.0,0.0,4690.925,,,False
USR31952,1,4709.58,1,0,0.0,0.0,4709.58,,,False
USR31957,1,3675.91,1,0,0.0,0.0,3675.91,VERIFIED,False,True
USR31966,1,14885.97,0,0,0.0,0.0,14885.97,,,False
USR31973,1,15919.66,1,0,1.0,9117.57,15919.66,,,False
USR31975,1,10676.77,1,0,0.0,0.0,10676.77,,,False
USR31976,1,7380.2,1,0,1.0,12010.0,7380.2,VERIFIED,False,True
USR31978,1,9190.0,0,0,0.0,0.0,9190.0,KYC_DONE,False,True
USR31981,1,23155.56,1,0,0.0,0.0,23155.56,KYC_DONE,False,True
USR31990,1,10443.89,1,0,0.0,0.0,10443.89,,,False
USR31991,1,21973.24,1,0,0.0,0.0,21973.24,VERIFIED,False,True
USR31992,1,7296.72,1,0,0.0,0.0,7296.72,,,False
USR31996,1,8498.51,1,0,0.0,0.0,8498.51,,,False
USR32003,1,17990.35,1,0,0.0,0.0,17990.35,VERIFIED,False,True
USR32004,1,7243.85,1,0,0.0,0.0,7243.85,,,False
USR32009,1,20909.0,1,0,0.0,0.0,20909.0,,,False
USR32010,1,20875.33,1,0,0.0,0.0,20875.33,,,False
USR32020,1,5128.0,1,0,0.0,0.0,5128.0,,,False
USR32032,1,22004.48,1,0,0.0,0.0,22004.48,,,False
USR32036,1,16707.83,0,1,0.0,0.0,16707.83,VERIFIED,False,True
USR32039,1,17718.0,1,0,0.0,0.0,17718.0,KYC_DONE,False,True
USR32041,1,22054.74,1,0,0.0,0.0,22054.74,,,False
USR32042,1,17854.22,1,0,0.0,0.0,17854.22,,,False
USR32044,1,17540.43,1,0,0.0,0.0,17540.43,KYC_DONE,True,True
USR32045,2,32596.18,2,0,0.0,0.0,16298.09,VERIFIED,False,True
USR32046,1,18050.88,1,0,0.0,0.0,18050.88,,,False
USR32048,1,-10118.86,1,0,0.0,0.0,-10118.86,,,False
USR32052,1,9719.39,1,0,0.0,0.0,9719.39,,,False
USR32057,1,20426.04,1,0,0.0,0.0,20426.04,,,False
USR32061,1,17769.57,1,0,0.0,0.0,17769.57,,,False
USR32069,1,21440.0,1,0,0.0,0.0,21440.0,KYC_DONE,True,True
USR32070,1,9342.71,1,0,0.0,0.0,9342.71,,,False
USR32079,1,18268.96,1,0,2.0,1998.29,18268.96,VERIFIED,False,True
USR32085,1,19749.89,1,0,0.0,0.0,19749.89,VERIFIED,True,True
USR32087,1,10747.12,1,0,0.0,0.0,10747.12,,,False
USR32091,2,23858.87,2,0,0.0,0.0,11929.435,,,False
USR32096,1,13079.0,1,0,0.0,0.0,13079.0,,,False
USR32111,2,41334.94,2,0,0.0,0.0,20667.47,VERIFIED,True,True
USR32115,1,15358.45,1,0,0.0,0.0,15358.45,,,False
USR32121,1,8579.95,1,0,0.0,0.0,8579.95,,,False
USR32125,1,7572.98,0,1,1.0,1287.86,7572.98,,,False
USR32143,1,-301.01,0,1,1.0,1646.02,-301.01,,,False
USR32145,1,9603.44,1,0,0.0,0.0,9603.44,,,False
USR32148,1,13534.29,1,0,0.0,0.0,13534.29,,,False
USR32152,1,24914.07,1,0,0.0,0.0,24914.07,VERIFIED,False,True
USR32154,1,3853.05,1,0,0.0,0.0,3853.05,,,False
USR32158,1,4017.37,1,0,0.0,0.0,4017.37,REJECT,False,True
USR32159,1,20713.45,1,0,0.0,0.0,20713.45,VERIFIED,False,True
USR32161,1,1521.0,1,0,1.0,4655.0,1521.0,,,False
USR32167,1,18440.16,1,0,0.0,0.0,18440.16,VERIFIED,False,True
USR32172,1,679.0,1,0,0.0,0.0,679.0,,,False
USR32179,1,22371.74,1,0,0.0,0.0,22371.74,,,False
USR32193,1,14065.6,1,0,0.0,0.0,14065.6,KYC_DONE,True,True
USR32195,1,7865.76,1,0,0.0,0.0,7865.76,VERIFIED,False,True
USR32199,1,24.94,1,0,0.0,0.0,24.94,,,False
USR32212,1,13766.81,1,0,0.0,0.0,13766.81,REJECT,False,True
USR32220,1,10916.85,0,0,0.0,0.0,10916.85,KYC_DONE,False,True
USR32224,1,7227.85,1,0,0.0,0.0,7227.85,,,False
USR32235,1,13972.5,1,0,1.0,2374.29,13972.5,,,False
USR32245,3,36233.46,3,0,1.0,1224.0,12077.82,,,False
USR32248,1,22809.96,1,0,0.0,0.0,22809.96,,,False
USR32257,1,21405.18,1,0,0.0,0.0,21405.18,,,False
USR32260,1,13592.92,0,0,0.0,0.0,13592.92,,,False
USR32271,1,4910.48,1,0,0.0,0.0,4910.48,,,False
USR32273,1,10141.52,1,0,0.0,0.0,10141.52,,,False
USR32283,1,13008.89,1,0,0.0,0.0,13008.89,,,False
USR32295,1,6555.13,1,0,0.0,0.0,6555.13,KYC_DONE,False,True
USR32302,1,2480.67,1,0,0.0,0.0,2480.67,,,False
USR32308,1,9952.99,1,0,0.0,0.0,9952.99,,,False
USR32313,2,12140.869999999999,2,0,0.0,0.0,6070.4349999999995,,,False
USR32323,2,32259.0,2,0,0.0,0.0,16129.5,,,False
USR32326,1,18730.13,1,0,0.0,0.0,18730.13,VERIFIED,False,True
USR32332,1,7641.48,1,0,1.0,648.02,7641.48,,,False
USR32333,1,3174.26,1,0,0.0,0.0,3174.26,,,False
USR32335,1,14785.97,1,0,0.0,0.0,14785.97,,,False
USR32342,1,19047.34,0,1,0.0,0.0,19047.34,,,False
USR32344,1,-7128.16,1,0,0.0,0.0,-7128.16,,,False
USR32347,2,46642.479999999996,2,0,0.0,0.0,23321.239999999998,,,False
USR32354,1,12107.09,1,0,0.0,0.0,12107.09,,,False
USR32360,1,22796.35,1,0,0.0,0.0,22796.35,VERIFIED,True,True
USR32364,1,18547.74,1,0,0.0,0.0,18547.74,,,False
USR32373,1,18210.6,1,0,0.0,0.0,18210.6,,,False
USR32376,1,2135.0,1,0,1.0,0.0,2135.0,,,False
USR32377,1,9302.78,1,0,0.0,0.0,9302.78,,,False
USR32378,1,14149.56,1,0,0.0,0.0,14149.56,,,False
USR32388,2,29665.18,2,0,1.0,3023.77,14832.59,,,False
USR32389,1,8181.17,1,0,0.0,0.0,8181.17,REJECTED,False,True
USR32391,1,19967.34,1,0,0.0,0.0,19967.34,,,False
USR32396,1,16211.0,1,0,0.0,0.0,16211.0,,,False
USR32400,1,23227.62,1,0,0.0,0.0,23227.62,KYC_DONE,False,True
USR32402,3,32489.14,1,2,0.0,0.0,10829.713333333333,VERIFIED,False,True
USR32405,1,18069.86,0,1,0.0,0.0,18069.86,VERIFIED,False,True
USR32409,1,6393.15,1,0,1.0,1750.36,6393.15,,,False
USR32412,1,-8429.68,1,0,0.0,0.0,-8429.68,VERIFIED,False,True
USR32438,1,-22672.6,1,0,1.0,4001.0,-22672.6,,,False
USR32445,1,10014.91,1,0,0.0,0.0,10014.91,,,False
USR32447,1,10036.0,1,0,0.0,0.0,10036.0,VERIFIED,False,True
USR32457,1,12023.04,0,1,2.0,2683.75,12023.04,VERIFIED,False,True
USR32458,1,21019.17,1,0,0.0,0.0,21019.17,,,False
USR32462,1,21628.13,1,0,0.0,0.0,21628.13,,,False
USR32477,1,5669.35,1,0,0.0,0.0,5669.35,,,False
USR32482,1,3297.82,1,0,0.0,0.0,3297.82,,,False
USR32494,2,40724.18,2,0,1.0,1664.31,20362.09,REJECTED,True,True
USR32497,1,4471.54,1,0,0.0,0.0,4471.54,VERIFIED,False,True
USR32498,1,10022.37,1,0,0.0,0.0,10022.37,,,False
USR32500,1,13709.61,0,1,0.0,0.0,13709.61,,,False
USR32502,1,13133.0,1,0,0.0,0.0,13133.0,,,False
USR32510,1,17918.0,1,0,0.0,0.0,17918.0,,,False
USR32512,1,8098.0,1,0,0.0,0.0,8098.0,,,False
USR32515,1,18308.3,1,0,0.0,0.0,18308.3,,,False
USR32517,2,24951.440000000002,2,0,0.0,0.0,12475.720000000001,,,False
USR32523,1,18474.28,1,0,0.0,0.0,18474.28,REJECT,False,True
USR32525,1,20221.9,1,0,0.0,0.0,20221.9,,,False
USR32530,1,1350.77,1,0,0.0,0.0,1350.77,,,False
USR32531,1,14016.23,1,0,0.0,0.0,14016.23,,,False
USR32551,1,7663.28,1,0,0.0,0.0,7663.28,,,False
USR32553,3,29587.86,2,0,0.0,0.0,9862.62,VERIFIED,False,True
USR32557,1,19358.77,0,0,0.0,0.0,19358.77,,,False
USR32560,1,5484.29,1,0,0.0,0.0,5484.29,,,False
USR32562,1,16220.59,1,0,0.0,0.0,16220.59,VERIFIED,False,True
USR32563,1,19336.09,0,0,0.0,0.0,19336.09,,,False
USR32572,1,24316.0,1,0,1.0,5694.69,24316.0,VERIFIED,True,True
USR32577,1,10268.96,1,0,0.0,0.0,10268.96,,,False
USR32579,1,6738.39,0,1,0.0,0.0,6738.39,PENDING,False,True
USR32589,1,9611.33,0,0,1.0,3188.13,9611.33,,,False
USR32591,1,721.15,1,0,0.0,0.0,721.15,,,False
USR32593,1,-8480.86,1,0,0.0,0.0,-8480.86,,,False
USR32595,2,34229.41,2,0,0.0,0.0,17114.705,,,False
USR32597,1,1437.75,1,0,0.0,0.0,1437.75,,,False
USR32599,2,18537.1,2,0,0.0,0.0,9268.55,,,False
USR32600,1,18355.54,1,0,0.0,0.0,18355.54,,,False
USR32601,1,15036.7,1,0,0.0,0.0,15036.7,PENDING,False,True
USR32607,1,23673.1,1,0,0.0,0.0,23673.1,,,False
USR32612,1,9388.7,1,0,0.0,0.0,9388.7,,,False
USR32615,1,17491.2,1,0,0.0,0.0,17491.2,,,False
USR32619,1,15567.51,1,0,0.0,0.0,15567.51,,,False
USR32621,1,19308.4,1,0,1.0,3311.22,19308.4,,,False
USR32624,1,10039.12,1,0,1.0,1588.36,10039.12,,,False
USR32626,1,4379.17,1,0,0.0,0.0,4379.17,,,False
USR32631,2,18504.55,2,0,0.0,0.0,9252.275,,,False
USR32643,1,10821.74,1,0,0.0,0.0,10821.74,,,False
USR32644,1,18145.04,1,0,0.0,0.0,18145.04,PENDING,False,True
USR32646,1,7269.71,1,0,0.0,0.0,7269.71,VERIFIED,False,True
USR32658,1,15178.26,1,0,0.0,0.0,15178.26,,,False
USR32660,1,5934.39,1,0,0.0,0.0,5934.39,VERIFIED,False,True
USR32661,2,37734.380000000005,2,0,0.0,0.0,18867.190000000002,,,False
USR32669,1,2591.48,1,0,0.0,0.0,2591.48,,,False
USR32671,1,8968.06,1,0,0.0,0.0,8968.06,,,False
USR32680,1,12815.59,1,0,0.0,0.0,12815.59,,,False
USR32681,1,22430.08,1,0,0.0,0.0,22430.08,,,False
USR32683,1,1131.01,1,0,0.0,0.0,1131.01,PENDING,False,True
USR32692,1,4125.11,1,0,0.0,0.0,4125.11,REJECTED,False,True
USR32707,1,23365.79,1,0,0.0,0.0,23365.79,PENDING,True,True
USR32709,1,4324.29,1,0,0.0,0.0,4324.29,,,False
USR32710,2,25430.239999999998,1,1,0.0,0.0,12715.119999999999,,,False
USR32716,1,4346.69,1,0,1.0,0.0,4346.69,VERIFIED,False,True
USR32719,1,21298.68,1,0,0.0,0.0,21298.68,VERIFIED,True,True
USR32721,1,4900.51,1,0,0.0,0.0,4900.51,,,False
USR32722,2,24481.25,2,0,0.0,0.0,12240.625,VERIFIED,False,True
USR32726,1,11690.59,1,0,0.0,0.0,11690.59,,,False
USR32729,1,762.3,1,0,0.0,0.0,762.3,VERIFIED,True,True
USR32736,1,12619.38,1,0,0.0,0.0,12619.38,PENDING,False,True
USR32739,1,7683.99,1,0,0.0,0.0,7683.99,,,False
USR32742,1,13256.01,1,0,0.0,0.0,13256.01,,,False
USR32746,1,6328.92,1,0,0.0,0.0,6328.92,VERIFIED,True,True
USR32748,1,16536.84,1,0,0.0,0.0,16536.84,,,False
USR32767,1,18247.02,1,0,0.0,0.0,18247.02,KYC_DONE,True,True
USR32776,1,9165.38,1,0,0.0,0.0,9165.38,,,False
USR32780,1,12861.21,0,1,0.0,0.0,12861.21,VERIFIED,True,True
USR32781,1,18280.97,1,0,0.0,0.0,18280.97,VERIFIED,False,True
USR32787,1,17197.45,0,1,0.0,0.0,17197.45,PENDING,False,True
USR32789,1,13660.74,1,0,0.0,0.0,13660.74,KYC_DONE,False,True
USR32792,1,6757.36,1,0,0.0,0.0,6757.36,VERIFIED,False,True
USR32795,2,24314.61,2,0,0.0,0.0,12157.305,,,False
USR32801,1,13527.22,1,0,0.0,0.0,13527.22,,,False
USR32818,1,18756.26,1,0,0.0,0.0,18756.26,VERIFIED,False,True
USR32820,1,8216.0,1,0,0.0,0.0,8216.0,,,False
USR32821,2,42377.04,1,0,1.0,10606.78,21188.52,,,False
USR32830,1,24822.66,1,0,0.0,0.0,24822.66,,,False
USR32832,1,4419.0,1,0,0.0,0.0,4419.0,,,False
USR32834,1,12748.05,1,0,0.0,0.0,12748.05,,,False
USR32840,1,2401.3,1,0,0.0,0.0,2401.3,,,False
USR32843,1,1123.81,1,0,0.0,0.0,1123.81,UNDER REVIEW,False,True
USR32846,1,20509.12,1,0,0.0,0.0,20509.12,,,False
USR32847,1,6164.18,0,1,0.0,0.0,6164.18,,,False
USR32849,1,19755.38,1,0,0.0,0.0,19755.38,,,False
USR32852,1,10480.0,0,1,0.0,0.0,10480.0,,,False
USR32856,1,21577.04,1,0,0.0,0.0,21577.04,VERIFIED,False,True
USR32872,1,15451.78,1,0,1.0,264.95,15451.78,KYC_DONE,True,True
USR32874,1,13732.0,0,1,0.0,0.0,13732.0,,,False
USR32882,1,6513.31,1,0,1.0,-3809.65,6513.31,,,False
USR32890,1,12459.91,0,1,0.0,0.0,12459.91,VERIFIED,False,True
USR32902,1,23839.38,0,0,0.0,0.0,23839.38,,,False
USR32915,1,3213.42,1,0,0.0,0.0,3213.42,,,False
USR32920,1,12656.79,1,0,0.0,0.0,12656.79,,,False
USR32925,1,17323.1,1,0,1.0,872.83,17323.1,VERIFIED,False,True
USR32935,1,23583.32,1,0,0.0,0.0,23583.32,,,False
USR32936,1,10822.18,1,0,1.0,5996.21,10822.18,,,False
USR32938,1,1094.48,0,1,0.0,0.0,1094.48,,,False
USR32940,1,21909.22,1,0,0.0,0.0,21909.22,,,False
USR32941,1,21588.65,1,0,0.0,0.0,21588.65,VERIFIED,False,True
USR32944,1,1461.0,1,0,1.0,1792.1,1461.0,,,False
USR32948,1,17922.77,1,0,0.0,0.0,17922.77,,,False
USR32950,2,22505.1,2,0,1.0,1010.81,11252.55,REJECTED,False,True
USR32953,2,7542.539999999999,1,0,1.0,1459.51,3771.2699999999995,VERIFIED,False,True
USR32956,1,11058.0,0,1,0.0,0.0,11058.0,,,False
USR32962,1,15069.8,1,0,0.0,0.0,15069.8,VERIFIED,False,True
USR32965,1,4280.48,1,0,0.0,0.0,4280.48,,,False
USR32966,1,22009.07,1,0,1.0,2723.0,22009.07,,,False
USR32967,1,5296.0,1,0,0.0,0.0,5296.0,VERIFIED,False,True
USR32968,1,2042.91,1,0,0.0,0.0,2042.91,,,False
USR32975,1,21218.23,1,0,0.0,0.0,21218.23,,,False
USR32988,1,11316.46,1,0,0.0,0.0,11316.46,,,False
USR32993,1,9460.07,1,0,0.0,0.0,9460.07,,,False
USR32995,1,18457.42,1,0,0.0,0.0,18457.42,,,False
USR33003,2,37698.68,2,0,1.0,824.94,18849.34,KYC_DONE,False,True
USR33004,1,21010.3,0,1,0.0,0.0,21010.3,,,False
USR33006,1,2882.18,1,0,0.0,0.0,2882.18,,,False
USR33009,1,18215.06,1,0,0.0,0.0,18215.06,UNDER REVIEW,False,True
USR33029,1,20255.06,1,0,0.0,0.0,20255.06,,,False
USR33032,2,28175.010000000002,2,0,0.0,0.0,14087.505000000001,VERIFIED,False,True
USR33033,2,34344.21,2,0,0.0,0.0,17172.105,,,False
USR33039,1,2509.79,0,1,1.0,-4809.04,2509.79,,,False
USR33047,1,5124.29,1,0,0.0,0.0,5124.29,,,False
USR33049,1,5307.73,1,0,0.0,0.0,5307.73,REJECTED,False,True
USR33056,2,39334.16,0,1,0.0,0.0,19667.08,,,False
USR33061,1,16546.35,1,0,0.0,0.0,16546.35,,,False
USR33070,1,19373.71,1,0,0.0,0.0,19373.71,,,False
USR33077,1,14382.06,1,0,1.0,3056.74,14382.06,,,False
USR33080,1,20704.43,1,0,0.0,0.0,20704.43,,,False
USR33081,1,5119.24,1,0,0.0,0.0,5119.24,,,False
USR33086,1,22726.0,1,0,0.0,0.0,22726.0,,,False
USR33088,1,18023.2,1,0,0.0,0.0,18023.2,,,False
USR33097,1,19231.56,1,0,0.0,0.0,19231.56,VERIFIED,True,True
USR33116,1,20287.07,0,1,0.0,0.0,20287.07,,,False
USR33120,1,16134.01,1,0,0.0,0.0,16134.01,,,False
USR33138,1,16289.0,1,0,0.0,0.0,16289.0,,,False
USR33146,1,895.12,1,0,0.0,0.0,895.12,REJECTED,True,True
USR33151,1,12513.98,1,0,0.0,0.0,12513.98,REJECTED,False,True
USR33158,1,9104.83,1,0,0.0,0.0,9104.83,VERIFIED,True,True
USR33159,1,4648.25,1,0,0.0,0.0,4648.25,,,False
USR33170,1,6674.92,0,1,0.0,0.0,6674.92,,,False
USR33172,1,20566.37,0,0,1.0,2798.0,20566.37,,,False
USR33177,1,3594.0,1,0,0.0,0.0,3594.0,,,False
USR33183,3,39054.54,3,0,0.0,0.0,13018.18,,,False
USR33187,1,23722.65,1,0,0.0,0.0,23722.65,VERIFIED,True,True
USR33189,1,1816.08,1,0,0.0,0.0,1816.08,,,False
USR33190,1,18987.36,1,0,1.0,637.05,18987.36,UNDER REVIEW,False,True
USR33192,1,9268.58,1,0,0.0,0.0,9268.58,,,False
USR33203,2,36274.32,2,0,0.0,0.0,18137.16,,,False
USR33204,1,21012.84,1,0,0.0,0.0,21012.84,PENDING,True,True
USR33207,2,22961.04,2,0,0.0,0.0,11480.52,VERIFIED,False,True
USR33210,1,18794.48,1,0,0.0,0.0,18794.48,VERIFIED,False,True
USR33211,1,7572.53,1,0,0.0,0.0,7572.53,,,False
USR33213,1,1367.76,0,0,0.0,0.0,1367.76,UNDER REVIEW,True,True
USR33214,1,12773.58,1,0,0.0,0.0,12773.58,,,False
USR33216,1,22538.13,1,0,1.0,-884.33,22538.13,VERIFIED,False,True
USR33219,1,19643.81,1,0,0.0,0.0,19643.81,,,False
USR33224,1,8391.82,0,1,0.0,0.0,8391.82,VERIFIED,True,True
USR33228,1,19850.94,1,0,0.0,0.0,19850.94,VERIFIED,False,True
USR33230,2,12239.23,2,0,0.0,0.0,6119.615,,,False
USR33240,2,17028.61,2,0,0.0,0.0,8514.305,,,False
USR33242,1,-1503.46,1,0,0.0,0.0,-1503.46,,,False
USR33245,1,16692.03,1,0,0.0,0.0,16692.03,,,False
USR33246,1,20372.48,1,0,1.0,2026.3,20372.48,VERIFIED,True,True
USR33253,1,2224.12,1,0,0.0,0.0,2224.12,VERIFIED,False,True
USR33256,1,2612.0,1,0,0.0,0.0,2612.0,,,False
USR33258,1,5689.25,1,0,0.0,0.0,5689.25,,,False
USR33259,1,17162.44,0,1,0.0,0.0,17162.44,,,False
USR33264,1,19420.0,0,1,0.0,0.0,19420.0,,,False
USR33273,1,23341.08,1,0,0.0,0.0,23341.08,,,False
USR33274,1,7415.18,1,0,0.0,0.0,7415.18,,,False
USR33275,1,3213.0,1,0,0.0,0.0,3213.0,,,False
USR33281,2,20268.57,2,0,1.0,1302.0,10134.285,VERIFIED,False,True
USR33282,1,10937.67,1,0,1.0,1052.0,10937.67,KYC_DONE,False,True
USR33283,1,13591.8,1,0,0.0,0.0,13591.8,VERIFIED,True,True
USR33286,1,23138.98,1,0,0.0,0.0,23138.98,,,False
USR33288,1,1342.74,1,0,0.0,0.0,1342.74,PENDING,False,True
USR33292,1,24441.03,1,0,0.0,0.0,24441.03,,,False
USR33301,1,17155.42,1,0,0.0,0.0,17155.42,,,False
USR33306,1,15289.66,1,0,0.0,0.0,15289.66,KYC_DONE,True,True
USR33317,1,9565.26,1,0,0.0,0.0,9565.26,,,False
USR33318,1,19627.56,0,0,0.0,0.0,19627.56,,,False
USR33323,1,22422.99,1,0,0.0,0.0,22422.99,,,False
USR33330,2,19880.18,2,0,0.0,0.0,9940.09,,,False
USR33331,2,38044.82,2,0,0.0,0.0,19022.41,,,False
USR33351,1,19882.0,1,0,0.0,0.0,19882.0,,,False
USR33354,1,6666.78,1,0,0.0,0.0,6666.78,REJECTED,True,True
USR33356,1,18480.73,1,0,0.0,0.0,18480.73,,,False
USR33357,1,15893.48,1,0,0.0,0.0,15893.48,VERIFIED,True,True
USR33358,1,15174.72,1,0,0.0,0.0,15174.72,,,False
USR33364,1,3860.35,1,0,0.0,0.0,3860.35,VERIFIED,False,True
USR33368,1,12635.12,1,0,0.0,0.0,12635.12,,,False
USR33371,1,7619.22,1,0,0.0,0.0,7619.22,,,False
USR33390,1,3149.83,0,0,0.0,0.0,3149.83,VERIFIED,True,True
USR33412,1,6971.97,1,0,0.0,0.0,6971.97,,,False
USR33414,1,6175.0,1,0,0.0,0.0,6175.0,,,False
USR33415,1,20698.48,1,0,0.0,0.0,20698.48,,,False
USR33419,1,24377.8,1,0,0.0,0.0,24377.8,VERIFIED,False,True
USR33426,2,16642.25,2,0,0.0,0.0,8321.125,,,False
USR33431,2,33595.32,2,0,0.0,0.0,16797.66,VERIFIED,False,True
USR33435,1,16595.14,0,0,0.0,0.0,16595.14,,,False
USR33440,2,29769.04,1,1,0.0,0.0,14884.52,PENDING,False,True
USR33448,1,2989.93,1,0,0.0,0.0,2989.93,,,False
USR33451,1,7667.76,1,0,0.0,0.0,7667.76,,,False
USR33452,1,4425.29,1,0,0.0,0.0,4425.29,,,False
USR33458,1,5250.16,1,0,0.0,0.0,5250.16,,,False
USR33467,2,8785.46,2,0,0.0,0.0,4392.73,VERIFIED,False,True
USR33472,1,6906.82,1,0,0.0,0.0,6906.82,VERIFIED,False,True
USR33480,1,5504.88,1,0,0.0,0.0,5504.88,,,False
USR33481,1,9666.52,1,0,1.0,946.11,9666.52,VERIFIED,False,True
USR33484,1,1804.47,1,0,1.0,739.17,1804.47,KYC_DONE,False,True
USR33485,1,24072.13,1,0,0.0,0.0,24072.13,,,False
USR33488,1,-14022.97,1,0,0.0,0.0,-14022.97,VERIFIED,False,True
USR33493,1,18716.49,1,0,0.0,0.0,18716.49,,,False
USR33494,1,7190.39,1,0,0.0,0.0,7190.39,PENDING,True,True
USR33504,1,18651.41,0,1,0.0,0.0,18651.41,,,False
USR33506,2,18017.68,2,0,1.0,1412.21,9008.84,VERIFIED,False,True
USR33513,1,12627.74,1,0,0.0,0.0,12627.74,,,False
USR33522,1,19423.74,1,0,0.0,0.0,19423.74,,,False
USR33527,1,14529.6,1,0,0.0,0.0,14529.6,,,False
USR33529,1,10851.95,1,0,0.0,0.0,10851.95,,,False
USR33544,1,13450.57,1,0,0.0,0.0,13450.57,,,False
USR33555,1,14978.18,1,0,0.0,0.0,14978.18,VERIFIED,False,True
USR33565,1,2177.0,1,0,0.0,0.0,2177.0,VERIFIED,True,True
USR33567,1,11900.16,1,0,0.0,0.0,11900.16,UNDER REVIEW,False,True
USR33570,1,24456.85,1,0,1.0,1425.61,24456.85,,,False
USR33576,1,369.69,1,0,0.0,0.0,369.69,,,False
USR33577,2,3337.06,2,0,0.0,0.0,1668.53,KYC_DONE,False,True
USR33597,1,18838.71,1,0,0.0,0.0,18838.71,,,False
USR33600,1,7344.03,1,0,0.0,0.0,7344.03,,,False
USR33616,2,584.1999999999999,2,0,0.0,0.0,292.09999999999997,,,False
USR33626,1,13876.81,1,0,0.0,0.0,13876.81,VERIFIED,False,True
USR33627,1,8975.45,1,0,0.0,0.0,8975.45,,,False
USR33629,1,4349.25,0,1,0.0,0.0,4349.25,,,False
USR33631,3,41521.84,2,0,1.0,459.43,13840.613333333333,,,False
USR33632,1,13674.58,1,0,0.0,0.0,13674.58,VERIFIED,True,True
USR33634,1,11355.5,1,0,0.0,0.0,11355.5,,,False
USR33636,1,10362.78,1,0,0.0,0.0,10362.78,VERIFIED,False,True
USR33638,1,1398.0,1,0,0.0,0.0,1398.0,VERIFIED,False,True
USR33646,1,24947.0,1,0,0.0,0.0,24947.0,VERIFIED,False,True
USR33647,1,14008.6,1,0,1.0,7834.45,14008.6,,,False
USR33651,1,-7987.44,1,0,0.0,0.0,-7987.44,REJECTED,False,True
USR33653,1,21611.43,1,0,0.0,0.0,21611.43,,,False
USR33655,1,15031.42,1,0,0.0,0.0,15031.42,,,False
USR33660,1,8754.95,1,0,0.0,0.0,8754.95,KYC_DONE,False,True
USR33667,1,17.74,1,0,1.0,9730.68,17.74,VERIFIED,False,True
USR33669,1,10229.09,1,0,1.0,12509.66,10229.09,,,False
USR33672,1,4301.0,1,0,0.0,0.0,4301.0,,,False
USR33680,1,14227.35,1,0,0.0,0.0,14227.35,VERIFIED,False,True
USR33684,1,2211.44,1,0,0.0,0.0,2211.44,VERIFIED,False,True
USR33685,1,4939.0,1,0,0.0,0.0,4939.0,,,False
USR33689,1,24145.9,1,0,0.0,0.0,24145.9,PENDING,False,True
USR33697,1,4574.46,1,0,0.0,0.0,4574.46,,,False
USR33699,1,15803.46,1,0,0.0,0.0,15803.46,,,False
USR33713,1,2293.87,0,1,0.0,0.0,2293.87,PENDING,True,True
USR33714,1,15764.24,0,1,0.0,0.0,15764.24,,,False
USR33715,1,7838.14,1,0,0.0,0.0,7838.14,,,False
USR33716,1,12672.21,1,0,0.0,0.0,12672.21,,,False
USR33717,1,16415.2,1,0,0.0,0.0,16415.2,VERIFIED,False,True
USR33721,1,2435.38,1,0,0.0,0.0,2435.38,,,False
USR33729,1,19246.61,1,0,0.0,0.0,19246.61,,,False
USR33732,1,8041.0,1,0,0.0,0.0,8041.0,,,False
USR33735,1,9632.18,1,0,0.0,0.0,9632.18,KYC_DONE,False,True
USR33737,1,22730.29,1,0,0.0,0.0,22730.29,,,False
USR33740,1,108.11,1,0,0.0,0.0,108.11,,,False
USR33744,1,13492.68,1,0,0.0,0.0,13492.68,VERIFIED,True,True
USR33746,1,17946.84,1,0,1.0,1827.19,17946.84,,,False
USR33754,1,20929.62,1,0,0.0,0.0,20929.62,,,False
USR33755,2,9045.69,2,0,0.0,0.0,4522.845,VERIFIED,True,True
USR33758,1,7745.0,1,0,1.0,325.93,7745.0,VERIFIED,False,True
USR33761,1,1565.64,1,0,0.0,0.0,1565.64,,,False
USR33792,1,14616.81,1,0,0.0,0.0,14616.81,,,False
USR33794,2,19550.219999999998,2,0,0.0,0.0,9775.109999999999,,,False
USR33800,1,16366.24,0,1,0.0,0.0,16366.24,,,False
USR33801,1,5574.0,1,0,0.0,0.0,5574.0,,,False
USR33804,1,24908.38,1,0,1.0,6666.14,24908.38,,,False
USR33809,1,21739.83,1,0,0.0,0.0,21739.83,,,False
USR33810,1,12986.81,1,0,0.0,0.0,12986.81,,,False
USR33812,1,24075.17,1,0,0.0,0.0,24075.17,,,False
USR33814,1,13355.35,0,0,0.0,0.0,13355.35,,,False
USR33817,1,8785.08,1,0,0.0,0.0,8785.08,VERIFIED,False,True
USR33818,1,7230.54,0,1,0.0,0.0,7230.54,,,False
USR33819,2,33685.69,2,0,0.0,0.0,16842.845,,,False
USR33821,1,3459.31,0,1,0.0,0.0,3459.31,,,False
USR33826,1,6315.55,1,0,0.0,0.0,6315.55,VERIFIED,False,True
USR33827,3,49263.21,2,1,1.0,0.0,16421.07,,,False
USR33828,1,11239.65,0,1,0.0,0.0,11239.65,,,False
USR33833,1,10195.53,1,0,0.0,0.0,10195.53,,,False
USR33863,1,-24709.86,1,0,0.0,0.0,-24709.86,REJECTED,False,True
USR33874,1,259.13,1,0,0.0,0.0,259.13,PENDING,False,True
USR33877,1,3499.88,1,0,0.0,0.0,3499.88,,,False
USR33878,1,6141.27,0,1,0.0,0.0,6141.27,,,False
USR33880,1,24271.48,1,0,0.0,0.0,24271.48,VERIFIED,False,True
USR33883,1,22253.98,1,0,0.0,0.0,22253.98,,,False
USR33884,1,14004.5,1,0,0.0,0.0,14004.5,,,False
USR33886,1,10925.06,1,0,1.0,-1016.94,10925.06,,,False
USR33888,1,12500.56,1,0,0.0,0.0,12500.56,VERIFIED,False,True
USR33894,1,3857.0,1,0,0.0,0.0,3857.0,,,False
USR33902,1,22220.0,0,1,0.0,0.0,22220.0,,,False
USR33904,1,8843.4,0,0,0.0,0.0,8843.4,VERIFIED,True,True
USR33906,1,17511.69,1,0,0.0,0.0,17511.69,,,False
USR33914,1,12697.02,0,1,0.0,0.0,12697.02,VERIFIED,False,True
USR33920,1,12349.95,1,0,0.0,0.0,12349.95,REJECTED,False,True
USR33927,1,24535.72,1,0,0.0,0.0,24535.72,,,False
USR33935,1,21584.71,0,1,0.0,0.0,21584.71,,,False
USR33936,1,24893.4,1,0,0.0,0.0,24893.4,,,False
USR33937,1,3499.66,1,0,0.0,0.0,3499.66,,,False
USR33938,1,11621.03,1,0,0.0,0.0,11621.03,,,False
USR33940,1,884.2,1,0,0.0,0.0,884.2,VERIFIED,False,True
USR33941,1,8362.75,0,1,0.0,0.0,8362.75,,,False
USR33943,1,6889.45,1,0,0.0,0.0,6889.45,,,False
USR33944,1,687.13,0,1,0.0,0.0,687.13,,,False
USR33947,1,23251.37,1,0,0.0,0.0,23251.37,,,False
USR33953,1,7934.0,1,0,0.0,0.0,7934.0,REJECTED,False,True
USR33955,1,22831.02,1,0,0.0,0.0,22831.02,KYC_DONE,False,True
USR33956,1,19387.48,1,0,0.0,0.0,19387.48,,,False
USR33970,1,23668.23,1,0,0.0,0.0,23668.23,VERIFIED,True,True
USR33971,1,15820.6,1,0,0.0,0.0,15820.6,,,False
USR33979,1,18726.59,1,0,1.0,1752.77,18726.59,,,False
USR33984,1,11010.57,0,1,0.0,0.0,11010.57,,,False
USR33988,1,3285.69,1,0,0.0,0.0,3285.69,,,False
USR33989,1,11952.15,1,0,0.0,0.0,11952.15,,,False
USR33990,1,18875.74,1,0,0.0,0.0,18875.74,VERIFIED,False,True
USR33991,1,306.66,1,0,0.0,0.0,306.66,VERIFIED,False,True
USR33996,2,35419.73,0,2,0.0,0.0,17709.865,REJECT,True,True
USR33998,1,6206.0,0,0,0.0,0.0,6206.0,,,False
USR34000,1,6131.39,1,0,0.0,0.0,6131.39,,,False
USR34009,2,29695.940000000002,2,0,1.0,1403.54,14847.970000000001,VERIFIED,False,True
USR34021,1,13601.9,1,0,0.0,0.0,13601.9,,,False
USR34029,1,3343.65,0,1,0.0,0.0,3343.65,KYC_DONE,False,True
USR34032,1,24941.28,0,1,1.0,8307.14,24941.28,,,False
USR34033,1,11181.92,1,0,0.0,0.0,11181.92,VERIFIED,False,True
USR34039,2,6360.83,1,1,0.0,0.0,3180.415,,,False
USR34056,1,4198.68,1,0,0.0,0.0,4198.68,,,False
USR34060,2,24615.57,1,0,0.0,0.0,12307.785,,,False
USR34069,1,12933.73,0,1,1.0,4452.54,12933.73,,,False
USR34070,1,12568.66,1,0,0.0,0.0,12568.66,,,False
USR34073,1,22494.99,1,0,0.0,0.0,22494.99,,,False
USR34086,1,23661.99,1,0,0.0,0.0,23661.99,VERIFIED,False,True
USR34087,1,7093.69,0,1,0.0,0.0,7093.69,,,False
USR34091,1,17474.0,1,0,0.0,0.0,17474.0,,,False
USR34093,1,22708.13,1,0,0.0,0.0,22708.13,VERIFIED,False,True
USR34097,2,42419.87,2,0,0.0,0.0,21209.935,,,False
USR34101,1,4712.72,1,0,0.0,0.0,4712.72,,,False
USR34105,1,17695.96,1,0,0.0,0.0,17695.96,VERIFIED,False,True
USR34108,1,13197.25,1,0,0.0,0.0,13197.25,VERIFIED,False,True
USR34109,1,5911.94,0,0,0.0,0.0,5911.94,,,False
USR34111,1,19380.9,1,0,0.0,0.0,19380.9,,,False
USR34112,2,26749.45,2,0,1.0,9476.14,13374.725,,,False
USR34115,1,13159.0,1,0,0.0,0.0,13159.0,VERIFIED,False,True
USR34127,1,17884.9,1,0,0.0,0.0,17884.9,,,False
USR34134,1,1898.11,1,0,0.0,0.0,1898.11,VERIFIED,True,True
USR34135,1,6647.35,1,0,0.0,0.0,6647.35,,,False
USR34141,2,41896.28,2,0,1.0,2567.69,20948.14,,,False
USR34142,1,4520.27,1,0,1.0,247.02,4520.27,,,False
USR34144,1,11156.97,1,0,0.0,0.0,11156.97,,,False
USR34147,1,17085.0,1,0,0.0,0.0,17085.0,,,False
USR34148,1,16166.91,0,1,0.0,0.0,16166.91,,,False
USR34150,1,16982.09,1,0,0.0,0.0,16982.09,,,False
USR34157,1,13122.44,1,0,0.0,0.0,13122.44,,,False
USR34159,1,5011.85,1,0,0.0,0.0,5011.85,,,False
USR34164,1,9839.08,1,0,0.0,0.0,9839.08,VERIFIED,False,True
USR34167,1,18223.27,1,0,0.0,0.0,18223.27,,,False
USR34179,1,7539.0,0,1,0.0,0.0,7539.0,,,False
USR34185,1,-12807.48,1,0,0.0,0.0,-12807.48,,,False
USR34191,1,23328.5,1,0,0.0,0.0,23328.5,VERIFIED,False,True
USR34195,1,12963.06,0,1,0.0,0.0,12963.06,VERIFIED,False,True
USR34199,1,-2806.87,1,0,1.0,2142.0,-2806.87,VERIFIED,False,True
USR34202,1,14371.98,1,0,0.0,0.0,14371.98,REJECTED,False,True
USR34203,1,21547.48,1,0,0.0,0.0,21547.48,,,False
USR34207,1,3200.39,1,0,0.0,0.0,3200.39,VERIFIED,True,True
USR34210,1,20516.21,1,0,0.0,0.0,20516.21,,,False
USR34215,1,11429.94,1,0,1.0,-1866.43,11429.94,KYC_DONE,False,True
USR34217,1,4044.58,1,0,1.0,1422.0,4044.58,VERIFIED,False,True
USR34218,1,14888.21,1,0,0.0,0.0,14888.21,VERIFIED,False,True
USR34222,1,1587.62,1,0,0.0,0.0,1587.62,VERIFIED,False,True
USR34225,2,31070.03,2,0,1.0,1913.71,15535.015,,,False
USR34226,2,29621.73,2,0,0.0,0.0,14810.865,,,False
USR34230,1,20381.35,1,0,0.0,0.0,20381.35,VERIFIED,False,True
USR34232,1,17141.61,0,0,0.0,0.0,17141.61,VERIFIED,False,True
USR34238,1,19191.52,1,0,1.0,338.23,19191.52,,,False
USR34241,1,1987.92,1,0,0.0,0.0,1987.92,,,False
USR34242,1,2684.66,0,1,0.0,0.0,2684.66,,,False
USR34246,1,20849.58,1,0,0.0,0.0,20849.58,,,False
USR34247,1,16775.0,0,1,0.0,0.0,16775.0,,,False
USR34250,1,22540.62,0,1,0.0,0.0,22540.62,,,False
USR34262,1,2300.04,1,0,1.0,688.92,2300.04,,,False
USR34263,1,6879.64,1,0,1.0,0.0,6879.64,,,False
USR34265,1,2443.2,1,0,0.0,0.0,2443.2,,,False
USR34296,1,3464.42,1,0,0.0,0.0,3464.42,,,False
USR34297,1,16796.9,1,0,0.0,0.0,16796.9,,,False
USR34315,1,11732.99,0,1,0.0,0.0,11732.99,,,False
USR34316,1,10832.57,1,0,0.0,0.0,10832.57,KYC_DONE,True,True
USR34319,1,10805.37,1,0,0.0,0.0,10805.37,,,False
USR34322,1,21176.5,0,1,0.0,0.0,21176.5,,,False
USR34323,1,12350.41,1,0,0.0,0.0,12350.41,KYC_DONE,False,True
USR34328,1,13313.45,1,0,0.0,0.0,13313.45,VERIFIED,True,True
USR34331,1,20211.03,0,1,0.0,0.0,20211.03,,,False
USR34334,1,10694.25,1,0,0.0,0.0,10694.25,,,False
USR34336,1,8241.39,1,0,0.0,0.0,8241.39,,,False
USR34338,1,9120.52,0,0,0.0,0.0,9120.52,VERIFIED,True,True
USR34340,1,10692.97,1,0,0.0,0.0,10692.97,,,False
USR34341,3,23737.7,2,0,0.0,0.0,7912.566666666667,,,False
USR34344,1,18039.71,1,0,0.0,0.0,18039.71,,,False
USR34370,2,20311.57,2,0,1.0,0.0,10155.785,,,False
USR34371,2,11423.28,2,0,1.0,-2395.8,5711.64,,,False
USR34378,1,20790.06,1,0,0.0,0.0,20790.06,,,False
USR34382,1,5575.0,1,0,0.0,0.0,5575.0,,,False
USR34385,2,27531.690000000002,2,0,0.0,0.0,13765.845000000001,,,False
USR34386,1,1058.36,1,0,0.0,0.0,1058.36,VERIFIED,False,True
USR34387,2,30679.39,2,0,0.0,0.0,15339.695,PENDING,True,True
USR34388,1,4413.1,1,0,0.0,0.0,4413.1,,,False
USR34398,1,4300.24,1,0,0.0,0.0,4300.24,,,False
USR34400,1,15164.66,0,1,0.0,0.0,15164.66,,,False
USR34401,1,14816.24,1,0,0.0,0.0,14816.24,PENDING,False,True
USR34404,1,19009.64,1,0,0.0,0.0,19009.64,PENDING,False,True
USR34408,1,7853.85,0,1,0.0,0.0,7853.85,,,False
USR34410,1,16271.6,0,1,0.0,0.0,16271.6,,,False
USR34414,1,19746.24,1,0,0.0,0.0,19746.24,PENDING,False,True
USR34417,1,10536.0,1,0,0.0,0.0,10536.0,,,False
USR34419,2,29553.66,2,0,0.0,0.0,14776.83,,,False
USR34421,1,1214.82,0,1,0.0,0.0,1214.82,,,False
USR34435,1,16132.87,1,0,1.0,1092.58,16132.87,,,False
USR34441,3,41852.6,2,1,1.0,-5943.18,13950.866666666667,,,False
USR34443,2,-1479.5899999999983,2,0,0.0,0.0,-739.7949999999992,,,False
USR34449,1,5938.99,1,0,0.0,0.0,5938.99,VERIFIED,True,True
USR34453,1,23725.03,0,0,0.0,0.0,23725.03,,,False
USR34454,1,2408.0,1,0,0.0,0.0,2408.0,,,False
USR34455,1,6704.16,1,0,0.0,0.0,6704.16,VERIFIED,False,True
USR34456,1,7898.0,0,1,0.0,0.0,7898.0,VERIFIED,False,True
USR34458,1,19575.26,1,0,0.0,0.0,19575.26,,,False
USR34464,1,5899.71,1,0,0.0,0.0,5899.71,,,False
USR34465,1,1865.43,1,0,0.0,0.0,1865.43,,,False
USR34467,1,20915.0,1,0,0.0,0.0,20915.0,,,False
USR34476,1,6943.0,1,0,0.0,0.0,6943.0,,,False
USR34479,1,21056.42,1,0,0.0,0.0,21056.42,PENDING,False,True
USR34480,2,8083.74,2,0,0.0,0.0,4041.87,,,False
USR34483,2,15160.91,2,0,0.0,0.0,7580.455,,,False
USR34485,1,9948.13,1,0,0.0,0.0,9948.13,,,False
USR34486,1,8323.04,1,0,0.0,0.0,8323.04,,,False
USR34488,2,43287.28999999999,2,0,0.0,0.0,21643.644999999997,,,False
USR34496,1,23767.54,1,0,0.0,0.0,23767.54,,,False
USR34504,1,14417.86,1,0,0.0,0.0,14417.86,,,False
USR34516,1,18467.55,1,0,0.0,0.0,18467.55,,,False
USR34525,1,22178.29,1,0,0.0,0.0,22178.29,,,False
USR34532,1,15260.12,1,0,0.0,0.0,15260.12,,,False
USR34534,1,2366.0,1,0,0.0,0.0,2366.0,,,False
USR34544,1,13792.75,1,0,0.0,0.0,13792.75,,,False
USR34548,1,12145.35,1,0,0.0,0.0,12145.35,,,False
USR34559,1,11882.76,1,0,0.0,0.0,11882.76,,,False
USR34567,1,8753.04,1,0,0.0,0.0,8753.04,,,False
USR34574,1,17717.39,1,0,0.0,0.0,17717.39,,,False
USR34578,1,15927.22,1,0,0.0,0.0,15927.22,,,False
USR34580,1,20329.5,1,0,0.0,0.0,20329.5,VERIFIED,False,True
USR34582,1,21898.86,1,0,0.0,0.0,21898.86,VERIFIED,True,True
USR34592,1,22379.0,1,0,1.0,305.0,22379.0,REJECTED,False,True
USR34600,1,4269.86,0,1,0.0,0.0,4269.86,,,False
USR34608,1,23615.91,0,1,0.0,0.0,23615.91,PENDING,False,True
USR34614,1,15156.0,1,0,0.0,0.0,15156.0,VERIFIED,False,True
USR34618,1,13586.9,0,0,1.0,163.0,13586.9,,,False
USR34624,1,3249.96,0,0,0.0,0.0,3249.96,,,False
USR34628,1,22241.02,1,0,0.0,0.0,22241.02,,,False
USR34636,1,19225.14,1,0,0.0,0.0,19225.14,,,False
USR34637,1,7005.55,0,1,0.0,0.0,7005.55,KYC_DONE,True,True
USR34638,1,11661.76,1,0,0.0,0.0,11661.76,,,False
USR34640,1,21325.37,1,0,0.0,0.0,21325.37,KYC_DONE,False,True
USR34641,1,4925.24,1,0,0.0,0.0,4925.24,VERIFIED,False,True
USR34650,1,16844.4,1,0,0.0,0.0,16844.4,,,False
USR34651,1,19949.87,1,0,0.0,0.0,19949.87,VERIFIED,False,True
USR34652,1,21464.08,1,0,0.0,0.0,21464.08,,,False
USR34653,1,21930.2,1,0,0.0,0.0,21930.2,,,False
USR34665,1,18157.27,1,0,0.0,0.0,18157.27,,,False
USR34667,2,32664.0,1,1,2.0,551.59,16332.0,,,False
USR34672,1,22350.8,1,0,1.0,4126.61,22350.8,,,False
USR34673,1,20452.19,1,0,0.0,0.0,20452.19,,,False
USR34680,1,18472.0,0,1,0.0,0.0,18472.0,,,False
USR34683,1,9312.41,1,0,0.0,0.0,9312.41,,,False
USR34684,1,19322.51,1,0,0.0,0.0,19322.51,,,False
USR34686,1,17698.8,1,0,0.0,0.0,17698.8,VERIFIED,False,True
USR34687,1,3145.9,0,0,0.0,0.0,3145.9,REJECTED,False,True
USR34690,1,2681.93,1,0,0.0,0.0,2681.93,,,False
USR34699,1,1897.42,0,1,0.0,0.0,1897.42,,,False
USR34703,1,9877.08,0,1,0.0,0.0,9877.08,,,False
USR34704,1,3981.12,1,0,0.0,0.0,3981.12,,,False
USR34710,1,8311.16,1,0,0.0,0.0,8311.16,VERIFIED,False,True
USR34713,1,12585.68,0,1,0.0,0.0,12585.68,KYC_DONE,False,True
USR34715,1,14428.21,0,1,0.0,0.0,14428.21,,,False
USR34721,1,2866.22,1,0,0.0,0.0,2866.22,,,False
USR34728,1,3437.34,1,0,0.0,0.0,3437.34,VERIFIED,True,True
USR34733,1,9686.57,1,0,3.0,5623.62,9686.57,,,False
USR34744,1,4319.57,1,0,1.0,465.76,4319.57,,,False
USR34752,1,17345.12,1,0,1.0,5146.97,17345.12,,,False
USR34756,1,16980.77,1,0,0.0,0.0,16980.77,VERIFIED,False,True
USR34759,1,4776.8,0,0,0.0,0.0,4776.8,PENDING,True,True
USR34760,1,11014.39,1,0,2.0,1340.0,11014.39,KYC_DONE,False,True
USR34761,1,3971.42,1,0,0.0,0.0,3971.42,,,False
USR34763,1,2318.0,1,0,0.0,0.0,2318.0,,,False
USR34768,1,19866.51,1,0,0.0,0.0,19866.51,,,False
USR34776,1,19991.01,1,0,0.0,0.0,19991.01,,,False
USR34778,1,18844.12,1,0,0.0,0.0,18844.12,,,False
USR34782,1,15213.13,1,0,0.0,0.0,15213.13,,,False
USR34787,1,1585.21,1,0,0.0,0.0,1585.21,,,False
USR34791,1,21898.38,1,0,0.0,0.0,21898.38,,,False
USR34792,1,2836.51,1,0,0.0,0.0,2836.51,,,False
USR34811,1,5813.3,1,0,0.0,0.0,5813.3,KYC_DONE,False,True
USR34817,1,15197.73,1,0,0.0,0.0,15197.73,,,False
USR34818,1,7877.88,1,0,0.0,0.0,7877.88,,,False
USR34833,1,11737.88,0,0,0.0,0.0,11737.88,VERIFIED,False,True
USR34837,1,6989.11,1,0,0.0,0.0,6989.11,VERIFIED,False,True
USR34839,1,11271.08,1,0,0.0,0.0,11271.08,VERIFIED,False,True
USR34850,1,8985.72,1,0,1.0,9493.15,8985.72,,,False
USR34851,1,6379.5,1,0,0.0,0.0,6379.5,VERIFIED,False,True
USR34858,1,1071.35,1,0,1.0,0.0,1071.35,VERIFIED,False,True
USR34873,1,12992.35,1,0,0.0,0.0,12992.35,,,False
USR34876,1,2461.08,1,0,0.0,0.0,2461.08,,,False
USR34878,1,9814.98,1,0,0.0,0.0,9814.98,,,False
USR34884,1,3852.09,1,0,1.0,162.44,3852.09,,,False
USR34886,1,7185.94,1,0,0.0,0.0,7185.94,,,False
USR34887,2,32032.8,2,0,0.0,0.0,16016.4,VERIFIED,False,True
USR34896,1,1107.06,1,0,0.0,0.0,1107.06,KYC_DONE,True,True
USR34897,1,1863.0,1,0,2.0,7206.85,1863.0,KYC_DONE,True,True
USR34899,1,14148.88,1,0,0.0,0.0,14148.88,,,False
USR34905,1,18059.45,1,0,0.0,0.0,18059.45,,,False
USR34917,1,2212.0,1,0,0.0,0.0,2212.0,VERIFIED,True,True
USR34922,1,17261.17,0,1,0.0,0.0,17261.17,VERIFIED,False,True
USR34937,1,17985.0,1,0,0.0,0.0,17985.0,VERIFIED,False,True
USR34941,2,23817.73,2,0,1.0,438.11,11908.865,KYC_DONE,False,True
USR34944,1,12939.86,1,0,0.0,0.0,12939.86,,,False
USR34952,1,6097.93,0,1,0.0,0.0,6097.93,,,False
USR34954,1,1814.61,1,0,0.0,0.0,1814.61,,,False
USR34958,1,969.64,1,0,0.0,0.0,969.64,,,False
USR34959,1,6722.29,1,0,0.0,0.0,6722.29,,,False
USR34961,1,9786.79,1,0,0.0,0.0,9786.79,,,False
USR34968,1,11897.84,1,0,0.0,0.0,11897.84,,,False
USR35002,1,20049.83,1,0,0.0,0.0,20049.83,VERIFIED,True,True
USR35006,1,15759.88,1,0,0.0,0.0,15759.88,,,False
USR35020,1,7183.08,1,0,0.0,0.0,7183.08,,,False
USR35022,1,24785.13,1,0,0.0,0.0,24785.13,,,False
USR35025,1,14030.61,0,1,0.0,0.0,14030.61,PENDING,False,True
USR35030,1,7665.0,1,0,0.0,0.0,7665.0,VERIFIED,False,True
USR35032,1,1000.07,1,0,0.0,0.0,1000.07,KYC_DONE,True,True
USR35035,2,-914.6999999999971,0,1,1.0,1426.02,-457.34999999999854,KYC_DONE,True,True
USR35041,1,12586.73,1,0,0.0,0.0,12586.73,,,False
USR35046,1,20204.93,1,0,0.0,0.0,20204.93,,,False
USR35056,1,4988.5,1,0,0.0,0.0,4988.5,,,False
USR35062,1,14825.0,1,0,0.0,0.0,14825.0,,,False
USR35068,1,11927.87,1,0,0.0,0.0,11927.87,,,False
USR35069,2,11934.84,2,0,0.0,0.0,5967.42,VERIFIED,False,True
USR35076,1,22583.99,1,0,0.0,0.0,22583.99,,,False
USR35083,1,6095.22,1,0,0.0,0.0,6095.22,VERIFIED,False,True
USR35098,1,3182.34,0,1,0.0,0.0,3182.34,,,False
USR35111,1,23877.91,1,0,0.0,0.0,23877.91,,,False
USR35117,1,2683.71,1,0,0.0,0.0,2683.71,,,False
USR35119,1,15738.67,1,0,0.0,0.0,15738.67,VERIFIED,True,True
USR35120,1,23196.78,1,0,0.0,0.0,23196.78,,,False
USR35122,1,6047.62,1,0,0.0,0.0,6047.62,,,False
USR35145,1,5944.59,1,0,0.0,0.0,5944.59,,,False
USR35146,1,796.12,0,1,1.0,1692.85,796.12,,,False
USR35149,1,16061.75,1,0,0.0,0.0,16061.75,,,False
USR35153,1,13552.1,1,0,0.0,0.0,13552.1,VERIFIED,False,True
USR35168,1,18449.36,1,0,0.0,0.0,18449.36,VERIFIED,False,True
USR35171,1,426.62,1,0,0.0,0.0,426.62,,,False
USR35179,1,6900.48,1,0,1.0,255.73,6900.48,,,False
USR35180,1,3044.18,1,0,0.0,0.0,3044.18,,,False
USR35188,1,992.59,1,0,0.0,0.0,992.59,VERIFIED,False,True
USR35197,1,16101.17,1,0,0.0,0.0,16101.17,,,False
USR35198,1,1016.74,1,0,0.0,0.0,1016.74,KYC_DONE,True,True
USR35203,1,16687.11,1,0,1.0,1325.25,16687.11,,,False
USR35212,1,6537.39,1,0,0.0,0.0,6537.39,,,False
USR35218,1,16537.09,0,0,0.0,0.0,16537.09,VERIFIED,False,True
USR35220,1,19030.15,0,0,1.0,1419.0,19030.15,,,False
USR35221,1,9393.68,1,0,1.0,4506.23,9393.68,VERIFIED,False,True
USR35223,2,24706.89,2,0,0.0,0.0,12353.445,REJECTED,False,True
USR35224,1,22737.0,1,0,0.0,0.0,22737.0,,,False
USR35227,2,10562.42,1,1,1.0,3784.33,5281.21,,,False
USR35234,1,4036.14,0,1,0.0,0.0,4036.14,VERIFIED,True,True
USR35237,1,1881.65,0,0,1.0,782.28,1881.65,,,False
USR35239,1,1770.3,1,0,0.0,0.0,1770.3,KYC_DONE,False,True
USR35241,1,11828.17,1,0,1.0,428.55,11828.17,VERIFIED,False,True
USR35242,1,20426.41,1,0,0.0,0.0,20426.41,VERIFIED,False,True
USR35245,2,38593.37,2,0,0.0,0.0,19296.685,,,False
USR35249,1,19547.78,1,0,0.0,0.0,19547.78,,,False
USR35251,1,23164.66,0,1,0.0,0.0,23164.66,,,False
USR35259,1,2670.98,1,0,0.0,0.0,2670.98,VERIFIED,True,True
USR35263,1,10023.48,1,0,0.0,0.0,10023.48,,,False
USR35270,1,19771.0,1,0,0.0,0.0,19771.0,,,False
USR35277,1,21869.93,1,0,0.0,0.0,21869.93,,,False
USR35284,1,14650.76,1,0,0.0,0.0,14650.76,,,False
USR35288,1,4820.4,1,0,0.0,0.0,4820.4,VERIFIED,False,True
USR35289,1,13571.98,1,0,0.0,0.0,13571.98,,,False
USR35297,1,8077.13,1,0,0.0,0.0,8077.13,,,False
USR35301,1,9952.0,1,0,0.0,0.0,9952.0,VERIFIED,False,True
USR35305,1,20813.63,0,0,1.0,696.63,20813.63,,,False
USR35311,1,20261.94,0,1,0.0,0.0,20261.94,,,False
USR35317,1,24532.61,1,0,0.0,0.0,24532.61,VERIFIED,False,True
USR35320,1,8832.73,1,0,0.0,0.0,8832.73,,,False
USR35322,1,20667.66,0,1,0.0,0.0,20667.66,,,False
USR35329,1,329.01,1,0,0.0,0.0,329.01,KYC_DONE,False,True
USR35337,1,13307.46,1,0,1.0,1419.0,13307.46,,,False
USR35339,1,3561.25,1,0,1.0,1459.42,3561.25,,,False
USR35340,1,21676.62,1,0,0.0,0.0,21676.62,,,False
USR35345,1,4208.68,1,0,0.0,0.0,4208.68,,,False
USR35346,1,10156.25,1,0,0.0,0.0,10156.25,,,False
USR35347,1,12658.43,1,0,0.0,0.0,12658.43,,,False
USR35348,1,15161.86,1,0,0.0,0.0,15161.86,,,False
USR35351,1,10683.36,1,0,0.0,0.0,10683.36,VERIFIED,False,True
USR35357,1,15121.7,1,0,0.0,0.0,15121.7,,,False
USR35359,1,6472.2,1,0,0.0,0.0,6472.2,,,False
USR35367,1,10251.86,1,0,0.0,0.0,10251.86,,,False
USR35368,1,780.31,1,0,1.0,-647.02,780.31,,,False
USR35369,1,8970.89,1,0,1.0,1954.14,8970.89,VERIFIED,False,True
USR35374,1,19275.1,1,0,0.0,0.0,19275.1,,,False
USR35380,1,23996.49,1,0,0.0,0.0,23996.49,,,False
USR35382,1,23293.97,1,0,0.0,0.0,23293.97,,,False
USR35383,1,9506.0,1,0,1.0,3142.0,9506.0,KYC_DONE,False,True
USR35396,1,4277.3,0,0,1.0,1274.95,4277.3,,,False
USR35407,1,10078.0,1,0,0.0,0.0,10078.0,,,False
USR35409,1,9280.63,1,0,0.0,0.0,9280.63,VERIFIED,False,True
USR35423,1,23328.5,0,1,0.0,0.0,23328.5,,,False
USR35426,1,9971.74,1,0,0.0,0.0,9971.74,,,False
USR35427,1,5004.83,1,0,0.0,0.0,5004.83,,,False
USR35430,1,20900.37,1,0,1.0,2283.53,20900.37,,,False
USR35437,1,21272.81,1,0,0.0,0.0,21272.81,,,False
USR35438,1,23542.95,0,1,1.0,1495.59,23542.95,,,False
USR35448,2,28442.940000000002,2,0,0.0,0.0,14221.470000000001,,,False
USR35450,2,17261.67,2,0,0.0,0.0,8630.835,,,False
USR35451,1,7799.66,1,0,0.0,0.0,7799.66,,,False
USR35454,1,9557.05,1,0,0.0,0.0,9557.05,,,False
USR35459,1,15783.04,1,0,0.0,0.0,15783.04,,,False
USR35467,1,11090.46,0,0,0.0,0.0,11090.46,PENDING,True,True
USR35469,1,4535.21,0,0,2.0,2783.51,4535.21,,,False
USR35471,1,21123.15,1,0,0.0,0.0,21123.15,,,False
USR35472,1,15181.17,1,0,0.0,0.0,15181.17,,,False
USR35475,1,-23602.93,1,0,0.0,0.0,-23602.93,,,False
USR35477,1,9299.38,1,0,0.0,0.0,9299.38,VERIFIED,False,True
USR35487,2,39074.44,1,0,0.0,0.0,19537.22,VERIFIED,False,True
USR35489,1,2336.47,1,0,0.0,0.0,2336.47,,,False
USR35492,1,12866.39,0,0,0.0,0.0,12866.39,,,False
USR35497,1,4851.54,0,1,0.0,0.0,4851.54,,,False
USR35502,1,24165.1,1,0,0.0,0.0,24165.1,,,False
USR35506,1,11166.02,0,1,0.0,0.0,11166.02,,,False
USR35509,2,22012.55,2,0,0.0,0.0,11006.275,,,False
USR35512,1,15242.12,1,0,0.0,0.0,15242.12,,,False
USR35518,1,15702.16,1,0,0.0,0.0,15702.16,,,False
USR35520,1,24562.24,1,0,0.0,0.0,24562.24,,,False
USR35521,1,8900.0,1,0,0.0,0.0,8900.0,,,False
USR35529,1,23709.61,1,0,0.0,0.0,23709.61,VERIFIED,False,True
USR35532,1,-3492.51,1,0,0.0,0.0,-3492.51,,,False
USR35533,1,8847.41,0,0,0.0,0.0,8847.41,,,False
USR35541,1,3073.35,1,0,0.0,0.0,3073.35,VERIFIED,False,True
USR35543,1,650.8,1,0,0.0,0.0,650.8,,,False
USR35546,1,24887.96,1,0,0.0,0.0,24887.96,,,False
USR35551,1,948.9,1,0,0.0,0.0,948.9,VERIFIED,False,True
USR35556,1,23998.32,1,0,0.0,0.0,23998.32,,,False
USR35557,1,11835.6,1,0,0.0,0.0,11835.6,VERIFIED,True,True
USR35579,1,23549.94,1,0,0.0,0.0,23549.94,PENDING,False,True
USR35589,2,21179.010000000002,2,0,2.0,5745.43,10589.505000000001,,,False
USR35590,1,20065.68,0,1,0.0,0.0,20065.68,VERIFIED,True,True
USR35594,1,4000.06,1,0,0.0,0.0,4000.06,VERIFIED,True,True
USR35598,1,12802.43,1,0,0.0,0.0,12802.43,,,False
USR35609,1,5794.57,1,0,0.0,0.0,5794.57,,,False
USR35613,1,23444.74,1,0,0.0,0.0,23444.74,,,False
USR35622,1,16593.98,0,0,0.0,0.0,16593.98,,,False
USR35624,1,6579.39,1,0,0.0,0.0,6579.39,,,False
USR35633,2,15560.88,2,0,0.0,0.0,7780.44,,,False
USR35637,2,37303.81,2,0,0.0,0.0,18651.905,,,False
USR35652,1,6807.25,0,1,0.0,0.0,6807.25,,,False
USR35660,2,35196.22,2,0,0.0,0.0,17598.11,,,False
USR35665,1,24161.21,1,0,0.0,0.0,24161.21,,,False
USR35671,1,19220.99,0,1,0.0,0.0,19220.99,VERIFIED,False,True
USR35672,1,19229.0,1,0,0.0,0.0,19229.0,,,False
USR35674,2,25551.63,2,0,1.0,842.88,12775.815,PENDING,False,True
USR35676,1,15792.29,1,0,0.0,0.0,15792.29,,,False
USR35688,1,17301.26,1,0,0.0,0.0,17301.26,PENDING,False,True
USR35699,1,1950.42,1,0,0.0,0.0,1950.42,VERIFIED,True,True
USR35700,1,14932.14,1,0,0.0,0.0,14932.14,VERIFIED,False,True
USR35704,1,1650.0,1,0,0.0,0.0,1650.0,VERIFIED,True,True
USR35709,1,15214.11,1,0,0.0,0.0,15214.11,VERIFIED,False,True
USR35710,1,3043.08,0,1,0.0,0.0,3043.08,,,False
USR35713,3,26038.86,3,0,0.0,0.0,8679.62,,,False
USR35725,2,26777.15,0,2,0.0,0.0,13388.575,,,False
USR35726,1,18351.07,1,0,0.0,0.0,18351.07,,,False
USR35727,2,10249.699999999999,2,0,0.0,0.0,5124.849999999999,KYC_DONE,False,True
USR35729,1,14431.17,1,0,0.0,0.0,14431.17,,,False
USR35733,2,39492.19,2,0,0.0,0.0,19746.095,,,False
USR35735,1,21600.0,1,0,1.0,815.57,21600.0,,,False
USR35738,1,43.33,1,0,0.0,0.0,43.33,REJECTED,False,True
USR35745,1,9498.51,1,0,0.0,0.0,9498.51,,,False
USR35749,1,14363.5,1,0,0.0,0.0,14363.5,VERIFIED,False,True
USR35750,1,8529.99,1,0,0.0,0.0,8529.99,VERIFIED,False,True
USR35755,1,1570.23,1,0,0.0,0.0,1570.23,VERIFIED,True,True
USR35757,2,16300.64,2,0,0.0,0.0,8150.32,,,False
USR35761,1,19983.66,1,0,0.0,0.0,19983.66,,,False
USR35762,1,16930.57,1,0,1.0,370.32,16930.57,VERIFIED,True,True
USR35767,1,17736.0,1,0,0.0,0.0,17736.0,,,False
USR35772,1,5930.83,1,0,1.0,405.0,5930.83,,,False
USR35774,1,9701.65,1,0,1.0,2926.76,9701.65,,,False
USR35776,1,-16889.65,1,0,0.0,0.0,-16889.65,,,False
USR35780,1,17236.58,1,0,0.0,0.0,17236.58,,,False
USR35782,1,9512.23,1,0,0.0,0.0,9512.23,,,False
USR35786,1,24768.22,1,0,0.0,0.0,24768.22,,,False
USR35787,1,5379.63,1,0,1.0,0.0,5379.63,VERIFIED,False,True
USR35796,1,20084.58,1,0,0.0,0.0,20084.58,PENDING,False,True
USR35813,1,24921.89,1,0,0.0,0.0,24921.89,,,False
USR35819,1,12467.7,1,0,0.0,0.0,12467.7,,,False
USR35826,1,1622.0,1,0,0.0,0.0,1622.0,,,False
USR35830,1,20392.24,1,0,0.0,0.0,20392.24,VERIFIED,False,True
USR35832,1,14605.13,0,1,0.0,0.0,14605.13,KYC_DONE,False,True
USR35838,2,25709.0,2,0,1.0,3231.22,12854.5,,,False
USR35856,1,21748.95,1,0,0.0,0.0,21748.95,,,False
USR35860,1,1214.17,1,0,0.0,0.0,1214.17,,,False
USR35871,1,5161.59,1,0,0.0,0.0,5161.59,PENDING,False,True
USR35873,1,10908.8,1,0,1.0,577.0,10908.8,,,False
USR35884,1,9544.38,1,0,0.0,0.0,9544.38,,,False
USR35897,1,240.97,1,0,0.0,0.0,240.97,VERIFIED,False,True
USR35901,1,-10730.56,1,0,0.0,0.0,-10730.56,VERIFIED,False,True
USR35903,1,19343.18,1,0,0.0,0.0,19343.18,,,False
USR35905,1,14424.43,1,0,0.0,0.0,14424.43,,,False
USR35915,1,16437.26,1,0,0.0,0.0,16437.26,,,False
USR35920,1,6054.91,1,0,0.0,0.0,6054.91,VERIFIED,True,True
USR35923,1,13616.98,0,1,0.0,0.0,13616.98,PENDING,False,True
USR35927,1,7238.23,1,0,0.0,0.0,7238.23,,,False
USR35933,1,4949.22,1,0,0.0,0.0,4949.22,,,False
USR35938,1,16675.0,1,0,1.0,3251.08,16675.0,PENDING,False,True
USR35942,1,19816.75,1,0,0.0,0.0,19816.75,,,False
USR35945,1,3993.28,1,0,0.0,0.0,3993.28,PENDING,True,True
USR35947,1,5355.93,0,0,0.0,0.0,5355.93,,,False
USR35948,1,9084.58,1,0,0.0,0.0,9084.58,VERIFIED,False,True
USR35950,1,11866.13,1,0,0.0,0.0,11866.13,,,False
USR35957,1,21990.75,0,1,0.0,0.0,21990.75,VERIFIED,False,True
USR35963,1,21196.0,1,0,0.0,0.0,21196.0,,,False
USR35967,1,1067.94,1,0,0.0,0.0,1067.94,,,False
USR35971,1,22651.43,1,0,0.0,0.0,22651.43,,,False
USR35982,1,16630.29,1,0,0.0,0.0,16630.29,,,False
USR35988,2,28812.32,1,0,0.0,0.0,14406.16,VERIFIED,True,True
USR35989,1,4533.0,0,0,0.0,0.0,4533.0,,,False
USR35991,1,17720.54,1,0,0.0,0.0,17720.54,,,False
USR35994,1,18139.45,1,0,0.0,0.0,18139.45,,,False
USR36007,2,42380.78,2,0,0.0,0.0,21190.39,,,False
USR36009,1,19754.0,1,0,1.0,1742.0,19754.0,,,False
USR36011,1,17302.89,1,0,0.0,0.0,17302.89,,,False
USR36012,2,28504.53,2,0,0.0,0.0,14252.265,VERIFIED,False,True
USR36025,1,20657.17,1,0,0.0,0.0,20657.17,,,False
USR36033,2,23137.95,2,0,1.0,3170.75,11568.975,,,False
USR36034,1,23360.02,1,0,0.0,0.0,23360.02,,,False
USR36035,1,17142.28,1,0,0.0,0.0,17142.28,,,False
USR36039,1,11462.0,1,0,0.0,0.0,11462.0,,,False
USR36041,2,31572.62,2,0,0.0,0.0,15786.31,VERIFIED,False,True
USR36044,1,8263.81,1,0,0.0,0.0,8263.81,,,False
USR36062,1,8881.83,1,0,0.0,0.0,8881.83,,,False
USR36078,1,468.78,1,0,0.0,0.0,468.78,,,False
USR36079,1,588.0,1,0,0.0,0.0,588.0,,,False
USR36081,1,13775.93,1,0,0.0,0.0,13775.93,VERIFIED,False,True
USR36089,1,6561.48,1,0,0.0,0.0,6561.48,PENDING,False,True
USR36098,1,18798.11,1,0,0.0,0.0,18798.11,,,False
USR36099,1,1343.17,1,0,1.0,-4925.7,1343.17,VERIFIED,False,True
USR36102,1,16843.51,1,0,1.0,1731.1,16843.51,,,False
USR36104,1,14462.44,1,0,0.0,0.0,14462.44,VERIFIED,True,True
USR36106,1,9747.54,1,0,0.0,0.0,9747.54,,,False
USR36108,1,18781.92,1,0,0.0,0.0,18781.92,,,False
USR36110,1,19875.82,0,1,0.0,0.0,19875.82,VERIFIED,False,True
USR36112,1,183.73,1,0,0.0,0.0,183.73,VERIFIED,False,True
USR36122,1,10955.56,1,0,0.0,0.0,10955.56,,,False
USR36131,1,1029.22,1,0,0.0,0.0,1029.22,,,False
USR36137,1,8521.7,1,0,0.0,0.0,8521.7,,,False
USR36140,1,20482.57,1,0,0.0,0.0,20482.57,,,False
USR36142,1,24948.37,1,0,0.0,0.0,24948.37,,,False
USR36144,1,5157.44,1,0,0.0,0.0,5157.44,PENDING,False,True
USR36148,1,22491.32,1,0,0.0,0.0,22491.32,,,False
USR36151,1,2241.35,1,0,0.0,0.0,2241.35,VERIFIED,True,True
USR36163,1,24236.29,1,0,0.0,0.0,24236.29,,,False
USR36166,1,24493.22,1,0,0.0,0.0,24493.22,,,False
USR36167,1,5817.28,1,0,0.0,0.0,5817.28,KYC_DONE,True,True
USR36174,1,22368.91,1,0,0.0,0.0,22368.91,,,False
USR36176,1,3018.37,1,0,1.0,1178.89,3018.37,,,False
USR36177,1,12812.76,1,0,0.0,0.0,12812.76,VERIFIED,False,True
USR36186,1,23235.11,1,0,0.0,0.0,23235.11,VERIFIED,False,True
USR36187,1,4312.99,1,0,0.0,0.0,4312.99,,,False
USR36199,1,22912.54,1,0,1.0,26477.69,22912.54,,,False
USR36201,1,16216.87,1,0,0.0,0.0,16216.87,,,False
USR36205,1,4863.88,1,0,0.0,0.0,4863.88,,,False
USR36213,1,19491.82,1,0,0.0,0.0,19491.82,,,False
USR36216,1,5420.1,1,0,0.0,0.0,5420.1,VERIFIED,True,True
USR36218,1,-23106.7,1,0,0.0,0.0,-23106.7,,,False
USR36220,1,6769.02,1,0,1.0,1323.41,6769.02,,,False
USR36222,1,-17343.52,1,0,0.0,0.0,-17343.52,KYC_DONE,False,True
USR36225,1,11710.98,1,0,0.0,0.0,11710.98,VERIFIED,True,True
USR36229,1,23538.99,1,0,0.0,0.0,23538.99,,,False
USR36230,1,1696.89,1,0,0.0,0.0,1696.89,,,False
USR36233,2,13059.16,2,0,0.0,0.0,6529.58,VERIFIED,False,True
USR36238,1,13982.83,0,1,0.0,0.0,13982.83,,,False
USR36248,1,2203.83,1,0,0.0,0.0,2203.83,KYC_DONE,False,True
USR36251,1,19380.82,1,0,0.0,0.0,19380.82,,,False
USR36252,1,8887.34,1,0,0.0,0.0,8887.34,,,False
USR36254,1,21598.94,1,0,2.0,6469.360000000001,21598.94,,,False
USR36257,1,24928.0,1,0,0.0,0.0,24928.0,,,False
USR36262,1,15468.44,1,0,0.0,0.0,15468.44,,,False
USR36267,1,14255.83,1,0,0.0,0.0,14255.83,,,False
USR36274,1,17930.82,1,0,0.0,0.0,17930.82,,,False
USR36280,1,6451.0,0,1,0.0,0.0,6451.0,,,False
USR36289,1,17985.0,1,0,0.0,0.0,17985.0,VERIFIED,False,True
USR36293,1,15908.07,1,0,0.0,0.0,15908.07,PENDING,False,True
USR36299,1,16733.31,1,0,0.0,0.0,16733.31,,,False
USR36315,1,19623.08,1,0,0.0,0.0,19623.08,,,False
USR36317,1,7625.73,0,1,1.0,5160.27,7625.73,REJECTED,True,True
USR36318,1,3515.28,0,1,0.0,0.0,3515.28,,,False
USR36335,1,13854.29,1,0,0.0,0.0,13854.29,,,False
USR36336,1,8262.07,1,0,0.0,0.0,8262.07,VERIFIED,False,True
USR36347,1,12458.26,1,0,0.0,0.0,12458.26,,,False
USR36350,2,30387.18,2,0,0.0,0.0,15193.59,UNDER REVIEW,True,True
USR36361,1,18991.45,1,0,0.0,0.0,18991.45,,,False
USR36376,1,17240.33,1,0,0.0,0.0,17240.33,,,False
USR36382,1,23557.11,1,0,0.0,0.0,23557.11,REJECTED,False,True
USR36385,1,12342.79,1,0,0.0,0.0,12342.79,PENDING,False,True
USR36388,1,4021.28,1,0,0.0,0.0,4021.28,REJECTED,False,True
USR36399,1,21441.86,1,0,0.0,0.0,21441.86,,,False
USR36406,1,901.5,1,0,0.0,0.0,901.5,,,False
USR36416,1,16043.0,1,0,0.0,0.0,16043.0,,,False
USR36417,1,8905.0,1,0,0.0,0.0,8905.0,,,False
USR36420,1,24967.37,1,0,0.0,0.0,24967.37,,,False
USR36422,2,5526.8,2,0,0.0,0.0,2763.4,KYC_DONE,True,True
USR36424,1,14979.33,1,0,0.0,0.0,14979.33,VERIFIED,False,True
USR36429,1,1826.33,1,0,0.0,0.0,1826.33,,,False
USR36437,2,8722.09,2,0,0.0,0.0,4361.045,VERIFIED,False,True
USR36438,1,10506.0,1,0,0.0,0.0,10506.0,KYC_DONE,False,True
USR36439,1,13618.86,0,1,1.0,683.69,13618.86,KYC_DONE,True,True
USR36442,1,16221.56,1,0,1.0,1596.0,16221.56,,,False
USR36448,1,23900.93,1,0,0.0,0.0,23900.93,,,False
USR36471,1,22952.73,1,0,0.0,0.0,22952.73,,,False
USR36475,1,7192.19,1,0,0.0,0.0,7192.19,,,False
USR36484,1,15704.48,0,0,0.0,0.0,15704.48,,,False
USR36493,1,20124.62,1,0,0.0,0.0,20124.62,,,False
USR36496,1,13387.4,1,0,0.0,0.0,13387.4,,,False
USR36500,1,23524.74,1,0,0.0,0.0,23524.74,,,False
USR36502,1,3055.93,0,1,0.0,0.0,3055.93,,,False
USR36504,1,19770.17,1,0,1.0,1526.17,19770.17,,,False
USR36510,1,7022.0,1,0,0.0,0.0,7022.0,KYC_DONE,False,True
USR36515,1,24196.94,0,0,0.0,0.0,24196.94,,,False
USR36516,2,17406.55,2,0,0.0,0.0,8703.275,VERIFIED,True,True
USR36523,1,903.35,1,0,0.0,0.0,903.35,VERIFIED,False,True
USR36528,1,24394.98,1,0,1.0,9374.52,24394.98,,,False
USR36535,1,24194.36,1,0,0.0,0.0,24194.36,,,False
USR36545,1,11450.76,1,0,0.0,0.0,11450.76,,,False
USR36546,1,923.0,1,0,0.0,0.0,923.0,,,False
USR36548,1,11034.31,1,0,0.0,0.0,11034.31,,,False
USR36557,1,23679.35,0,1,1.0,354.48,23679.35,KYC_DONE,True,True
USR36559,1,22258.96,1,0,0.0,0.0,22258.96,KYC_DONE,False,True
USR36563,1,15411.11,1,0,0.0,0.0,15411.11,,,False
USR36568,1,21470.52,1,0,0.0,0.0,21470.52,,,False
USR36581,2,2401.27,2,0,0.0,0.0,1200.635,,,False
USR36596,1,19352.34,1,0,0.0,0.0,19352.34,VERIFIED,False,True
USR36608,1,8568.0,1,0,1.0,896.7,8568.0,,,False
USR36609,1,11761.52,1,0,0.0,0.0,11761.52,,,False
USR36610,1,24660.49,1,0,0.0,0.0,24660.49,,,False
USR36620,1,18228.05,0,0,0.0,0.0,18228.05,VERIFIED,False,True
USR36623,1,20998.05,1,0,0.0,0.0,20998.05,,,False
USR36626,1,16471.35,1,0,0.0,0.0,16471.35,,,False
USR36627,1,5344.4,1,0,0.0,0.0,5344.4,REJECTED,False,True
USR36630,1,20863.01,1,0,0.0,0.0,20863.01,VERIFIED,False,True
USR36631,1,20514.48,1,0,0.0,0.0,20514.48,,,False
USR36632,1,8020.98,1,0,0.0,0.0,8020.98,,,False
USR36642,1,10665.89,1,0,0.0,0.0,10665.89,,,False
USR36644,1,20328.15,1,0,0.0,0.0,20328.15,REJECTED,False,True
USR36647,2,30177.760000000002,2,0,0.0,0.0,15088.880000000001,REJECTED,False,True
USR36649,1,18521.81,1,0,0.0,0.0,18521.81,VERIFIED,True,True
USR36659,1,12879.41,1,0,0.0,0.0,12879.41,VERIFIED,False,True
USR36667,1,22019.91,1,0,0.0,0.0,22019.91,VERIFIED,True,True
USR36678,1,18515.55,1,0,1.0,1552.09,18515.55,,,False
USR36680,1,9446.95,1,0,0.0,0.0,9446.95,,,False
USR36682,1,9364.66,1,0,0.0,0.0,9364.66,VERIFIED,True,True
USR36684,1,15325.24,1,0,1.0,5986.31,15325.24,,,False
USR36687,2,21546.75,2,0,2.0,1029.81,10773.375,,,False
USR36702,1,1749.1,0,1,0.0,0.0,1749.1,VERIFIED,False,True
USR36703,1,20546.82,1,0,0.0,0.0,20546.82,,,False
USR36706,1,20736.71,1,0,0.0,0.0,20736.71,VERIFIED,False,True
USR36710,1,17300.64,1,0,1.0,584.74,17300.64,VERIFIED,False,True
USR36717,1,1403.0,1,0,0.0,0.0,1403.0,,,False
USR36718,1,7223.77,0,1,0.0,0.0,7223.77,,,False
USR36724,1,3536.74,1,0,0.0,0.0,3536.74,,,False
USR36733,1,8911.29,1,0,0.0,0.0,8911.29,,,False
USR36743,1,23447.8,1,0,0.0,0.0,23447.8,VERIFIED,False,True
USR36744,1,948.53,1,0,0.0,0.0,948.53,,,False
USR36748,2,12298.0,2,0,0.0,0.0,6149.0,,,False
USR36750,2,23559.0,2,0,1.0,640.77,11779.5,,,False
USR36755,1,1764.21,0,0,0.0,0.0,1764.21,,,False
USR36757,1,13359.41,1,0,0.0,0.0,13359.41,,,False
USR36760,1,-11232.47,1,0,0.0,0.0,-11232.47,KYC_DONE,False,True
USR36764,1,20307.87,1,0,1.0,1996.81,20307.87,,,False
USR36765,2,23473.87,2,0,1.0,596.6,11736.935,,,False
USR36770,1,7605.52,1,0,0.0,0.0,7605.52,,,False
USR36784,1,6271.11,0,0,1.0,2485.28,6271.11,,,False
USR36792,2,24561.37,2,0,0.0,0.0,12280.685,,,False
USR36799,1,13123.14,1,0,0.0,0.0,13123.14,,,False
USR36803,1,22792.96,1,0,0.0,0.0,22792.96,,,False
USR36805,1,24748.18,1,0,0.0,0.0,24748.18,,,False
USR36812,1,8396.88,0,0,0.0,0.0,8396.88,,,False
USR36813,1,16122.47,1,0,0.0,0.0,16122.47,PENDING,False,True
USR36816,2,37820.28,2,0,0.0,0.0,18910.14,VERIFIED,False,True
USR36822,1,6677.2,1,0,0.0,0.0,6677.2,,,False
USR36823,1,12396.58,1,0,0.0,0.0,12396.58,VERIFIED,False,True
USR36825,1,12282.48,0,1,0.0,0.0,12282.48,,,False
USR36828,1,812.67,1,0,1.0,860.0,812.67,,,False
USR36829,1,21173.71,1,0,1.0,3047.23,21173.71,,,False
USR36830,1,4968.0,1,0,0.0,0.0,4968.0,,,False
USR36835,1,15110.0,1,0,0.0,0.0,15110.0,VERIFIED,True,True
USR36838,1,-6551.2,1,0,0.0,0.0,-6551.2,,,False
USR36842,1,2838.0,1,0,0.0,0.0,2838.0,,,False
USR36853,1,3165.36,1,0,0.0,0.0,3165.36,VERIFIED,False,True
USR36855,2,28839.55,2,0,1.0,587.08,14419.775,,,False
USR36858,1,19784.85,1,0,0.0,0.0,19784.85,,,False
USR36864,2,39817.270000000004,2,0,0.0,0.0,19908.635000000002,VERIFIED,False,True
USR36873,1,18734.39,1,0,1.0,415.04,18734.39,,,False
USR36884,1,5150.55,1,0,1.0,830.69,5150.55,,,False
USR36885,1,24880.0,1,0,1.0,3052.0,24880.0,,,False
USR36886,1,826.15,1,0,0.0,0.0,826.15,,,False
USR36902,1,11067.35,1,0,0.0,0.0,11067.35,,,False
USR36909,1,24415.67,1,0,1.0,6694.94,24415.67,,,False
USR36917,1,9385.66,1,0,1.0,320.53,9385.66,,,False
USR36923,2,31829.480000000003,1,0,0.0,0.0,15914.740000000002,,,False
USR36931,1,1929.31,0,1,0.0,0.0,1929.31,,,False
USR36939,1,12436.39,1,0,0.0,0.0,12436.39,,,False
USR36941,1,22938.94,1,0,0.0,0.0,22938.94,KYC_DONE,False,True
USR36946,2,31783.95,2,0,0.0,0.0,15891.975,,,False
USR36952,1,10763.34,1,0,1.0,0.0,10763.34,,,False
USR36953,1,16005.86,1,0,0.0,0.0,16005.86,,,False
USR36963,1,3706.3,1,0,0.0,0.0,3706.3,,,False
USR36965,1,15290.48,0,1,0.0,0.0,15290.48,,,False
USR36975,1,8151.0,0,0,0.0,0.0,8151.0,,,False
USR36976,1,4594.22,1,0,0.0,0.0,4594.22,VERIFIED,False,True
USR36978,1,12424.2,1,0,0.0,0.0,12424.2,VERIFIED,False,True
USR36986,1,9415.92,1,0,1.0,3937.19,9415.92,,,False
USR36989,1,10754.0,0,1,1.0,1428.93,10754.0,,,False
USR36992,1,19910.68,1,0,0.0,0.0,19910.68,VERIFIED,False,True
USR36999,1,3346.55,1,0,0.0,0.0,3346.55,VERIFIED,False,True
USR37004,1,17758.97,1,0,0.0,0.0,17758.97,REJECTED,False,True
USR37005,1,24215.66,1,0,0.0,0.0,24215.66,,,False
USR37015,1,3291.77,1,0,0.0,0.0,3291.77,,,False
USR37017,1,839.58,1,0,2.0,5814.0,839.58,VERIFIED,True,True
USR37019,1,2068.7,1,0,0.0,0.0,2068.7,VERIFIED,False,True
USR37026,1,7211.0,1,0,0.0,0.0,7211.0,,,False
USR37032,1,6016.0,1,0,0.0,0.0,6016.0,,,False
USR37033,1,13460.94,1,0,0.0,0.0,13460.94,,,False
USR37034,1,6357.99,1,0,0.0,0.0,6357.99,REJECTED,False,True
USR37037,1,18181.01,1,0,0.0,0.0,18181.01,KYC_DONE,False,True
USR37038,1,8818.36,1,0,0.0,0.0,8818.36,KYC_DONE,False,True
USR37044,1,24531.63,0,1,0.0,0.0,24531.63,,,False
USR37047,1,21937.98,1,0,0.0,0.0,21937.98,VERIFIED,False,True
USR37049,1,14010.43,1,0,0.0,0.0,14010.43,,,False
USR37057,1,337.23,1,0,1.0,2083.96,337.23,VERIFIED,True,True
USR37060,1,12144.89,0,1,0.0,0.0,12144.89,,,False
USR37069,1,5451.05,1,0,0.0,0.0,5451.05,,,False
USR37077,1,14599.99,1,0,0.0,0.0,14599.99,,,False
USR37085,1,2477.84,1,0,0.0,0.0,2477.84,,,False
USR37097,1,22257.55,1,0,0.0,0.0,22257.55,VERIFIED,False,True
USR37103,1,20361.45,0,0,0.0,0.0,20361.45,VERIFIED,False,True
USR37106,1,15258.0,1,0,0.0,0.0,15258.0,,,False
USR37111,1,3420.0,0,1,0.0,0.0,3420.0,VERIFIED,False,True
USR37115,1,2240.35,0,1,0.0,0.0,2240.35,VERIFIED,False,True
USR37117,1,6773.39,1,0,0.0,0.0,6773.39,,,False
USR37132,1,8098.74,1,0,0.0,0.0,8098.74,VERIFIED,True,True
USR37134,1,9229.0,1,0,0.0,0.0,9229.0,KYC_DONE,False,True
USR37143,1,22229.31,1,0,1.0,635.0,22229.31,REJECTED,False,True
USR37149,2,26401.3,2,0,0.0,0.0,13200.65,VERIFIED,False,True
USR37150,1,13562.08,1,0,0.0,0.0,13562.08,,,False
USR37155,2,45086.380000000005,2,0,1.0,10880.54,22543.190000000002,,,False
USR37159,1,20623.0,1,0,0.0,0.0,20623.0,,,False
USR37160,1,6038.7,0,1,0.0,0.0,6038.7,,,False
USR37164,1,10663.69,1,0,1.0,8430.86,10663.69,VERIFIED,False,True
USR37165,1,21786.64,1,0,0.0,0.0,21786.64,,,False
USR37171,1,2171.87,1,0,0.0,0.0,2171.87,,,False
USR37175,2,21565.760000000002,2,0,0.0,0.0,10782.880000000001,VERIFIED,False,True
USR37181,1,6724.01,1,0,0.0,0.0,6724.01,,,False
USR37190,1,19042.87,1,0,0.0,0.0,19042.87,,,False
USR37193,1,4797.96,0,1,0.0,0.0,4797.96,,,False
USR37195,1,22553.64,1,0,0.0,0.0,22553.64,,,False
USR37202,1,16849.0,1,0,1.0,975.44,16849.0,VERIFIED,False,True
USR37204,1,8771.18,1,0,0.0,0.0,8771.18,VERIFIED,False,True
USR37219,1,12217.96,1,0,0.0,0.0,12217.96,,,False
USR37222,1,23264.75,1,0,0.0,0.0,23264.75,REJECTED,False,True
USR37223,1,14297.02,1,0,0.0,0.0,14297.02,,,False
USR37227,2,17320.309999999998,2,0,0.0,0.0,8660.154999999999,,,False
USR37228,1,1036.25,1,0,0.0,0.0,1036.25,,,False
USR37241,1,10577.68,1,0,0.0,0.0,10577.68,,,False
USR37244,1,18013.2,1,0,0.0,0.0,18013.2,,,False
USR37251,2,31780.02,2,0,0.0,0.0,15890.01,,,False
USR37252,1,6477.22,1,0,0.0,0.0,6477.22,VERIFIED,False,True
USR37257,1,-4833.97,1,0,0.0,0.0,-4833.97,,,False
USR37263,2,17487.65,1,1,0.0,0.0,8743.825,PENDING,False,True
USR37265,1,4475.54,0,1,0.0,0.0,4475.54,VERIFIED,False,True
USR37276,1,1670.43,1,0,0.0,0.0,1670.43,VERIFIED,True,True
USR37280,1,2866.14,0,0,0.0,0.0,2866.14,,,False
USR37282,1,5444.93,1,0,1.0,4626.0,5444.93,,,False
USR37290,1,8631.12,1,0,0.0,0.0,8631.12,VERIFIED,False,True
USR37291,1,7040.65,1,0,0.0,0.0,7040.65,,,False
USR37294,1,946.82,1,0,0.0,0.0,946.82,,,False
USR37295,1,2531.21,1,0,0.0,0.0,2531.21,,,False
USR37297,1,24534.61,1,0,1.0,3661.74,24534.61,,,False
USR37299,1,17774.78,1,0,0.0,0.0,17774.78,,,False
USR37300,1,10817.76,1,0,0.0,0.0,10817.76,,,False
USR37303,1,22457.49,1,0,0.0,0.0,22457.49,,,False
USR37308,1,7480.16,1,0,0.0,0.0,7480.16,KYC_DONE,True,True
USR37312,2,26445.15,2,0,0.0,0.0,13222.575,,,False
USR37314,1,-7112.8,1,0,0.0,0.0,-7112.8,,,False
USR37315,1,14979.29,1,0,0.0,0.0,14979.29,,,False
USR37319,1,12097.17,1,0,0.0,0.0,12097.17,,,False
USR37321,1,20547.56,1,0,0.0,0.0,20547.56,KYC_DONE,True,True
USR37324,1,2981.39,1,0,0.0,0.0,2981.39,VERIFIED,False,True
USR37332,1,4949.8,0,1,0.0,0.0,4949.8,,,False
USR37339,1,23021.99,1,0,0.0,0.0,23021.99,,,False
USR37342,1,7975.63,0,0,0.0,0.0,7975.63,,,False
USR37344,1,12630.65,0,1,1.0,1500.0,12630.65,REJECTED,True,True
USR37351,1,19933.5,1,0,0.0,0.0,19933.5,,,False
USR37353,2,21529.48,2,0,1.0,1004.32,10764.74,,,False
USR37355,1,14438.06,1,0,0.0,0.0,14438.06,VERIFIED,True,True
USR37361,1,5709.71,1,0,0.0,0.0,5709.71,,,False
USR37362,1,8105.24,0,1,0.0,0.0,8105.24,,,False
USR37368,1,5335.49,1,0,0.0,0.0,5335.49,,,False
USR37372,1,24267.21,1,0,0.0,0.0,24267.21,KYC_DONE,False,True
USR37376,1,24539.0,1,0,0.0,0.0,24539.0,VERIFIED,False,True
USR37385,2,38862.619999999995,2,0,0.0,0.0,19431.309999999998,,,False
USR37390,1,9008.04,1,0,0.0,0.0,9008.04,VERIFIED,False,True
USR37392,1,15165.38,0,0,0.0,0.0,15165.38,,,False
USR37394,1,17817.99,1,0,0.0,0.0,17817.99,,,False
USR37403,2,8189.04,2,0,0.0,0.0,4094.52,UNDER REVIEW,True,True
USR37405,1,15433.68,1,0,0.0,0.0,15433.68,,,False
USR37409,1,16490.66,1,0,0.0,0.0,16490.66,,,False
USR37413,1,6266.46,1,0,0.0,0.0,6266.46,,,False
USR37418,1,830.56,0,1,0.0,0.0,830.56,KYC_DONE,False,True
USR37420,1,7012.61,1,0,0.0,0.0,7012.61,,,False
USR37425,1,17114.38,0,1,0.0,0.0,17114.38,,,False
USR37426,1,15515.64,1,0,0.0,0.0,15515.64,KYC_DONE,False,True
USR37443,1,2535.13,1,0,0.0,0.0,2535.13,,,False
USR37453,1,10723.0,1,0,0.0,0.0,10723.0,,,False
USR37456,1,15643.48,0,0,0.0,0.0,15643.48,,,False
USR37463,2,32787.3,2,0,0.0,0.0,16393.65,,,False
USR37477,1,9818.41,1,0,0.0,0.0,9818.41,VERIFIED,False,True
USR37488,1,17058.0,1,0,0.0,0.0,17058.0,VERIFIED,False,True
USR37491,1,21722.58,1,0,0.0,0.0,21722.58,,,False
USR37495,1,16142.85,1,0,0.0,0.0,16142.85,,,False
USR37497,1,17017.07,0,1,1.0,743.67,17017.07,,,False
USR37501,1,5049.36,1,0,0.0,0.0,5049.36,VERIFIED,False,True
USR37502,1,6185.11,1,0,0.0,0.0,6185.11,VERIFIED,True,True
USR37506,1,7327.96,1,0,1.0,879.0,7327.96,,,False
USR37509,1,2340.57,0,1,0.0,0.0,2340.57,VERIFIED,False,True
USR37512,1,11208.74,1,0,0.0,0.0,11208.74,,,False
USR37514,2,30848.230000000003,2,0,0.0,0.0,15424.115000000002,VERIFIED,True,True
USR37520,1,-24617.29,1,0,1.0,613.53,-24617.29,,,False
USR37530,1,13043.32,1,0,0.0,0.0,13043.32,,,False
USR37531,1,24377.43,1,0,0.0,0.0,24377.43,,,False
USR37532,1,21492.5,1,0,0.0,0.0,21492.5,VERIFIED,False,True
USR37536,2,18569.73,2,0,0.0,0.0,9284.865,VERIFIED,False,True
USR37537,1,15418.53,1,0,1.0,4086.0,15418.53,,,False
USR37542,1,4739.05,1,0,0.0,0.0,4739.05,,,False
USR37549,1,12597.95,1,0,0.0,0.0,12597.95,,,False
USR37551,1,4485.58,1,0,0.0,0.0,4485.58,,,False
USR37553,1,16662.97,1,0,0.0,0.0,16662.97,,,False
USR37559,1,8652.26,1,0,0.0,0.0,8652.26,PENDING,False,True
USR37563,1,2298.64,1,0,0.0,0.0,2298.64,,,False
USR37565,1,-21204.93,1,0,0.0,0.0,-21204.93,,,False
USR37568,2,26796.63,2,0,1.0,2210.2,13398.315,KYC_DONE,False,True
USR37579,1,11690.01,1,0,0.0,0.0,11690.01,,,False
USR37581,1,876.41,1,0,0.0,0.0,876.41,,,False
USR37596,1,15112.94,1,0,0.0,0.0,15112.94,PENDING,False,True
USR37601,1,5960.74,1,0,0.0,0.0,5960.74,VERIFIED,False,True
USR37604,1,6752.2,1,0,0.0,0.0,6752.2,,,False
USR37605,1,4430.65,1,0,0.0,0.0,4430.65,,,False
USR37608,1,13012.49,0,1,0.0,0.0,13012.49,,,False
USR37611,1,5996.65,1,0,0.0,0.0,5996.65,VERIFIED,False,True
USR37619,1,2266.34,1,0,0.0,0.0,2266.34,REJECTED,False,True
USR37632,1,18098.48,1,0,0.0,0.0,18098.48,,,False
USR37637,1,24068.69,1,0,1.0,-2505.44,24068.69,KYC_DONE,False,True
USR37647,1,19156.27,1,0,0.0,0.0,19156.27,,,False
USR37654,1,8382.88,1,0,0.0,0.0,8382.88,,,False
USR37657,1,1515.07,1,0,0.0,0.0,1515.07,VERIFIED,True,True
USR37664,2,23868.0,1,1,0.0,0.0,11934.0,,,False
USR37686,1,18450.04,1,0,0.0,0.0,18450.04,VERIFIED,False,True
USR37690,2,10689.94,2,0,1.0,-451.83,5344.97,VERIFIED,False,True
USR37691,1,5083.0,1,0,0.0,0.0,5083.0,,,False
USR37692,1,8221.52,1,0,0.0,0.0,8221.52,,,False
USR37693,1,5523.94,1,0,0.0,0.0,5523.94,,,False
USR37694,1,19357.02,1,0,1.0,3491.1,19357.02,,,False
USR37696,1,4316.27,1,0,0.0,0.0,4316.27,,,False
USR37703,1,2216.07,1,0,0.0,0.0,2216.07,,,False
USR37710,1,8910.9,1,0,0.0,0.0,8910.9,KYC_DONE,True,True
USR37711,1,16368.98,1,0,0.0,0.0,16368.98,,,False
USR37713,1,3747.24,1,0,0.0,0.0,3747.24,,,False
USR37724,1,12809.13,1,0,0.0,0.0,12809.13,,,False
USR37740,1,940.41,0,1,0.0,0.0,940.41,VERIFIED,False,True
USR37742,1,15171.81,1,0,0.0,0.0,15171.81,,,False
USR37759,1,23116.8,1,0,0.0,0.0,23116.8,VERIFIED,False,True
USR37771,1,-3824.8,1,0,0.0,0.0,-3824.8,,,False
USR37782,1,12364.33,1,0,1.0,2014.01,12364.33,VERIFIED,False,True
USR37788,1,22771.75,1,0,0.0,0.0,22771.75,REJECTED,False,True
USR37799,2,21827.4,2,0,0.0,0.0,10913.7,VERIFIED,True,True
USR37808,1,6284.46,0,1,0.0,0.0,6284.46,,,False
USR37810,1,22637.66,1,0,0.0,0.0,22637.66,,,False
USR37822,1,18795.13,1,0,0.0,0.0,18795.13,VERIFIED,False,True
USR37823,1,15532.12,1,0,0.0,0.0,15532.12,,,False
USR37827,1,23018.08,1,0,0.0,0.0,23018.08,,,False
USR37834,1,19118.63,1,0,1.0,1330.95,19118.63,,,False
USR37842,1,15971.7,1,0,1.0,5247.0,15971.7,,,False
USR37851,1,8456.5,0,1,0.0,0.0,8456.5,,,False
USR37853,1,-9005.44,1,0,0.0,0.0,-9005.44,VERIFIED,False,True
USR37854,2,42730.84,1,0,1.0,4101.67,21365.42,,,False
USR37864,2,456.3199999999997,2,0,0.0,0.0,228.15999999999985,,,False
USR37879,2,25887.16,2,0,1.0,562.29,12943.58,REJECTED,False,True
USR37889,1,7193.67,1,0,0.0,0.0,7193.67,,,False
USR37899,2,6817.9,1,0,2.0,3190.0,3408.95,,,False
USR37904,1,20205.0,1,0,0.0,0.0,20205.0,,,False
USR37919,1,24160.77,1,0,0.0,0.0,24160.77,,,False
USR37924,1,10912.32,1,0,0.0,0.0,10912.32,,,False
USR37934,1,23970.03,1,0,0.0,0.0,23970.03,,,False
USR37945,1,17989.56,1,0,0.0,0.0,17989.56,,,False
USR37946,3,55928.57,2,1,0.0,0.0,18642.856666666667,PENDING,False,True
USR37955,1,16995.08,0,1,0.0,0.0,16995.08,VERIFIED,False,True
USR37962,2,18710.2,1,0,0.0,0.0,9355.1,VERIFIED,True,True
USR37963,1,6408.0,1,0,0.0,0.0,6408.0,,,False
USR37969,1,12058.0,1,0,1.0,1594.84,12058.0,,,False
USR37972,1,18749.0,1,0,0.0,0.0,18749.0,,,False
USR37976,1,19128.43,1,0,0.0,0.0,19128.43,VERIFIED,True,True
USR37982,1,10400.49,1,0,0.0,0.0,10400.49,,,False
USR37985,1,17642.59,0,1,0.0,0.0,17642.59,,,False
USR37991,1,20097.08,1,0,0.0,0.0,20097.08,,,False
USR37993,1,6094.95,1,0,0.0,0.0,6094.95,,,False
USR38000,1,1275.63,1,0,0.0,0.0,1275.63,,,False
USR38001,1,7472.0,1,0,0.0,0.0,7472.0,,,False
USR38004,1,2400.63,1,0,0.0,0.0,2400.63,,,False
USR38010,1,6444.41,1,0,0.0,0.0,6444.41,,,False
USR38016,1,3433.0,1,0,1.0,980.58,3433.0,VERIFIED,True,True
USR38022,1,12377.84,1,0,0.0,0.0,12377.84,,,False
USR38032,1,24168.69,1,0,0.0,0.0,24168.69,VERIFIED,True,True
USR38035,1,931.96,0,0,0.0,0.0,931.96,,,False
USR38047,1,20724.14,0,0,0.0,0.0,20724.14,,,False
USR38048,1,289.87,1,0,0.0,0.0,289.87,,,False
USR38053,1,16209.0,0,0,1.0,3750.2,16209.0,,,False
USR38061,1,22869.59,1,0,0.0,0.0,22869.59,,,False
USR38062,1,15987.98,0,1,0.0,0.0,15987.98,,,False
USR38065,1,6848.27,1,0,0.0,0.0,6848.27,VERIFIED,True,True
USR38068,1,19012.4,0,1,0.0,0.0,19012.4,,,False
USR38080,1,7576.16,1,0,0.0,0.0,7576.16,,,False
USR38094,2,38573.43,2,0,0.0,0.0,19286.715,,,False
USR38108,2,17804.8,2,0,0.0,0.0,8902.4,,,False
USR38110,1,11495.77,1,0,0.0,0.0,11495.77,VERIFIED,False,True
USR38113,1,23450.32,1,0,0.0,0.0,23450.32,,,False
USR38114,1,15870.44,1,0,0.0,0.0,15870.44,,,False
USR38116,1,461.0,1,0,0.0,0.0,461.0,,,False
USR38119,1,23828.47,1,0,0.0,0.0,23828.47,,,False
USR38127,1,85.49,1,0,0.0,0.0,85.49,,,False
USR38130,1,23250.83,1,0,0.0,0.0,23250.83,VERIFIED,False,True
USR38137,1,-20913.47,1,0,0.0,0.0,-20913.47,VERIFIED,False,True
USR38138,1,10210.75,1,0,0.0,0.0,10210.75,,,False
USR38155,2,43624.43,2,0,0.0,0.0,21812.215,,,False
USR38157,1,7029.27,1,0,0.0,0.0,7029.27,,,False
USR38159,1,14269.54,1,0,0.0,0.0,14269.54,,,False
USR38166,1,18024.87,1,0,0.0,0.0,18024.87,,,False
USR38173,1,16963.88,1,0,0.0,0.0,16963.88,PENDING,False,True
USR38177,1,8774.29,1,0,0.0,0.0,8774.29,PENDING,True,True
USR38179,1,3511.0,1,0,0.0,0.0,3511.0,,,False
USR38185,1,18647.57,1,0,0.0,0.0,18647.57,,,False
USR38189,1,12547.46,1,0,0.0,0.0,12547.46,VERIFIED,False,True
USR38192,1,12401.04,1,0,0.0,0.0,12401.04,,,False
USR38195,1,13680.23,1,0,0.0,0.0,13680.23,,,False
USR38197,1,2901.68,1,0,1.0,376.0,2901.68,VERIFIED,True,True
USR38200,1,10671.37,1,0,0.0,0.0,10671.37,REJECTED,False,True
USR38207,2,-8461.72,2,0,0.0,0.0,-4230.86,VERIFIED,True,True
USR38210,1,2609.22,1,0,0.0,0.0,2609.22,,,False
USR38220,1,19686.8,0,0,0.0,0.0,19686.8,,,False
USR38221,1,19917.05,1,0,0.0,0.0,19917.05,,,False
USR38224,1,11507.06,1,0,0.0,0.0,11507.06,,,False
USR38238,1,15797.09,1,0,1.0,4366.91,15797.09,,,False
USR38239,1,-14626.94,1,0,0.0,0.0,-14626.94,VERIFIED,False,True
USR38240,1,17628.81,1,0,0.0,0.0,17628.81,,,False
USR38242,1,8928.58,1,0,0.0,0.0,8928.58,,,False
USR38247,1,13597.73,1,0,0.0,0.0,13597.73,,,False
USR38249,1,23462.32,1,0,0.0,0.0,23462.32,,,False
USR38255,1,21265.86,1,0,0.0,0.0,21265.86,,,False
USR38257,2,20169.32,1,1,1.0,1262.32,10084.66,,,False
USR38261,1,15598.0,1,0,0.0,0.0,15598.0,,,False
USR38263,1,17756.0,1,0,0.0,0.0,17756.0,VERIFIED,False,True
USR38284,1,240.46,1,0,0.0,0.0,240.46,,,False
USR38289,1,5074.77,1,0,0.0,0.0,5074.77,VERIFIED,False,True
USR38299,1,15672.57,1,0,1.0,891.95,15672.57,VERIFIED,False,True
USR38304,1,6375.47,0,1,0.0,0.0,6375.47,,,False
USR38307,1,19111.67,1,0,0.0,0.0,19111.67,,,False
USR38316,2,-6021.580000000002,2,0,1.0,1995.0,-3010.790000000001,,,False
USR38322,1,22174.44,1,0,0.0,0.0,22174.44,,,False
USR38329,1,12653.0,1,0,0.0,0.0,12653.0,REJECTED,True,True
USR38336,1,20820.64,1,0,0.0,0.0,20820.64,,,False
USR38341,1,11313.56,1,0,0.0,0.0,11313.56,KYC_DONE,False,True
USR38342,1,23458.86,1,0,0.0,0.0,23458.86,,,False
USR38348,2,30694.42,2,0,0.0,0.0,15347.21,,,False
USR38355,1,17691.39,0,1,0.0,0.0,17691.39,,,False
USR38358,2,35530.15,1,1,0.0,0.0,17765.075,,,False
USR38364,1,15562.36,1,0,0.0,0.0,15562.36,,,False
USR38367,1,17854.0,0,1,0.0,0.0,17854.0,,,False
USR38369,1,6881.73,1,0,0.0,0.0,6881.73,,,False
USR38370,1,775.3,1,0,1.0,10161.06,775.3,,,False
USR38374,1,10165.93,0,1,0.0,0.0,10165.93,,,False
USR38378,2,24866.44,2,0,0.0,0.0,12433.22,,,False
USR38384,1,10285.68,1,0,0.0,0.0,10285.68,,,False
USR38387,1,3872.76,1,0,0.0,0.0,3872.76,VERIFIED,False,True
USR38389,1,15017.36,1,0,0.0,0.0,15017.36,,,False
USR38391,1,23019.0,1,0,0.0,0.0,23019.0,,,False
USR38394,1,1776.71,1,0,0.0,0.0,1776.71,PENDING,False,True
USR38402,2,4534.57,2,0,2.0,6401.49,2267.285,,,False
USR38404,1,23612.75,1,0,0.0,0.0,23612.75,PENDING,False,True
USR38408,1,12315.64,1,0,0.0,0.0,12315.64,,,False
USR38409,1,5754.44,1,0,0.0,0.0,5754.44,,,False
USR38414,2,20345.36,2,0,0.0,0.0,10172.68,,,False
USR38417,1,236.26,1,0,0.0,0.0,236.26,VERIFIED,False,True
USR38437,2,17249.329999999998,2,0,0.0,0.0,8624.664999999999,VERIFIED,False,True
USR38441,1,1564.0,1,0,1.0,1345.79,1564.0,,,False
USR38444,1,12053.79,0,1,0.0,0.0,12053.79,VERIFIED,False,True
USR38446,1,6636.87,1,0,0.0,0.0,6636.87,KYC_DONE,False,True
USR38451,1,19916.94,0,0,0.0,0.0,19916.94,,,False
USR38465,1,1802.08,1,0,0.0,0.0,1802.08,,,False
USR38468,1,20313.27,1,0,0.0,0.0,20313.27,,,False
USR38473,1,4646.28,1,0,0.0,0.0,4646.28,VERIFIED,False,True
USR38474,1,1561.13,1,0,0.0,0.0,1561.13,,,False
USR38478,1,10165.1,1,0,0.0,0.0,10165.1,VERIFIED,False,True
USR38497,1,24781.75,1,0,0.0,0.0,24781.75,,,False
USR38500,1,13392.69,0,1,0.0,0.0,13392.69,,,False
USR38511,1,22690.09,1,0,0.0,0.0,22690.09,,,False
USR38519,2,41767.97,2,0,0.0,0.0,20883.985,,,False
USR38523,1,8375.04,1,0,0.0,0.0,8375.04,,,False
USR38524,1,17132.18,1,0,0.0,0.0,17132.18,,,False
USR38526,1,11265.25,1,0,0.0,0.0,11265.25,,,False
USR38535,1,6472.02,1,0,0.0,0.0,6472.02,PENDING,True,True
USR38537,1,20791.0,0,0,0.0,0.0,20791.0,,,False
USR38541,1,9113.1,1,0,0.0,0.0,9113.1,REJECT,True,True
USR38543,1,15222.87,0,1,0.0,0.0,15222.87,REJECT,False,True
USR38546,1,-9036.96,1,0,0.0,0.0,-9036.96,,,False
USR38548,2,34523.520000000004,2,0,0.0,0.0,17261.760000000002,REJECT,False,True
USR38551,2,24245.12,2,0,0.0,0.0,12122.56,,,False
USR38559,1,-15331.92,1,0,1.0,2740.59,-15331.92,VERIFIED,False,True
USR38563,1,4023.74,1,0,0.0,0.0,4023.74,VERIFIED,False,True
USR38564,2,9433.84,2,0,0.0,0.0,4716.92,PENDING,True,True
USR38569,1,21938.0,1,0,0.0,0.0,21938.0,,,False
USR38576,1,111.0,1,0,0.0,0.0,111.0,,,False
USR38577,1,4571.46,1,0,0.0,0.0,4571.46,VERIFIED,True,True
USR38591,1,1004.89,1,0,1.0,955.91,1004.89,VERIFIED,False,True
USR38594,1,19093.54,1,0,0.0,0.0,19093.54,,,False
USR38595,1,252.41,1,0,0.0,0.0,252.41,,,False
USR38597,1,4952.21,1,0,1.0,0.0,4952.21,KYC_DONE,False,True
USR38606,1,17114.04,1,0,0.0,0.0,17114.04,,,False
USR38607,2,28914.940000000002,2,0,0.0,0.0,14457.470000000001,,,False
USR38613,1,16692.27,1,0,0.0,0.0,16692.27,,,False
USR38618,2,14841.509999999998,2,0,0.0,0.0,7420.754999999999,,,False
USR38621,1,7537.63,1,0,0.0,0.0,7537.63,VERIFIED,False,True
USR38622,1,1733.26,1,0,0.0,0.0,1733.26,,,False
USR38624,1,21251.0,0,0,1.0,4814.0,21251.0,VERIFIED,True,True
USR38626,1,14001.48,1,0,0.0,0.0,14001.48,,,False
USR38627,1,2720.01,1,0,1.0,530.01,2720.01,PENDING,False,True
USR38628,1,8439.89,1,0,0.0,0.0,8439.89,,,False
USR38631,2,25856.15,1,1,0.0,0.0,12928.075,,,False
USR38632,1,16336.96,1,0,0.0,0.0,16336.96,REJECTED,False,True
USR38635,1,17983.94,1,0,0.0,0.0,17983.94,,,False
USR38642,1,24154.79,1,0,0.0,0.0,24154.79,,,False
USR38652,1,447.0,1,0,0.0,0.0,447.0,VERIFIED,True,True
USR38656,1,9228.0,0,0,0.0,0.0,9228.0,PENDING,False,True
USR38664,1,14102.35,1,0,0.0,0.0,14102.35,VERIFIED,False,True
USR38673,2,7868.530000000001,2,0,0.0,0.0,3934.2650000000003,,,False
USR38683,1,20011.1,1,0,0.0,0.0,20011.1,,,False
USR38687,3,43698.89,2,1,1.0,-2766.56,14566.296666666667,,,False
USR38688,1,11631.26,1,0,1.0,1530.6,11631.26,,,False
USR38698,1,16027.73,1,0,0.0,0.0,16027.73,,,False
USR38701,1,16537.65,1,0,1.0,0.0,16537.65,,,False
USR38702,1,4672.0,1,0,0.0,0.0,4672.0,,,False
USR38704,1,10119.14,1,0,0.0,0.0,10119.14,,,False
USR38707,2,19876.61,2,0,0.0,0.0,9938.305,,,False
USR38708,1,10592.0,0,0,0.0,0.0,10592.0,VERIFIED,False,True
USR38713,1,24834.39,1,0,0.0,0.0,24834.39,KYC_DONE,True,True
USR38714,1,11611.32,1,0,0.0,0.0,11611.32,,,False
USR38717,1,8180.26,0,1,0.0,0.0,8180.26,,,False
USR38720,1,7745.73,1,0,0.0,0.0,7745.73,,,False
USR38722,1,12105.67,1,0,0.0,0.0,12105.67,,,False
USR38727,1,14321.04,1,0,1.0,1370.91,14321.04,VERIFIED,True,True
USR38730,1,19291.03,1,0,0.0,0.0,19291.03,,,False
USR38745,1,10777.88,1,0,1.0,2972.0,10777.88,,,False
USR38749,1,1817.99,0,0,1.0,2359.0,1817.99,,,False
USR38763,1,13839.28,1,0,0.0,0.0,13839.28,,,False
USR38765,1,6953.04,1,0,0.0,0.0,6953.04,,,False
USR38777,1,22446.0,1,0,0.0,0.0,22446.0,VERIFIED,True,True
USR38784,1,4496.41,1,0,0.0,0.0,4496.41,,,False
USR38797,1,10235.64,1,0,0.0,0.0,10235.64,VERIFIED,False,True
USR38803,1,12941.35,1,0,0.0,0.0,12941.35,,,False
USR38807,1,20484.78,1,0,0.0,0.0,20484.78,REJECTED,False,True
USR38814,1,10028.32,1,0,0.0,0.0,10028.32,VERIFIED,False,True
USR38819,1,14875.0,1,0,0.0,0.0,14875.0,,,False
USR38821,1,22227.01,1,0,0.0,0.0,22227.01,VERIFIED,False,True
USR38825,1,7879.59,1,0,0.0,0.0,7879.59,,,False
USR38828,1,4445.27,0,0,0.0,0.0,4445.27,VERIFIED,False,True
USR38829,1,2108.05,1,0,1.0,8248.74,2108.05,VERIFIED,False,True
USR38837,1,18655.81,0,0,0.0,0.0,18655.81,,,False
USR38844,1,9474.0,1,0,0.0,0.0,9474.0,,,False
USR38859,1,24998.12,0,1,0.0,0.0,24998.12,,,False
USR38866,1,6369.49,1,0,0.0,0.0,6369.49,,,False
USR38873,1,20404.98,1,0,0.0,0.0,20404.98,,,False
USR38876,1,15311.66,1,0,0.0,0.0,15311.66,,,False
USR38878,1,-2292.28,1,0,0.0,0.0,-2292.28,VERIFIED,False,True
USR38880,2,34655.100000000006,1,1,0.0,0.0,17327.550000000003,,,False
USR38884,1,14140.43,1,0,0.0,0.0,14140.43,KYC_DONE,False,True
USR38887,2,32775.17,2,0,0.0,0.0,16387.585,,,False
USR38893,1,22460.68,1,0,0.0,0.0,22460.68,,,False
USR38902,2,24170.5,2,0,0.0,0.0,12085.25,,,False
USR38909,1,18997.99,1,0,0.0,0.0,18997.99,,,False
USR38913,1,11059.48,1,0,0.0,0.0,11059.48,,,False
USR38914,1,14459.96,1,0,1.0,743.0,14459.96,VERIFIED,False,True
USR38915,1,5613.0,1,0,0.0,0.0,5613.0,,,False
USR38917,1,7597.09,0,0,1.0,2328.0,7597.09,KYC_DONE,False,True
USR38921,1,-10547.82,1,0,0.0,0.0,-10547.82,,,False
USR38923,1,23853.91,1,0,0.0,0.0,23853.91,VERIFIED,True,True
USR38924,1,23562.02,1,0,0.0,0.0,23562.02,REJECT,True,True
USR38928,1,2721.37,1,0,0.0,0.0,2721.37,VERIFIED,False,True
USR38931,2,35480.55,2,0,0.0,0.0,17740.275,,,False
USR38932,1,12504.59,1,0,1.0,0.0,12504.59,VERIFIED,False,True
USR38954,1,5974.84,1,0,0.0,0.0,5974.84,,,False
USR38963,1,1328.6,1,0,1.0,861.41,1328.6,VERIFIED,False,True
USR38968,1,11204.08,1,0,1.0,4888.42,11204.08,,,False
USR38969,1,16032.28,0,1,0.0,0.0,16032.28,,,False
USR38974,1,20959.83,1,0,0.0,0.0,20959.83,,,False
USR38984,1,12468.64,1,0,0.0,0.0,12468.64,,,False
USR39004,1,17422.92,1,0,0.0,0.0,17422.92,,,False
USR39005,1,17047.76,1,0,0.0,0.0,17047.76,,,False
USR39009,2,26288.03,2,0,1.0,1056.33,13144.015,,,False
USR39016,1,9957.0,1,0,0.0,0.0,9957.0,VERIFIED,True,True
USR39017,1,2200.19,1,0,1.0,2589.0,2200.19,,,False
USR39020,1,11270.06,1,0,0.0,0.0,11270.06,,,False
USR39024,1,6645.95,1,0,0.0,0.0,6645.95,VERIFIED,False,True
USR39041,1,4064.21,1,0,0.0,0.0,4064.21,VERIFIED,True,True
USR39048,1,15304.0,1,0,0.0,0.0,15304.0,VERIFIED,False,True
USR39052,1,16771.48,0,0,0.0,0.0,16771.48,KYC_DONE,False,True
USR39057,1,12912.35,1,0,0.0,0.0,12912.35,,,False
USR39069,1,21312.45,1,0,1.0,1208.71,21312.45,,,False
USR39070,1,22215.93,1,0,0.0,0.0,22215.93,,,False
USR39071,1,7147.79,1,0,0.0,0.0,7147.79,,,False
USR39072,1,23512.79,1,0,0.0,0.0,23512.79,,,False
USR39076,1,16056.33,1,0,0.0,0.0,16056.33,VERIFIED,False,True
USR39079,1,9977.0,1,0,0.0,0.0,9977.0,,,False
USR39082,1,10235.47,1,0,0.0,0.0,10235.47,,,False
USR39087,1,8661.17,1,0,0.0,0.0,8661.17,,,False
USR39095,1,10977.0,1,0,0.0,0.0,10977.0,,,False
USR39098,1,24266.99,1,0,0.0,0.0,24266.99,,,False
USR39099,1,1329.06,1,0,0.0,0.0,1329.06,,,False
USR39105,1,13462.78,1,0,0.0,0.0,13462.78,,,False
USR39109,1,3900.76,1,0,0.0,0.0,3900.76,,,False
USR39114,1,7440.62,1,0,0.0,0.0,7440.62,KYC_DONE,False,True
USR39115,1,21023.82,0,1,1.0,-9690.23,21023.82,,,False
USR39123,2,24116.260000000002,2,0,1.0,1091.17,12058.130000000001,VERIFIED,False,True
USR39125,1,21865.67,1,0,0.0,0.0,21865.67,VERIFIED,False,True
USR39129,1,23053.79,1,0,0.0,0.0,23053.79,,,False
USR39130,1,12864.44,1,0,0.0,0.0,12864.44,,,False
USR39132,2,40450.18,2,0,0.0,0.0,20225.09,PENDING,False,True
USR39133,2,29617.15,2,0,0.0,0.0,14808.575,,,False
USR39136,1,14247.0,1,0,1.0,1232.87,14247.0,,,False
USR39138,1,8884.78,1,0,0.0,0.0,8884.78,,,False
USR39143,1,2298.88,1,0,0.0,0.0,2298.88,,,False
USR39144,1,2547.9,1,0,0.0,0.0,2547.9,,,False
USR39154,1,-20233.94,1,0,0.0,0.0,-20233.94,,,False
USR39156,1,18889.81,1,0,0.0,0.0,18889.81,,,False
USR39161,1,3959.95,1,0,0.0,0.0,3959.95,,,False
USR39162,1,14013.89,1,0,1.0,1592.55,14013.89,,,False
USR39171,1,18025.12,1,0,0.0,0.0,18025.12,REJECTED,False,True
USR39182,1,22446.8,1,0,0.0,0.0,22446.8,,,False
USR39185,1,7775.93,1,0,0.0,0.0,7775.93,,,False
USR39189,1,3297.88,1,0,0.0,0.0,3297.88,,,False
USR39194,1,8048.35,1,0,0.0,0.0,8048.35,,,False
USR39199,1,3798.75,1,0,0.0,0.0,3798.75,,,False
USR39205,1,9116.6,1,0,0.0,0.0,9116.6,,,False
USR39206,1,4826.93,1,0,0.0,0.0,4826.93,,,False
USR39207,1,12565.05,1,0,0.0,0.0,12565.05,VERIFIED,False,True
USR39214,1,624.43,1,0,0.0,0.0,624.43,KYC_DONE,True,True
USR39215,1,14101.68,0,0,0.0,0.0,14101.68,VERIFIED,False,True
USR39220,1,23163.0,1,0,0.0,0.0,23163.0,,,False
USR39225,1,19153.96,1,0,0.0,0.0,19153.96,REJECTED,False,True
USR39232,1,19519.68,1,0,0.0,0.0,19519.68,,,False
USR39233,1,8271.71,1,0,0.0,0.0,8271.71,,,False
USR39236,1,14673.3,1,0,0.0,0.0,14673.3,,,False
USR39264,1,16331.74,1,0,1.0,6511.97,16331.74,,,False
USR39272,1,12443.52,1,0,0.0,0.0,12443.52,,,False
USR39273,1,4294.09,1,0,0.0,0.0,4294.09,,,False
USR39284,1,3913.6,1,0,0.0,0.0,3913.6,,,False
USR39287,2,26921.52,1,1,0.0,0.0,13460.76,VERIFIED,False,True
USR39288,2,8606.53,2,0,1.0,6796.0,4303.265,PENDING,True,True
USR39296,1,779.27,1,0,1.0,7652.76,779.27,,,False
USR39301,1,15456.39,1,0,0.0,0.0,15456.39,,,False
USR39311,2,14666.45,2,0,0.0,0.0,7333.225,,,False
USR39318,1,17780.93,1,0,1.0,676.0,17780.93,REJECT,False,True
USR39325,1,509.12,0,1,0.0,0.0,509.12,,,False
USR39328,1,10552.24,1,0,0.0,0.0,10552.24,,,False
USR39332,1,1218.58,1,0,0.0,0.0,1218.58,,,False
USR39333,1,6916.72,0,1,0.0,0.0,6916.72,PENDING,False,True
USR39334,1,24844.39,1,0,1.0,1024.0,24844.39,KYC_DONE,False,True
USR39338,1,13403.04,0,1,0.0,0.0,13403.04,VERIFIED,False,True
USR39339,1,9602.0,0,0,0.0,0.0,9602.0,,,False
USR39343,1,1817.04,1,0,0.0,0.0,1817.04,VERIFIED,False,True
USR39347,1,20870.1,1,0,0.0,0.0,20870.1,,,False
USR39348,1,22648.73,1,0,0.0,0.0,22648.73,,,False
USR39355,1,16407.48,1,0,0.0,0.0,16407.48,,,False
USR39360,1,3185.14,0,0,0.0,0.0,3185.14,,,False
USR39377,1,12412.42,1,0,0.0,0.0,12412.42,,,False
USR39385,2,14700.86,2,0,0.0,0.0,7350.43,,,False
USR39387,1,-16277.78,0,1,0.0,0.0,-16277.78,,,False
USR39392,1,118.95,1,0,0.0,0.0,118.95,VERIFIED,False,True
USR39400,1,16591.8,0,1,0.0,0.0,16591.8,,,False
USR39401,1,13671.0,1,0,0.0,0.0,13671.0,VERIFIED,True,True
USR39411,1,4388.86,1,0,0.0,0.0,4388.86,,,False
USR39419,1,6871.56,1,0,0.0,0.0,6871.56,PENDING,False,True
USR39421,1,19368.59,1,0,0.0,0.0,19368.59,VERIFIED,False,True
USR39423,1,18506.33,1,0,0.0,0.0,18506.33,,,False
USR39428,1,9931.41,1,0,0.0,0.0,9931.41,,,False
USR39429,1,5384.98,1,0,0.0,0.0,5384.98,,,False
USR39439,2,26797.1,2,0,0.0,0.0,13398.55,,,False
USR39443,1,14061.8,1,0,0.0,0.0,14061.8,,,False
USR39445,1,19016.35,1,0,0.0,0.0,19016.35,,,False
USR39454,2,12624.24,2,0,0.0,0.0,6312.12,,,False
USR39464,1,5869.76,1,0,0.0,0.0,5869.76,PENDING,False,True
USR39468,3,26176.309999999998,3,0,1.0,0.0,8725.436666666666,KYC_DONE,False,True
USR39473,1,6220.91,1,0,0.0,0.0,6220.91,UNDER REVIEW,False,True
USR39479,2,20998.690000000002,2,0,0.0,0.0,10499.345000000001,UNDER REVIEW,False,True
USR39494,2,33793.4,1,1,1.0,1339.16,16896.7,,,False
USR39504,1,12118.23,1,0,0.0,0.0,12118.23,,,False
USR39508,1,5626.76,0,1,0.0,0.0,5626.76,,,False
USR39513,1,23332.13,1,0,0.0,0.0,23332.13,,,False
USR39520,1,8617.51,0,1,0.0,0.0,8617.51,,,False
USR39521,1,24337.49,0,1,0.0,0.0,24337.49,,,False
USR39522,1,15052.07,1,0,0.0,0.0,15052.07,,,False
USR39528,1,14946.2,1,0,0.0,0.0,14946.2,UNDER REVIEW,False,True
USR39536,2,37717.270000000004,1,0,0.0,0.0,18858.635000000002,VERIFIED,False,True
USR39542,1,13530.35,0,1,0.0,0.0,13530.35,,,False
USR39555,1,20017.59,1,0,0.0,0.0,20017.59,,,False
USR39556,1,23718.14,1,0,0.0,0.0,23718.14,,,False
USR39559,1,8830.43,1,0,0.0,0.0,8830.43,,,False
USR39561,2,18324.05,2,0,2.0,-1383.7800000000002,9162.025,,,False
USR39563,1,4184.38,1,0,0.0,0.0,4184.38,,,False
USR39567,1,1123.47,0,1,0.0,0.0,1123.47,VERIFIED,True,True
USR39571,1,21326.07,1,0,0.0,0.0,21326.07,,,False
USR39573,1,10953.12,1,0,0.0,0.0,10953.12,,,False
USR39576,1,17290.72,0,0,0.0,0.0,17290.72,VERIFIED,False,True
USR39577,1,17512.84,0,0,0.0,0.0,17512.84,VERIFIED,False,True
USR39582,1,21262.8,1,0,0.0,0.0,21262.8,,,False
USR39585,1,1289.0,1,0,0.0,0.0,1289.0,PENDING,False,True
USR39590,1,3828.62,1,0,0.0,0.0,3828.62,,,False
USR39597,1,5449.51,1,0,0.0,0.0,5449.51,,,False
USR39600,1,4360.99,1,0,0.0,0.0,4360.99,KYC_DONE,True,True
USR39601,1,18135.91,1,0,0.0,0.0,18135.91,VERIFIED,False,True
USR39604,1,3353.12,1,0,1.0,3291.51,3353.12,VERIFIED,False,True
USR39607,1,1528.92,1,0,1.0,1797.0,1528.92,REJECT,False,True
USR39613,1,6956.17,1,0,1.0,11641.0,6956.17,,,False
USR39617,1,10683.42,1,0,0.0,0.0,10683.42,VERIFIED,False,True
USR39622,1,19417.4,1,0,0.0,0.0,19417.4,,,False
USR39627,1,21922.43,1,0,0.0,0.0,21922.43,,,False
USR39648,1,1435.1,1,0,0.0,0.0,1435.1,,,False
USR39651,1,21708.1,1,0,0.0,0.0,21708.1,,,False
USR39654,1,23579.65,1,0,0.0,0.0,23579.65,VERIFIED,False,True
USR39656,1,7789.58,1,0,0.0,0.0,7789.58,,,False
USR39662,1,2401.91,1,0,0.0,0.0,2401.91,,,False
USR39669,2,17361.239999999998,1,0,0.0,0.0,8680.619999999999,,,False
USR39672,1,8436.68,0,1,0.0,0.0,8436.68,REJECT,False,True
USR39676,1,8659.22,1,0,0.0,0.0,8659.22,,,False
USR39677,1,24851.61,1,0,1.0,471.0,24851.61,,,False
USR39678,1,-23228.62,1,0,0.0,0.0,-23228.62,VERIFIED,True,True
USR39684,1,573.99,1,0,0.0,0.0,573.99,,,False
USR39705,1,21894.17,1,0,0.0,0.0,21894.17,VERIFIED,False,True
USR39706,2,20314.53,1,0,0.0,0.0,10157.265,,,False
USR39712,1,19130.14,1,0,0.0,0.0,19130.14,,,False
USR39713,1,14032.14,1,0,0.0,0.0,14032.14,,,False
USR39715,1,2522.25,1,0,0.0,0.0,2522.25,,,False
USR39720,1,12769.15,1,0,0.0,0.0,12769.15,,,False
USR39722,1,1137.0,1,0,1.0,325.69,1137.0,,,False
USR39723,1,10195.88,1,0,0.0,0.0,10195.88,VERIFIED,False,True
USR39724,1,1861.89,1,0,0.0,0.0,1861.89,,,False
USR39729,1,18699.83,1,0,0.0,0.0,18699.83,,,False
USR39730,1,3588.51,1,0,0.0,0.0,3588.51,,,False
USR39732,1,23573.39,1,0,0.0,0.0,23573.39,,,False
USR39740,1,10821.05,1,0,1.0,2996.76,10821.05,PENDING,False,True
USR39750,1,24590.12,1,0,0.0,0.0,24590.12,KYC_DONE,False,True
USR39751,1,15318.21,0,1,0.0,0.0,15318.21,,,False
USR39753,1,6774.16,1,0,0.0,0.0,6774.16,VERIFIED,False,True
USR39755,1,16574.31,1,0,0.0,0.0,16574.31,,,False
USR39761,1,10974.04,1,0,0.0,0.0,10974.04,,,False
USR39762,2,28263.43,2,0,0.0,0.0,14131.715,REJECTED,True,True
USR39764,1,11719.81,1,0,0.0,0.0,11719.81,,,False
USR39769,1,9168.0,0,1,0.0,0.0,9168.0,,,False
USR39771,2,16173.57,1,1,0.0,0.0,8086.785,,,False
USR39789,1,11689.29,1,0,0.0,0.0,11689.29,KYC_DONE,False,True
USR39798,1,17102.67,1,0,0.0,0.0,17102.67,VERIFIED,False,True
USR39800,1,16740.77,1,0,0.0,0.0,16740.77,,,False
USR39804,1,11920.84,1,0,0.0,0.0,11920.84,VERIFIED,True,True
USR39805,2,26250.08,2,0,0.0,0.0,13125.04,,,False
USR39807,1,21183.95,0,0,0.0,0.0,21183.95,,,False
USR39827,1,21478.35,1,0,0.0,0.0,21478.35,,,False
USR39828,1,4873.62,1,0,0.0,0.0,4873.62,,,False
USR39829,1,-9846.95,1,0,1.0,4713.3,-9846.95,VERIFIED,False,True
USR39830,1,22409.43,1,0,0.0,0.0,22409.43,,,False
USR39842,1,23891.73,1,0,0.0,0.0,23891.73,VERIFIED,False,True
USR39847,1,16124.37,0,0,0.0,0.0,16124.37,,,False
USR39850,1,10826.07,0,1,0.0,0.0,10826.07,,,False
USR39861,2,15132.169999999998,2,0,1.0,540.0,7566.084999999999,VERIFIED,False,True
USR39863,2,13855.64,1,1,0.0,0.0,6927.82,,,False
USR39864,2,26315.83,1,1,0.0,0.0,13157.915,,,False
USR39868,1,3456.0,1,0,0.0,0.0,3456.0,,,False
USR39870,1,5511.03,1,0,0.0,0.0,5511.03,VERIFIED,False,True
USR39873,1,3821.95,0,1,0.0,0.0,3821.95,,,False
USR39874,1,22968.91,1,0,0.0,0.0,22968.91,PENDING,False,True
USR39878,2,3276.5599999999977,1,1,0.0,0.0,1638.2799999999988,PENDING,True,True
USR39881,2,5267.19,2,0,0.0,0.0,2633.595,VERIFIED,False,True
USR39884,1,19891.13,1,0,0.0,0.0,19891.13,,,False
USR39898,1,5883.43,1,0,0.0,0.0,5883.43,REJECT,False,True
USR39899,1,5713.6,1,0,0.0,0.0,5713.6,,,False
USR39907,1,20897.92,0,0,0.0,0.0,20897.92,,,False
USR39910,1,22063.55,1,0,0.0,0.0,22063.55,VERIFIED,False,True
USR39919,2,33032.22,2,0,0.0,0.0,16516.11,,,False
USR39928,1,16800.6,1,0,0.0,0.0,16800.6,,,False
USR39933,2,9127.29,2,0,0.0,0.0,4563.645,,,False
USR39934,1,1382.07,1,0,0.0,0.0,1382.07,,,False
USR39957,1,13512.01,1,0,0.0,0.0,13512.01,,,False
USR39958,1,22329.54,1,0,1.0,1142.21,22329.54,,,False
USR39960,1,18212.0,1,0,0.0,0.0,18212.0,,,False
USR39961,1,20776.86,1,0,1.0,671.84,20776.86,,,False
USR39967,1,-11288.89,1,0,0.0,0.0,-11288.89,,,False
USR39968,3,40308.05,3,0,0.0,0.0,13436.016666666668,,,False
USR39975,1,18948.0,1,0,0.0,0.0,18948.0,VERIFIED,False,True
USR39979,1,23131.96,1,0,0.0,0.0,23131.96,PENDING,False,True
USR39980,1,11385.0,1,0,1.0,1472.83,11385.0,,,False
USR39990,1,2198.49,1,0,0.0,0.0,2198.49,REJECTED,False,True
USR39994,1,10917.82,1,0,1.0,14485.22,10917.82,VERIFIED,False,True
USR39997,1,954.23,1,0,0.0,0.0,954.23,,,False
USR40002,1,16060.53,1,0,0.0,0.0,16060.53,,,False
USR40003,1,4229.79,1,0,1.0,7404.88,4229.79,,,False
USR40005,1,14432.29,0,1,0.0,0.0,14432.29,,,False
USR40025,2,21372.81,1,1,0.0,0.0,10686.405,,,False
USR40027,1,7687.34,1,0,0.0,0.0,7687.34,VERIFIED,True,True
USR40030,1,4978.72,1,0,0.0,0.0,4978.72,KYC_DONE,False,True
USR40035,1,24974.0,1,0,0.0,0.0,24974.0,VERIFIED,False,True
USR40040,1,5137.63,1,0,0.0,0.0,5137.63,,,False
USR40044,1,171.54,0,1,0.0,0.0,171.54,,,False
USR40046,1,20718.39,1,0,0.0,0.0,20718.39,REJECTED,False,True
USR40049,1,6251.11,1,0,0.0,0.0,6251.11,,,False
USR40058,2,8977.06,1,1,0.0,0.0,4488.53,,,False
USR40059,1,23555.21,0,1,0.0,0.0,23555.21,REJECTED,True,True
USR40062,1,4195.39,1,0,0.0,0.0,4195.39,,,False
USR40063,1,781.39,1,0,0.0,0.0,781.39,VERIFIED,False,True
USR40072,1,17299.68,1,0,0.0,0.0,17299.68,,,False
USR40077,1,15256.6,1,0,0.0,0.0,15256.6,,,False
USR40081,1,2841.45,1,0,0.0,0.0,2841.45,,,False
USR40083,1,21728.79,1,0,0.0,0.0,21728.79,,,False
USR40085,1,4514.04,1,0,1.0,215.0,4514.04,VERIFIED,True,True
USR40086,1,5019.72,1,0,1.0,905.66,5019.72,,,False
USR40090,1,3180.55,1,0,0.0,0.0,3180.55,,,False
USR40110,1,748.25,1,0,0.0,0.0,748.25,,,False
USR40112,1,5235.34,1,0,0.0,0.0,5235.34,,,False
USR40120,1,821.44,1,0,0.0,0.0,821.44,,,False
USR40121,1,6475.2,1,0,1.0,775.96,6475.2,VERIFIED,False,True
USR40127,1,6999.05,1,0,0.0,0.0,6999.05,,,False
USR40130,1,19825.0,1,0,0.0,0.0,19825.0,,,False
USR40135,1,19492.42,1,0,0.0,0.0,19492.42,,,False
USR40149,1,830.0,1,0,0.0,0.0,830.0,VERIFIED,False,True
USR40156,2,30664.17,2,0,0.0,0.0,15332.085,,,False
USR40160,1,22353.54,1,0,0.0,0.0,22353.54,VERIFIED,False,True
USR40161,1,16989.39,1,0,1.0,1419.1,16989.39,,,False
USR40169,1,20790.32,1,0,1.0,738.08,20790.32,,,False
USR40182,1,17718.42,1,0,0.0,0.0,17718.42,PENDING,False,True
USR40188,1,1655.4,1,0,0.0,0.0,1655.4,,,False
USR40198,2,22360.55,1,0,0.0,0.0,11180.275,,,False
USR40202,1,23176.59,0,1,0.0,0.0,23176.59,VERIFIED,True,True
USR40207,1,1908.25,1,0,0.0,0.0,1908.25,,,False
USR40210,2,21568.579999999998,2,0,0.0,0.0,10784.289999999999,VERIFIED,True,True
USR40211,1,19604.53,1,0,0.0,0.0,19604.53,,,False
USR40225,1,16295.48,1,0,0.0,0.0,16295.48,,,False
USR40228,1,8308.56,1,0,0.0,0.0,8308.56,,,False
USR40230,1,-18547.17,1,0,0.0,0.0,-18547.17,VERIFIED,False,True
USR40241,1,18234.37,1,0,0.0,0.0,18234.37,,,False
USR40252,2,26077.99,2,0,0.0,0.0,13038.995,,,False
USR40254,1,4368.52,0,1,0.0,0.0,4368.52,VERIFIED,True,True
USR40255,1,16821.11,1,0,0.0,0.0,16821.11,REJECTED,False,True
USR40258,1,18489.34,1,0,1.0,1582.6,18489.34,PENDING,False,True
USR40263,1,3928.75,1,0,0.0,0.0,3928.75,VERIFIED,False,True
USR40267,1,16972.61,1,0,0.0,0.0,16972.61,KYC_DONE,False,True
USR40270,2,7242.24,2,0,0.0,0.0,3621.12,PENDING,False,True
USR40273,1,13134.14,1,0,0.0,0.0,13134.14,,,False
USR40289,1,13206.18,1,0,0.0,0.0,13206.18,VERIFIED,False,True
USR40312,1,14657.15,1,0,0.0,0.0,14657.15,,,False
USR40317,1,4553.62,1,0,0.0,0.0,4553.62,,,False
USR40320,2,29255.059999999998,2,0,0.0,0.0,14627.529999999999,VERIFIED,False,True
USR40323,1,20911.0,1,0,0.0,0.0,20911.0,,,False
USR40325,1,3830.65,0,1,0.0,0.0,3830.65,,,False
USR40332,1,10679.89,1,0,1.0,580.57,10679.89,,,False
USR40345,2,9156.470000000001,2,0,0.0,0.0,4578.235000000001,,,False
USR40350,1,94.03,1,0,0.0,0.0,94.03,,,False
USR40356,1,6577.73,1,0,0.0,0.0,6577.73,,,False
USR40359,1,13438.54,1,0,1.0,-2141.56,13438.54,,,False
USR40360,1,10093.96,1,0,0.0,0.0,10093.96,,,False
USR40371,1,13074.42,1,0,0.0,0.0,13074.42,,,False
USR40377,1,230.28,0,0,0.0,0.0,230.28,,,False
USR40382,2,24719.3,2,0,0.0,0.0,12359.65,,,False
USR40384,1,18934.5,1,0,0.0,0.0,18934.5,,,False
USR40395,1,14159.46,1,0,0.0,0.0,14159.46,,,False
USR40407,1,10176.16,1,0,0.0,0.0,10176.16,,,False
USR40408,1,248.86,1,0,0.0,0.0,248.86,,,False
USR40415,1,12194.26,0,1,0.0,0.0,12194.26,,,False
USR40420,2,25453.16,2,0,1.0,4063.03,12726.58,PENDING,True,True
USR40422,1,841.81,1,0,0.0,0.0,841.81,,,False
USR40423,1,15567.45,1,0,0.0,0.0,15567.45,VERIFIED,False,True
USR40424,2,15474.18,1,0,1.0,2574.17,7737.09,VERIFIED,True,True
USR40425,1,24099.2,1,0,0.0,0.0,24099.2,,,False
USR40428,1,19619.05,0,1,0.0,0.0,19619.05,,,False
USR40432,2,43380.14,2,0,0.0,0.0,21690.07,,,False
USR40441,1,18984.72,1,0,0.0,0.0,18984.72,,,False
USR40479,1,22882.8,1,0,0.0,0.0,22882.8,,,False
USR40480,2,20452.57,2,0,0.0,0.0,10226.285,,,False
USR40482,2,40942.89,2,0,0.0,0.0,20471.445,KYC_DONE,False,True
USR40486,1,13036.48,0,1,0.0,0.0,13036.48,,,False
USR40491,1,11006.0,1,0,0.0,0.0,11006.0,,,False
USR40493,2,37079.39,1,1,0.0,0.0,18539.695,,,False
USR40495,1,1718.15,1,0,0.0,0.0,1718.15,,,False
USR40496,2,3700.92,1,0,1.0,-2900.07,1850.46,VERIFIED,False,True
USR40499,1,6663.0,1,0,1.0,4457.64,6663.0,VERIFIED,False,True
USR40511,1,19312.47,1,0,0.0,0.0,19312.47,,,False
USR40528,1,10181.2,1,0,0.0,0.0,10181.2,VERIFIED,True,True
USR40537,1,24205.15,1,0,0.0,0.0,24205.15,,,False
USR40549,1,17829.02,1,0,0.0,0.0,17829.02,,,False
USR40557,1,21876.47,1,0,0.0,0.0,21876.47,VERIFIED,False,True
USR40562,2,15287.669999999998,1,1,0.0,0.0,7643.834999999999,,,False
USR40574,1,9599.22,1,0,0.0,0.0,9599.22,PENDING,False,True
USR40575,1,20358.0,0,1,0.0,0.0,20358.0,,,False
USR40578,1,12628.27,0,1,0.0,0.0,12628.27,VERIFIED,False,True
USR40582,1,9505.0,1,0,0.0,0.0,9505.0,,,False
USR40589,2,25323.9,1,1,0.0,0.0,12661.95,,,False
USR40595,1,1790.6,1,0,0.0,0.0,1790.6,,,False
USR40597,1,12027.44,1,0,0.0,0.0,12027.44,VERIFIED,False,True
USR40605,1,6741.23,1,0,0.0,0.0,6741.23,,,False
USR40608,1,4586.55,1,0,0.0,0.0,4586.55,,,False
USR40609,2,24628.46,1,0,0.0,0.0,12314.23,,,False
USR40614,1,1610.45,1,0,0.0,0.0,1610.45,,,False
USR40626,1,-5484.53,1,0,0.0,0.0,-5484.53,VERIFIED,False,True
USR40635,1,23072.6,0,1,0.0,0.0,23072.6,,,False
USR40637,1,22871.73,1,0,0.0,0.0,22871.73,,,False
USR40638,2,37597.25,2,0,0.0,0.0,18798.625,,,False
USR40641,1,21125.31,1,0,0.0,0.0,21125.31,,,False
USR40645,1,16074.41,1,0,0.0,0.0,16074.41,VERIFIED,False,True
USR40649,1,18332.79,1,0,0.0,0.0,18332.79,,,False
USR40653,2,36033.51,1,0,1.0,-11598.12,18016.755,PENDING,False,True
USR40664,1,23716.92,1,0,0.0,0.0,23716.92,,,False
USR40675,1,15130.74,1,0,1.0,1933.11,15130.74,KYC_DONE,False,True
USR40676,1,13803.84,1,0,0.0,0.0,13803.84,,,False
USR40681,1,2085.0,1,0,0.0,0.0,2085.0,,,False
USR40698,1,6118.86,1,0,0.0,0.0,6118.86,VERIFIED,False,True
USR40699,1,6003.1,1,0,1.0,12351.07,6003.1,KYC_DONE,True,True
USR40710,1,6637.41,1,0,1.0,666.0,6637.41,,,False
USR40714,1,14779.09,1,0,0.0,0.0,14779.09,,,False
USR40725,2,34864.28,2,0,0.0,0.0,17432.14,,,False
USR40726,1,14939.76,1,0,1.0,1673.05,14939.76,,,False
USR40730,1,7757.31,0,1,0.0,0.0,7757.31,VERIFIED,True,True
USR40732,1,9002.0,0,1,0.0,0.0,9002.0,VERIFIED,False,True
USR40733,1,10519.24,1,0,0.0,0.0,10519.24,,,False
USR40740,1,21253.6,1,0,0.0,0.0,21253.6,,,False
USR40753,1,8410.77,1,0,0.0,0.0,8410.77,,,False
USR40761,1,10226.2,1,0,0.0,0.0,10226.2,,,False
USR40763,1,5623.14,1,0,0.0,0.0,5623.14,VERIFIED,False,True
USR40765,1,3230.7,1,0,0.0,0.0,3230.7,,,False
USR40767,1,22169.29,0,1,0.0,0.0,22169.29,,,False
USR40771,1,990.93,1,0,0.0,0.0,990.93,,,False
USR40775,1,18364.97,1,0,0.0,0.0,18364.97,KYC_DONE,False,True
USR40776,1,4649.31,1,0,0.0,0.0,4649.31,,,False
USR40778,1,4489.54,1,0,1.0,1246.38,4489.54,,,False
USR40780,1,6178.96,1,0,0.0,0.0,6178.96,VERIFIED,False,True
USR40785,2,32192.100000000002,2,0,0.0,0.0,16096.050000000001,,,False
USR40794,1,21553.48,0,0,1.0,2047.46,21553.48,VERIFIED,False,True
USR40800,1,18920.06,0,1,0.0,0.0,18920.06,,,False
USR40803,2,25722.09,2,0,0.0,0.0,12861.045,,,False
USR40804,1,11397.53,1,0,0.0,0.0,11397.53,KYC_DONE,True,True
USR40808,1,10421.63,1,0,1.0,1623.27,10421.63,VERIFIED,False,True
USR40814,1,21771.55,0,0,0.0,0.0,21771.55,,,False
USR40816,1,23513.19,1,0,0.0,0.0,23513.19,,,False
USR40818,1,15645.01,1,0,0.0,0.0,15645.01,VERIFIED,False,True
USR40821,1,10931.0,1,0,0.0,0.0,10931.0,,,False
USR40822,1,6778.1,1,0,0.0,0.0,6778.1,VERIFIED,False,True
USR40829,1,10856.88,1,0,0.0,0.0,10856.88,,,False
USR40830,1,9048.04,1,0,0.0,0.0,9048.04,VERIFIED,False,True
USR40832,1,2621.0,1,0,0.0,0.0,2621.0,,,False
USR40838,1,3399.31,1,0,0.0,0.0,3399.31,,,False
USR40840,1,608.8,1,0,0.0,0.0,608.8,,,False
USR40843,1,8628.78,1,0,0.0,0.0,8628.78,,,False
USR40862,1,8989.88,1,0,1.0,976.66,8989.88,VERIFIED,True,True
USR40876,1,1845.38,1,0,0.0,0.0,1845.38,,,False
USR40891,1,22083.01,1,0,0.0,0.0,22083.01,VERIFIED,True,True
USR40894,1,18931.19,1,0,0.0,0.0,18931.19,VERIFIED,False,True
USR40907,1,22186.74,1,0,0.0,0.0,22186.74,,,False
USR40913,1,21789.93,1,0,0.0,0.0,21789.93,,,False
USR40921,1,10202.42,1,0,0.0,0.0,10202.42,VERIFIED,True,True
USR40926,2,4601.49,2,0,0.0,0.0,2300.745,,,False
USR40935,1,11750.41,1,0,1.0,2678.39,11750.41,PENDING,True,True
USR40939,1,7330.0,1,0,0.0,0.0,7330.0,VERIFIED,False,True
USR40949,1,21079.32,1,0,0.0,0.0,21079.32,,,False
USR40957,3,50748.96,3,0,0.0,0.0,16916.32,,,False
USR40965,1,24367.52,1,0,0.0,0.0,24367.52,,,False
USR40967,1,14142.82,1,0,0.0,0.0,14142.82,,,False
USR40968,1,10270.86,1,0,0.0,0.0,10270.86,,,False
USR40970,1,45.69,1,0,2.0,1246.53,45.69,,,False
USR40974,1,7529.97,0,0,0.0,0.0,7529.97,VERIFIED,False,True
USR40975,1,7374.0,1,0,0.0,0.0,7374.0,,,False
USR40976,1,19801.11,1,0,0.0,0.0,19801.11,VERIFIED,False,True
USR40980,2,16284.65,2,0,0.0,0.0,8142.325,,,False
USR40988,1,4879.06,1,0,0.0,0.0,4879.06,VERIFIED,False,True
USR40991,1,14959.96,1,0,0.0,0.0,14959.96,,,False
USR40992,1,21476.0,1,0,0.0,0.0,21476.0,,,False
USR40999,2,8266.33,2,0,0.0,0.0,4133.165,,,False
USR41006,1,11115.4,1,0,0.0,0.0,11115.4,,,False
USR41011,1,21746.61,1,0,0.0,0.0,21746.61,,,False
USR41025,1,23065.87,1,0,0.0,0.0,23065.87,VERIFIED,False,True
USR41028,1,3849.25,1,0,0.0,0.0,3849.25,VERIFIED,False,True
USR41030,1,23341.05,1,0,0.0,0.0,23341.05,,,False
USR41032,1,21034.3,1,0,0.0,0.0,21034.3,,,False
USR41037,1,11933.0,1,0,0.0,0.0,11933.0,VERIFIED,False,True
USR41041,1,2958.3,1,0,0.0,0.0,2958.3,,,False
USR41056,1,1180.83,1,0,0.0,0.0,1180.83,,,False
USR41058,1,9565.29,1,0,0.0,0.0,9565.29,VERIFIED,False,True
USR41066,1,6283.0,1,0,0.0,0.0,6283.0,VERIFIED,False,True
USR41081,1,23790.57,1,0,0.0,0.0,23790.57,,,False
USR41094,1,8655.28,1,0,0.0,0.0,8655.28,,,False
USR41097,1,21416.0,1,0,1.0,2489.04,21416.0,,,False
USR41113,1,6523.13,1,0,0.0,0.0,6523.13,,,False
USR41117,1,2281.56,0,0,0.0,0.0,2281.56,VERIFIED,False,True
USR41119,1,7860.91,1,0,1.0,560.0,7860.91,,,False
USR41125,1,14592.4,1,0,0.0,0.0,14592.4,,,False
USR41127,1,22995.62,1,0,0.0,0.0,22995.62,,,False
USR41135,1,19192.0,1,0,1.0,9060.0,19192.0,VERIFIED,True,True
USR41137,1,9052.0,1,0,0.0,0.0,9052.0,,,False
USR41149,1,21743.7,0,1,0.0,0.0,21743.7,UNDER REVIEW,False,True
USR41151,1,15201.55,1,0,0.0,0.0,15201.55,,,False
USR41161,1,11556.87,0,1,0.0,0.0,11556.87,VERIFIED,False,True
USR41164,1,626.15,1,0,1.0,3464.25,626.15,,,False
USR41168,1,13415.4,0,1,0.0,0.0,13415.4,PENDING,False,True
USR41172,1,16839.08,1,0,0.0,0.0,16839.08,KYC_DONE,False,True
USR41183,1,8260.6,1,0,0.0,0.0,8260.6,,,False
USR41191,1,24009.57,1,0,0.0,0.0,24009.57,,,False
USR41200,1,13597.1,1,0,0.0,0.0,13597.1,VERIFIED,False,True
USR41212,1,17822.0,1,0,0.0,0.0,17822.0,VERIFIED,False,True
USR41214,1,14128.17,1,0,0.0,0.0,14128.17,,,False
USR41220,1,2537.76,1,0,0.0,0.0,2537.76,,,False
USR41230,1,11889.22,1,0,1.0,1608.0,11889.22,VERIFIED,False,True
USR41234,1,8666.52,1,0,0.0,0.0,8666.52,VERIFIED,True,True
USR41266,1,4269.13,1,0,0.0,0.0,4269.13,,,False
USR41267,1,2481.0,0,1,0.0,0.0,2481.0,VERIFIED,False,True
USR41272,1,5846.85,1,0,1.0,-673.13,5846.85,,,False
USR41275,1,4346.38,1,0,2.0,3270.48,4346.38,,,False
USR41287,1,24690.02,0,1,0.0,0.0,24690.02,,,False
USR41296,1,11939.0,1,0,0.0,0.0,11939.0,,,False
USR41300,1,2224.23,1,0,1.0,-230.58,2224.23,,,False
USR41302,1,-7929.43,1,0,0.0,0.0,-7929.43,KYC_DONE,False,True
USR41305,1,16175.04,1,0,0.0,0.0,16175.04,,,False
USR41312,1,17224.77,1,0,0.0,0.0,17224.77,VERIFIED,False,True
USR41323,1,608.0,1,0,0.0,0.0,608.0,,,False
USR41326,1,2832.04,1,0,0.0,0.0,2832.04,,,False
USR41347,1,4582.5,0,0,0.0,0.0,4582.5,,,False
USR41348,1,14091.13,0,1,0.0,0.0,14091.13,,,False
USR41354,1,8558.0,1,0,0.0,0.0,8558.0,KYC_DONE,False,True
USR41359,1,1788.0,0,1,0.0,0.0,1788.0,,,False
USR41360,1,20822.43,1,0,0.0,0.0,20822.43,,,False
USR41361,1,14136.57,1,0,0.0,0.0,14136.57,,,False
USR41367,1,6454.99,1,0,0.0,0.0,6454.99,VERIFIED,False,True
USR41373,1,3288.32,1,0,1.0,0.0,3288.32,VERIFIED,True,True
USR41379,1,10595.0,1,0,0.0,0.0,10595.0,,,False
USR41380,2,32926.75,1,1,0.0,0.0,16463.375,,,False
USR41381,1,9180.28,1,0,0.0,0.0,9180.28,KYC_DONE,False,True
USR41382,1,15791.16,1,0,1.0,1537.27,15791.16,,,False
USR41385,1,18073.13,1,0,0.0,0.0,18073.13,,,False
USR41395,1,23414.77,1,0,0.0,0.0,23414.77,,,False
USR41398,2,27405.54,2,0,0.0,0.0,13702.77,VERIFIED,True,True
USR41404,1,17906.95,1,0,0.0,0.0,17906.95,,,False
USR41410,1,5757.71,0,1,0.0,0.0,5757.71,KYC_DONE,False,True
USR41420,1,990.7,1,0,0.0,0.0,990.7,,,False
USR41447,1,14392.98,1,0,0.0,0.0,14392.98,,,False
USR41455,1,4687.46,1,0,0.0,0.0,4687.46,VERIFIED,False,True
USR41460,2,33973.91,2,0,0.0,0.0,16986.955,,,False
USR41465,1,11449.91,0,1,0.0,0.0,11449.91,,,False
USR41466,1,9919.52,1,0,0.0,0.0,9919.52,,,False
USR41469,1,10142.73,1,0,1.0,2887.1,10142.73,KYC_DONE,False,True
USR41470,1,2707.03,1,0,0.0,0.0,2707.03,VERIFIED,False,True
USR41471,1,19916.56,0,1,0.0,0.0,19916.56,,,False
USR41475,1,10678.1,1,0,0.0,0.0,10678.1,,,False
USR41483,1,7413.43,1,0,0.0,0.0,7413.43,VERIFIED,False,True
USR41491,1,24092.54,1,0,0.0,0.0,24092.54,,,False
USR41492,1,311.63,1,0,0.0,0.0,311.63,,,False
USR41501,1,21722.15,1,0,1.0,171.37,21722.15,REJECT,False,True
USR41505,1,276.65,1,0,0.0,0.0,276.65,,,False
USR41508,3,18721.47,3,0,1.0,1064.06,6240.490000000001,KYC_DONE,False,True
USR41520,1,-20740.85,1,0,0.0,0.0,-20740.85,UNDER REVIEW,False,True
USR41522,1,3298.54,0,0,0.0,0.0,3298.54,,,False
USR41524,1,14093.82,1,0,0.0,0.0,14093.82,,,False
USR41525,1,12260.13,1,0,0.0,0.0,12260.13,,,False
USR41529,1,23976.01,1,0,0.0,0.0,23976.01,,,False
USR41534,1,158.28,1,0,0.0,0.0,158.28,,,False
USR41536,1,8007.2,0,0,1.0,-2213.96,8007.2,,,False
USR41546,2,33264.14,2,0,1.0,7597.0,16632.07,VERIFIED,False,True
USR41549,1,3270.03,0,1,0.0,0.0,3270.03,,,False
USR41551,1,17694.0,1,0,0.0,0.0,17694.0,,,False
USR41554,1,13523.8,1,0,0.0,0.0,13523.8,,,False
USR41558,1,493.0,0,1,0.0,0.0,493.0,,,False
USR41573,1,2872.18,1,0,0.0,0.0,2872.18,VERIFIED,False,True
USR41578,1,2625.47,1,0,0.0,0.0,2625.47,VERIFIED,True,True
USR41584,1,2440.38,1,0,0.0,0.0,2440.38,,,False
USR41600,2,25805.84,2,0,1.0,0.0,12902.92,VERIFIED,False,True
USR41605,1,21358.15,1,0,1.0,3344.0,21358.15,,,False
USR41610,1,2993.33,1,0,0.0,0.0,2993.33,,,False
USR41614,1,19190.0,1,0,0.0,0.0,19190.0,VERIFIED,False,True
USR41615,1,13221.13,1,0,1.0,2992.52,13221.13,,,False
USR41617,1,15584.03,1,0,0.0,0.0,15584.03,,,False
USR41619,1,16234.58,1,0,0.0,0.0,16234.58,,,False
USR41626,1,11264.77,0,1,0.0,0.0,11264.77,VERIFIED,True,True
USR41632,1,4579.12,1,0,0.0,0.0,4579.12,,,False
USR41636,1,18785.17,1,0,0.0,0.0,18785.17,VERIFIED,False,True
USR41637,1,24972.33,1,0,1.0,0.0,24972.33,,,False
USR41646,3,22372.739999999998,3,0,0.0,0.0,7457.579999999999,,,False
USR41653,1,9091.0,1,0,0.0,0.0,9091.0,REJECTED,False,True
USR41671,1,11594.06,1,0,0.0,0.0,11594.06,VERIFIED,False,True
USR41675,1,17458.84,1,0,0.0,0.0,17458.84,VERIFIED,True,True
USR41678,1,8545.37,1,0,1.0,4311.27,8545.37,VERIFIED,False,True
USR41686,1,7504.98,1,0,0.0,0.0,7504.98,PENDING,True,True
USR41697,1,12955.02,1,0,0.0,0.0,12955.02,KYC_DONE,False,True
USR41698,1,12859.56,1,0,0.0,0.0,12859.56,,,False
USR41701,1,6901.0,1,0,0.0,0.0,6901.0,,,False
USR41704,1,3867.52,0,0,0.0,0.0,3867.52,,,False
USR41705,1,5499.67,1,0,0.0,0.0,5499.67,,,False
USR41709,1,11256.97,1,0,0.0,0.0,11256.97,VERIFIED,False,True
USR41713,1,11339.73,1,0,0.0,0.0,11339.73,,,False
USR41715,1,10711.98,1,0,0.0,0.0,10711.98,,,False
USR41718,2,30652.94,2,0,0.0,0.0,15326.47,KYC_DONE,False,True
USR41722,1,17303.36,1,0,0.0,0.0,17303.36,,,False
USR41729,1,12455.0,1,0,1.0,3450.22,12455.0,,,False
USR41732,1,15460.94,0,0,0.0,0.0,15460.94,REJECTED,True,True
USR41740,1,12465.2,0,1,0.0,0.0,12465.2,,,False
USR41741,1,8790.46,1,0,0.0,0.0,8790.46,VERIFIED,False,True
USR41749,1,19852.42,0,0,1.0,6375.04,19852.42,,,False
USR41751,1,11558.89,1,0,0.0,0.0,11558.89,VERIFIED,False,True
USR41756,1,21984.29,1,0,0.0,0.0,21984.29,,,False
USR41757,1,9716.31,1,0,0.0,0.0,9716.31,,,False
USR41759,1,24195.63,0,1,0.0,0.0,24195.63,VERIFIED,True,True
USR41766,1,22030.44,1,0,0.0,0.0,22030.44,,,False
USR41777,1,1160.37,0,1,0.0,0.0,1160.37,,,False
USR41779,1,13304.39,0,1,1.0,3917.9,13304.39,VERIFIED,False,True
USR41780,2,36422.86,2,0,0.0,0.0,18211.43,,,False
USR41784,1,18908.78,1,0,0.0,0.0,18908.78,,,False
USR41785,1,18999.37,1,0,0.0,0.0,18999.37,PENDING,True,True
USR41787,1,11256.0,1,0,0.0,0.0,11256.0,VERIFIED,False,True
USR41789,1,22392.32,1,0,0.0,0.0,22392.32,,,False
USR41796,1,22712.07,1,0,0.0,0.0,22712.07,,,False
USR41799,1,20846.89,1,0,0.0,0.0,20846.89,,,False
USR41807,1,10976.53,1,0,0.0,0.0,10976.53,,,False
USR41813,1,9307.37,1,0,1.0,2926.18,9307.37,PENDING,False,True
USR41814,1,22159.0,1,0,0.0,0.0,22159.0,REJECTED,False,True
USR41816,2,19230.47,1,1,0.0,0.0,9615.235,PENDING,False,True
USR41820,1,16073.45,1,0,0.0,0.0,16073.45,,,False
USR41835,1,1559.0,1,0,0.0,0.0,1559.0,,,False
USR41836,1,27.91,1,0,0.0,0.0,27.91,,,False
USR41845,1,3354.37,1,0,0.0,0.0,3354.37,,,False
USR41847,1,22011.74,1,0,0.0,0.0,22011.74,,,False
USR41852,1,24298.13,1,0,0.0,0.0,24298.13,,,False
USR41854,2,14775.970000000001,2,0,1.0,2157.0,7387.985000000001,VERIFIED,False,True
USR41859,2,34753.08,2,0,0.0,0.0,17376.54,,,False
USR41868,1,19209.15,1,0,0.0,0.0,19209.15,,,False
USR41871,1,22376.9,0,1,0.0,0.0,22376.9,VERIFIED,False,True
USR41877,1,16195.01,1,0,0.0,0.0,16195.01,,,False
USR41880,1,24930.98,1,0,0.0,0.0,24930.98,VERIFIED,True,True
USR41881,1,23864.6,1,0,0.0,0.0,23864.6,VERIFIED,False,True
USR41882,1,14536.26,1,0,0.0,0.0,14536.26,,,False
USR41883,1,9943.92,1,0,0.0,0.0,9943.92,KYC_DONE,False,True
USR41884,1,14397.99,1,0,0.0,0.0,14397.99,,,False
USR41888,1,22227.98,1,0,0.0,0.0,22227.98,,,False
USR41896,1,8234.0,1,0,0.0,0.0,8234.0,,,False
USR41902,1,3161.31,0,0,0.0,0.0,3161.31,KYC_DONE,False,True
USR41918,1,16809.59,1,0,0.0,0.0,16809.59,VERIFIED,False,True
USR41927,2,31456.33,2,0,0.0,0.0,15728.165,,,False
USR41933,2,26500.98,2,0,0.0,0.0,13250.49,,,False
USR41935,1,12921.44,1,0,0.0,0.0,12921.44,,,False
USR41939,2,-16629.82,1,0,2.0,7008.2699999999995,-8314.91,,,False
USR41940,1,1783.41,0,1,0.0,0.0,1783.41,,,False
USR41942,2,11756.31,2,0,0.0,0.0,5878.155,,,False
USR41949,1,7031.27,1,0,0.0,0.0,7031.27,,,False
USR41962,1,897.23,1,0,1.0,2522.66,897.23,,,False
USR41963,1,6677.43,1,0,0.0,0.0,6677.43,,,False
USR41965,2,21119.809999999998,1,1,0.0,0.0,10559.904999999999,,,False
USR41973,1,334.92,1,0,0.0,0.0,334.92,,,False
USR41976,1,5293.67,1,0,0.0,0.0,5293.67,,,False
USR41977,1,14216.12,1,0,0.0,0.0,14216.12,,,False
USR41986,1,14213.19,1,0,1.0,688.0,14213.19,VERIFIED,False,True
USR41990,1,24324.7,0,1,0.0,0.0,24324.7,,,False
USR41991,1,5792.2,1,0,0.0,0.0,5792.2,,,False
USR41994,1,10611.31,1,0,0.0,0.0,10611.31,,,False
USR42003,1,8211.87,1,0,0.0,0.0,8211.87,,,False
USR42016,1,23469.36,1,0,0.0,0.0,23469.36,,,False
USR42017,1,17703.51,1,0,0.0,0.0,17703.51,VERIFIED,False,True
USR42018,1,10324.83,1,0,0.0,0.0,10324.83,,,False
USR42020,1,21127.54,0,1,0.0,0.0,21127.54,,,False
USR42023,1,20449.69,1,0,1.0,3123.85,20449.69,,,False
USR42028,1,22233.24,1,0,0.0,0.0,22233.24,,,False
USR42029,1,7642.74,0,1,0.0,0.0,7642.74,VERIFIED,False,True
USR42032,2,18462.54,2,0,0.0,0.0,9231.27,,,False
USR42038,1,24271.65,1,0,0.0,0.0,24271.65,,,False
USR42046,2,41954.72,2,0,1.0,16244.17,20977.36,,,False
USR42048,1,8868.0,1,0,0.0,0.0,8868.0,,,False
USR42049,1,5991.85,1,0,0.0,0.0,5991.85,VERIFIED,False,True
USR42053,1,13064.0,1,0,0.0,0.0,13064.0,,,False
USR42055,1,8301.12,1,0,0.0,0.0,8301.12,,,False
USR42058,1,5781.23,1,0,0.0,0.0,5781.23,REJECTED,True,True
USR42060,1,15585.0,0,1,0.0,0.0,15585.0,,,False
USR42065,1,24965.45,1,0,0.0,0.0,24965.45,,,False
USR42066,1,4176.66,1,0,0.0,0.0,4176.66,VERIFIED,False,True
USR42070,1,7521.77,1,0,0.0,0.0,7521.77,,,False
USR42072,2,24751.65,1,1,1.0,1251.7,12375.825,KYC_DONE,False,True
USR42077,2,15213.42,2,0,0.0,0.0,7606.71,,,False
USR42079,1,6011.39,1,0,0.0,0.0,6011.39,,,False
USR42091,1,9444.0,1,0,0.0,0.0,9444.0,,,False
USR42092,1,21776.65,1,0,0.0,0.0,21776.65,,,False
USR42094,1,20248.76,1,0,0.0,0.0,20248.76,,,False
USR42096,1,17880.49,1,0,0.0,0.0,17880.49,VERIFIED,False,True
USR42097,1,24385.51,1,0,0.0,0.0,24385.51,,,False
USR42105,1,24137.0,1,0,0.0,0.0,24137.0,,,False
USR42113,1,16145.89,1,0,0.0,0.0,16145.89,,,False
USR42118,1,2879.77,1,0,0.0,0.0,2879.77,,,False
USR42120,1,23385.2,1,0,0.0,0.0,23385.2,,,False
USR42121,1,18595.98,1,0,1.0,13235.72,18595.98,VERIFIED,False,True
USR42124,1,5784.56,1,0,0.0,0.0,5784.56,VERIFIED,True,True
USR42127,1,13778.1,1,0,0.0,0.0,13778.1,,,False
USR42132,1,14503.78,1,0,0.0,0.0,14503.78,VERIFIED,False,True
USR42142,1,22096.0,1,0,0.0,0.0,22096.0,KYC_DONE,False,True
USR42151,2,13875.55,2,0,0.0,0.0,6937.775,VERIFIED,True,True
USR42153,1,6008.56,1,0,0.0,0.0,6008.56,,,False
USR42157,1,9746.75,1,0,0.0,0.0,9746.75,REJECTED,False,True
USR42158,1,4638.04,1,0,0.0,0.0,4638.04,,,False
USR42159,1,21981.0,1,0,0.0,0.0,21981.0,KYC_DONE,False,True
USR42160,1,17066.49,1,0,0.0,0.0,17066.49,VERIFIED,True,True
USR42163,1,20637.14,1,0,0.0,0.0,20637.14,,,False
USR42180,1,4113.87,1,0,0.0,0.0,4113.87,,,False
USR42181,1,7646.36,1,0,0.0,0.0,7646.36,,,False
USR42182,1,9349.6,1,0,0.0,0.0,9349.6,KYC_DONE,False,True
USR42190,1,356.41,1,0,0.0,0.0,356.41,,,False
USR42191,1,13007.05,1,0,0.0,0.0,13007.05,,,False
USR42192,2,3677.1800000000003,2,0,0.0,0.0,1838.5900000000001,,,False
USR42195,2,12102.96,2,0,0.0,0.0,6051.48,VERIFIED,False,True
USR42197,2,30914.05,1,0,0.0,0.0,15457.025,PENDING,False,True
USR42198,1,16533.16,1,0,0.0,0.0,16533.16,,,False
USR42202,1,13056.62,1,0,1.0,1464.53,13056.62,VERIFIED,True,True
USR42204,1,22211.21,1,0,0.0,0.0,22211.21,VERIFIED,False,True
USR42212,1,6820.97,1,0,0.0,0.0,6820.97,VERIFIED,False,True
USR42214,1,9618.94,1,0,0.0,0.0,9618.94,,,False
USR42216,1,1291.83,0,0,0.0,0.0,1291.83,,,False
USR42221,1,12788.0,1,0,1.0,3888.0,12788.0,,,False
USR42224,1,4647.51,1,0,0.0,0.0,4647.51,,,False
USR42231,3,30271.84,2,1,0.0,0.0,10090.613333333333,VERIFIED,False,True
USR42243,1,24449.17,1,0,0.0,0.0,24449.17,,,False
USR42244,2,25864.46,0,2,1.0,522.4,12932.23,,,False
USR42248,1,10200.37,1,0,1.0,258.2,10200.37,VERIFIED,False,True
USR42253,1,19156.75,1,0,0.0,0.0,19156.75,,,False
USR42256,2,19257.7,2,0,0.0,0.0,9628.85,VERIFIED,False,True
USR42258,1,2394.03,1,0,0.0,0.0,2394.03,,,False
USR42260,1,7418.05,1,0,0.0,0.0,7418.05,,,False
USR42266,1,11264.27,1,0,0.0,0.0,11264.27,KYC_DONE,False,True
USR42268,1,5515.82,1,0,0.0,0.0,5515.82,KYC_DONE,False,True
USR42269,1,8694.49,1,0,1.0,476.92,8694.49,REJECTED,False,True
USR42272,1,13089.54,1,0,0.0,0.0,13089.54,,,False
USR42279,1,10984.0,1,0,0.0,0.0,10984.0,,,False
USR42281,2,21651.3,2,0,0.0,0.0,10825.65,,,False
USR42284,1,11037.78,1,0,0.0,0.0,11037.78,VERIFIED,False,True
USR42285,1,21362.19,0,0,0.0,0.0,21362.19,,,False
USR42287,1,15476.87,1,0,0.0,0.0,15476.87,,,False
USR42289,1,15622.24,1,0,0.0,0.0,15622.24,VERIFIED,True,True
USR42293,1,17439.56,1,0,0.0,0.0,17439.56,KYC_DONE,False,True
USR42295,1,11245.48,1,0,0.0,0.0,11245.48,,,False
USR42302,1,24906.09,0,1,0.0,0.0,24906.09,,,False
USR42307,1,-16549.89,1,0,0.0,0.0,-16549.89,,,False
USR42309,1,9582.64,1,0,0.0,0.0,9582.64,,,False
USR42320,1,11913.63,1,0,0.0,0.0,11913.63,,,False
USR42322,1,20362.44,1,0,1.0,2235.82,20362.44,,,False
USR42325,1,4881.62,1,0,1.0,1032.66,4881.62,PENDING,False,True
USR42339,1,1933.73,1,0,0.0,0.0,1933.73,,,False
USR42346,1,11474.62,1,0,0.0,0.0,11474.62,,,False
USR42361,2,10858.99,1,0,0.0,0.0,5429.495,VERIFIED,False,True
USR42363,1,18843.01,1,0,0.0,0.0,18843.01,,,False
USR42366,1,9535.0,1,0,0.0,0.0,9535.0,,,False
USR42368,1,13220.46,1,0,1.0,1549.8,13220.46,,,False
USR42377,1,13828.0,1,0,0.0,0.0,13828.0,REJECTED,False,True
USR42378,1,6644.76,1,0,0.0,0.0,6644.76,VERIFIED,False,True
USR42382,1,16751.87,1,0,0.0,0.0,16751.87,,,False
USR42383,1,4887.21,1,0,0.0,0.0,4887.21,,,False
USR42392,2,19851.699999999997,1,0,0.0,0.0,9925.849999999999,VERIFIED,False,True
USR42409,1,2777.61,1,0,0.0,0.0,2777.61,,,False
USR42422,1,12186.37,1,0,1.0,3691.3,12186.37,KYC_DONE,False,True
USR42427,1,16809.13,1,0,0.0,0.0,16809.13,,,False
USR42432,1,4661.44,1,0,0.0,0.0,4661.44,,,False
USR42433,1,1690.04,0,1,0.0,0.0,1690.04,,,False
USR42435,1,19594.0,1,0,0.0,0.0,19594.0,VERIFIED,False,True
USR42442,1,19302.01,1,0,0.0,0.0,19302.01,VERIFIED,False,True
USR42450,1,6222.64,1,0,0.0,0.0,6222.64,VERIFIED,False,True
USR42481,1,21555.2,1,0,0.0,0.0,21555.2,VERIFIED,False,True
USR42483,1,20944.85,1,0,0.0,0.0,20944.85,,,False
USR42493,1,6365.96,0,1,0.0,0.0,6365.96,,,False
USR42498,1,1886.59,1,0,0.0,0.0,1886.59,VERIFIED,True,True
USR42499,1,15454.89,1,0,0.0,0.0,15454.89,PENDING,False,True
USR42502,1,3912.25,1,0,0.0,0.0,3912.25,,,False
USR42503,1,20911.0,0,1,1.0,498.7,20911.0,PENDING,True,True
USR42507,1,12712.71,1,0,0.0,0.0,12712.71,PENDING,False,True
USR42520,1,6701.68,1,0,0.0,0.0,6701.68,,,False
USR42531,1,16342.59,1,0,0.0,0.0,16342.59,,,False
USR42532,1,6660.0,1,0,0.0,0.0,6660.0,,,False
USR42534,1,9870.36,1,0,0.0,0.0,9870.36,,,False
USR42535,1,10419.98,0,0,0.0,0.0,10419.98,KYC_DONE,False,True
USR42537,1,12165.26,1,0,1.0,1195.71,12165.26,,,False
USR42543,1,5696.07,1,0,0.0,0.0,5696.07,,,False
USR42573,1,20963.91,0,1,0.0,0.0,20963.91,,,False
USR42578,1,218.78,1,0,0.0,0.0,218.78,,,False
USR42580,1,18424.47,1,0,0.0,0.0,18424.47,,,False
USR42587,2,25501.45,2,0,0.0,0.0,12750.725,VERIFIED,False,True
USR42588,1,17658.99,1,0,0.0,0.0,17658.99,KYC_DONE,False,True
USR42590,2,24756.42,2,0,0.0,0.0,12378.21,VERIFIED,False,True
USR42591,1,1976.65,1,0,0.0,0.0,1976.65,,,False
USR42592,1,4072.55,1,0,0.0,0.0,4072.55,KYC_DONE,False,True
USR42593,1,22743.86,1,0,0.0,0.0,22743.86,,,False
USR42594,1,15481.84,1,0,0.0,0.0,15481.84,VERIFIED,False,True
USR42597,1,1463.51,1,0,0.0,0.0,1463.51,,,False
USR42601,1,15903.69,1,0,0.0,0.0,15903.69,,,False
USR42602,2,24804.5,2,0,0.0,0.0,12402.25,,,False
USR42606,2,29844.120000000003,2,0,0.0,0.0,14922.060000000001,,,False
USR42608,1,7764.61,0,0,0.0,0.0,7764.61,REJECTED,True,True
USR42610,1,14709.17,1,0,0.0,0.0,14709.17,,,False
USR42620,1,729.75,1,0,0.0,0.0,729.75,PENDING,True,True
USR42624,1,16844.82,1,0,0.0,0.0,16844.82,,,False
USR42633,1,14638.53,1,0,0.0,0.0,14638.53,,,False
USR42636,1,8492.86,0,1,1.0,0.0,8492.86,VERIFIED,True,True
USR42638,1,24757.0,1,0,0.0,0.0,24757.0,,,False
USR42639,1,4392.53,1,0,0.0,0.0,4392.53,,,False
USR42640,1,23886.65,1,0,0.0,0.0,23886.65,VERIFIED,True,True
USR42642,2,39995.58,2,0,0.0,0.0,19997.79,,,False
USR42647,1,14878.26,1,0,1.0,4232.74,14878.26,,,False
USR42648,1,10555.01,1,0,1.0,13306.35,10555.01,,,False
USR42649,1,14106.21,1,0,0.0,0.0,14106.21,,,False
USR42650,1,24621.94,1,0,0.0,0.0,24621.94,VERIFIED,False,True
USR42653,1,1356.92,1,0,0.0,0.0,1356.92,KYC_DONE,False,True
USR42654,1,24658.06,0,1,0.0,0.0,24658.06,,,False
USR42660,1,18658.91,1,0,1.0,1222.97,18658.91,VERIFIED,True,True
USR42664,1,17932.5,1,0,0.0,0.0,17932.5,,,False
USR42675,1,6627.76,1,0,0.0,0.0,6627.76,VERIFIED,False,True
USR42685,2,18002.9,2,0,1.0,292.66,9001.45,VERIFIED,True,True
USR42688,1,6901.43,1,0,0.0,0.0,6901.43,,,False
USR42697,1,3997.84,1,0,0.0,0.0,3997.84,REJECTED,False,True
USR42702,1,3102.78,1,0,0.0,0.0,3102.78,,,False
USR42728,1,21065.44,0,1,0.0,0.0,21065.44,,,False
USR42738,1,811.27,1,0,0.0,0.0,811.27,KYC_DONE,False,True
USR42739,1,14638.01,0,1,0.0,0.0,14638.01,UNDER REVIEW,False,True
USR42747,2,13305.5,2,0,0.0,0.0,6652.75,,,False
USR42748,1,8550.52,1,0,0.0,0.0,8550.52,,,False
USR42758,1,2173.82,1,0,0.0,0.0,2173.82,,,False
USR42760,1,5938.3,1,0,0.0,0.0,5938.3,,,False
USR42767,1,16141.9,0,1,0.0,0.0,16141.9,,,False
USR42773,1,20531.75,1,0,0.0,0.0,20531.75,,,False
USR42774,1,6661.09,1,0,0.0,0.0,6661.09,,,False
USR42775,1,9077.09,1,0,1.0,3065.07,9077.09,,,False
USR42784,1,2490.0,1,0,0.0,0.0,2490.0,,,False
USR42790,1,16151.9,1,0,0.0,0.0,16151.9,,,False
USR42791,1,11590.45,1,0,0.0,0.0,11590.45,KYC_DONE,False,True
USR42796,1,16703.81,1,0,0.0,0.0,16703.81,,,False
USR42801,1,-17834.91,1,0,0.0,0.0,-17834.91,,,False
USR42804,1,6736.35,1,0,0.0,0.0,6736.35,,,False
USR42809,1,16670.47,1,0,0.0,0.0,16670.47,PENDING,True,True
USR42818,1,3263.56,1,0,1.0,628.55,3263.56,,,False
USR42819,1,6655.55,0,1,1.0,2479.92,6655.55,,,False
USR42837,1,18537.46,1,0,0.0,0.0,18537.46,VERIFIED,False,True
USR42844,1,14318.41,1,0,0.0,0.0,14318.41,VERIFIED,False,True
USR42846,1,14988.0,1,0,0.0,0.0,14988.0,,,False
USR42855,1,5153.97,0,1,0.0,0.0,5153.97,,,False
USR42856,1,1351.89,1,0,0.0,0.0,1351.89,REJECTED,False,True
USR42869,1,3878.1,1,0,0.0,0.0,3878.1,VERIFIED,True,True
USR42873,1,14978.0,0,1,0.0,0.0,14978.0,,,False
USR42892,1,9483.56,1,0,0.0,0.0,9483.56,VERIFIED,False,True
USR42895,1,8569.07,1,0,0.0,0.0,8569.07,KYC_DONE,False,True
USR42900,1,-18223.57,1,0,0.0,0.0,-18223.57,,,False
USR42905,1,12931.0,1,0,0.0,0.0,12931.0,,,False
USR42908,1,10177.91,0,0,1.0,681.66,10177.91,VERIFIED,False,True
USR42912,1,16679.25,1,0,0.0,0.0,16679.25,,,False
USR42921,1,6311.8,0,1,0.0,0.0,6311.8,VERIFIED,False,True
USR42925,1,6423.98,1,0,0.0,0.0,6423.98,,,False
USR42926,1,12526.91,1,0,0.0,0.0,12526.91,,,False
USR42927,1,6001.21,1,0,1.0,981.9,6001.21,,,False
USR42929,1,20255.4,1,0,0.0,0.0,20255.4,,,False
USR42931,1,18884.21,0,0,0.0,0.0,18884.21,,,False
USR42935,1,6006.32,0,1,0.0,0.0,6006.32,,,False
USR42940,1,15040.76,1,0,0.0,0.0,15040.76,,,False
USR42941,1,262.16,1,0,1.0,3734.7,262.16,VERIFIED,False,True
USR42942,1,23785.57,1,0,0.0,0.0,23785.57,,,False
USR42946,1,6923.98,1,0,0.0,0.0,6923.98,,,False
USR42947,1,12878.04,0,0,0.0,0.0,12878.04,VERIFIED,False,True
USR42955,2,26598.89,2,0,0.0,0.0,13299.445,PENDING,True,True
USR42960,1,7311.5,1,0,0.0,0.0,7311.5,VERIFIED,True,True
USR42961,1,7705.51,1,0,0.0,0.0,7705.51,,,False
USR42976,1,5119.0,1,0,1.0,1011.36,5119.0,VERIFIED,False,True
USR42986,2,36453.88,2,0,0.0,0.0,18226.94,,,False
USR42989,1,560.0,1,0,0.0,0.0,560.0,REJECTED,False,True
USR42997,1,469.58,1,0,0.0,0.0,469.58,VERIFIED,False,True
USR43006,2,37089.72,2,0,0.0,0.0,18544.86,,,False
USR43010,1,8708.0,1,0,0.0,0.0,8708.0,,,False
USR43013,1,22112.94,1,0,0.0,0.0,22112.94,,,False
USR43021,1,2348.05,0,1,0.0,0.0,2348.05,,,False
USR43023,1,24239.0,1,0,0.0,0.0,24239.0,,,False
USR43025,1,19198.84,0,1,0.0,0.0,19198.84,,,False
USR43031,2,39754.65,2,0,0.0,0.0,19877.325,,,False
USR43035,1,21854.0,1,0,0.0,0.0,21854.0,KYC_DONE,False,True
USR43038,1,17347.01,1,0,0.0,0.0,17347.01,REJECTED,True,True
USR43043,1,20129.38,1,0,0.0,0.0,20129.38,,,False
USR43044,1,11731.33,1,0,0.0,0.0,11731.33,,,False
USR43046,1,24670.0,0,1,0.0,0.0,24670.0,,,False
USR43049,1,16127.64,1,0,0.0,0.0,16127.64,UNDER REVIEW,False,True
USR43050,1,22204.07,1,0,0.0,0.0,22204.07,VERIFIED,True,True
USR43053,1,24737.74,1,0,0.0,0.0,24737.74,,,False
USR43071,1,6960.81,1,0,0.0,0.0,6960.81,,,False
USR43072,1,15799.61,1,0,0.0,0.0,15799.61,,,False
USR43073,1,18088.96,1,0,0.0,0.0,18088.96,,,False
USR43100,1,8591.23,1,0,1.0,-3807.76,8591.23,,,False
USR43105,1,5938.85,1,0,0.0,0.0,5938.85,VERIFIED,False,True
USR43108,1,21129.23,1,0,2.0,9041.04,21129.23,,,False
USR43113,1,21335.13,1,0,0.0,0.0,21335.13,,,False
USR43117,1,23986.0,0,1,0.0,0.0,23986.0,VERIFIED,False,True
USR43120,1,1283.84,1,0,0.0,0.0,1283.84,,,False
USR43123,1,367.74,1,0,0.0,0.0,367.74,,,False
USR43132,1,4670.91,1,0,0.0,0.0,4670.91,VERIFIED,False,True
USR43136,1,24885.58,0,1,0.0,0.0,24885.58,,,False
USR43150,1,6333.0,1,0,0.0,0.0,6333.0,VERIFIED,False,True
USR43152,2,12112.98,2,0,1.0,165.89,6056.49,,,False
USR43166,1,20812.74,1,0,0.0,0.0,20812.74,VERIFIED,True,True
USR43171,1,8512.23,1,0,0.0,0.0,8512.23,VERIFIED,False,True
USR43177,1,12867.41,1,0,0.0,0.0,12867.41,,,False
USR43181,1,6334.58,1,0,0.0,0.0,6334.58,,,False
USR43186,1,15297.33,1,0,0.0,0.0,15297.33,VERIFIED,False,True
USR43187,2,41313.6,2,0,0.0,0.0,20656.8,,,False
USR43189,1,2202.06,1,0,0.0,0.0,2202.06,,,False
USR43196,1,10511.61,0,1,0.0,0.0,10511.61,,,False
USR43197,1,-3902.23,1,0,0.0,0.0,-3902.23,,,False
USR43204,1,11670.67,1,0,0.0,0.0,11670.67,VERIFIED,False,True
USR43210,1,15415.0,1,0,1.0,-363.03,15415.0,PENDING,False,True
USR43216,1,-17356.82,0,1,0.0,0.0,-17356.82,VERIFIED,False,True
USR43218,1,17912.76,1,0,0.0,0.0,17912.76,VERIFIED,False,True
USR43222,1,3117.39,1,0,0.0,0.0,3117.39,,,False
USR43228,1,16258.53,0,1,1.0,-5894.84,16258.53,,,False
USR43242,1,7287.67,1,0,0.0,0.0,7287.67,,,False
USR43244,1,15127.47,1,0,1.0,2940.0,15127.47,,,False
USR43256,1,22121.89,1,0,0.0,0.0,22121.89,,,False
USR43259,1,24982.49,1,0,0.0,0.0,24982.49,,,False
USR43260,3,32436.97,3,0,0.0,0.0,10812.323333333334,,,False
USR43265,1,2852.91,1,0,0.0,0.0,2852.91,VERIFIED,False,True
USR43266,1,16550.64,1,0,0.0,0.0,16550.64,,,False
USR43277,1,12391.53,1,0,0.0,0.0,12391.53,,,False
USR43278,1,6337.5,1,0,0.0,0.0,6337.5,,,False
USR43295,1,1234.63,1,0,0.0,0.0,1234.63,,,False
USR43300,1,24635.27,1,0,0.0,0.0,24635.27,,,False
USR43303,1,513.83,1,0,0.0,0.0,513.83,VERIFIED,False,True
USR43305,1,3418.0,1,0,0.0,0.0,3418.0,,,False
USR43310,1,6540.71,1,0,0.0,0.0,6540.71,,,False
USR43313,1,-19468.52,1,0,0.0,0.0,-19468.52,KYC_DONE,False,True
USR43321,1,17235.0,0,1,0.0,0.0,17235.0,,,False
USR43330,1,9484.69,1,0,0.0,0.0,9484.69,,,False
USR43331,1,4636.67,1,0,0.0,0.0,4636.67,KYC_DONE,False,True
USR43341,1,15936.25,0,1,0.0,0.0,15936.25,VERIFIED,False,True
USR43342,1,11636.33,0,1,0.0,0.0,11636.33,PENDING,False,True
USR43343,1,4925.25,1,0,0.0,0.0,4925.25,REJECTED,False,True
USR43344,1,565.29,0,0,0.0,0.0,565.29,,,False
USR43353,1,2582.62,1,0,1.0,813.25,2582.62,,,False
USR43359,1,24972.63,1,0,1.0,2655.0,24972.63,,,False
USR43361,1,12430.62,1,0,0.0,0.0,12430.62,VERIFIED,False,True
USR43371,1,172.17,1,0,0.0,0.0,172.17,,,False
USR43382,1,22261.65,0,0,0.0,0.0,22261.65,KYC_DONE,False,True
USR43386,2,36355.61,2,0,0.0,0.0,18177.805,VERIFIED,False,True
USR43387,1,1982.7,1,0,0.0,0.0,1982.7,,,False
USR43388,1,9737.77,1,0,0.0,0.0,9737.77,VERIFIED,False,True
USR43392,1,-20973.64,0,1,0.0,0.0,-20973.64,,,False
USR43393,1,21559.75,1,0,0.0,0.0,21559.75,KYC_DONE,False,True
USR43398,3,13221.88,3,0,0.0,0.0,4407.293333333333,,,False
USR43408,1,22373.82,0,0,0.0,0.0,22373.82,,,False
USR43411,1,14761.57,1,0,0.0,0.0,14761.57,,,False
USR43413,1,3669.44,1,0,0.0,0.0,3669.44,,,False
USR43414,1,18192.21,0,1,1.0,1375.65,18192.21,VERIFIED,False,True
USR43423,1,21350.03,1,0,0.0,0.0,21350.03,VERIFIED,False,True
USR43429,1,23352.58,1,0,0.0,0.0,23352.58,,,False
USR43436,1,4035.89,1,0,0.0,0.0,4035.89,,,False
USR43442,4,33212.74,3,1,1.0,875.3,8303.185,PENDING,True,True
USR43455,1,22396.44,1,0,0.0,0.0,22396.44,REJECTED,True,True
USR43460,3,55562.2,3,0,0.0,0.0,18520.733333333334,,,False
USR43462,1,14361.0,1,0,0.0,0.0,14361.0,,,False
USR43469,2,31364.809999999998,2,0,0.0,0.0,15682.404999999999,,,False
USR43470,1,9323.49,1,0,0.0,0.0,9323.49,,,False
USR43478,1,10394.83,1,0,0.0,0.0,10394.83,REJECTED,False,True
USR43482,1,8115.1,0,1,1.0,13495.0,8115.1,,,False
USR43483,1,12270.43,1,0,0.0,0.0,12270.43,,,False
USR43491,1,15449.15,1,0,0.0,0.0,15449.15,,,False
USR43492,1,18183.79,1,0,0.0,0.0,18183.79,,,False
USR43499,1,12004.11,1,0,0.0,0.0,12004.11,VERIFIED,False,True
USR43509,1,22556.48,1,0,0.0,0.0,22556.48,PENDING,False,True
USR43514,1,14028.0,1,0,0.0,0.0,14028.0,,,False
USR43516,1,17277.44,1,0,0.0,0.0,17277.44,,,False
USR43518,1,14915.9,1,0,0.0,0.0,14915.9,,,False
USR43522,1,15682.19,0,1,0.0,0.0,15682.19,,,False
USR43525,1,19452.85,1,0,0.0,0.0,19452.85,,,False
USR43527,1,2771.43,1,0,0.0,0.0,2771.43,,,False
USR43530,1,13746.61,1,0,0.0,0.0,13746.61,VERIFIED,False,True
USR43532,1,12615.48,1,0,0.0,0.0,12615.48,PENDING,False,True
USR43533,1,6565.27,1,0,0.0,0.0,6565.27,VERIFIED,False,True
USR43545,1,22150.58,0,1,0.0,0.0,22150.58,,,False
USR43557,1,1797.76,1,0,0.0,0.0,1797.76,,,False
USR43558,1,3323.77,1,0,1.0,716.05,3323.77,VERIFIED,True,True
USR43563,1,16476.51,1,0,0.0,0.0,16476.51,VERIFIED,False,True
USR43566,1,2122.74,1,0,0.0,0.0,2122.74,,,False
USR43590,1,6279.82,0,1,0.0,0.0,6279.82,,,False
USR43607,1,22484.49,0,1,0.0,0.0,22484.49,,,False
USR43610,2,34578.07000000001,2,0,0.0,0.0,17289.035000000003,,,False
USR43611,1,7791.29,1,0,0.0,0.0,7791.29,,,False
USR43614,1,1330.14,0,1,1.0,1800.13,1330.14,,,False
USR43619,1,9516.21,1,0,1.0,3741.98,9516.21,,,False
USR43629,1,24075.0,1,0,0.0,0.0,24075.0,,,False
USR43644,1,19405.15,0,0,1.0,10848.72,19405.15,KYC_DONE,False,True
USR43656,1,10177.53,1,0,0.0,0.0,10177.53,PENDING,True,True
USR43663,1,6275.79,1,0,0.0,0.0,6275.79,,,False
USR43666,1,24824.19,1,0,0.0,0.0,24824.19,,,False
USR43667,1,24236.0,1,0,0.0,0.0,24236.0,,,False
USR43671,1,12632.87,1,0,0.0,0.0,12632.87,REJECTED,False,True
USR43676,1,22586.16,1,0,0.0,0.0,22586.16,KYC_DONE,False,True
USR43679,1,14808.83,0,0,0.0,0.0,14808.83,,,False
USR43682,1,2852.44,1,0,0.0,0.0,2852.44,,,False
USR43697,2,19736.309999999998,1,1,0.0,0.0,9868.154999999999,VERIFIED,False,True
USR43713,1,1784.0,1,0,0.0,0.0,1784.0,,,False
USR43719,1,3523.74,1,0,0.0,0.0,3523.74,VERIFIED,False,True
USR43725,1,23063.26,1,0,0.0,0.0,23063.26,,,False
USR43728,1,19697.95,1,0,0.0,0.0,19697.95,,,False
USR43731,1,24634.77,1,0,0.0,0.0,24634.77,,,False
USR43734,1,9697.62,0,0,0.0,0.0,9697.62,,,False
USR43735,1,19497.67,1,0,1.0,2637.93,19497.67,VERIFIED,False,True
USR43737,1,7458.08,0,1,0.0,0.0,7458.08,VERIFIED,True,True
USR43738,1,6898.13,1,0,0.0,0.0,6898.13,VERIFIED,False,True
USR43756,1,10365.44,0,0,0.0,0.0,10365.44,,,False
USR43767,1,5226.48,1,0,1.0,2538.7,5226.48,VERIFIED,False,True
USR43769,1,22449.4,1,0,0.0,0.0,22449.4,,,False
USR43775,1,22396.91,1,0,0.0,0.0,22396.91,,,False
USR43779,1,17184.0,1,0,0.0,0.0,17184.0,VERIFIED,False,True
USR43786,1,8369.0,0,1,0.0,0.0,8369.0,,,False
USR43788,1,963.46,1,0,0.0,0.0,963.46,,,False
USR43792,2,22684.690000000002,1,1,0.0,0.0,11342.345000000001,,,False
USR43795,1,21462.0,1,0,0.0,0.0,21462.0,VERIFIED,False,True
USR43797,1,7143.59,1,0,0.0,0.0,7143.59,,,False
USR43806,1,20533.22,1,0,0.0,0.0,20533.22,,,False
USR43818,1,764.5,1,0,0.0,0.0,764.5,,,False
USR43820,1,15831.34,1,0,0.0,0.0,15831.34,,,False
USR43827,1,21822.76,1,0,0.0,0.0,21822.76,,,False
USR43828,1,10963.08,1,0,0.0,0.0,10963.08,,,False
USR43838,1,23204.35,0,1,0.0,0.0,23204.35,,,False
USR43840,1,15527.0,1,0,0.0,0.0,15527.0,,,False
USR43841,1,513.24,1,0,0.0,0.0,513.24,VERIFIED,False,True
USR43842,1,15676.12,1,0,0.0,0.0,15676.12,,,False
USR43843,1,16245.08,1,0,0.0,0.0,16245.08,PENDING,False,True
USR43844,2,4989.289999999999,1,0,1.0,913.38,2494.6449999999995,,,False
USR43852,1,1466.85,1,0,0.0,0.0,1466.85,,,False
USR43853,1,9834.11,1,0,1.0,1634.47,9834.11,KYC_DONE,False,True
USR43854,1,15780.33,1,0,0.0,0.0,15780.33,,,False
USR43857,1,4163.35,1,0,1.0,2132.38,4163.35,,,False
USR43859,1,2154.41,1,0,0.0,0.0,2154.41,,,False
USR43865,2,15685.0,2,0,0.0,0.0,7842.5,PENDING,False,True
USR43877,1,19170.12,1,0,0.0,0.0,19170.12,,,False
USR43879,1,20227.77,1,0,0.0,0.0,20227.77,,,False
USR43886,1,2156.9,1,0,0.0,0.0,2156.9,,,False
USR43888,1,19370.29,1,0,0.0,0.0,19370.29,,,False
USR43897,2,25123.510000000002,2,0,0.0,0.0,12561.755000000001,VERIFIED,False,True
USR43901,2,10603.2,2,0,0.0,0.0,5301.6,,,False
USR43903,1,12463.34,1,0,0.0,0.0,12463.34,,,False
USR43907,1,2742.8,1,0,0.0,0.0,2742.8,VERIFIED,False,True
USR43916,1,4231.91,1,0,0.0,0.0,4231.91,VERIFIED,False,True
USR43923,1,23690.59,1,0,0.0,0.0,23690.59,KYC_DONE,False,True
USR43928,1,18959.0,1,0,0.0,0.0,18959.0,,,False
USR43940,1,7806.91,0,1,0.0,0.0,7806.91,VERIFIED,False,True
USR43944,1,22431.13,1,0,0.0,0.0,22431.13,,,False
USR43946,1,9826.26,1,0,0.0,0.0,9826.26,,,False
USR43951,1,10217.25,1,0,0.0,0.0,10217.25,,,False
USR43953,1,12822.0,1,0,0.0,0.0,12822.0,,,False
USR43957,1,20480.27,1,0,0.0,0.0,20480.27,,,False
USR43962,1,12292.04,1,0,1.0,2801.1,12292.04,,,False
USR43965,1,19462.11,0,1,0.0,0.0,19462.11,,,False
USR43969,1,17714.87,1,0,0.0,0.0,17714.87,PENDING,False,True
USR43975,1,2290.21,1,0,1.0,4146.24,2290.21,,,False
USR43994,2,15865.010000000002,2,0,1.0,548.59,7932.505000000001,VERIFIED,False,True
USR43996,1,20709.0,1,0,1.0,2069.51,20709.0,,,False
USR44002,1,2839.82,1,0,0.0,0.0,2839.82,VERIFIED,False,True
USR44009,1,1826.33,0,1,0.0,0.0,1826.33,,,False
USR44011,1,8728.06,1,0,0.0,0.0,8728.06,VERIFIED,False,True
USR44012,1,11841.14,1,0,0.0,0.0,11841.14,,,False
USR44013,1,13626.59,1,0,0.0,0.0,13626.59,,,False
USR44018,2,3159.9400000000005,2,0,1.0,119.0,1579.9700000000003,,,False
USR44021,2,36462.04,2,0,0.0,0.0,18231.02,,,False
USR44023,2,33927.21,2,0,0.0,0.0,16963.605,,,False
USR44025,1,17377.0,1,0,0.0,0.0,17377.0,,,False
USR44030,1,12851.76,1,0,0.0,0.0,12851.76,VERIFIED,True,True
USR44033,2,30917.82,2,0,0.0,0.0,15458.91,,,False
USR44035,2,4109.4400000000005,1,0,0.0,0.0,2054.7200000000003,,,False
USR44040,1,882.3,1,0,0.0,0.0,882.3,,,False
USR44047,1,21350.17,1,0,2.0,526.17,21350.17,,,False
USR44049,1,20353.57,1,0,0.0,0.0,20353.57,,,False
USR44060,1,9482.22,0,1,0.0,0.0,9482.22,,,False
USR44066,1,9864.59,1,0,0.0,0.0,9864.59,PENDING,True,True
USR44073,1,2006.54,1,0,0.0,0.0,2006.54,,,False
USR44076,1,9529.99,1,0,0.0,0.0,9529.99,,,False
USR44078,1,18601.22,1,0,0.0,0.0,18601.22,,,False
USR44080,1,8312.37,1,0,0.0,0.0,8312.37,,,False
USR44082,1,23459.13,1,0,0.0,0.0,23459.13,,,False
USR44083,1,1990.45,1,0,0.0,0.0,1990.45,VERIFIED,False,True
USR44093,1,4324.69,1,0,0.0,0.0,4324.69,,,False
USR44095,1,2874.85,1,0,0.0,0.0,2874.85,KYC_DONE,False,True
USR44102,1,13863.56,1,0,1.0,15432.0,13863.56,KYC_DONE,False,True
USR44108,2,23439.7,1,1,0.0,0.0,11719.85,,,False
USR44123,2,24561.56,1,1,0.0,0.0,12280.78,VERIFIED,True,True
USR44137,1,11783.05,1,0,0.0,0.0,11783.05,,,False
USR44144,1,16067.7,0,1,0.0,0.0,16067.7,,,False
USR44153,1,16847.03,1,0,0.0,0.0,16847.03,,,False
USR44166,1,24535.58,1,0,0.0,0.0,24535.58,,,False
USR44167,1,-6152.64,1,0,0.0,0.0,-6152.64,VERIFIED,True,True
USR44171,1,6491.94,1,0,0.0,0.0,6491.94,,,False
USR44172,2,29056.18,2,0,0.0,0.0,14528.09,,,False
USR44174,1,22032.45,1,0,0.0,0.0,22032.45,KYC_DONE,False,True
USR44175,1,12945.8,1,0,0.0,0.0,12945.8,,,False
USR44177,1,15625.6,1,0,0.0,0.0,15625.6,VERIFIED,False,True
USR44178,1,13654.39,1,0,0.0,0.0,13654.39,,,False
USR44184,1,21944.96,1,0,0.0,0.0,21944.96,VERIFIED,False,True
USR44189,1,1028.97,1,0,0.0,0.0,1028.97,,,False
USR44191,1,3786.84,1,0,0.0,0.0,3786.84,,,False
USR44200,1,1089.91,1,0,0.0,0.0,1089.91,,,False
USR44206,1,11369.0,0,1,0.0,0.0,11369.0,,,False
USR44208,1,7611.93,1,0,1.0,450.33,7611.93,VERIFIED,False,True
USR44212,2,16731.78,1,1,0.0,0.0,8365.89,KYC_DONE,False,True
USR44214,1,15848.24,1,0,0.0,0.0,15848.24,,,False
USR44217,2,35073.79,2,0,2.0,-644.34,17536.895,VERIFIED,False,True
USR44221,1,18473.0,1,0,0.0,0.0,18473.0,VERIFIED,False,True
USR44222,1,20367.48,1,0,0.0,0.0,20367.48,,,False
USR44225,1,15919.36,1,0,1.0,409.0,15919.36,VERIFIED,False,True
USR44227,1,19557.03,1,0,0.0,0.0,19557.03,REJECTED,False,True
USR44228,1,18466.27,1,0,1.0,5740.0,18466.27,,,False
USR44229,1,9799.46,1,0,0.0,0.0,9799.46,,,False
USR44238,1,1539.8,1,0,0.0,0.0,1539.8,,,False
USR44247,1,993.65,1,0,0.0,0.0,993.65,REJECT,False,True
USR44274,1,18704.0,0,0,0.0,0.0,18704.0,,,False
USR44275,1,-21459.96,1,0,0.0,0.0,-21459.96,,,False
USR44282,1,19507.36,1,0,0.0,0.0,19507.36,,,False
USR44286,1,12582.07,1,0,0.0,0.0,12582.07,,,False
USR44289,1,24436.64,1,0,0.0,0.0,24436.64,VERIFIED,False,True
USR44295,2,16698.28,1,1,0.0,0.0,8349.14,,,False
USR44298,1,19015.7,1,0,0.0,0.0,19015.7,,,False
USR44302,1,16134.0,0,1,1.0,1546.48,16134.0,,,False
USR44304,1,20498.51,1,0,0.0,0.0,20498.51,,,False
USR44316,1,23037.23,1,0,0.0,0.0,23037.23,VERIFIED,False,True
USR44321,1,10773.61,1,0,0.0,0.0,10773.61,VERIFIED,False,True
USR44326,2,29992.91,1,1,0.0,0.0,14996.455,,,False
USR44329,1,11158.4,1,0,1.0,0.0,11158.4,,,False
USR44330,1,9314.72,0,1,0.0,0.0,9314.72,,,False
USR44331,1,24185.0,0,1,0.0,0.0,24185.0,,,False
USR44336,1,1828.33,1,0,0.0,0.0,1828.33,,,False
USR44339,1,5353.83,1,0,0.0,0.0,5353.83,VERIFIED,True,True
USR44351,1,10442.23,0,1,0.0,0.0,10442.23,,,False
USR44358,1,18613.04,1,0,0.0,0.0,18613.04,,,False
USR44359,2,30698.269999999997,2,0,0.0,0.0,15349.134999999998,VERIFIED,False,True
USR44364,1,8360.23,1,0,0.0,0.0,8360.23,,,False
USR44375,2,22625.75,1,0,1.0,1722.43,11312.875,KYC_DONE,False,True
USR44377,1,23446.05,1,0,0.0,0.0,23446.05,VERIFIED,False,True
USR44379,1,17666.18,1,0,0.0,0.0,17666.18,VERIFIED,False,True
USR44388,1,9403.34,1,0,1.0,3536.59,9403.34,,,False
USR44389,1,19299.58,1,0,0.0,0.0,19299.58,KYC_DONE,True,True
USR44392,1,4603.48,1,0,0.0,0.0,4603.48,,,False
USR44395,1,5487.42,1,0,1.0,2483.0,5487.42,VERIFIED,False,True
USR44398,1,7502.02,1,0,1.0,8825.16,7502.02,,,False
USR44400,1,2652.32,1,0,0.0,0.0,2652.32,KYC_DONE,False,True
USR44402,1,9041.48,1,0,0.0,0.0,9041.48,,,False
USR44406,1,12572.98,0,0,0.0,0.0,12572.98,KYC_DONE,False,True
USR44407,1,8346.65,1,0,0.0,0.0,8346.65,VERIFIED,False,True
USR44424,1,2650.01,1,0,0.0,0.0,2650.01,,,False
USR44426,1,2818.45,1,0,1.0,1026.98,2818.45,,,False
USR44431,2,19039.79,2,0,0.0,0.0,9519.895,,,False
USR44433,1,17058.91,1,0,0.0,0.0,17058.91,,,False
USR44435,1,12570.75,1,0,0.0,0.0,12570.75,VERIFIED,True,True
USR44441,1,22126.53,0,1,0.0,0.0,22126.53,,,False
USR44442,1,21576.29,1,0,0.0,0.0,21576.29,VERIFIED,False,True
USR44445,1,20637.74,1,0,0.0,0.0,20637.74,,,False
USR44446,1,17241.27,1,0,0.0,0.0,17241.27,,,False
USR44452,2,22454.940000000002,2,0,0.0,0.0,11227.470000000001,,,False
USR44454,1,20198.07,1,0,0.0,0.0,20198.07,VERIFIED,False,True
USR44472,1,9646.08,1,0,0.0,0.0,9646.08,,,False
USR44486,1,1950.46,0,1,0.0,0.0,1950.46,,,False
USR44487,1,143.67,1,0,0.0,0.0,143.67,,,False
USR44494,1,3043.41,1,0,0.0,0.0,3043.41,,,False
USR44504,1,9649.45,0,0,0.0,0.0,9649.45,,,False
USR44506,1,11812.32,0,0,0.0,0.0,11812.32,,,False
USR44508,1,7450.02,1,0,0.0,0.0,7450.02,,,False
USR44510,1,23856.92,1,0,1.0,4006.77,23856.92,VERIFIED,False,True
USR44520,1,22545.0,0,1,0.0,0.0,22545.0,,,False
USR44523,1,3680.0,1,0,0.0,0.0,3680.0,,,False
USR44524,1,11444.0,1,0,0.0,0.0,11444.0,,,False
USR44525,1,20216.57,1,0,0.0,0.0,20216.57,VERIFIED,False,True
USR44536,1,1464.0,1,0,0.0,0.0,1464.0,,,False
USR44543,1,21986.03,1,0,0.0,0.0,21986.03,,,False
USR44544,1,16415.4,0,0,0.0,0.0,16415.4,,,False
USR44547,2,20480.379999999997,2,0,0.0,0.0,10240.189999999999,,,False
USR44556,1,11455.79,1,0,0.0,0.0,11455.79,,,False
USR44559,2,22004.96,2,0,0.0,0.0,11002.48,VERIFIED,False,True
USR44564,2,16256.16,2,0,0.0,0.0,8128.08,,,False
USR44574,1,4610.69,1,0,0.0,0.0,4610.69,REJECTED,True,True
USR44576,1,8817.0,0,0,0.0,0.0,8817.0,,,False
USR44582,1,16357.67,1,0,0.0,0.0,16357.67,VERIFIED,False,True
USR44585,1,20879.8,1,0,0.0,0.0,20879.8,,,False
USR44588,1,2676.73,1,0,0.0,0.0,2676.73,,,False
USR44591,1,4345.67,1,0,1.0,1364.35,4345.67,,,False
USR44610,1,3304.6,1,0,0.0,0.0,3304.6,,,False
USR44617,1,11413.36,1,0,0.0,0.0,11413.36,VERIFIED,True,True
USR44628,1,19220.54,1,0,0.0,0.0,19220.54,,,False
USR44629,2,33822.26,1,0,0.0,0.0,16911.13,VERIFIED,True,True
USR44631,1,9860.32,1,0,1.0,181.44,9860.32,VERIFIED,False,True
USR44632,1,10779.96,1,0,0.0,0.0,10779.96,,,False
USR44640,1,24721.13,0,1,0.0,0.0,24721.13,,,False
USR44641,1,18427.12,1,0,0.0,0.0,18427.12,,,False
USR44646,1,9451.14,1,0,0.0,0.0,9451.14,PENDING,False,True
USR44667,1,6883.26,0,1,0.0,0.0,6883.26,,,False
USR44668,1,1241.81,1,0,0.0,0.0,1241.81,,,False
USR44669,2,29824.739999999998,2,0,0.0,0.0,14912.369999999999,VERIFIED,True,True
USR44674,1,8447.0,1,0,0.0,0.0,8447.0,VERIFIED,False,True
USR44676,1,2125.9,1,0,1.0,4933.23,2125.9,,,False
USR44681,1,21811.14,1,0,0.0,0.0,21811.14,VERIFIED,False,True
USR44692,1,5387.89,1,0,0.0,0.0,5387.89,,,False
USR44694,1,17376.88,1,0,0.0,0.0,17376.88,VERIFIED,False,True
USR44698,1,3965.49,1,0,0.0,0.0,3965.49,,,False
USR44704,2,11566.98,2,0,1.0,1575.8,5783.49,VERIFIED,False,True
USR44710,1,23119.24,1,0,0.0,0.0,23119.24,VERIFIED,False,True
USR44711,2,28305.52,2,0,0.0,0.0,14152.76,,,False
USR44722,1,16804.77,1,0,0.0,0.0,16804.77,,,False
USR44729,1,10093.15,1,0,0.0,0.0,10093.15,VERIFIED,True,True
USR44736,1,15250.62,1,0,0.0,0.0,15250.62,,,False
USR44737,1,1418.98,1,0,0.0,0.0,1418.98,,,False
USR44750,1,18245.0,0,1,0.0,0.0,18245.0,VERIFIED,False,True
USR44752,1,9045.0,1,0,0.0,0.0,9045.0,PENDING,True,True
USR44757,1,18570.24,1,0,0.0,0.0,18570.24,VERIFIED,False,True
USR44763,1,10100.0,1,0,0.0,0.0,10100.0,VERIFIED,False,True
USR44773,1,10706.91,0,1,0.0,0.0,10706.91,UNDER REVIEW,False,True
USR44774,1,2250.41,1,0,0.0,0.0,2250.41,PENDING,True,True
USR44779,1,18932.0,1,0,0.0,0.0,18932.0,,,False
USR44781,1,24626.0,1,0,0.0,0.0,24626.0,,,False
USR44782,1,14986.49,1,0,0.0,0.0,14986.49,KYC_DONE,True,True
USR44800,1,24889.27,0,1,1.0,1105.82,24889.27,,,False
USR44812,1,215.82,1,0,0.0,0.0,215.82,VERIFIED,False,True
USR44816,1,4784.64,0,1,0.0,0.0,4784.64,,,False
USR44818,2,18219.57,2,0,0.0,0.0,9109.785,KYC_DONE,False,True
USR44825,2,39131.81,2,0,0.0,0.0,19565.905,,,False
USR44832,2,22390.32,1,0,0.0,0.0,11195.16,VERIFIED,False,True
USR44834,1,16322.13,0,1,0.0,0.0,16322.13,VERIFIED,False,True
USR44848,1,6853.32,0,0,0.0,0.0,6853.32,,,False
USR44849,1,14944.75,1,0,0.0,0.0,14944.75,VERIFIED,True,True
USR44850,1,20227.5,1,0,1.0,1085.0,20227.5,REJECTED,False,True
USR44854,1,4401.12,1,0,0.0,0.0,4401.12,VERIFIED,True,True
USR44862,1,9103.37,1,0,0.0,0.0,9103.37,VERIFIED,False,True
USR44865,1,22038.0,1,0,0.0,0.0,22038.0,,,False
USR44866,1,14506.42,1,0,0.0,0.0,14506.42,,,False
USR44867,1,12970.97,1,0,0.0,0.0,12970.97,VERIFIED,False,True
USR44870,1,14523.41,1,0,0.0,0.0,14523.41,,,False
USR44881,1,10099.29,1,0,0.0,0.0,10099.29,,,False
USR44883,2,27455.91,2,0,0.0,0.0,13727.955,,,False
USR44887,1,14001.66,1,0,0.0,0.0,14001.66,KYC_DONE,True,True
USR44894,1,14164.1,0,0,0.0,0.0,14164.1,,,False
USR44899,1,12047.24,1,0,0.0,0.0,12047.24,,,False
USR44900,1,1734.06,0,1,0.0,0.0,1734.06,,,False
USR44917,2,18195.800000000003,2,0,2.0,3506.74,9097.900000000001,KYC_DONE,False,True
USR44937,1,18874.26,1,0,0.0,0.0,18874.26,,,False
USR44943,1,14296.34,1,0,0.0,0.0,14296.34,,,False
USR44944,1,5890.79,0,1,0.0,0.0,5890.79,VERIFIED,False,True
USR44948,1,1873.02,1,0,1.0,985.19,1873.02,VERIFIED,False,True
USR44953,1,17068.6,1,0,0.0,0.0,17068.6,,,False
USR44960,1,12685.8,1,0,1.0,2080.17,12685.8,KYC_DONE,False,True
USR44961,1,20665.51,1,0,1.0,3118.57,20665.51,VERIFIED,False,True
USR44965,1,11396.96,1,0,0.0,0.0,11396.96,VERIFIED,False,True
USR44967,1,11051.92,1,0,0.0,0.0,11051.92,,,False
USR44983,1,14398.29,1,0,0.0,0.0,14398.29,,,False
USR44995,1,15876.51,1,0,0.0,0.0,15876.51,,,False
USR44997,2,22327.81,1,1,1.0,0.0,11163.905,,,False
USR45002,1,21839.62,1,0,1.0,0.0,21839.62,VERIFIED,False,True
USR45003,3,24525.359999999997,3,0,0.0,0.0,8175.119999999999,,,False
USR45006,1,21155.0,1,0,0.0,0.0,21155.0,,,False
USR45010,1,16248.2,1,0,0.0,0.0,16248.2,,,False
USR45013,1,4736.58,1,0,0.0,0.0,4736.58,,,False
USR45018,1,24582.18,1,0,0.0,0.0,24582.18,VERIFIED,False,True
USR45027,1,19742.56,1,0,0.0,0.0,19742.56,,,False
USR45031,1,22106.02,1,0,0.0,0.0,22106.02,,,False
USR45033,1,18711.41,0,1,0.0,0.0,18711.41,VERIFIED,False,True
USR45036,1,1438.92,1,0,1.0,2069.0,1438.92,,,False
USR45038,1,13942.38,1,0,0.0,0.0,13942.38,,,False
USR45039,2,24864.09,1,1,1.0,8720.88,12432.045,VERIFIED,True,True
USR45063,1,3987.6,1,0,0.0,0.0,3987.6,VERIFIED,False,True
USR45066,1,3962.67,1,0,0.0,0.0,3962.67,,,False
USR45077,1,6492.2,1,0,0.0,0.0,6492.2,,,False
USR45083,2,23910.86,2,0,0.0,0.0,11955.43,,,False
USR45084,1,24039.15,1,0,1.0,4720.79,24039.15,VERIFIED,True,True
USR45085,1,22998.0,1,0,0.0,0.0,22998.0,,,False
USR45092,1,6595.15,1,0,0.0,0.0,6595.15,REJECTED,True,True
USR45095,1,2852.91,1,0,0.0,0.0,2852.91,UNDER REVIEW,False,True
USR45098,1,1290.48,1,0,0.0,0.0,1290.48,KYC_DONE,False,True
USR45101,2,31424.82,1,1,0.0,0.0,15712.41,VERIFIED,True,True
USR45102,1,6448.22,1,0,0.0,0.0,6448.22,,,False
USR45116,1,12752.22,1,0,0.0,0.0,12752.22,,,False
USR45124,1,17995.04,1,0,0.0,0.0,17995.04,,,False
USR45125,1,7425.0,0,1,1.0,1547.17,7425.0,KYC_DONE,True,True
USR45128,1,22535.98,1,0,0.0,0.0,22535.98,KYC_DONE,False,True
USR45133,1,23920.8,1,0,1.0,3145.24,23920.8,VERIFIED,False,True
USR45142,1,22635.28,1,0,0.0,0.0,22635.28,,,False
USR45153,1,15330.68,1,0,1.0,2316.9,15330.68,,,False
USR45154,1,5847.14,0,0,0.0,0.0,5847.14,,,False
USR45155,1,12769.41,1,0,0.0,0.0,12769.41,VERIFIED,False,True
USR45160,1,12923.23,1,0,0.0,0.0,12923.23,,,False
USR45169,1,21065.03,1,0,0.0,0.0,21065.03,,,False
USR45173,1,17835.91,1,0,1.0,6398.47,17835.91,,,False
USR45181,1,18375.8,1,0,0.0,0.0,18375.8,,,False
USR45182,1,9543.47,1,0,1.0,0.0,9543.47,VERIFIED,False,True
USR45186,1,22903.61,1,0,0.0,0.0,22903.61,,,False
USR45195,1,11664.7,1,0,0.0,0.0,11664.7,VERIFIED,False,True
USR45196,1,2514.28,1,0,0.0,0.0,2514.28,,,False
USR45201,1,6428.22,0,0,0.0,0.0,6428.22,VERIFIED,False,True
USR45203,1,5936.33,1,0,0.0,0.0,5936.33,,,False
USR45210,1,5268.41,1,0,0.0,0.0,5268.41,KYC_DONE,False,True
USR45214,2,-5019.93,2,0,0.0,0.0,-2509.965,PENDING,False,True
USR45215,1,-789.06,1,0,1.0,7477.0,-789.06,,,False
USR45222,2,26558.07,2,0,0.0,0.0,13279.035,REJECTED,False,True
USR45240,1,8340.86,1,0,0.0,0.0,8340.86,,,False
USR45251,1,15811.32,0,1,0.0,0.0,15811.32,,,False
USR45256,1,3977.82,1,0,0.0,0.0,3977.82,PENDING,False,True
USR45257,1,5919.73,1,0,0.0,0.0,5919.73,,,False
USR45260,1,7792.03,1,0,0.0,0.0,7792.03,,,False
USR45264,2,6820.28,2,0,0.0,0.0,3410.14,,,False
USR45273,1,17670.13,1,0,0.0,0.0,17670.13,VERIFIED,True,True
USR45274,1,21118.2,0,0,0.0,0.0,21118.2,,,False
USR45275,2,25022.3,1,1,0.0,0.0,12511.15,KYC_DONE,True,True
USR45276,1,1172.5,1,0,1.0,987.42,1172.5,,,False
USR45289,1,5927.58,1,0,0.0,0.0,5927.58,,,False
USR45290,1,13132.31,1,0,0.0,0.0,13132.31,,,False
USR45291,1,14224.63,0,1,0.0,0.0,14224.63,,,False
USR45296,1,13189.56,1,0,0.0,0.0,13189.56,VERIFIED,False,True
USR45300,1,18705.0,1,0,0.0,0.0,18705.0,REJECTED,False,True
USR45301,1,18515.33,1,0,0.0,0.0,18515.33,,,False
USR45302,1,17113.97,1,0,0.0,0.0,17113.97,PENDING,True,True
USR45304,1,12044.02,1,0,0.0,0.0,12044.02,,,False
USR45305,2,17737.78,1,0,0.0,0.0,8868.89,,,False
USR45308,1,17642.32,1,0,0.0,0.0,17642.32,,,False
USR45312,1,15380.59,1,0,0.0,0.0,15380.59,,,False
USR45319,1,13828.86,1,0,0.0,0.0,13828.86,,,False
USR45331,1,3165.82,1,0,0.0,0.0,3165.82,,,False
USR45332,1,18927.3,1,0,1.0,666.76,18927.3,VERIFIED,False,True
USR45338,2,35879.58,2,0,0.0,0.0,17939.79,,,False
USR45339,1,4255.47,1,0,0.0,0.0,4255.47,,,False
USR45342,3,35609.35,3,0,0.0,0.0,11869.783333333333,,,False
USR45353,2,24700.81,1,1,1.0,-2616.12,12350.405,,,False
USR45359,1,3256.02,1,0,0.0,0.0,3256.02,VERIFIED,False,True
USR45373,1,20143.0,1,0,0.0,0.0,20143.0,KYC_DONE,False,True
USR45396,1,10272.96,1,0,0.0,0.0,10272.96,,,False
USR45398,1,2769.69,1,0,0.0,0.0,2769.69,,,False
USR45405,1,17763.44,1,0,0.0,0.0,17763.44,,,False
USR45409,1,19716.66,1,0,0.0,0.0,19716.66,VERIFIED,False,True
USR45410,1,20725.69,1,0,0.0,0.0,20725.69,,,False
USR45418,1,12219.14,1,0,0.0,0.0,12219.14,,,False
USR45422,1,13013.45,1,0,0.0,0.0,13013.45,UNDER REVIEW,False,True
USR45424,1,1930.47,1,0,0.0,0.0,1930.47,,,False
USR45426,1,8044.18,1,0,0.0,0.0,8044.18,VERIFIED,False,True
USR45428,1,3973.36,1,0,0.0,0.0,3973.36,,,False
USR45435,1,10022.44,1,0,0.0,0.0,10022.44,VERIFIED,False,True
USR45438,1,23134.62,1,0,0.0,0.0,23134.62,,,False
USR45443,1,7588.99,1,0,1.0,802.19,7588.99,,,False
USR45444,1,12341.17,1,0,0.0,0.0,12341.17,,,False
USR45452,1,15612.14,0,1,0.0,0.0,15612.14,,,False
USR45462,1,9214.08,1,0,0.0,0.0,9214.08,PENDING,False,True
USR45466,1,2712.93,1,0,0.0,0.0,2712.93,,,False
USR45481,1,12356.13,1,0,0.0,0.0,12356.13,KYC_DONE,True,True
USR45484,1,22250.25,1,0,0.0,0.0,22250.25,,,False
USR45486,2,32321.15,1,0,0.0,0.0,16160.575,,,False
USR45487,1,11204.07,1,0,0.0,0.0,11204.07,,,False
USR45493,1,24364.0,1,0,0.0,0.0,24364.0,,,False
USR45501,2,19743.59,2,0,1.0,983.39,9871.795,VERIFIED,True,True
USR45503,1,15171.17,1,0,0.0,0.0,15171.17,,,False
USR45506,1,23948.77,1,0,1.0,216.49,23948.77,,,False
USR45508,1,12792.05,1,0,0.0,0.0,12792.05,,,False
USR45511,1,23284.65,1,0,0.0,0.0,23284.65,VERIFIED,False,True
USR45515,1,12330.95,1,0,0.0,0.0,12330.95,VERIFIED,False,True
USR45519,2,11609.550000000001,1,1,0.0,0.0,5804.775000000001,,,False
USR45522,1,5014.65,0,0,0.0,0.0,5014.65,VERIFIED,False,True
USR45530,2,22416.65,2,0,0.0,0.0,11208.325,,,False
USR45531,1,10470.94,1,0,0.0,0.0,10470.94,VERIFIED,False,True
USR45553,2,33615.68,2,0,0.0,0.0,16807.84,,,False
USR45569,1,15705.81,1,0,0.0,0.0,15705.81,VERIFIED,False,True
USR45570,1,5784.91,1,0,0.0,0.0,5784.91,,,False
USR45579,1,21581.05,1,0,0.0,0.0,21581.05,,,False
USR45582,1,3889.0,0,1,0.0,0.0,3889.0,,,False
USR45585,1,23660.0,1,0,0.0,0.0,23660.0,,,False
USR45593,2,15770.68,1,0,0.0,0.0,7885.34,,,False
USR45598,1,9649.06,1,0,0.0,0.0,9649.06,,,False
USR45601,1,17095.65,1,0,0.0,0.0,17095.65,,,False
USR45609,1,12632.84,1,0,0.0,0.0,12632.84,VERIFIED,False,True
USR45615,1,13293.99,0,1,0.0,0.0,13293.99,REJECTED,False,True
USR45626,1,14228.2,0,1,0.0,0.0,14228.2,,,False
USR45635,1,14527.04,1,0,0.0,0.0,14527.04,VERIFIED,True,True
USR45638,2,22705.7,1,1,0.0,0.0,11352.85,,,False
USR45643,2,31013.79,2,0,0.0,0.0,15506.895,VERIFIED,True,True
USR45644,1,7131.36,1,0,0.0,0.0,7131.36,,,False
USR45646,1,4017.53,1,0,0.0,0.0,4017.53,,,False
USR45648,2,29611.0,2,0,1.0,1007.91,14805.5,,,False
USR45665,2,38148.68,2,0,0.0,0.0,19074.34,,,False
USR45666,1,11615.43,1,0,0.0,0.0,11615.43,,,False
USR45674,1,17755.67,1,0,0.0,0.0,17755.67,VERIFIED,False,True
USR45676,1,5851.18,1,0,0.0,0.0,5851.18,REJECTED,False,True
USR45677,1,19351.28,1,0,1.0,267.92,19351.28,VERIFIED,False,True
USR45689,1,18573.11,1,0,1.0,5287.35,18573.11,,,False
USR45690,1,-122.0,1,0,1.0,665.91,-122.0,,,False
USR45694,1,22603.0,1,0,0.0,0.0,22603.0,,,False
USR45695,1,6795.0,1,0,0.0,0.0,6795.0,REJECTED,True,True
USR45703,1,14887.94,1,0,1.0,10535.8,14887.94,,,False
USR45731,1,19329.52,1,0,0.0,0.0,19329.52,KYC_DONE,True,True
USR45732,2,18611.93,2,0,0.0,0.0,9305.965,VERIFIED,True,True
USR45735,1,4831.0,1,0,0.0,0.0,4831.0,KYC_DONE,False,True
USR45740,1,4074.0,1,0,0.0,0.0,4074.0,,,False
USR45747,1,13167.63,1,0,0.0,0.0,13167.63,,,False
USR45748,1,1041.33,1,0,0.0,0.0,1041.33,,,False
USR45750,1,23520.21,1,0,0.0,0.0,23520.21,,,False
USR45756,1,21520.0,1,0,0.0,0.0,21520.0,,,False
USR45760,1,18972.27,1,0,0.0,0.0,18972.27,KYC_DONE,True,True
USR45761,1,2783.84,1,0,0.0,0.0,2783.84,,,False
USR45772,1,21815.44,0,0,0.0,0.0,21815.44,VERIFIED,False,True
USR45783,1,3917.0,1,0,0.0,0.0,3917.0,VERIFIED,False,True
USR45786,1,3908.91,1,0,0.0,0.0,3908.91,,,False
USR45800,1,17131.51,1,0,0.0,0.0,17131.51,VERIFIED,False,True
USR45801,1,12713.59,1,0,0.0,0.0,12713.59,,,False
USR45808,1,10653.07,1,0,0.0,0.0,10653.07,,,False
USR45823,1,10440.7,1,0,0.0,0.0,10440.7,,,False
USR45824,1,984.51,1,0,0.0,0.0,984.51,,,False
USR45826,1,15722.34,1,0,1.0,8004.21,15722.34,,,False
USR45829,1,10751.14,1,0,0.0,0.0,10751.14,,,False
USR45830,1,18865.94,1,0,0.0,0.0,18865.94,,,False
USR45841,1,3508.28,1,0,0.0,0.0,3508.28,,,False
USR45842,1,23000.82,1,0,0.0,0.0,23000.82,,,False
USR45851,1,8279.41,1,0,1.0,355.32,8279.41,,,False
USR45855,1,14770.04,1,0,0.0,0.0,14770.04,,,False
USR45861,1,11174.02,1,0,0.0,0.0,11174.02,KYC_DONE,True,True
USR45865,2,39057.8,2,0,2.0,2011.3200000000002,19528.9,VERIFIED,False,True
USR45882,1,8279.14,1,0,0.0,0.0,8279.14,VERIFIED,False,True
USR45885,1,8837.75,1,0,0.0,0.0,8837.75,,,False
USR45893,1,20651.08,0,1,0.0,0.0,20651.08,,,False
USR45896,1,-21319.89,1,0,0.0,0.0,-21319.89,,,False
USR45900,1,9068.92,1,0,0.0,0.0,9068.92,VERIFIED,False,True
USR45901,1,5819.4,0,0,0.0,0.0,5819.4,,,False
USR45908,1,15691.36,1,0,0.0,0.0,15691.36,KYC_DONE,False,True
USR45909,2,26725.629999999997,2,0,0.0,0.0,13362.814999999999,REJECTED,True,True
USR45910,1,15623.64,1,0,0.0,0.0,15623.64,REJECTED,False,True
USR45922,1,7072.81,1,0,0.0,0.0,7072.81,,,False
USR45932,1,1762.0,1,0,0.0,0.0,1762.0,,,False
USR45935,1,5642.0,1,0,0.0,0.0,5642.0,VERIFIED,False,True
USR45936,1,5316.35,1,0,0.0,0.0,5316.35,,,False
USR45940,1,7889.11,1,0,0.0,0.0,7889.11,,,False
USR45944,1,13041.01,1,0,0.0,0.0,13041.01,,,False
USR45945,1,68.66,1,0,1.0,1789.71,68.66,KYC_DONE,True,True
USR45947,1,21310.61,1,0,0.0,0.0,21310.61,,,False
USR45955,1,-11885.93,0,0,0.0,0.0,-11885.93,,,False
USR45959,1,20517.43,1,0,0.0,0.0,20517.43,,,False
USR45971,1,18832.16,1,0,1.0,2554.87,18832.16,,,False
USR45973,1,10221.04,1,0,0.0,0.0,10221.04,,,False
USR45992,1,12139.47,1,0,0.0,0.0,12139.47,,,False
USR46004,1,9412.73,1,0,0.0,0.0,9412.73,VERIFIED,True,True
USR46007,1,13537.0,1,0,0.0,0.0,13537.0,,,False
USR46010,1,14089.25,1,0,0.0,0.0,14089.25,,,False
USR46014,3,47249.03,2,1,1.0,2732.12,15749.676666666666,REJECT,False,True
USR46016,1,11597.82,1,0,0.0,0.0,11597.82,,,False
USR46017,1,14698.0,0,1,1.0,2935.06,14698.0,,,False
USR46031,2,10907.14,2,0,0.0,0.0,5453.57,,,False
USR46036,1,23191.68,0,1,1.0,7272.0,23191.68,,,False
USR46038,1,21655.74,1,0,0.0,0.0,21655.74,PENDING,False,True
USR46047,1,-23214.6,1,0,0.0,0.0,-23214.6,,,False
USR46052,1,8120.55,1,0,0.0,0.0,8120.55,,,False
USR46053,1,8376.38,1,0,0.0,0.0,8376.38,,,False
USR46055,1,272.73,1,0,0.0,0.0,272.73,,,False
USR46057,1,3971.95,1,0,0.0,0.0,3971.95,,,False
USR46058,1,2610.86,0,1,0.0,0.0,2610.86,,,False
USR46059,1,8994.98,1,0,1.0,2758.76,8994.98,REJECTED,False,True
USR46073,1,1649.36,0,1,1.0,-2284.5,1649.36,,,False
USR46075,1,21062.35,1,0,0.0,0.0,21062.35,VERIFIED,False,True
USR46078,1,10734.45,1,0,0.0,0.0,10734.45,,,False
USR46082,1,10475.08,1,0,0.0,0.0,10475.08,,,False
USR46083,1,21162.84,1,0,0.0,0.0,21162.84,,,False
USR46096,1,3320.44,1,0,0.0,0.0,3320.44,VERIFIED,False,True
USR46101,1,7250.3,1,0,0.0,0.0,7250.3,,,False
USR46105,1,5782.17,1,0,0.0,0.0,5782.17,,,False
USR46106,1,10113.93,1,0,0.0,0.0,10113.93,VERIFIED,False,True
USR46113,1,20388.38,1,0,1.0,-1503.93,20388.38,UNDER REVIEW,False,True
USR46116,1,3002.47,1,0,0.0,0.0,3002.47,REJECTED,True,True
USR46124,1,4492.04,1,0,0.0,0.0,4492.04,,,False
USR46125,1,13369.0,1,0,0.0,0.0,13369.0,VERIFIED,False,True
USR46133,1,21283.71,1,0,0.0,0.0,21283.71,,,False
USR46144,1,17806.3,1,0,1.0,3630.27,17806.3,,,False
USR46146,1,7357.14,1,0,0.0,0.0,7357.14,VERIFIED,False,True
USR46148,1,19520.51,1,0,0.0,0.0,19520.51,VERIFIED,False,True
USR46149,1,22546.94,1,0,0.0,0.0,22546.94,,,False
USR46150,1,7963.73,1,0,0.0,0.0,7963.73,,,False
USR46158,1,24812.16,0,1,0.0,0.0,24812.16,PENDING,False,True
USR46163,1,9133.44,1,0,0.0,0.0,9133.44,VERIFIED,False,True
USR46165,1,12067.06,1,0,0.0,0.0,12067.06,REJECT,False,True
USR46169,1,1970.61,0,1,1.0,1870.77,1970.61,VERIFIED,False,True
USR46174,1,18078.63,1,0,1.0,791.9,18078.63,,,False
USR46178,2,11873.85,1,1,0.0,0.0,5936.925,,,False
USR46181,1,10445.34,1,0,0.0,0.0,10445.34,VERIFIED,False,True
USR46183,1,2397.0,1,0,1.0,2431.27,2397.0,UNDER REVIEW,False,True
USR46186,1,6233.01,1,0,0.0,0.0,6233.01,,,False
USR46187,1,6174.5,1,0,0.0,0.0,6174.5,,,False
USR46190,1,21448.65,1,0,0.0,0.0,21448.65,,,False
USR46193,1,3578.19,0,0,0.0,0.0,3578.19,,,False
USR46198,1,6041.33,1,0,0.0,0.0,6041.33,,,False
USR46199,1,19802.16,1,0,0.0,0.0,19802.16,VERIFIED,False,True
USR46203,1,22353.42,1,0,0.0,0.0,22353.42,,,False
USR46204,1,601.0,1,0,0.0,0.0,601.0,,,False
USR46205,1,11772.57,1,0,0.0,0.0,11772.57,VERIFIED,False,True
USR46214,1,21823.1,1,0,0.0,0.0,21823.1,,,False
USR46216,1,4208.82,1,0,0.0,0.0,4208.82,KYC_DONE,False,True
USR46223,1,11209.79,1,0,0.0,0.0,11209.79,VERIFIED,True,True
USR46229,1,18975.71,1,0,0.0,0.0,18975.71,,,False
USR46234,1,6793.8,1,0,0.0,0.0,6793.8,,,False
USR46235,1,22779.28,1,0,0.0,0.0,22779.28,,,False
USR46243,1,5498.68,0,1,0.0,0.0,5498.68,,,False
USR46247,1,6856.96,0,1,0.0,0.0,6856.96,VERIFIED,False,True
USR46258,1,24871.71,1,0,0.0,0.0,24871.71,REJECTED,False,True
USR46265,1,15150.27,1,0,0.0,0.0,15150.27,,,False
USR46267,1,14587.49,1,0,1.0,1117.0,14587.49,,,False
USR46271,1,12115.79,1,0,0.0,0.0,12115.79,VERIFIED,True,True
USR46287,2,20349.35,2,0,0.0,0.0,10174.675,,,False
USR46289,1,6502.49,1,0,0.0,0.0,6502.49,VERIFIED,False,True
USR46298,1,22672.75,1,0,0.0,0.0,22672.75,,,False
USR46306,1,23590.0,1,0,0.0,0.0,23590.0,,,False
USR46313,1,9994.0,1,0,0.0,0.0,9994.0,,,False
USR46317,1,4946.92,1,0,0.0,0.0,4946.92,,,False
USR46318,2,34447.66,2,0,0.0,0.0,17223.83,,,False
USR46329,1,16469.95,1,0,0.0,0.0,16469.95,,,False
USR46331,1,12583.31,1,0,0.0,0.0,12583.31,VERIFIED,False,True
USR46336,1,21307.39,1,0,0.0,0.0,21307.39,,,False
USR46350,1,5547.62,0,0,0.0,0.0,5547.62,,,False
USR46353,1,8559.27,1,0,0.0,0.0,8559.27,,,False
USR46357,1,5463.01,1,0,0.0,0.0,5463.01,REJECTED,True,True
USR46362,1,3082.0,0,0,0.0,0.0,3082.0,VERIFIED,False,True
USR46363,1,19536.09,1,0,0.0,0.0,19536.09,,,False
USR46365,1,2379.81,0,0,0.0,0.0,2379.81,,,False
USR46369,2,19061.47,0,2,0.0,0.0,9530.735,,,False
USR46379,1,5463.99,1,0,0.0,0.0,5463.99,,,False
USR46381,1,5694.18,0,1,0.0,0.0,5694.18,,,False
USR46394,2,14596.419999999998,1,1,2.0,8687.98,7298.209999999999,KYC_DONE,False,True
USR46396,1,17622.85,0,1,0.0,0.0,17622.85,,,False
USR46401,1,17852.0,1,0,0.0,0.0,17852.0,,,False
USR46403,1,3008.87,1,0,0.0,0.0,3008.87,,,False
USR46406,1,21996.08,1,0,0.0,0.0,21996.08,VERIFIED,False,True
USR46409,1,12792.59,1,0,0.0,0.0,12792.59,,,False
USR46411,1,432.16,1,0,0.0,0.0,432.16,VERIFIED,True,True
USR46419,2,15650.65,2,0,0.0,0.0,7825.325,KYC_DONE,True,True
USR46421,1,4205.29,1,0,0.0,0.0,4205.29,PENDING,False,True
USR46422,1,18395.08,1,0,0.0,0.0,18395.08,,,False
USR46428,1,11884.52,1,0,0.0,0.0,11884.52,,,False
USR46429,1,10556.0,1,0,1.0,1528.43,10556.0,,,False
USR46434,1,13208.22,0,1,0.0,0.0,13208.22,VERIFIED,True,True
USR46435,1,21684.96,1,0,1.0,1247.41,21684.96,,,False
USR46437,1,7241.0,0,1,0.0,0.0,7241.0,,,False
USR46449,1,20927.66,1,0,0.0,0.0,20927.66,,,False
USR46455,1,7614.65,1,0,1.0,-6262.28,7614.65,REJECTED,False,True
USR46456,1,15855.04,1,0,0.0,0.0,15855.04,,,False
USR46466,1,4464.05,1,0,0.0,0.0,4464.05,,,False
USR46469,2,36643.600000000006,2,0,1.0,4178.65,18321.800000000003,,,False
USR46471,1,12234.61,0,1,1.0,3329.74,12234.61,,,False
USR46477,2,37585.88,2,0,0.0,0.0,18792.94,VERIFIED,False,True
USR46479,1,24027.15,0,0,0.0,0.0,24027.15,VERIFIED,False,True
USR46488,1,6277.6,1,0,0.0,0.0,6277.6,,,False
USR46492,1,9594.53,1,0,0.0,0.0,9594.53,,,False
USR46493,1,4536.92,1,0,0.0,0.0,4536.92,KYC_DONE,False,True
USR46496,1,19925.72,1,0,0.0,0.0,19925.72,,,False
USR46497,1,12360.96,1,0,0.0,0.0,12360.96,,,False
USR46505,2,20257.55,2,0,0.0,0.0,10128.775,,,False
USR46506,1,7033.43,1,0,0.0,0.0,7033.43,VERIFIED,False,True
USR46507,1,21410.79,1,0,0.0,0.0,21410.79,,,False
USR46516,1,17388.22,1,0,0.0,0.0,17388.22,,,False
USR46521,1,2126.06,1,0,0.0,0.0,2126.06,,,False
USR46524,2,23958.55,2,0,0.0,0.0,11979.275,,,False
USR46527,2,15594.61,2,0,0.0,0.0,7797.305,VERIFIED,False,True
USR46529,1,21908.65,1,0,0.0,0.0,21908.65,,,False
USR46535,1,5084.73,1,0,0.0,0.0,5084.73,,,False
USR46537,1,21145.16,1,0,1.0,-825.92,21145.16,VERIFIED,False,True
USR46549,1,-5791.4,1,0,0.0,0.0,-5791.4,,,False
USR46553,1,992.41,1,0,0.0,0.0,992.41,,,False
USR46556,2,17426.51,2,0,0.0,0.0,8713.255,,,False
USR46562,1,2740.89,1,0,0.0,0.0,2740.89,,,False
USR46564,3,38689.06,3,0,0.0,0.0,12896.353333333333,,,False
USR46572,1,22578.41,1,0,0.0,0.0,22578.41,KYC_DONE,False,True
USR46589,1,2145.8,0,1,0.0,0.0,2145.8,VERIFIED,False,True
USR46592,1,3290.89,1,0,1.0,2477.97,3290.89,VERIFIED,False,True
USR46597,1,13096.57,1,0,0.0,0.0,13096.57,,,False
USR46601,1,22919.73,1,0,0.0,0.0,22919.73,,,False
USR46605,1,5286.04,1,0,0.0,0.0,5286.04,,,False
USR46609,1,9852.67,1,0,1.0,740.03,9852.67,,,False
USR46612,2,26318.31,2,0,0.0,0.0,13159.155,,,False
USR46616,1,15951.88,0,1,0.0,0.0,15951.88,,,False
USR46630,1,8986.63,1,0,0.0,0.0,8986.63,,,False
USR46633,1,10679.89,0,0,0.0,0.0,10679.89,,,False
USR46634,1,16846.05,1,0,0.0,0.0,16846.05,,,False
USR46636,1,2963.74,1,0,0.0,0.0,2963.74,,,False
USR46639,2,40438.75,1,1,0.0,0.0,20219.375,,,False
USR46647,1,5394.42,1,0,0.0,0.0,5394.42,,,False
USR46649,1,24921.26,1,0,0.0,0.0,24921.26,VERIFIED,False,True
USR46654,1,23324.3,1,0,0.0,0.0,23324.3,,,False
USR46655,1,13765.26,1,0,0.0,0.0,13765.26,,,False
USR46672,1,18492.13,1,0,0.0,0.0,18492.13,KYC_DONE,True,True
USR46673,1,23165.37,1,0,0.0,0.0,23165.37,,,False
USR46674,1,17644.09,0,1,0.0,0.0,17644.09,VERIFIED,True,True
USR46691,1,13393.06,1,0,0.0,0.0,13393.06,,,False
USR46692,1,3471.28,1,0,0.0,0.0,3471.28,,,False
USR46693,1,23459.74,1,0,0.0,0.0,23459.74,,,False
USR46697,1,11069.21,1,0,0.0,0.0,11069.21,,,False
USR46699,1,17757.23,0,1,0.0,0.0,17757.23,VERIFIED,False,True
USR46718,1,456.67,1,0,0.0,0.0,456.67,,,False
USR46720,1,7289.66,0,1,0.0,0.0,7289.66,,,False
USR46721,1,16495.05,1,0,0.0,0.0,16495.05,REJECTED,False,True
USR46724,1,6128.0,1,0,0.0,0.0,6128.0,,,False
USR46726,1,3818.88,1,0,0.0,0.0,3818.88,,,False
USR46732,1,18514.5,1,0,0.0,0.0,18514.5,VERIFIED,False,True
USR46743,2,27508.92,2,0,0.0,0.0,13754.46,VERIFIED,False,True
USR46746,2,8206.41,2,0,1.0,15660.34,4103.205,,,False
USR46747,1,21799.0,1,0,0.0,0.0,21799.0,VERIFIED,False,True
USR46748,1,5657.0,1,0,1.0,20286.73,5657.0,,,False
USR46752,1,1401.1,1,0,0.0,0.0,1401.1,VERIFIED,False,True
USR46754,1,14114.77,1,0,0.0,0.0,14114.77,,,False
USR46758,1,1729.0,1,0,1.0,8504.48,1729.0,VERIFIED,True,True
USR46769,1,9951.94,1,0,0.0,0.0,9951.94,,,False
USR46774,1,24818.19,0,0,1.0,1336.12,24818.19,,,False
USR46776,1,23332.58,1,0,0.0,0.0,23332.58,VERIFIED,False,True
USR46780,1,11618.82,1,0,0.0,0.0,11618.82,,,False
USR46787,2,23791.23,2,0,0.0,0.0,11895.615,,,False
USR46790,1,16560.0,1,0,0.0,0.0,16560.0,KYC_DONE,False,True
USR46800,1,5177.84,1,0,0.0,0.0,5177.84,PENDING,True,True
USR46801,1,9475.0,1,0,0.0,0.0,9475.0,,,False
USR46807,1,-11523.95,1,0,0.0,0.0,-11523.95,,,False
USR46808,1,21471.83,1,0,0.0,0.0,21471.83,,,False
USR46809,1,6249.23,1,0,0.0,0.0,6249.23,,,False
USR46811,1,3162.13,1,0,1.0,1074.12,3162.13,,,False
USR46814,1,15912.24,1,0,0.0,0.0,15912.24,,,False
USR46822,1,7799.47,1,0,0.0,0.0,7799.47,,,False
USR46829,1,12609.38,1,0,0.0,0.0,12609.38,,,False
USR46858,1,19614.91,0,1,0.0,0.0,19614.91,VERIFIED,False,True
USR46861,1,19857.32,1,0,1.0,5722.09,19857.32,VERIFIED,False,True
USR46865,1,4081.78,1,0,0.0,0.0,4081.78,VERIFIED,False,True
USR46881,1,13971.45,1,0,0.0,0.0,13971.45,,,False
USR46882,1,17136.62,1,0,0.0,0.0,17136.62,VERIFIED,True,True
USR46883,1,11849.59,1,0,0.0,0.0,11849.59,,,False
USR46884,1,12288.81,1,0,0.0,0.0,12288.81,,,False
USR46885,1,23786.0,1,0,0.0,0.0,23786.0,,,False
USR46889,1,8459.39,1,0,0.0,0.0,8459.39,,,False
USR46890,1,14882.34,0,0,0.0,0.0,14882.34,,,False
USR46896,1,7142.25,0,0,0.0,0.0,7142.25,,,False
USR46898,1,13868.97,1,0,0.0,0.0,13868.97,,,False
USR46903,1,12358.0,1,0,1.0,6612.88,12358.0,,,False
USR46905,1,16927.0,1,0,0.0,0.0,16927.0,VERIFIED,False,True
USR46908,1,3407.0,1,0,0.0,0.0,3407.0,,,False
USR46915,1,1803.68,1,0,0.0,0.0,1803.68,VERIFIED,False,True
USR46922,1,23701.85,1,0,0.0,0.0,23701.85,REJECTED,False,True
USR46924,1,8008.04,1,0,1.0,3060.38,8008.04,,,False
USR46927,1,1316.39,1,0,0.0,0.0,1316.39,,,False
USR46929,1,3812.18,1,0,0.0,0.0,3812.18,,,False
USR46932,1,8983.18,1,0,1.0,534.44,8983.18,,,False
USR46934,1,21480.96,1,0,0.0,0.0,21480.96,,,False
USR46940,1,9634.28,1,0,0.0,0.0,9634.28,,,False
USR46942,1,9016.36,0,0,0.0,0.0,9016.36,,,False
USR46948,1,19293.0,1,0,0.0,0.0,19293.0,,,False
USR46960,1,1915.53,1,0,0.0,0.0,1915.53,,,False
USR46965,1,617.0,0,0,1.0,1122.85,617.0,,,False
USR46968,1,1806.95,1,0,0.0,0.0,1806.95,,,False
USR46971,1,15221.13,1,0,0.0,0.0,15221.13,,,False
USR46974,1,11395.51,1,0,0.0,0.0,11395.51,,,False
USR46981,1,2450.68,1,0,0.0,0.0,2450.68,VERIFIED,False,True
USR46987,1,12021.39,1,0,0.0,0.0,12021.39,,,False
USR46998,1,10731.91,1,0,0.0,0.0,10731.91,,,False
USR47000,1,24511.42,1,0,0.0,0.0,24511.42,,,False
USR47001,1,11871.03,0,0,0.0,0.0,11871.03,,,False
USR47005,1,10765.51,1,0,0.0,0.0,10765.51,,,False
USR47022,1,10.29,0,1,0.0,0.0,10.29,,,False
USR47023,1,9870.46,1,0,0.0,0.0,9870.46,,,False
USR47024,1,20980.27,1,0,0.0,0.0,20980.27,,,False
USR47025,1,1538.04,0,1,0.0,0.0,1538.04,,,False
USR47030,1,4653.94,1,0,0.0,0.0,4653.94,VERIFIED,True,True
USR47035,1,18921.22,1,0,0.0,0.0,18921.22,,,False
USR47047,1,20926.96,0,1,1.0,1038.46,20926.96,,,False
USR47057,1,18096.42,1,0,0.0,0.0,18096.42,,,False
USR47065,1,1280.84,1,0,0.0,0.0,1280.84,PENDING,True,True
USR47068,1,18543.27,0,1,0.0,0.0,18543.27,,,False
USR47081,1,24463.0,1,0,0.0,0.0,24463.0,,,False
USR47083,1,20567.4,1,0,0.0,0.0,20567.4,,,False
USR47092,2,39243.5,1,1,0.0,0.0,19621.75,,,False
USR47098,1,16857.93,1,0,0.0,0.0,16857.93,,,False
USR47100,1,7434.04,0,0,0.0,0.0,7434.04,,,False
USR47108,1,10974.67,1,0,0.0,0.0,10974.67,,,False
USR47118,1,3185.24,1,0,1.0,731.69,3185.24,,,False
USR47133,1,10602.21,1,0,0.0,0.0,10602.21,,,False
USR47143,2,2491.61,2,0,0.0,0.0,1245.805,,,False
USR47144,1,24896.45,1,0,0.0,0.0,24896.45,,,False
USR47146,1,15009.46,1,0,0.0,0.0,15009.46,,,False
USR47150,1,12868.68,1,0,0.0,0.0,12868.68,,,False
USR47151,1,3687.61,1,0,0.0,0.0,3687.61,,,False
USR47156,1,17108.38,1,0,0.0,0.0,17108.38,VERIFIED,True,True
USR47167,1,13179.92,1,0,0.0,0.0,13179.92,,,False
USR47176,1,15993.65,1,0,0.0,0.0,15993.65,,,False
USR47178,1,16242.4,1,0,1.0,236.16,16242.4,,,False
USR47182,1,2107.0,1,0,0.0,0.0,2107.0,,,False
USR47183,1,832.52,1,0,0.0,0.0,832.52,,,False
USR47184,1,20513.98,1,0,0.0,0.0,20513.98,,,False
USR47185,1,9934.84,1,0,0.0,0.0,9934.84,VERIFIED,False,True
USR47192,1,22501.47,1,0,0.0,0.0,22501.47,,,False
USR47209,1,15838.69,1,0,0.0,0.0,15838.69,,,False
USR47212,2,26699.09,2,0,0.0,0.0,13349.545,,,False
USR47219,2,24927.3,1,0,0.0,0.0,12463.65,,,False
USR47235,1,14780.86,1,0,0.0,0.0,14780.86,VERIFIED,True,True
USR47236,1,3621.44,1,0,0.0,0.0,3621.44,,,False
USR47239,1,17669.0,1,0,0.0,0.0,17669.0,VERIFIED,True,True
USR47249,1,23289.56,1,0,0.0,0.0,23289.56,VERIFIED,False,True
USR47252,1,3414.9,1,0,0.0,0.0,3414.9,,,False
USR47254,1,22525.08,1,0,0.0,0.0,22525.08,KYC_DONE,False,True
USR47255,1,15339.15,0,0,0.0,0.0,15339.15,,,False
USR47256,1,4631.78,1,0,0.0,0.0,4631.78,VERIFIED,True,True
USR47260,1,24637.03,1,0,1.0,1146.96,24637.03,,,False
USR47266,1,6338.6,0,1,0.0,0.0,6338.6,REJECTED,True,True
USR47269,1,927.33,1,0,0.0,0.0,927.33,,,False
USR47272,1,21364.34,1,0,0.0,0.0,21364.34,,,False
USR47282,1,20361.53,1,0,0.0,0.0,20361.53,KYC_DONE,True,True
USR47283,1,13313.68,1,0,0.0,0.0,13313.68,,,False
USR47287,1,22590.54,1,0,1.0,3895.0,22590.54,VERIFIED,False,True
USR47288,1,16733.78,0,1,0.0,0.0,16733.78,,,False
USR47291,1,19525.0,0,1,0.0,0.0,19525.0,VERIFIED,False,True
USR47316,2,42832.81,2,0,0.0,0.0,21416.405,KYC_DONE,False,True
USR47324,2,-5840.5700000000015,1,1,0.0,0.0,-2920.2850000000008,,,False
USR47329,1,19195.84,1,0,0.0,0.0,19195.84,,,False
USR47330,1,10569.49,1,0,0.0,0.0,10569.49,,,False
USR47334,1,11706.96,1,0,0.0,0.0,11706.96,,,False
USR47337,2,20973.079999999998,2,0,0.0,0.0,10486.539999999999,,,False
USR47341,1,12142.54,1,0,0.0,0.0,12142.54,,,False
USR47344,1,17121.43,1,0,0.0,0.0,17121.43,VERIFIED,False,True
USR47345,1,22507.6,1,0,0.0,0.0,22507.6,VERIFIED,False,True
USR47350,1,1027.81,1,0,0.0,0.0,1027.81,,,False
USR47356,1,19976.07,1,0,0.0,0.0,19976.07,,,False
USR47360,1,23608.86,1,0,1.0,4819.26,23608.86,,,False
USR47361,1,3942.72,1,0,1.0,1796.19,3942.72,PENDING,False,True
USR47362,1,17632.67,1,0,0.0,0.0,17632.67,,,False
USR47367,1,20003.36,1,0,1.0,2595.11,20003.36,,,False
USR47375,1,1843.37,0,0,0.0,0.0,1843.37,,,False
USR47382,1,6231.1,1,0,0.0,0.0,6231.1,,,False
USR47386,1,2638.66,1,0,0.0,0.0,2638.66,,,False
USR47387,1,21591.94,1,0,0.0,0.0,21591.94,,,False
USR47389,1,9641.22,1,0,0.0,0.0,9641.22,,,False
USR47396,1,19997.74,1,0,1.0,0.0,19997.74,,,False
USR47400,1,2037.92,1,0,0.0,0.0,2037.92,VERIFIED,False,True
USR47405,1,23668.88,1,0,0.0,0.0,23668.88,VERIFIED,False,True
USR47408,1,6697.14,0,1,0.0,0.0,6697.14,,,False
USR47409,1,16630.0,1,0,0.0,0.0,16630.0,,,False
USR47415,1,7460.78,1,0,0.0,0.0,7460.78,VERIFIED,False,True
USR47416,1,23619.3,1,0,0.0,0.0,23619.3,,,False
USR47417,1,22098.71,1,0,0.0,0.0,22098.71,,,False
USR47425,1,-15744.73,1,0,0.0,0.0,-15744.73,,,False
USR47427,1,12933.59,1,0,1.0,611.73,12933.59,,,False
USR47441,1,6363.08,0,1,0.0,0.0,6363.08,,,False
USR47447,1,22071.31,1,0,1.0,4581.94,22071.31,PENDING,False,True
USR47455,1,8870.16,1,0,0.0,0.0,8870.16,VERIFIED,False,True
USR47456,1,21305.0,1,0,0.0,0.0,21305.0,UNDER REVIEW,False,True
USR47464,1,15320.59,1,0,0.0,0.0,15320.59,,,False
USR47465,2,34128.06,1,1,0.0,0.0,17064.03,VERIFIED,False,True
USR47469,1,21211.96,1,0,0.0,0.0,21211.96,,,False
USR47475,1,13199.03,1,0,0.0,0.0,13199.03,,,False
USR47491,1,19032.68,0,0,0.0,0.0,19032.68,,,False
USR47492,1,5254.52,1,0,0.0,0.0,5254.52,,,False
USR47495,1,7423.46,0,1,0.0,0.0,7423.46,,,False
USR47521,1,410.75,1,0,1.0,2797.85,410.75,,,False
USR47523,1,18689.3,0,1,0.0,0.0,18689.3,KYC_DONE,False,True
USR47544,1,18500.2,1,0,0.0,0.0,18500.2,,,False
USR47547,1,16222.65,1,0,1.0,2672.78,16222.65,,,False
USR47551,1,24942.56,0,1,0.0,0.0,24942.56,,,False
USR47554,1,488.03,1,0,0.0,0.0,488.03,VERIFIED,False,True
USR47565,1,17452.78,1,0,0.0,0.0,17452.78,,,False
USR47566,1,5274.03,1,0,0.0,0.0,5274.03,,,False
USR47567,1,23055.77,1,0,0.0,0.0,23055.77,PENDING,False,True
USR47572,1,23056.36,1,0,1.0,7193.48,23056.36,KYC_DONE,False,True
USR47575,1,8728.18,1,0,0.0,0.0,8728.18,VERIFIED,True,True
USR47580,1,19183.16,1,0,0.0,0.0,19183.16,,,False
USR47590,1,11750.35,1,0,0.0,0.0,11750.35,,,False
USR47594,1,7142.0,1,0,0.0,0.0,7142.0,,,False
USR47596,1,6985.47,1,0,1.0,1858.07,6985.47,VERIFIED,False,True
USR47598,1,4147.17,1,0,0.0,0.0,4147.17,,,False
USR47599,2,12464.779999999999,1,0,0.0,0.0,6232.389999999999,,,False
USR47601,1,23964.26,1,0,0.0,0.0,23964.26,,,False
USR47609,1,22339.43,1,0,0.0,0.0,22339.43,VERIFIED,True,True
USR47621,1,10539.28,0,1,0.0,0.0,10539.28,,,False
USR47626,1,12301.5,0,1,0.0,0.0,12301.5,,,False
USR47627,1,22315.0,1,0,0.0,0.0,22315.0,VERIFIED,False,True
USR47641,1,7629.53,1,0,0.0,0.0,7629.53,VERIFIED,False,True
USR47643,1,-13088.01,1,0,0.0,0.0,-13088.01,,,False
USR47644,1,9033.26,1,0,0.0,0.0,9033.26,VERIFIED,False,True
USR47645,1,9676.31,1,0,0.0,0.0,9676.31,,,False
USR47657,1,6194.1,1,0,0.0,0.0,6194.1,,,False
USR47660,1,5545.31,1,0,0.0,0.0,5545.31,VERIFIED,True,True
USR47679,2,32498.44,1,1,0.0,0.0,16249.22,,,False
USR47681,1,23282.35,1,0,0.0,0.0,23282.35,KYC_DONE,False,True
USR47683,1,6861.6,1,0,2.0,8852.529999999999,6861.6,,,False
USR47686,1,11241.43,1,0,0.0,0.0,11241.43,VERIFIED,False,True
USR47690,1,6727.25,1,0,0.0,0.0,6727.25,,,False
USR47692,1,9037.63,1,0,0.0,0.0,9037.63,KYC_DONE,True,True
USR47699,1,23178.82,1,0,0.0,0.0,23178.82,,,False
USR47704,2,18378.010000000002,2,0,0.0,0.0,9189.005000000001,,,False
USR47709,1,12747.97,1,0,0.0,0.0,12747.97,,,False
USR47710,1,16886.0,1,0,0.0,0.0,16886.0,,,False
USR47712,1,23247.46,1,0,1.0,3545.44,23247.46,,,False
USR47722,1,11334.8,0,1,0.0,0.0,11334.8,,,False
USR47723,1,23763.77,0,1,0.0,0.0,23763.77,,,False
USR47726,1,6842.0,0,0,0.0,0.0,6842.0,VERIFIED,False,True
USR47727,1,17467.97,1,0,0.0,0.0,17467.97,,,False
USR47728,1,23083.25,1,0,0.0,0.0,23083.25,,,False
USR47737,2,26438.92,2,0,0.0,0.0,13219.46,UNDER REVIEW,False,True
USR47740,1,9058.0,1,0,0.0,0.0,9058.0,VERIFIED,False,True
USR47744,1,19057.4,1,0,0.0,0.0,19057.4,REJECTED,False,True
USR47745,1,2584.9,1,0,0.0,0.0,2584.9,,,False
USR47753,1,6638.06,1,0,0.0,0.0,6638.06,,,False
USR47757,1,11447.91,1,0,0.0,0.0,11447.91,VERIFIED,False,True
USR47780,1,15065.21,1,0,0.0,0.0,15065.21,,,False
USR47785,1,4482.26,0,1,0.0,0.0,4482.26,VERIFIED,False,True
USR47788,1,19340.0,0,0,0.0,0.0,19340.0,VERIFIED,False,True
USR47790,1,433.06,0,1,0.0,0.0,433.06,,,False
USR47802,1,12796.82,1,0,0.0,0.0,12796.82,VERIFIED,False,True
USR47805,1,18059.09,1,0,0.0,0.0,18059.09,,,False
USR47819,1,11811.86,1,0,0.0,0.0,11811.86,,,False
USR47820,1,1116.94,1,0,0.0,0.0,1116.94,VERIFIED,False,True
USR47821,1,9256.39,0,0,0.0,0.0,9256.39,,,False
USR47823,1,7531.0,1,0,0.0,0.0,7531.0,REJECTED,True,True
USR47829,1,11588.59,0,0,0.0,0.0,11588.59,,,False
USR47839,2,38104.39,2,0,0.0,0.0,19052.195,VERIFIED,True,True
USR47848,1,11388.67,1,0,0.0,0.0,11388.67,,,False
USR47850,1,5784.71,0,1,0.0,0.0,5784.71,,,False
USR47854,1,12811.39,1,0,0.0,0.0,12811.39,,,False
USR47872,1,22766.04,1,0,0.0,0.0,22766.04,,,False
USR47873,1,7273.35,1,0,1.0,5677.69,7273.35,KYC_DONE,False,True
USR47876,3,44274.28999999999,2,0,0.0,0.0,14758.096666666665,VERIFIED,False,True
USR47877,1,3107.24,1,0,0.0,0.0,3107.24,,,False
USR47882,1,1142.83,1,0,0.0,0.0,1142.83,,,False
USR47889,1,7909.37,1,0,0.0,0.0,7909.37,,,False
USR47892,1,24868.89,1,0,0.0,0.0,24868.89,VERIFIED,False,True
USR47893,1,12964.81,1,0,0.0,0.0,12964.81,,,False
USR47899,1,21790.08,1,0,0.0,0.0,21790.08,,,False
USR47904,1,1815.01,1,0,0.0,0.0,1815.01,,,False
USR47914,2,28272.449999999997,2,0,0.0,0.0,14136.224999999999,,,False
USR47915,2,10568.11,2,0,0.0,0.0,5284.055,KYC_DONE,False,True
USR47921,1,14242.8,1,0,0.0,0.0,14242.8,VERIFIED,False,True
USR47922,1,10385.79,1,0,0.0,0.0,10385.79,,,False
USR47925,2,11609.169999999998,1,1,0.0,0.0,5804.584999999999,,,False
USR47927,1,17185.2,1,0,0.0,0.0,17185.2,,,False
USR47930,1,21388.59,1,0,0.0,0.0,21388.59,,,False
USR47947,1,7833.95,1,0,0.0,0.0,7833.95,,,False
USR47957,1,21219.92,0,1,0.0,0.0,21219.92,,,False
USR47960,1,17577.11,1,0,1.0,-2769.32,17577.11,,,False
USR47961,1,16549.11,1,0,0.0,0.0,16549.11,VERIFIED,True,True
USR47963,2,7752.81,2,0,0.0,0.0,3876.405,VERIFIED,False,True
USR47971,1,23867.11,1,0,0.0,0.0,23867.11,,,False
USR47976,1,15588.91,1,0,0.0,0.0,15588.91,,,False
USR47980,1,18012.13,1,0,0.0,0.0,18012.13,,,False
USR47989,1,24533.39,1,0,0.0,0.0,24533.39,,,False
USR47990,1,20194.48,1,0,0.0,0.0,20194.48,,,False
USR47992,1,13747.43,1,0,0.0,0.0,13747.43,,,False
USR47994,1,20956.0,1,0,1.0,0.0,20956.0,VERIFIED,False,True
USR47997,1,17613.55,1,0,0.0,0.0,17613.55,,,False
USR48008,1,5490.19,0,0,0.0,0.0,5490.19,,,False
USR48012,1,5201.65,1,0,1.0,13028.67,5201.65,,,False
USR48018,1,3528.89,1,0,0.0,0.0,3528.89,,,False
USR48023,1,22856.64,1,0,0.0,0.0,22856.64,,,False
USR48027,1,17258.37,1,0,0.0,0.0,17258.37,,,False
USR48034,1,12760.0,1,0,1.0,0.0,12760.0,KYC_DONE,True,True
USR48035,1,2951.78,1,0,0.0,0.0,2951.78,,,False
USR48036,1,22676.98,1,0,0.0,0.0,22676.98,,,False
USR48039,1,6067.52,1,0,0.0,0.0,6067.52,,,False
USR48045,1,6021.32,1,0,0.0,0.0,6021.32,,,False
USR48048,1,5298.78,0,0,1.0,-7308.16,5298.78,VERIFIED,False,True
USR48060,1,24540.45,1,0,1.0,1883.55,24540.45,PENDING,True,True
USR48063,1,2650.2,1,0,0.0,0.0,2650.2,VERIFIED,False,True
USR48068,1,11784.0,0,0,0.0,0.0,11784.0,,,False
USR48077,2,19739.21,2,0,0.0,0.0,9869.605,,,False
USR48089,1,5282.14,1,0,0.0,0.0,5282.14,,,False
USR48091,1,9663.33,1,0,0.0,0.0,9663.33,,,False
USR48099,1,4552.65,0,1,0.0,0.0,4552.65,,,False
USR48106,1,20637.67,0,0,0.0,0.0,20637.67,VERIFIED,False,True
USR48114,1,19584.42,1,0,0.0,0.0,19584.42,,,False
USR48115,1,13392.79,1,0,0.0,0.0,13392.79,,,False
USR48129,1,21804.04,1,0,0.0,0.0,21804.04,VERIFIED,True,True
USR48155,1,1513.0,1,0,0.0,0.0,1513.0,,,False
USR48157,1,12986.39,1,0,0.0,0.0,12986.39,,,False
USR48164,1,19599.97,1,0,0.0,0.0,19599.97,VERIFIED,True,True
USR48168,1,3530.72,1,0,0.0,0.0,3530.72,PENDING,True,True
USR48170,1,8648.94,1,0,0.0,0.0,8648.94,,,False
USR48182,1,12649.08,1,0,0.0,0.0,12649.08,KYC_DONE,True,True
USR48187,1,7924.76,1,0,0.0,0.0,7924.76,,,False
USR48191,1,1710.25,1,0,0.0,0.0,1710.25,,,False
USR48196,1,20397.67,0,1,0.0,0.0,20397.67,KYC_DONE,False,True
USR48197,1,10824.96,1,0,0.0,0.0,10824.96,,,False
USR48198,3,44301.13,3,0,1.0,0.0,14767.043333333333,,,False
USR48202,1,16700.02,1,0,0.0,0.0,16700.02,VERIFIED,True,True
USR48217,1,23180.1,0,1,0.0,0.0,23180.1,VERIFIED,False,True
USR48223,1,13157.09,1,0,0.0,0.0,13157.09,,,False
USR48225,1,9364.4,0,1,0.0,0.0,9364.4,,,False
USR48232,1,12736.04,0,1,0.0,0.0,12736.04,,,False
USR48240,1,4303.69,1,0,0.0,0.0,4303.69,,,False
USR48243,1,19012.08,1,0,0.0,0.0,19012.08,PENDING,True,True
USR48247,1,7930.5,1,0,0.0,0.0,7930.5,,,False
USR48249,1,22604.93,1,0,0.0,0.0,22604.93,VERIFIED,False,True
USR48255,1,6231.93,1,0,0.0,0.0,6231.93,REJECTED,False,True
USR48259,1,10811.35,1,0,0.0,0.0,10811.35,VERIFIED,False,True
USR48262,1,-14932.8,1,0,0.0,0.0,-14932.8,,,False
USR48264,1,21485.41,1,0,0.0,0.0,21485.41,,,False
USR48270,1,18416.56,1,0,0.0,0.0,18416.56,,,False
USR48275,1,11056.27,0,1,0.0,0.0,11056.27,VERIFIED,False,True
USR48277,1,4857.91,0,0,0.0,0.0,4857.91,,,False
USR48290,1,6325.0,1,0,0.0,0.0,6325.0,VERIFIED,True,True
USR48291,1,10434.94,1,0,0.0,0.0,10434.94,,,False
USR48293,1,13853.0,1,0,0.0,0.0,13853.0,,,False
USR48296,1,18101.96,1,0,0.0,0.0,18101.96,,,False
USR48304,1,17420.26,1,0,0.0,0.0,17420.26,,,False
USR48309,1,2650.56,1,0,0.0,0.0,2650.56,KYC_DONE,True,True
USR48314,2,19940.989999999998,2,0,1.0,889.98,9970.494999999999,,,False
USR48316,1,14132.68,1,0,0.0,0.0,14132.68,,,False
USR48318,1,7491.9,1,0,0.0,0.0,7491.9,,,False
USR48326,1,9410.37,1,0,0.0,0.0,9410.37,,,False
USR48331,1,21764.47,0,1,0.0,0.0,21764.47,,,False
USR48337,1,9006.92,1,0,0.0,0.0,9006.92,,,False
USR48342,1,353.98,1,0,0.0,0.0,353.98,,,False
USR48343,2,13165.369999999999,1,1,1.0,1126.18,6582.6849999999995,,,False
USR48345,1,1313.41,1,0,0.0,0.0,1313.41,KYC_DONE,False,True
USR48352,1,14731.48,1,0,0.0,0.0,14731.48,VERIFIED,True,True
USR48353,1,19263.24,1,0,0.0,0.0,19263.24,,,False
USR48360,1,1675.83,1,0,0.0,0.0,1675.83,,,False
USR48361,1,12139.0,1,0,0.0,0.0,12139.0,,,False
USR48365,2,26874.58,1,1,0.0,0.0,13437.29,,,False
USR48367,1,24753.0,1,0,0.0,0.0,24753.0,,,False
USR48371,1,22251.57,1,0,0.0,0.0,22251.57,,,False
USR48375,1,1789.46,1,0,0.0,0.0,1789.46,,,False
USR48378,1,314.09,1,0,0.0,0.0,314.09,,,False
USR48382,2,45650.31,1,1,0.0,0.0,22825.155,,,False
USR48384,1,12008.57,0,0,0.0,0.0,12008.57,,,False
USR48398,1,21766.0,1,0,0.0,0.0,21766.0,,,False
USR48399,2,8965.57,1,0,1.0,1363.12,4482.785,,,False
USR48401,1,7006.68,1,0,0.0,0.0,7006.68,,,False
USR48408,2,23207.82,2,0,0.0,0.0,11603.91,,,False
USR48415,1,21795.87,1,0,1.0,7329.0,21795.87,KYC_DONE,False,True
USR48421,1,16971.04,1,0,0.0,0.0,16971.04,VERIFIED,False,True
USR48424,1,3018.49,1,0,0.0,0.0,3018.49,VERIFIED,False,True
USR48425,1,4318.18,1,0,0.0,0.0,4318.18,,,False
USR48435,1,12365.56,1,0,0.0,0.0,12365.56,,,False
USR48445,1,22602.0,1,0,1.0,440.35,22602.0,,,False
USR48448,1,10230.57,1,0,2.0,11829.79,10230.57,,,False
USR48455,1,23229.2,1,0,0.0,0.0,23229.2,VERIFIED,False,True
USR48459,1,20886.0,0,1,0.0,0.0,20886.0,,,False
USR48462,1,10958.68,1,0,0.0,0.0,10958.68,VERIFIED,False,True
USR48463,2,29734.02,2,0,0.0,0.0,14867.01,,,False
USR48465,1,4121.49,1,0,0.0,0.0,4121.49,KYC_DONE,False,True
USR48470,1,5924.02,1,0,0.0,0.0,5924.02,VERIFIED,False,True
USR48482,1,21817.0,1,0,0.0,0.0,21817.0,,,False
USR48484,1,3037.67,0,1,0.0,0.0,3037.67,VERIFIED,False,True
USR48488,1,20076.77,1,0,0.0,0.0,20076.77,,,False
USR48489,3,24567.36,3,0,2.0,1698.81,8189.12,,,False
USR48500,1,62.0,1,0,0.0,0.0,62.0,,,False
USR48504,1,4887.89,1,0,1.0,2175.05,4887.89,REJECTED,True,True
USR48510,1,1693.0,1,0,0.0,0.0,1693.0,PENDING,False,True
USR48513,1,24583.69,1,0,0.0,0.0,24583.69,VERIFIED,True,True
USR48523,1,3762.72,1,0,0.0,0.0,3762.72,VERIFIED,False,True
USR48525,1,22008.48,0,1,0.0,0.0,22008.48,VERIFIED,True,True
USR48528,3,34753.5,3,0,1.0,493.48,11584.5,VERIFIED,False,True
USR48537,1,20447.37,1,0,0.0,0.0,20447.37,,,False
USR48542,1,5917.73,0,1,0.0,0.0,5917.73,,,False
USR48543,1,21439.07,1,0,0.0,0.0,21439.07,,,False
USR48549,1,8564.93,1,0,0.0,0.0,8564.93,VERIFIED,False,True
USR48556,1,6399.1,1,0,0.0,0.0,6399.1,VERIFIED,False,True
USR48560,1,24196.82,0,1,0.0,0.0,24196.82,VERIFIED,False,True
USR48561,1,3554.69,1,0,0.0,0.0,3554.69,VERIFIED,False,True
USR48588,1,20811.45,1,0,0.0,0.0,20811.45,,,False
USR48591,2,35063.8,2,0,1.0,740.85,17531.9,,,False
USR48604,1,17337.94,1,0,1.0,2202.7,17337.94,VERIFIED,False,True
USR48606,2,22649.289999999997,2,0,0.0,0.0,11324.644999999999,,,False
USR48609,1,23437.31,0,0,0.0,0.0,23437.31,KYC_DONE,True,True
USR48621,1,21057.82,0,0,0.0,0.0,21057.82,,,False
USR48639,1,15400.42,1,0,0.0,0.0,15400.42,,,False
USR48641,1,17572.54,1,0,0.0,0.0,17572.54,,,False
USR48650,1,12652.16,1,0,0.0,0.0,12652.16,,,False
USR48652,1,14693.17,1,0,0.0,0.0,14693.17,,,False
USR48653,1,7245.67,1,0,0.0,0.0,7245.67,,,False
USR48657,2,14940.79,1,1,0.0,0.0,7470.395,VERIFIED,False,True
USR48664,1,6834.31,1,0,0.0,0.0,6834.31,VERIFIED,False,True
USR48666,1,921.16,1,0,0.0,0.0,921.16,VERIFIED,False,True
USR48668,1,16938.05,1,0,0.0,0.0,16938.05,,,False
USR48686,1,237.09,1,0,0.0,0.0,237.09,,,False
USR48691,1,6785.08,1,0,0.0,0.0,6785.08,VERIFIED,False,True
USR48692,1,11991.0,1,0,0.0,0.0,11991.0,KYC_DONE,False,True
USR48697,2,44170.64,1,1,2.0,-6636.64,22085.32,VERIFIED,False,True
USR48701,1,2058.4,1,0,0.0,0.0,2058.4,,,False
USR48702,1,800.06,1,0,0.0,0.0,800.06,,,False
USR48704,1,14252.0,1,0,0.0,0.0,14252.0,,,False
USR48721,1,19216.85,1,0,0.0,0.0,19216.85,,,False
USR48728,1,6858.0,1,0,0.0,0.0,6858.0,VERIFIED,False,True
USR48730,1,14715.0,1,0,0.0,0.0,14715.0,,,False
USR48734,2,9881.94,1,0,3.0,6485.63,4940.97,REJECTED,False,True
USR48736,1,18913.71,1,0,0.0,0.0,18913.71,KYC_DONE,False,True
USR48738,1,23094.05,1,0,0.0,0.0,23094.05,,,False
USR48747,1,7068.99,1,0,0.0,0.0,7068.99,VERIFIED,False,True
USR48748,1,12730.0,1,0,0.0,0.0,12730.0,,,False
USR48749,1,19058.15,1,0,1.0,7714.0,19058.15,,,False
USR48759,2,14848.43,2,0,0.0,0.0,7424.215,,,False
USR48760,1,7974.41,1,0,0.0,0.0,7974.41,,,False
USR48765,1,17083.38,1,0,0.0,0.0,17083.38,UNDER REVIEW,True,True
USR48769,1,14932.91,1,0,0.0,0.0,14932.91,,,False
USR48770,1,23304.72,1,0,0.0,0.0,23304.72,,,False
USR48778,1,14096.92,1,0,0.0,0.0,14096.92,PENDING,False,True
USR48795,1,21910.04,1,0,0.0,0.0,21910.04,,,False
USR48796,1,16082.6,1,0,0.0,0.0,16082.6,VERIFIED,False,True
USR48797,1,14140.75,1,0,1.0,606.33,14140.75,,,False
USR48801,1,3203.3,1,0,0.0,0.0,3203.3,,,False
USR48806,1,17478.7,1,0,0.0,0.0,17478.7,,,False
USR48810,1,46.83,1,0,0.0,0.0,46.83,VERIFIED,False,True
USR48811,1,4079.54,1,0,0.0,0.0,4079.54,,,False
USR48816,1,16816.24,0,1,0.0,0.0,16816.24,,,False
USR48822,1,18108.0,1,0,0.0,0.0,18108.0,,,False
USR48824,1,9403.0,1,0,0.0,0.0,9403.0,,,False
USR48829,1,17870.91,1,0,1.0,1444.48,17870.91,PENDING,False,True
USR48832,1,12230.54,1,0,0.0,0.0,12230.54,,,False
USR48840,1,19337.72,0,1,0.0,0.0,19337.72,,,False
USR48847,1,7956.22,1,0,0.0,0.0,7956.22,,,False
USR48851,1,3605.26,1,0,0.0,0.0,3605.26,,,False
USR48862,1,13134.0,1,0,0.0,0.0,13134.0,,,False
USR48863,1,16376.08,1,0,0.0,0.0,16376.08,KYC_DONE,False,True
USR48866,1,21081.16,1,0,0.0,0.0,21081.16,VERIFIED,False,True
USR48867,1,23257.06,1,0,0.0,0.0,23257.06,VERIFIED,False,True
USR48875,1,4675.0,1,0,0.0,0.0,4675.0,,,False
USR48879,1,12354.74,1,0,2.0,-3366.2200000000003,12354.74,,,False
USR48883,1,24399.82,1,0,0.0,0.0,24399.82,,,False
USR48885,1,3290.24,1,0,0.0,0.0,3290.24,,,False
USR48891,1,7192.37,1,0,0.0,0.0,7192.37,VERIFIED,False,True
USR48892,1,16210.0,1,0,0.0,0.0,16210.0,,,False
USR48898,1,13276.17,1,0,0.0,0.0,13276.17,,,False
USR48901,2,11477.5,2,0,0.0,0.0,5738.75,,,False
USR48906,1,13251.28,1,0,0.0,0.0,13251.28,,,False
USR48908,1,17684.7,1,0,0.0,0.0,17684.7,VERIFIED,False,True
USR48909,1,3551.46,1,0,0.0,0.0,3551.46,VERIFIED,False,True
USR48918,1,13310.55,0,0,0.0,0.0,13310.55,,,False
USR48919,1,15676.64,1,0,0.0,0.0,15676.64,,,False
USR48944,2,35933.7,2,0,0.0,0.0,17966.85,,,False
USR48949,1,11013.42,1,0,0.0,0.0,11013.42,,,False
USR48955,1,18103.49,1,0,0.0,0.0,18103.49,PENDING,False,True
USR48989,1,20620.33,1,0,0.0,0.0,20620.33,,,False
USR48992,1,3488.52,1,0,1.0,-1478.88,3488.52,,,False
USR48995,1,6285.3,1,0,0.0,0.0,6285.3,,,False
USR48999,2,17153.33,1,1,0.0,0.0,8576.665,VERIFIED,True,True
USR49002,1,11249.0,1,0,0.0,0.0,11249.0,VERIFIED,True,True
USR49005,1,21700.81,1,0,0.0,0.0,21700.81,,,False
USR49006,1,3257.57,1,0,0.0,0.0,3257.57,VERIFIED,False,True
USR49010,1,20570.78,1,0,0.0,0.0,20570.78,,,False
USR49017,1,2935.5,1,0,0.0,0.0,2935.5,,,False
USR49025,1,9968.57,1,0,0.0,0.0,9968.57,,,False
USR49030,1,19204.57,0,0,0.0,0.0,19204.57,,,False
USR49034,1,6344.19,1,0,0.0,0.0,6344.19,,,False
USR49035,1,16990.91,1,0,0.0,0.0,16990.91,,,False
USR49039,1,5859.22,0,1,0.0,0.0,5859.22,,,False
USR49041,1,14070.73,1,0,0.0,0.0,14070.73,,,False
USR49043,1,1291.25,1,0,0.0,0.0,1291.25,REJECTED,False,True
USR49048,1,23981.29,0,1,0.0,0.0,23981.29,,,False
USR49052,1,22210.21,1,0,0.0,0.0,22210.21,,,False
USR49053,1,23558.94,1,0,0.0,0.0,23558.94,VERIFIED,False,True
USR49064,1,21135.0,1,0,0.0,0.0,21135.0,PENDING,True,True
USR49065,1,12047.82,1,0,1.0,613.06,12047.82,,,False
USR49077,1,12228.88,1,0,0.0,0.0,12228.88,REJECTED,True,True
USR49080,1,12526.74,1,0,0.0,0.0,12526.74,,,False
USR49082,1,5661.0,0,1,0.0,0.0,5661.0,,,False
USR49084,2,14810.82,1,1,0.0,0.0,7405.41,VERIFIED,False,True
USR49093,1,16348.58,1,0,1.0,1223.91,16348.58,,,False
USR49094,1,11848.0,1,0,0.0,0.0,11848.0,,,False
USR49098,1,4453.18,1,0,0.0,0.0,4453.18,VERIFIED,False,True
USR49104,2,25240.93,2,0,0.0,0.0,12620.465,,,False
USR49112,1,8178.7,1,0,0.0,0.0,8178.7,VERIFIED,False,True
USR49117,2,40725.42,2,0,0.0,0.0,20362.71,PENDING,True,True
USR49120,1,15517.77,1,0,0.0,0.0,15517.77,,,False
USR49129,2,18065.09,2,0,0.0,0.0,9032.545,,,False
USR49131,1,5394.89,1,0,0.0,0.0,5394.89,,,False
USR49139,1,4721.63,1,0,0.0,0.0,4721.63,,,False
USR49142,1,2089.01,1,0,1.0,2581.01,2089.01,VERIFIED,False,True
USR49144,1,821.84,1,0,0.0,0.0,821.84,VERIFIED,False,True
USR49152,1,304.38,1,0,0.0,0.0,304.38,,,False
USR49156,1,9580.35,1,0,0.0,0.0,9580.35,,,False
USR49167,2,20243.34,2,0,0.0,0.0,10121.67,,,False
USR49169,1,15457.63,1,0,0.0,0.0,15457.63,,,False
USR49171,1,5519.95,1,0,1.0,4816.91,5519.95,,,False
USR49178,1,7458.0,1,0,1.0,4579.0,7458.0,VERIFIED,True,True
USR49200,1,10748.0,1,0,0.0,0.0,10748.0,VERIFIED,False,True
USR49201,1,16894.82,1,0,0.0,0.0,16894.82,,,False
USR49202,1,-20036.27,1,0,0.0,0.0,-20036.27,,,False
USR49209,1,11100.0,1,0,0.0,0.0,11100.0,VERIFIED,False,True
USR49210,2,40015.83,2,0,1.0,-6049.12,20007.915,,,False
USR49220,1,1914.7,1,0,0.0,0.0,1914.7,,,False
USR49221,1,18876.92,1,0,1.0,-211.84,18876.92,,,False
USR49223,1,1148.0,1,0,0.0,0.0,1148.0,KYC_DONE,False,True
USR49228,1,73.0,1,0,0.0,0.0,73.0,VERIFIED,True,True
USR49234,1,18097.83,1,0,0.0,0.0,18097.83,,,False
USR49257,1,11608.74,1,0,1.0,2439.31,11608.74,,,False
USR49258,1,7243.09,1,0,0.0,0.0,7243.09,,,False
USR49263,1,3234.62,1,0,0.0,0.0,3234.62,KYC_DONE,False,True
USR49265,1,4275.0,1,0,0.0,0.0,4275.0,REJECTED,False,True
USR49268,1,8317.34,1,0,0.0,0.0,8317.34,,,False
USR49270,1,6140.31,1,0,0.0,0.0,6140.31,VERIFIED,True,True
USR49274,1,14939.35,1,0,1.0,1749.52,14939.35,VERIFIED,True,True
USR49278,1,17905.14,1,0,0.0,0.0,17905.14,,,False
USR49283,1,6571.13,1,0,0.0,0.0,6571.13,,,False
USR49284,1,22531.21,1,0,0.0,0.0,22531.21,VERIFIED,False,True
USR49292,1,17807.58,0,1,1.0,666.32,17807.58,,,False
USR49298,2,37261.29,2,0,2.0,2950.6800000000003,18630.645,,,False
USR49301,1,16361.0,1,0,0.0,0.0,16361.0,,,False
USR49302,2,39389.78,2,0,1.0,1200.09,19694.89,KYC_DONE,False,True
USR49305,1,7542.61,1,0,0.0,0.0,7542.61,VERIFIED,True,True
USR49307,2,16083.57,2,0,0.0,0.0,8041.785,,,False
USR49308,2,22694.4,2,0,0.0,0.0,11347.2,,,False
USR49309,1,22983.27,1,0,0.0,0.0,22983.27,,,False
USR49316,1,22364.86,1,0,0.0,0.0,22364.86,,,False
USR49319,1,16071.5,1,0,0.0,0.0,16071.5,,,False
USR49320,1,13760.16,1,0,0.0,0.0,13760.16,,,False
USR49329,1,14759.86,1,0,0.0,0.0,14759.86,,,False
USR49332,2,45946.54,2,0,0.0,0.0,22973.27,,,False
USR49334,1,16.31,1,0,0.0,0.0,16.31,,,False
USR49335,2,20764.0,1,1,0.0,0.0,10382.0,,,False
USR49340,1,9843.08,0,1,1.0,6937.41,9843.08,,,False
USR49344,2,21358.47,1,1,0.0,0.0,10679.235,,,False
USR49348,2,32894.9,2,0,0.0,0.0,16447.45,,,False
USR49349,1,4706.13,1,0,0.0,0.0,4706.13,,,False
USR49352,1,6181.67,1,0,0.0,0.0,6181.67,,,False
USR49353,1,19511.6,1,0,0.0,0.0,19511.6,,,False
USR49355,1,40.08,1,0,0.0,0.0,40.08,,,False
USR49358,2,31555.699999999997,2,0,1.0,380.69,15777.849999999999,,,False
USR49363,1,3869.95,0,1,0.0,0.0,3869.95,,,False
USR49366,3,26098.35,1,2,1.0,-12058.7,8699.449999999999,,,False
USR49387,1,7841.1,1,0,0.0,0.0,7841.1,,,False
USR49389,1,14790.33,1,0,0.0,0.0,14790.33,,,False
USR49396,2,25163.920000000002,2,0,0.0,0.0,12581.960000000001,,,False
USR49397,1,617.66,0,1,1.0,2745.21,617.66,,,False
USR49408,1,19345.56,1,0,0.0,0.0,19345.56,VERIFIED,False,True
USR49412,2,15061.75,2,0,0.0,0.0,7530.875,VERIFIED,False,True
USR49422,1,13326.81,1,0,0.0,0.0,13326.81,,,False
USR49423,1,8646.07,1,0,0.0,0.0,8646.07,,,False
USR49433,1,328.05,1,0,0.0,0.0,328.05,,,False
USR49437,1,4887.41,1,0,0.0,0.0,4887.41,VERIFIED,False,True
USR49452,1,22377.72,0,1,1.0,253.0,22377.72,,,False
USR49466,2,7781.6,2,0,0.0,0.0,3890.8,,,False
USR49468,1,481.83,1,0,0.0,0.0,481.83,,,False
USR49470,1,24755.66,1,0,0.0,0.0,24755.66,,,False
USR49473,1,8121.16,1,0,0.0,0.0,8121.16,PENDING,True,True
USR49477,1,22148.21,1,0,0.0,0.0,22148.21,,,False
USR49479,1,1230.55,1,0,0.0,0.0,1230.55,UNDER REVIEW,True,True
USR49486,1,2893.84,1,0,0.0,0.0,2893.84,,,False
USR49489,2,-2276.4800000000014,2,0,0.0,0.0,-1138.2400000000007,,,False
USR49491,1,16678.37,1,0,0.0,0.0,16678.37,KYC_DONE,False,True
USR49496,1,21884.47,1,0,0.0,0.0,21884.47,,,False
USR49498,1,23885.8,0,1,0.0,0.0,23885.8,,,False
USR49499,1,911.0,1,0,1.0,193.15,911.0,,,False
USR49508,1,7830.51,1,0,0.0,0.0,7830.51,,,False
USR49512,1,24387.51,1,0,0.0,0.0,24387.51,,,False
USR49513,1,15703.0,1,0,0.0,0.0,15703.0,,,False
USR49515,1,22904.61,1,0,1.0,0.0,22904.61,,,False
USR49522,1,19613.19,1,0,0.0,0.0,19613.19,VERIFIED,False,True
USR49539,1,45.63,1,0,0.0,0.0,45.63,,,False
USR49546,1,24562.24,1,0,0.0,0.0,24562.24,REJECTED,False,True
USR49553,1,5371.77,1,0,0.0,0.0,5371.77,,,False
USR49574,1,23676.0,1,0,0.0,0.0,23676.0,,,False
USR49575,1,13863.31,1,0,0.0,0.0,13863.31,,,False
USR49580,1,20461.33,1,0,1.0,1149.72,20461.33,,,False
USR49581,1,313.74,1,0,0.0,0.0,313.74,VERIFIED,False,True
USR49588,1,1074.35,1,0,0.0,0.0,1074.35,,,False
USR49589,1,2365.13,1,0,0.0,0.0,2365.13,,,False
USR49590,1,558.0,1,0,0.0,0.0,558.0,VERIFIED,False,True
USR49592,1,13190.75,1,0,1.0,3058.22,13190.75,,,False
USR49595,2,33752.51,2,0,0.0,0.0,16876.255,,,False
USR49596,1,13874.62,1,0,1.0,731.59,13874.62,,,False
USR49597,1,2170.57,1,0,0.0,0.0,2170.57,,,False
USR49612,1,1254.0,1,0,0.0,0.0,1254.0,,,False
USR49618,1,13850.36,0,0,0.0,0.0,13850.36,,,False
USR49620,1,16219.49,1,0,0.0,0.0,16219.49,UNDER REVIEW,True,True
USR49623,1,8073.87,1,0,0.0,0.0,8073.87,VERIFIED,False,True
USR49631,1,14986.52,1,0,0.0,0.0,14986.52,,,False
USR49642,2,26330.82,2,0,1.0,739.61,13165.41,VERIFIED,False,True
USR49647,1,1606.26,1,0,0.0,0.0,1606.26,VERIFIED,True,True
USR49649,1,20005.95,1,0,0.0,0.0,20005.95,,,False
USR49650,1,14557.21,0,1,0.0,0.0,14557.21,VERIFIED,False,True
USR49654,1,10797.0,1,0,0.0,0.0,10797.0,VERIFIED,False,True
USR49655,1,13536.34,1,0,1.0,272.46,13536.34,VERIFIED,False,True
USR49656,1,884.62,1,0,0.0,0.0,884.62,,,False
USR49673,1,5940.48,1,0,0.0,0.0,5940.48,VERIFIED,False,True
USR49676,1,10077.8,1,0,0.0,0.0,10077.8,,,False
USR49678,1,16124.95,1,0,1.0,240.64,16124.95,,,False
USR49683,1,16705.45,1,0,0.0,0.0,16705.45,,,False
USR49687,1,1378.08,1,0,0.0,0.0,1378.08,,,False
USR49696,1,16782.23,1,0,0.0,0.0,16782.23,,,False
USR49703,1,21280.26,1,0,0.0,0.0,21280.26,,,False
USR49705,1,16295.15,1,0,0.0,0.0,16295.15,,,False
USR49707,1,5058.37,0,1,0.0,0.0,5058.37,,,False
USR49708,1,2370.13,1,0,0.0,0.0,2370.13,VERIFIED,True,True
USR49709,1,18413.74,1,0,1.0,3611.11,18413.74,VERIFIED,False,True
USR49716,1,22196.57,1,0,0.0,0.0,22196.57,,,False
USR49725,1,13648.98,1,0,0.0,0.0,13648.98,VERIFIED,False,True
USR49727,1,14886.82,1,0,0.0,0.0,14886.82,PENDING,False,True
USR49740,3,27944.2,3,0,0.0,0.0,9314.733333333334,,,False
USR49741,1,15692.68,1,0,0.0,0.0,15692.68,,,False
USR49746,1,14238.74,1,0,0.0,0.0,14238.74,,,False
USR49749,1,22879.32,1,0,0.0,0.0,22879.32,,,False
USR49755,1,10382.8,1,0,0.0,0.0,10382.8,,,False
USR49759,1,3881.58,1,0,1.0,3229.57,3881.58,,,False
USR49763,1,218.0,1,0,0.0,0.0,218.0,UNDER REVIEW,False,True
USR49773,1,9284.0,1,0,0.0,0.0,9284.0,,,False
USR49774,1,10392.9,1,0,0.0,0.0,10392.9,VERIFIED,False,True
USR49779,1,19816.94,1,0,0.0,0.0,19816.94,VERIFIED,False,True
USR49783,1,20176.07,0,1,0.0,0.0,20176.07,,,False
USR49790,2,14522.130000000001,2,0,0.0,0.0,7261.0650000000005,,,False
USR49791,1,13014.6,1,0,0.0,0.0,13014.6,,,False
USR49795,1,22888.05,1,0,0.0,0.0,22888.05,VERIFIED,True,True
USR49798,1,24388.43,1,0,0.0,0.0,24388.43,,,False
USR49809,1,23112.0,1,0,0.0,0.0,23112.0,,,False
USR49817,1,16491.17,0,0,0.0,0.0,16491.17,,,False
USR49818,1,9847.65,0,0,0.0,0.0,9847.65,,,False
USR49836,1,17515.67,1,0,0.0,0.0,17515.67,,,False
USR49837,1,19357.81,0,1,0.0,0.0,19357.81,,,False
USR49846,1,19538.74,1,0,1.0,1764.4,19538.74,,,False
USR49850,1,10942.5,1,0,0.0,0.0,10942.5,,,False
USR49851,2,37431.229999999996,2,0,0.0,0.0,18715.614999999998,,,False
USR49854,1,10615.48,1,0,0.0,0.0,10615.48,,,False
USR49860,1,4795.33,1,0,1.0,890.07,4795.33,,,False
USR49870,1,10870.71,1,0,1.0,0.0,10870.71,,,False
USR49871,1,17812.73,0,1,0.0,0.0,17812.73,,,False
USR49876,1,3366.08,1,0,0.0,0.0,3366.08,PENDING,False,True
USR49882,1,21538.0,1,0,0.0,0.0,21538.0,,,False
USR49885,1,10191.82,1,0,1.0,1459.8,10191.82,,,False
USR49896,1,4518.79,1,0,0.0,0.0,4518.79,PENDING,False,True
USR49902,1,7218.57,1,0,1.0,4307.19,7218.57,,,False
USR49903,1,2626.58,1,0,1.0,5681.16,2626.58,,,False
USR49913,1,14397.23,1,0,0.0,0.0,14397.23,,,False
USR49916,1,20288.53,1,0,0.0,0.0,20288.53,KYC_DONE,True,True
USR49929,1,789.27,1,0,0.0,0.0,789.27,VERIFIED,False,True
USR49932,1,19027.16,0,1,1.0,2512.35,19027.16,,,False
USR49935,1,8353.0,1,0,1.0,3303.95,8353.0,PENDING,True,True
USR49938,1,-16047.97,1,0,0.0,0.0,-16047.97,,,False
USR49940,1,21697.03,1,0,0.0,0.0,21697.03,KYC_DONE,False,True
USR49941,1,15318.69,1,0,0.0,0.0,15318.69,,,False
USR49943,1,11555.53,1,0,1.0,7945.0,11555.53,VERIFIED,False,True
USR49959,1,14645.5,1,0,0.0,0.0,14645.5,,,False
USR49962,1,3942.89,1,0,0.0,0.0,3942.89,VERIFIED,False,True
USR49971,1,4336.4,1,0,0.0,0.0,4336.4,,,False
USR49985,1,10497.61,0,0,0.0,0.0,10497.61,,,False
USR49986,1,13149.46,1,0,1.0,1017.08,13149.46,VERIFIED,True,True
USR49988,2,33881.91,1,1,0.0,0.0,16940.955,,,False
USR49992,1,23417.83,1,0,1.0,0.0,23417.83,,,False
USR49995,1,20986.0,1,0,0.0,0.0,20986.0,,,False
USR50012,1,22249.38,0,1,0.0,0.0,22249.38,,,False
USR50023,1,20890.91,1,0,0.0,0.0,20890.91,,,False
USR50027,1,10876.34,1,0,0.0,0.0,10876.34,,,False
USR50032,1,4323.96,0,0,1.0,2134.32,4323.96,,,False
USR50037,1,24000.72,1,0,0.0,0.0,24000.72,VERIFIED,False,True
USR50039,1,12068.63,1,0,0.0,0.0,12068.63,,,False
USR50042,1,17978.38,1,0,0.0,0.0,17978.38,,,False
USR50048,1,549.53,1,0,0.0,0.0,549.53,,,False
USR50053,1,14212.3,1,0,0.0,0.0,14212.3,,,False
USR50054,1,15597.32,1,0,0.0,0.0,15597.32,,,False
USR50055,1,9496.87,1,0,1.0,2703.6,9496.87,,,False
USR50059,1,23174.25,1,0,0.0,0.0,23174.25,REJECTED,True,True
USR50060,1,17642.84,1,0,0.0,0.0,17642.84,VERIFIED,True,True
USR50072,1,16545.26,1,0,0.0,0.0,16545.26,,,False
USR50086,1,10359.1,1,0,0.0,0.0,10359.1,,,False
USR50088,1,2439.64,1,0,0.0,0.0,2439.64,,,False
USR50094,1,24112.27,1,0,0.0,0.0,24112.27,KYC_DONE,False,True
USR50101,1,576.94,1,0,0.0,0.0,576.94,,,False
USR50116,2,13246.76,2,0,0.0,0.0,6623.38,,,False
USR50117,1,19903.75,1,0,0.0,0.0,19903.75,,,False
USR50130,2,41748.29,2,0,0.0,0.0,20874.145,,,False
USR50134,1,21543.01,1,0,0.0,0.0,21543.01,,,False
USR50138,1,7440.75,1,0,0.0,0.0,7440.75,VERIFIED,True,True
USR50141,1,3757.78,1,0,0.0,0.0,3757.78,,,False
USR50142,1,3345.66,1,0,0.0,0.0,3345.66,,,False
USR50144,1,16054.37,1,0,0.0,0.0,16054.37,,,False
USR50152,1,13130.98,1,0,0.0,0.0,13130.98,,,False
USR50153,2,22982.92,2,0,1.0,2583.29,11491.46,,,False
USR50159,1,22364.53,1,0,0.0,0.0,22364.53,,,False
USR50160,1,10359.39,1,0,0.0,0.0,10359.39,,,False
USR50162,1,13125.59,1,0,0.0,0.0,13125.59,,,False
USR50180,1,20077.02,1,0,0.0,0.0,20077.02,KYC_DONE,False,True
USR50189,1,1836.4,1,0,0.0,0.0,1836.4,VERIFIED,False,True
USR50191,1,12195.82,0,1,1.0,6642.41,12195.82,,,False
USR50194,1,4548.13,1,0,0.0,0.0,4548.13,,,False
USR50202,1,24726.97,1,0,0.0,0.0,24726.97,,,False
USR50205,1,5827.16,1,0,0.0,0.0,5827.16,,,False
USR50207,1,13575.61,1,0,0.0,0.0,13575.61,,,False
USR50211,1,2466.8,1,0,0.0,0.0,2466.8,,,False
USR50216,1,19863.09,1,0,0.0,0.0,19863.09,,,False
USR50218,1,12933.13,1,0,0.0,0.0,12933.13,VERIFIED,False,True
USR50225,2,28587.989999999998,2,0,0.0,0.0,14293.994999999999,,,False
USR50231,1,4327.21,1,0,0.0,0.0,4327.21,,,False
USR50238,1,17630.78,1,0,1.0,3265.07,17630.78,VERIFIED,False,True
USR50243,1,1839.17,0,0,0.0,0.0,1839.17,KYC_DONE,False,True
USR50251,1,4317.94,1,0,0.0,0.0,4317.94,,,False
USR50254,1,22878.1,1,0,0.0,0.0,22878.1,PENDING,False,True
USR50261,1,2749.53,1,0,0.0,0.0,2749.53,,,False
USR50265,1,12392.33,1,0,0.0,0.0,12392.33,,,False
USR50270,1,1867.53,1,0,0.0,0.0,1867.53,,,False
USR50272,1,18840.06,1,0,0.0,0.0,18840.06,,,False
USR50278,1,17460.85,1,0,0.0,0.0,17460.85,,,False
USR50279,1,1624.47,0,1,0.0,0.0,1624.47,PENDING,False,True
USR50285,1,19315.0,1,0,0.0,0.0,19315.0,,,False
USR50288,1,16571.43,1,0,0.0,0.0,16571.43,PENDING,False,True
USR50290,1,7145.27,1,0,0.0,0.0,7145.27,,,False
USR50302,1,12387.99,1,0,0.0,0.0,12387.99,,,False
USR50304,1,3494.86,1,0,0.0,0.0,3494.86,VERIFIED,False,True
USR50308,2,42713.97,1,1,1.0,1782.96,21356.985,,,False
USR50312,1,13947.14,1,0,0.0,0.0,13947.14,,,False
USR50315,1,16603.67,1,0,0.0,0.0,16603.67,,,False
USR50316,1,23311.94,1,0,0.0,0.0,23311.94,,,False
USR50317,1,1302.5,1,0,0.0,0.0,1302.5,,,False
USR50324,2,26266.93,2,0,0.0,0.0,13133.465,,,False
USR50326,1,1781.43,1,0,0.0,0.0,1781.43,,,False
USR50332,1,15166.74,1,0,0.0,0.0,15166.74,,,False
USR50334,1,1611.73,1,0,0.0,0.0,1611.73,,,False
USR50341,1,7250.89,0,1,0.0,0.0,7250.89,,,False
USR50345,1,9361.58,1,0,0.0,0.0,9361.58,,,False
USR50365,1,1326.31,1,0,0.0,0.0,1326.31,,,False
USR50371,2,25585.89,2,0,0.0,0.0,12792.945,,,False
USR50372,1,21552.45,1,0,0.0,0.0,21552.45,,,False
USR50376,1,16975.79,1,0,0.0,0.0,16975.79,VERIFIED,True,True
USR50378,2,22939.77,1,0,1.0,6052.19,11469.885,VERIFIED,True,True
USR50386,1,5365.56,1,0,0.0,0.0,5365.56,,,False
USR50388,1,11463.51,1,0,0.0,0.0,11463.51,PENDING,False,True
USR50404,1,979.94,0,1,0.0,0.0,979.94,REJECTED,False,True
USR50413,1,1078.19,1,0,0.0,0.0,1078.19,,,False
USR50414,1,19768.58,1,0,0.0,0.0,19768.58,,,False
USR50418,1,23524.51,1,0,0.0,0.0,23524.51,,,False
USR50420,1,12642.96,1,0,0.0,0.0,12642.96,VERIFIED,False,True
USR50425,1,22741.25,0,1,0.0,0.0,22741.25,REJECTED,True,True
USR50433,1,17015.68,0,0,0.0,0.0,17015.68,,,False
USR50434,1,9070.37,1,0,0.0,0.0,9070.37,VERIFIED,False,True
USR50437,1,8495.0,1,0,0.0,0.0,8495.0,,,False
USR50438,1,15084.52,1,0,0.0,0.0,15084.52,,,False
USR50441,1,119.3,1,0,0.0,0.0,119.3,VERIFIED,True,True
USR50444,1,23307.73,1,0,0.0,0.0,23307.73,REJECTED,False,True
USR50445,1,19496.23,1,0,0.0,0.0,19496.23,,,False
USR50470,3,26940.479999999996,3,0,0.0,0.0,8980.159999999998,VERIFIED,False,True
USR50475,1,4165.0,1,0,1.0,982.69,4165.0,VERIFIED,True,True
USR50491,1,5567.0,1,0,0.0,0.0,5567.0,,,False
USR50494,1,24044.44,0,1,0.0,0.0,24044.44,,,False
USR50499,1,20329.88,1,0,0.0,0.0,20329.88,,,False
USR50507,1,22169.49,0,1,0.0,0.0,22169.49,,,False
USR50514,1,22529.27,0,1,0.0,0.0,22529.27,,,False
USR50517,1,21191.81,1,0,0.0,0.0,21191.81,,,False
USR50525,2,19999.489999999998,2,0,0.0,0.0,9999.744999999999,KYC_DONE,False,True
USR50537,1,24090.86,1,0,0.0,0.0,24090.86,,,False
USR50541,2,27821.4,1,0,0.0,0.0,13910.7,,,False
USR50543,1,14294.48,1,0,0.0,0.0,14294.48,VERIFIED,False,True
USR50544,1,11413.58,0,1,0.0,0.0,11413.58,VERIFIED,True,True
USR50558,1,22710.48,1,0,0.0,0.0,22710.48,VERIFIED,False,True
USR50563,1,-24646.6,1,0,0.0,0.0,-24646.6,,,False
USR50565,1,22435.67,1,0,0.0,0.0,22435.67,,,False
USR50567,1,3660.95,1,0,0.0,0.0,3660.95,,,False
USR50568,1,16345.93,0,1,0.0,0.0,16345.93,VERIFIED,True,True
USR50575,1,452.43,1,0,0.0,0.0,452.43,,,False
USR50577,1,6198.31,1,0,0.0,0.0,6198.31,,,False
USR50579,2,26593.13,2,0,2.0,18916.34,13296.565,,,False
USR50582,1,22794.33,1,0,0.0,0.0,22794.33,,,False
USR50590,1,10839.22,1,0,0.0,0.0,10839.22,KYC_DONE,True,True
USR50595,1,6080.31,1,0,0.0,0.0,6080.31,REJECTED,False,True
USR50598,1,15857.21,1,0,0.0,0.0,15857.21,,,False
USR50601,2,31357.7,1,1,0.0,0.0,15678.85,,,False
USR50607,1,24940.73,1,0,1.0,895.1,24940.73,,,False
USR50609,1,19597.0,1,0,0.0,0.0,19597.0,,,False
USR50613,1,1098.58,1,0,0.0,0.0,1098.58,,,False
USR50619,1,15945.83,1,0,1.0,1858.78,15945.83,,,False
USR50629,1,3327.0,1,0,1.0,33975.77,3327.0,,,False
USR50632,1,1730.75,1,0,0.0,0.0,1730.75,VERIFIED,False,True
USR50635,1,2980.13,1,0,0.0,0.0,2980.13,,,False
USR50644,1,12440.31,0,0,0.0,0.0,12440.31,,,False
USR50648,1,14499.94,1,0,0.0,0.0,14499.94,,,False
USR50660,1,8552.81,1,0,0.0,0.0,8552.81,,,False
USR50670,1,20737.34,1,0,0.0,0.0,20737.34,,,False
USR50677,1,706.03,1,0,0.0,0.0,706.03,,,False
USR50681,1,24871.3,1,0,0.0,0.0,24871.3,,,False
USR50683,1,16712.0,1,0,0.0,0.0,16712.0,,,False
USR50686,1,11723.65,1,0,0.0,0.0,11723.65,PENDING,False,True
USR50694,1,23047.44,1,0,0.0,0.0,23047.44,VERIFIED,False,True
USR50696,1,21787.8,1,0,0.0,0.0,21787.8,,,False
USR50698,1,4782.31,0,1,1.0,3336.11,4782.31,VERIFIED,False,True
USR50699,1,24104.0,1,0,0.0,0.0,24104.0,,,False
USR50701,1,3759.72,1,0,0.0,0.0,3759.72,VERIFIED,False,True
USR50711,1,4790.02,1,0,0.0,0.0,4790.02,,,False
USR50712,1,18935.18,1,0,0.0,0.0,18935.18,VERIFIED,True,True
USR50713,1,18735.39,1,0,0.0,0.0,18735.39,,,False
USR50729,2,25598.370000000003,2,0,0.0,0.0,12799.185000000001,VERIFIED,True,True
USR50732,1,18641.74,1,0,1.0,3125.63,18641.74,KYC_DONE,False,True
USR50736,1,21142.2,1,0,0.0,0.0,21142.2,PENDING,False,True
USR50744,1,12164.0,1,0,0.0,0.0,12164.0,,,False
USR50745,1,9965.05,1,0,0.0,0.0,9965.05,VERIFIED,False,True
USR50757,1,18832.8,1,0,0.0,0.0,18832.8,PENDING,False,True
USR50762,1,16474.8,1,0,0.0,0.0,16474.8,KYC_DONE,False,True
USR50763,1,351.36,1,0,0.0,0.0,351.36,,,False
USR50769,2,25909.84,2,0,0.0,0.0,12954.92,,,False
USR50775,1,21387.96,1,0,0.0,0.0,21387.96,,,False
USR50781,1,23299.28,0,1,0.0,0.0,23299.28,PENDING,True,True
USR50784,2,18197.92,2,0,0.0,0.0,9098.96,VERIFIED,False,True
USR50786,1,10693.07,1,0,0.0,0.0,10693.07,,,False
USR50789,1,8211.54,1,0,0.0,0.0,8211.54,,,False
USR50793,1,2821.45,1,0,0.0,0.0,2821.45,,,False
USR50811,1,21121.31,1,0,0.0,0.0,21121.31,VERIFIED,False,True
USR50819,1,14827.84,0,1,0.0,0.0,14827.84,PENDING,False,True
USR50826,1,16503.47,0,1,1.0,2551.0,16503.47,,,False
USR50827,1,-15.67,1,0,0.0,0.0,-15.67,UNDER REVIEW,True,True
USR50835,1,11313.0,1,0,0.0,0.0,11313.0,,,False
USR50837,1,24178.36,1,0,0.0,0.0,24178.36,,,False
USR50838,1,5086.82,1,0,0.0,0.0,5086.82,VERIFIED,False,True
USR50841,1,10435.66,1,0,0.0,0.0,10435.66,,,False
USR50842,1,22106.32,1,0,0.0,0.0,22106.32,,,False
USR50844,1,5622.31,0,0,0.0,0.0,5622.31,,,False
USR50848,1,19583.06,1,0,0.0,0.0,19583.06,,,False
USR50850,1,8690.11,1,0,0.0,0.0,8690.11,REJECTED,True,True
USR50853,1,5581.52,1,0,0.0,0.0,5581.52,,,False
USR50862,2,10847.18,1,0,0.0,0.0,5423.59,VERIFIED,True,True
USR50879,1,15001.0,1,0,0.0,0.0,15001.0,,,False
USR50880,1,15537.05,1,0,0.0,0.0,15537.05,,,False
USR50889,2,31955.83,2,0,0.0,0.0,15977.915,,,False
USR50897,1,16072.12,1,0,0.0,0.0,16072.12,,,False
USR50901,1,23670.31,1,0,0.0,0.0,23670.31,,,False
USR50902,1,22161.0,1,0,0.0,0.0,22161.0,PENDING,False,True
USR50917,1,12286.78,1,0,0.0,0.0,12286.78,,,False
USR50928,1,8450.32,1,0,0.0,0.0,8450.32,,,False
USR50940,1,19728.0,0,1,0.0,0.0,19728.0,VERIFIED,False,True
USR50946,1,14033.14,1,0,0.0,0.0,14033.14,PENDING,False,True
USR50948,1,12851.3,1,0,0.0,0.0,12851.3,,,False
USR50964,1,16564.23,1,0,1.0,8214.17,16564.23,,,False
USR50965,1,19668.45,1,0,0.0,0.0,19668.45,VERIFIED,False,True
USR50976,1,21717.02,1,0,0.0,0.0,21717.02,,,False
USR50981,1,4167.4,1,0,0.0,0.0,4167.4,,,False
USR50982,1,3722.14,1,0,0.0,0.0,3722.14,PENDING,True,True
USR51005,1,24167.99,0,0,0.0,0.0,24167.99,,,False
USR51007,1,15512.37,1,0,0.0,0.0,15512.37,,,False
USR51015,1,10409.69,1,0,0.0,0.0,10409.69,KYC_DONE,False,True
USR51018,1,23946.3,1,0,0.0,0.0,23946.3,,,False
USR51019,1,4575.54,1,0,0.0,0.0,4575.54,,,False
USR51024,1,13892.17,1,0,0.0,0.0,13892.17,,,False
USR51032,2,3310.56,0,1,2.0,-557.3799999999999,1655.28,,,False
USR51036,1,16975.17,0,0,0.0,0.0,16975.17,,,False
USR51039,1,384.81,1,0,0.0,0.0,384.81,,,False
USR51044,1,10066.13,0,1,0.0,0.0,10066.13,,,False
USR51046,1,24296.46,1,0,0.0,0.0,24296.46,PENDING,False,True
USR51050,3,25207.28,3,0,0.0,0.0,8402.426666666666,PENDING,False,True
USR51052,1,19107.87,1,0,0.0,0.0,19107.87,,,False
USR51054,1,806.1,0,1,0.0,0.0,806.1,PENDING,False,True
USR51064,1,4873.65,1,0,0.0,0.0,4873.65,VERIFIED,False,True
USR51075,1,22654.38,1,0,0.0,0.0,22654.38,,,False
USR51084,1,17027.64,1,0,0.0,0.0,17027.64,VERIFIED,False,True
USR51085,2,27917.41,1,1,1.0,4425.22,13958.705,,,False
USR51087,1,9956.15,1,0,0.0,0.0,9956.15,,,False
USR51089,1,22973.97,1,0,0.0,0.0,22973.97,,,False
USR51096,1,23722.55,1,0,0.0,0.0,23722.55,KYC_DONE,False,True
USR51098,1,14776.99,1,0,0.0,0.0,14776.99,,,False
USR51100,1,5822.51,1,0,0.0,0.0,5822.51,,,False
USR51101,1,2192.31,1,0,0.0,0.0,2192.31,VERIFIED,False,True
USR51111,1,21430.91,1,0,1.0,6251.19,21430.91,KYC_DONE,False,True
USR51114,1,190.43,1,0,1.0,982.39,190.43,,,False
USR51116,1,15112.0,1,0,0.0,0.0,15112.0,,,False
USR51123,1,7380.33,1,0,1.0,-604.81,7380.33,REJECTED,False,True
USR51129,1,3882.0,1,0,0.0,0.0,3882.0,,,False
USR51134,1,18141.95,1,0,0.0,0.0,18141.95,VERIFIED,False,True
USR51140,1,2597.55,1,0,0.0,0.0,2597.55,,,False
USR51144,1,16114.0,1,0,0.0,0.0,16114.0,VERIFIED,False,True
USR51150,2,27159.73,2,0,0.0,0.0,13579.865,,,False
USR51151,2,26426.57,2,0,1.0,10354.45,13213.285,,,False
USR51158,2,32274.47,2,0,0.0,0.0,16137.235,VERIFIED,False,True
USR51168,1,18858.66,1,0,0.0,0.0,18858.66,VERIFIED,True,True
USR51171,1,8582.24,1,0,0.0,0.0,8582.24,,,False
USR51178,1,20273.86,1,0,0.0,0.0,20273.86,,,False
USR51182,1,19245.59,0,1,0.0,0.0,19245.59,,,False
USR51184,1,-10335.18,1,0,0.0,0.0,-10335.18,,,False
USR51187,1,869.37,1,0,0.0,0.0,869.37,VERIFIED,False,True
USR51192,1,1892.28,1,0,0.0,0.0,1892.28,,,False
USR51195,1,8344.14,0,1,2.0,6401.09,8344.14,,,False
USR51203,2,42289.020000000004,2,0,0.0,0.0,21144.510000000002,,,False
USR51207,1,18660.38,1,0,0.0,0.0,18660.38,VERIFIED,True,True
USR51208,1,8126.57,1,0,0.0,0.0,8126.57,,,False
USR51211,1,18756.37,1,0,0.0,0.0,18756.37,VERIFIED,False,True
USR51216,1,24908.4,1,0,0.0,0.0,24908.4,,,False
USR51222,1,9875.44,1,0,0.0,0.0,9875.44,,,False
USR51228,1,10285.65,1,0,1.0,14158.32,10285.65,,,False
USR51252,2,15033.060000000001,1,1,0.0,0.0,7516.530000000001,VERIFIED,False,True
USR51254,1,14150.92,1,0,2.0,969.6800000000001,14150.92,,,False
USR51259,1,609.89,1,0,0.0,0.0,609.89,VERIFIED,False,True
USR51269,1,15447.0,1,0,0.0,0.0,15447.0,REJECTED,False,True
USR51274,2,24602.39,1,1,1.0,2254.1,12301.195,,,False
USR51276,1,15421.64,1,0,0.0,0.0,15421.64,,,False
USR51285,1,670.91,1,0,0.0,0.0,670.91,,,False
USR51286,1,13458.2,1,0,0.0,0.0,13458.2,,,False
USR51292,1,609.66,0,1,0.0,0.0,609.66,,,False
USR51293,1,19369.08,1,0,1.0,-2415.01,19369.08,,,False
USR51295,1,444.54,1,0,0.0,0.0,444.54,,,False
USR51297,1,1532.03,0,1,0.0,0.0,1532.03,,,False
USR51304,1,9555.68,1,0,0.0,0.0,9555.68,,,False
USR51307,1,8125.52,1,0,0.0,0.0,8125.52,,,False
USR51309,1,21228.96,1,0,0.0,0.0,21228.96,PENDING,False,True
USR51311,1,8877.25,0,1,1.0,2468.0,8877.25,,,False
USR51312,1,23465.0,1,0,0.0,0.0,23465.0,PENDING,False,True
USR51315,1,24304.19,1,0,0.0,0.0,24304.19,,,False
USR51321,1,13375.0,0,0,0.0,0.0,13375.0,PENDING,False,True
USR51322,1,23324.0,1,0,0.0,0.0,23324.0,,,False
USR51330,1,6390.29,1,0,0.0,0.0,6390.29,VERIFIED,False,True
USR51331,2,18952.16,2,0,0.0,0.0,9476.08,,,False
USR51333,1,23607.22,1,0,1.0,5150.06,23607.22,,,False
USR51340,1,10658.24,1,0,0.0,0.0,10658.24,,,False
USR51343,1,13948.54,1,0,0.0,0.0,13948.54,,,False
USR51353,1,11107.0,1,0,0.0,0.0,11107.0,PENDING,False,True
USR51358,1,2760.2,1,0,0.0,0.0,2760.2,,,False
USR51359,1,16850.72,1,0,0.0,0.0,16850.72,,,False
USR51369,1,5127.99,1,0,0.0,0.0,5127.99,VERIFIED,True,True
USR51382,1,1412.73,1,0,0.0,0.0,1412.73,KYC_DONE,False,True
USR51383,1,7749.2,1,0,0.0,0.0,7749.2,,,False
USR51385,1,16438.25,1,0,0.0,0.0,16438.25,REJECT,False,True
USR51393,2,20836.449999999997,1,1,0.0,0.0,10418.224999999999,,,False
USR51408,1,17996.84,0,0,0.0,0.0,17996.84,,,False
USR51414,1,10832.67,1,0,0.0,0.0,10832.67,,,False
USR51419,1,1345.33,1,0,0.0,0.0,1345.33,VERIFIED,True,True
USR51423,2,37974.69,2,0,2.0,4237.65,18987.345,,,False
USR51442,1,9882.06,1,0,0.0,0.0,9882.06,KYC_DONE,False,True
USR51446,3,41517.19,2,0,0.0,0.0,13839.063333333334,,,False
USR51465,1,1463.0,1,0,0.0,0.0,1463.0,,,False
USR51470,2,39941.99,0,1,1.0,-2462.0,19970.995,,,False
USR51481,1,23488.08,1,0,0.0,0.0,23488.08,,,False
USR51483,1,23898.0,1,0,0.0,0.0,23898.0,KYC_DONE,False,True
USR51488,2,19632.519999999997,2,0,1.0,482.37,9816.259999999998,REJECTED,False,True
USR51504,3,37382.67,3,0,2.0,766.94,12460.89,,,False
USR51506,1,18847.8,0,0,0.0,0.0,18847.8,PENDING,True,True
USR51512,1,1690.18,1,0,0.0,0.0,1690.18,,,False
USR51513,1,14461.68,0,1,0.0,0.0,14461.68,,,False
USR51515,1,9829.84,1,0,0.0,0.0,9829.84,VERIFIED,False,True
USR51525,1,1525.0,1,0,0.0,0.0,1525.0,VERIFIED,True,True
USR51534,1,21504.46,1,0,0.0,0.0,21504.46,VERIFIED,True,True
USR51548,1,11379.46,1,0,0.0,0.0,11379.46,KYC_DONE,False,True
USR51558,1,2823.64,1,0,0.0,0.0,2823.64,,,False
USR51561,2,9203.25,2,0,0.0,0.0,4601.625,,,False
USR51564,1,18228.65,1,0,0.0,0.0,18228.65,,,False
USR51591,1,18756.52,1,0,0.0,0.0,18756.52,,,False
USR51592,1,1036.65,1,0,1.0,2479.76,1036.65,,,False
USR51599,1,17870.26,1,0,0.0,0.0,17870.26,,,False
USR51610,1,7650.91,0,0,0.0,0.0,7650.91,VERIFIED,False,True
USR51615,1,645.22,0,1,0.0,0.0,645.22,,,False
USR51622,1,1782.6,1,0,0.0,0.0,1782.6,,,False
USR51647,1,23232.72,1,0,1.0,852.0,23232.72,VERIFIED,False,True
USR51648,1,360.22,1,0,1.0,6879.04,360.22,,,False
USR51649,1,22445.37,1,0,0.0,0.0,22445.37,,,False
USR51651,2,16565.68,2,0,0.0,0.0,8282.84,,,False
USR51652,1,1538.0,0,1,0.0,0.0,1538.0,,,False
USR51654,2,34736.25,2,0,0.0,0.0,17368.125,KYC_DONE,False,True
USR51661,1,14133.68,1,0,0.0,0.0,14133.68,,,False
USR51665,1,9962.27,1,0,0.0,0.0,9962.27,,,False
USR51670,2,305.869999999999,1,1,0.0,0.0,152.9349999999995,,,False
USR51679,2,34297.87,1,1,2.0,3936.95,17148.935,VERIFIED,False,True
USR51687,1,16393.29,1,0,0.0,0.0,16393.29,,,False
USR51701,1,24682.03,0,0,0.0,0.0,24682.03,,,False
USR51713,1,10143.97,1,0,0.0,0.0,10143.97,,,False
USR51714,1,22784.43,1,0,0.0,0.0,22784.43,PENDING,True,True
USR51717,3,26334.84,3,0,0.0,0.0,8778.28,,,False
USR51719,1,21052.55,1,0,0.0,0.0,21052.55,,,False
USR51721,2,28749.16,2,0,1.0,169.35,14374.58,,,False
USR51724,1,23316.82,1,0,0.0,0.0,23316.82,,,False
USR51725,3,41235.67,3,0,0.0,0.0,13745.223333333333,,,False
USR51726,1,15694.0,1,0,0.0,0.0,15694.0,,,False
USR51727,1,772.2,1,0,0.0,0.0,772.2,,,False
USR51733,1,6646.91,1,0,0.0,0.0,6646.91,,,False
USR51735,1,19177.64,1,0,1.0,1466.29,19177.64,,,False
USR51736,1,2621.02,1,0,0.0,0.0,2621.02,KYC_DONE,False,True
USR51738,1,2679.46,1,0,0.0,0.0,2679.46,,,False
USR51746,1,468.53,1,0,0.0,0.0,468.53,,,False
USR51751,1,14148.13,0,0,0.0,0.0,14148.13,,,False
USR51754,1,7676.0,1,0,0.0,0.0,7676.0,,,False
USR51755,1,16466.93,0,1,0.0,0.0,16466.93,,,False
USR51761,1,13009.05,1,0,0.0,0.0,13009.05,,,False
USR51765,1,11115.18,0,1,0.0,0.0,11115.18,,,False
USR51766,1,12829.34,0,0,0.0,0.0,12829.34,,,False
USR51770,1,7914.89,1,0,0.0,0.0,7914.89,,,False
USR51793,1,20437.91,1,0,0.0,0.0,20437.91,,,False
USR51796,1,4249.83,0,1,0.0,0.0,4249.83,VERIFIED,True,True
USR51799,1,9797.75,1,0,0.0,0.0,9797.75,,,False
USR51803,3,29909.95,2,0,0.0,0.0,9969.983333333334,,,False
USR51806,1,3184.57,1,0,0.0,0.0,3184.57,,,False
USR51814,1,1022.11,1,0,0.0,0.0,1022.11,,,False
USR51815,1,23506.35,1,0,0.0,0.0,23506.35,REJECTED,False,True
USR51817,1,17262.93,1,0,0.0,0.0,17262.93,,,False
USR51820,1,16165.0,1,0,0.0,0.0,16165.0,,,False
USR51828,1,15572.8,1,0,0.0,0.0,15572.8,,,False
USR51839,1,8898.26,1,0,0.0,0.0,8898.26,KYC_DONE,False,True
USR51844,1,8443.49,1,0,0.0,0.0,8443.49,,,False
USR51851,1,4247.25,1,0,0.0,0.0,4247.25,,,False
USR51853,1,5224.6,1,0,0.0,0.0,5224.6,VERIFIED,True,True
USR51854,1,2402.9,1,0,0.0,0.0,2402.9,,,False
USR51864,1,19987.27,1,0,0.0,0.0,19987.27,,,False
USR51869,1,13523.73,1,0,0.0,0.0,13523.73,UNDER REVIEW,False,True
USR51872,1,17139.24,1,0,0.0,0.0,17139.24,,,False
USR51878,1,16255.81,1,0,1.0,2598.96,16255.81,,,False
USR51879,1,5592.05,0,1,0.0,0.0,5592.05,VERIFIED,True,True
USR51880,1,23231.93,1,0,0.0,0.0,23231.93,,,False
USR51881,1,12119.0,0,0,0.0,0.0,12119.0,,,False
USR51887,1,22553.91,0,0,0.0,0.0,22553.91,VERIFIED,False,True
USR51894,2,23687.67,1,0,0.0,0.0,11843.835,,,False
USR51896,1,5723.78,0,0,0.0,0.0,5723.78,UNDER REVIEW,True,True
USR51899,1,22243.45,1,0,0.0,0.0,22243.45,,,False
USR51906,1,-4243.28,1,0,0.0,0.0,-4243.28,VERIFIED,False,True
USR51911,1,24633.76,1,0,0.0,0.0,24633.76,,,False
USR51912,1,17627.57,1,0,0.0,0.0,17627.57,,,False
USR51915,1,9604.88,1,0,1.0,1300.37,9604.88,VERIFIED,False,True
USR51926,1,10848.86,1,0,0.0,0.0,10848.86,,,False
USR51930,1,9582.81,1,0,0.0,0.0,9582.81,,,False
USR51932,1,11495.7,1,0,0.0,0.0,11495.7,,,False
USR51934,1,3499.56,1,0,0.0,0.0,3499.56,,,False
USR51936,1,12647.36,1,0,0.0,0.0,12647.36,PENDING,False,True
USR51943,1,11712.84,1,0,0.0,0.0,11712.84,,,False
USR51945,1,6167.59,1,0,0.0,0.0,6167.59,VERIFIED,False,True
USR51947,1,12677.94,1,0,0.0,0.0,12677.94,,,False
USR51950,1,16979.14,1,0,0.0,0.0,16979.14,REJECTED,False,True
USR51953,1,3534.83,1,0,0.0,0.0,3534.83,,,False
USR51958,1,9174.0,1,0,0.0,0.0,9174.0,,,False
USR51963,1,9310.45,1,0,0.0,0.0,9310.45,,,False
USR51969,2,5342.18,1,1,0.0,0.0,2671.09,,,False
USR51978,1,1584.75,1,0,0.0,0.0,1584.75,,,False
USR51983,1,325.06,1,0,0.0,0.0,325.06,,,False
USR51984,1,12989.45,0,1,0.0,0.0,12989.45,VERIFIED,False,True
USR51991,1,2798.96,1,0,0.0,0.0,2798.96,,,False
USR51992,1,4614.37,1,0,0.0,0.0,4614.37,,,False
USR51996,2,22491.68,2,0,1.0,1700.27,11245.84,VERIFIED,False,True
USR52000,1,4756.47,1,0,1.0,1656.18,4756.47,VERIFIED,False,True
USR52006,1,19063.55,0,1,0.0,0.0,19063.55,VERIFIED,False,True
USR52008,2,46499.56,2,0,0.0,0.0,23249.78,,,False
USR52015,1,1566.0,1,0,0.0,0.0,1566.0,,,False
USR52016,1,8327.13,0,1,0.0,0.0,8327.13,,,False
USR52023,1,19563.22,1,0,0.0,0.0,19563.22,,,False
USR52026,1,4866.22,1,0,1.0,395.16,4866.22,,,False
USR52027,1,6989.39,1,0,0.0,0.0,6989.39,,,False
USR52033,1,4137.07,1,0,0.0,0.0,4137.07,,,False
USR52034,1,3370.0,1,0,1.0,877.59,3370.0,VERIFIED,False,True
USR52036,1,15411.35,1,0,0.0,0.0,15411.35,,,False
USR52038,1,1784.02,1,0,0.0,0.0,1784.02,,,False
USR52039,1,7018.57,1,0,1.0,1870.83,7018.57,,,False
USR52054,2,7278.08,1,1,1.0,1087.37,3639.04,,,False
USR52067,1,16151.45,1,0,0.0,0.0,16151.45,,,False
USR52068,1,16153.8,1,0,0.0,0.0,16153.8,,,False
USR52072,1,21297.0,1,0,0.0,0.0,21297.0,,,False
USR52079,1,11631.23,1,0,0.0,0.0,11631.23,,,False
USR52083,1,8654.92,1,0,0.0,0.0,8654.92,,,False
USR52084,1,17440.5,1,0,0.0,0.0,17440.5,REJECTED,False,True
USR52086,1,3312.72,1,0,0.0,0.0,3312.72,,,False
USR52089,1,8135.07,1,0,0.0,0.0,8135.07,,,False
USR52092,1,20673.0,1,0,0.0,0.0,20673.0,,,False
USR52094,1,4103.7,1,0,0.0,0.0,4103.7,,,False
USR52102,1,15197.99,1,0,1.0,838.9,15197.99,,,False
USR52104,1,5731.27,0,1,0.0,0.0,5731.27,,,False
USR52109,1,3246.58,1,0,1.0,8008.29,3246.58,VERIFIED,False,True
USR52111,1,-9824.83,1,0,0.0,0.0,-9824.83,,,False
USR52118,1,23975.59,1,0,0.0,0.0,23975.59,,,False
USR52120,1,7047.2,1,0,0.0,0.0,7047.2,,,False
USR52125,1,4815.97,1,0,0.0,0.0,4815.97,REJECTED,True,True
USR52126,1,16979.94,1,0,0.0,0.0,16979.94,,,False
USR52127,1,7897.53,1,0,0.0,0.0,7897.53,,,False
USR52141,1,2645.79,1,0,0.0,0.0,2645.79,VERIFIED,True,True
USR52158,1,12728.89,1,0,1.0,819.89,12728.89,,,False
USR52159,2,27155.21,2,0,0.0,0.0,13577.605,UNDER REVIEW,False,True
USR52160,2,21298.3,1,1,0.0,0.0,10649.15,,,False
USR52161,1,13809.85,1,0,0.0,0.0,13809.85,VERIFIED,False,True
USR52163,1,1310.79,1,0,0.0,0.0,1310.79,KYC_DONE,True,True
USR52165,1,10840.0,0,1,0.0,0.0,10840.0,,,False
USR52173,1,17762.59,1,0,1.0,0.0,17762.59,VERIFIED,False,True
USR52174,1,12342.57,1,0,1.0,3789.0,12342.57,,,False
USR52183,1,18859.08,0,1,0.0,0.0,18859.08,,,False
USR52184,2,27469.77,1,0,0.0,0.0,13734.885,VERIFIED,False,True
USR52186,1,20302.71,1,0,1.0,1010.1,20302.71,PENDING,False,True
USR52187,1,16771.28,1,0,0.0,0.0,16771.28,,,False
USR52189,1,24917.45,0,1,0.0,0.0,24917.45,,,False
USR52194,1,12093.81,1,0,0.0,0.0,12093.81,,,False
USR52215,1,14059.1,1,0,0.0,0.0,14059.1,,,False
USR52225,2,30940.620000000003,2,0,0.0,0.0,15470.310000000001,,,False
USR52226,1,24730.27,0,0,0.0,0.0,24730.27,VERIFIED,False,True
USR52233,1,23810.14,1,0,0.0,0.0,23810.14,VERIFIED,False,True
USR52235,1,20924.22,1,0,0.0,0.0,20924.22,,,False
USR52239,1,9379.94,1,0,0.0,0.0,9379.94,VERIFIED,False,True
USR52240,1,13126.68,1,0,0.0,0.0,13126.68,,,False
USR52247,1,20320.2,1,0,0.0,0.0,20320.2,KYC_DONE,False,True
USR52253,1,20432.38,1,0,0.0,0.0,20432.38,,,False
USR52255,1,24222.26,1,0,1.0,3605.24,24222.26,KYC_DONE,False,True
USR52267,1,3185.0,1,0,0.0,0.0,3185.0,VERIFIED,False,True
USR52270,1,17530.43,1,0,0.0,0.0,17530.43,KYC_DONE,False,True
USR52274,1,16818.33,1,0,2.0,2236.39,16818.33,,,False
USR52281,1,3414.48,1,0,0.0,0.0,3414.48,,,False
USR52290,2,28626.52,2,0,0.0,0.0,14313.26,,,False
USR52293,1,2388.15,1,0,0.0,0.0,2388.15,,,False
USR52297,1,22074.98,1,0,0.0,0.0,22074.98,,,False
USR52299,2,36908.17,2,0,2.0,5811.0,18454.085,VERIFIED,False,True
USR52300,1,13923.5,1,0,0.0,0.0,13923.5,,,False
USR52304,1,13703.51,1,0,0.0,0.0,13703.51,,,False
USR52310,1,6640.5,1,0,0.0,0.0,6640.5,REJECTED,False,True
USR52317,1,7575.86,1,0,0.0,0.0,7575.86,UNDER REVIEW,False,True
USR52319,1,21452.0,1,0,0.0,0.0,21452.0,VERIFIED,False,True
USR52320,1,16421.85,1,0,0.0,0.0,16421.85,,,False
USR52323,1,4678.15,1,0,0.0,0.0,4678.15,,,False
USR52329,1,8318.08,1,0,0.0,0.0,8318.08,,,False
USR52331,1,3698.69,0,1,0.0,0.0,3698.69,KYC_DONE,False,True
USR52335,1,3446.65,1,0,0.0,0.0,3446.65,VERIFIED,False,True
USR52338,1,12973.51,1,0,0.0,0.0,12973.51,VERIFIED,False,True
USR52339,1,1831.73,1,0,0.0,0.0,1831.73,,,False
USR52346,1,8764.43,1,0,0.0,0.0,8764.43,,,False
USR52348,1,15307.84,1,0,0.0,0.0,15307.84,PENDING,False,True
USR52350,1,3727.05,1,0,0.0,0.0,3727.05,REJECTED,True,True
USR52357,1,22583.83,1,0,0.0,0.0,22583.83,,,False
USR52359,1,12047.38,1,0,1.0,403.8,12047.38,VERIFIED,False,True
USR52371,1,21775.52,1,0,0.0,0.0,21775.52,VERIFIED,True,True
USR52372,1,240.95,1,0,0.0,0.0,240.95,VERIFIED,False,True
USR52373,1,24871.0,0,1,1.0,870.0,24871.0,VERIFIED,False,True
USR52377,1,9431.08,1,0,0.0,0.0,9431.08,,,False
USR52379,1,7507.76,0,0,0.0,0.0,7507.76,VERIFIED,True,True
USR52385,1,12405.86,0,0,0.0,0.0,12405.86,,,False
USR52396,1,18290.83,1,0,0.0,0.0,18290.83,,,False
USR52412,1,114.64,1,0,0.0,0.0,114.64,,,False
USR52415,2,22756.559999999998,1,1,0.0,0.0,11378.279999999999,,,False
USR52424,1,18497.51,1,0,0.0,0.0,18497.51,,,False
USR52431,1,19436.55,1,0,0.0,0.0,19436.55,,,False
USR52436,1,11155.68,1,0,0.0,0.0,11155.68,,,False
USR52445,1,1051.41,0,1,0.0,0.0,1051.41,VERIFIED,False,True
USR52452,1,18227.24,1,0,0.0,0.0,18227.24,,,False
USR52456,1,20932.11,1,0,0.0,0.0,20932.11,,,False
USR52457,1,24819.75,1,0,0.0,0.0,24819.75,,,False
USR52458,1,23716.87,1,0,1.0,2296.42,23716.87,,,False
USR52459,1,18944.0,1,0,0.0,0.0,18944.0,KYC_DONE,False,True
USR52461,1,11700.38,1,0,0.0,0.0,11700.38,,,False
USR52464,2,6346.7,2,0,0.0,0.0,3173.35,VERIFIED,True,True
USR52469,1,21414.87,1,0,0.0,0.0,21414.87,VERIFIED,False,True
USR52488,1,13783.49,1,0,0.0,0.0,13783.49,,,False
USR52490,1,5711.9,1,0,0.0,0.0,5711.9,VERIFIED,False,True
USR52494,1,19661.0,1,0,0.0,0.0,19661.0,VERIFIED,False,True
USR52506,2,24248.64,2,0,0.0,0.0,12124.32,,,False
USR52508,2,40197.59,2,0,0.0,0.0,20098.795,,,False
USR52515,1,19632.0,1,0,0.0,0.0,19632.0,PENDING,False,True
USR52516,1,6085.68,1,0,0.0,0.0,6085.68,,,False
USR52526,1,14058.0,1,0,0.0,0.0,14058.0,,,False
USR52534,1,24592.0,1,0,0.0,0.0,24592.0,,,False
USR52538,1,16244.67,1,0,0.0,0.0,16244.67,,,False
USR52539,1,5709.26,1,0,0.0,0.0,5709.26,,,False
USR52541,1,22243.95,1,0,0.0,0.0,22243.95,,,False
USR52542,1,17069.22,1,0,0.0,0.0,17069.22,,,False
USR52547,1,21054.55,1,0,0.0,0.0,21054.55,,,False
USR52550,1,8779.37,1,0,0.0,0.0,8779.37,KYC_DONE,False,True
USR52561,1,14343.0,1,0,0.0,0.0,14343.0,VERIFIED,False,True
USR52562,1,9091.18,0,0,0.0,0.0,9091.18,,,False
USR52567,1,17546.26,1,0,0.0,0.0,17546.26,,,False
USR52570,1,15623.75,0,1,0.0,0.0,15623.75,,,False
USR52580,1,2260.95,1,0,0.0,0.0,2260.95,,,False
USR52598,1,10342.51,1,0,0.0,0.0,10342.51,,,False
USR52601,1,24663.02,1,0,0.0,0.0,24663.02,,,False
USR52604,1,16664.0,1,0,1.0,863.52,16664.0,,,False
USR52610,1,19220.68,1,0,0.0,0.0,19220.68,,,False
USR52611,3,44241.71,2,0,0.0,0.0,14747.236666666666,VERIFIED,False,True
USR52613,1,23452.22,1,0,0.0,0.0,23452.22,,,False
USR52630,1,23388.72,1,0,0.0,0.0,23388.72,,,False
USR52646,1,9264.3,1,0,0.0,0.0,9264.3,,,False
USR52655,1,6815.16,1,0,0.0,0.0,6815.16,,,False
USR52661,3,27493.18,2,0,1.0,2121.87,9164.393333333333,REJECT,False,True
USR52662,1,13980.89,1,0,0.0,0.0,13980.89,,,False
USR52668,1,3481.8,1,0,0.0,0.0,3481.8,UNDER REVIEW,True,True
USR52672,1,12732.75,1,0,1.0,1331.0,12732.75,VERIFIED,True,True
USR52687,2,26105.2,1,1,0.0,0.0,13052.6,,,False
USR52688,1,13228.14,1,0,0.0,0.0,13228.14,,,False
USR52700,1,2695.19,0,1,0.0,0.0,2695.19,,,False
USR52702,1,5507.23,1,0,0.0,0.0,5507.23,,,False
USR52706,1,17325.03,1,0,0.0,0.0,17325.03,,,False
USR52710,1,22003.87,1,0,0.0,0.0,22003.87,VERIFIED,False,True
USR52726,1,10615.06,1,0,0.0,0.0,10615.06,VERIFIED,False,True
USR52730,1,8585.75,0,1,1.0,1718.0,8585.75,,,False
USR52734,1,10074.81,1,0,0.0,0.0,10074.81,,,False
USR52737,1,5505.91,1,0,0.0,0.0,5505.91,,,False
USR52749,1,22303.88,1,0,0.0,0.0,22303.88,,,False
USR52755,1,738.95,1,0,0.0,0.0,738.95,,,False
USR52762,1,22401.0,1,0,0.0,0.0,22401.0,,,False
USR52763,1,18063.61,1,0,0.0,0.0,18063.61,VERIFIED,True,True
USR52781,1,-9046.14,0,1,0.0,0.0,-9046.14,REJECTED,False,True
USR52787,1,1146.49,1,0,0.0,0.0,1146.49,,,False
USR52788,1,2830.33,0,1,0.0,0.0,2830.33,,,False
USR52799,2,30058.95,2,0,0.0,0.0,15029.475,,,False
USR52800,1,17448.84,1,0,0.0,0.0,17448.84,VERIFIED,False,True
USR52806,1,1417.0,1,0,1.0,8278.26,1417.0,,,False
USR52809,2,21677.78,2,0,0.0,0.0,10838.89,REJECTED,True,True
USR52810,1,12221.19,1,0,0.0,0.0,12221.19,,,False
USR52812,1,24769.15,1,0,1.0,722.5,24769.15,,,False
USR52813,3,49627.9,2,1,2.0,1229.37,16542.633333333335,VERIFIED,False,True
USR52816,1,12787.28,1,0,0.0,0.0,12787.28,,,False
USR52823,3,22951.17,3,0,0.0,0.0,7650.389999999999,,,False
USR52826,1,10685.0,1,0,0.0,0.0,10685.0,VERIFIED,False,True
USR52828,1,13431.48,1,0,0.0,0.0,13431.48,,,False
USR52830,1,18535.3,1,0,0.0,0.0,18535.3,,,False
USR52837,1,7677.0,1,0,0.0,0.0,7677.0,,,False
USR52838,1,12874.04,1,0,0.0,0.0,12874.04,VERIFIED,False,True
USR52842,1,11460.09,1,0,1.0,1315.22,11460.09,,,False
USR52844,2,31666.71,2,0,0.0,0.0,15833.355,,,False
USR52848,1,10275.61,1,0,0.0,0.0,10275.61,PENDING,True,True
USR52854,1,11250.6,1,0,1.0,0.0,11250.6,VERIFIED,False,True
USR52859,1,5790.89,1,0,1.0,1358.37,5790.89,,,False
USR52868,1,15254.09,1,0,1.0,3800.57,15254.09,PENDING,True,True
USR52869,1,21266.04,0,0,0.0,0.0,21266.04,VERIFIED,False,True
USR52872,1,3809.69,1,0,0.0,0.0,3809.69,,,False
USR52875,1,9011.16,0,1,0.0,0.0,9011.16,,,False
USR52879,1,8459.0,1,0,0.0,0.0,8459.0,,,False
USR52880,1,19299.94,1,0,0.0,0.0,19299.94,PENDING,False,True
USR52888,1,4661.54,0,0,0.0,0.0,4661.54,VERIFIED,False,True
USR52890,2,26033.03,2,0,0.0,0.0,13016.515,,,False
USR52894,1,6303.82,0,1,0.0,0.0,6303.82,,,False
USR52898,1,16933.0,0,1,0.0,0.0,16933.0,,,False
USR52901,1,94.57,0,1,0.0,0.0,94.57,,,False
USR52903,1,10122.3,1,0,0.0,0.0,10122.3,,,False
USR52907,1,6216.92,1,0,1.0,1198.29,6216.92,,,False
USR52908,1,10407.6,0,1,0.0,0.0,10407.6,VERIFIED,False,True
USR52909,3,-1471.090000000001,2,1,0.0,0.0,-490.3633333333337,,,False
USR52910,1,21615.44,1,0,0.0,0.0,21615.44,,,False
USR52911,1,9405.52,1,0,0.0,0.0,9405.52,,,False
USR52912,1,11518.12,1,0,0.0,0.0,11518.12,KYC_DONE,False,True
USR52917,1,1463.0,1,0,0.0,0.0,1463.0,,,False
USR52918,1,3340.77,1,0,0.0,0.0,3340.77,,,False
USR52920,1,24599.6,1,0,0.0,0.0,24599.6,,,False
USR52922,1,10710.71,1,0,0.0,0.0,10710.71,,,False
USR52932,1,8193.63,1,0,0.0,0.0,8193.63,,,False
USR52942,1,13331.64,1,0,0.0,0.0,13331.64,,,False
USR52946,1,42.0,1,0,0.0,0.0,42.0,,,False
USR52947,1,21150.52,1,0,0.0,0.0,21150.52,,,False
USR52951,1,22228.42,1,0,0.0,0.0,22228.42,KYC_DONE,True,True
USR52957,1,24424.51,1,0,0.0,0.0,24424.51,,,False
USR52959,1,16582.02,0,1,0.0,0.0,16582.02,PENDING,False,True
USR52960,1,20691.98,1,0,0.0,0.0,20691.98,,,False
USR52962,1,12568.27,0,1,0.0,0.0,12568.27,REJECTED,False,True
USR52964,1,18671.79,1,0,0.0,0.0,18671.79,,,False
USR52970,1,23194.53,1,0,0.0,0.0,23194.53,,,False
USR52974,1,19051.45,1,0,0.0,0.0,19051.45,VERIFIED,False,True
USR52975,1,7794.69,1,0,0.0,0.0,7794.69,,,False
USR52977,1,12331.0,1,0,0.0,0.0,12331.0,,,False
USR52978,1,313.32,1,0,0.0,0.0,313.32,REJECTED,False,True
USR52984,1,3717.0,1,0,0.0,0.0,3717.0,VERIFIED,False,True
USR53003,2,14830.690000000002,2,0,0.0,0.0,7415.345000000001,VERIFIED,False,True
USR53004,1,3824.93,1,0,1.0,-962.34,3824.93,,,False
USR53009,1,15320.4,1,0,0.0,0.0,15320.4,,,False
USR53011,1,15947.98,0,1,0.0,0.0,15947.98,,,False
USR53013,1,6698.99,1,0,0.0,0.0,6698.99,VERIFIED,False,True
USR53016,1,17964.32,1,0,0.0,0.0,17964.32,,,False
USR53025,1,-20904.46,1,0,0.0,0.0,-20904.46,VERIFIED,False,True
USR53060,1,19113.0,1,0,1.0,1426.42,19113.0,,,False
USR53061,1,10411.26,1,0,0.0,0.0,10411.26,VERIFIED,True,True
USR53065,1,12921.17,1,0,0.0,0.0,12921.17,,,False
USR53066,1,24957.6,1,0,0.0,0.0,24957.6,REJECT,False,True
USR53068,1,14704.0,1,0,0.0,0.0,14704.0,,,False
USR53069,1,6373.13,1,0,0.0,0.0,6373.13,,,False
USR53073,2,30344.29,1,1,0.0,0.0,15172.145,KYC_DONE,False,True
USR53075,2,42032.4,1,0,1.0,8263.92,21016.2,,,False
USR53076,1,-23658.26,1,0,0.0,0.0,-23658.26,,,False
USR53077,1,6789.0,1,0,0.0,0.0,6789.0,,,False
USR53087,1,13282.42,1,0,0.0,0.0,13282.42,PENDING,False,True
USR53090,2,21876.37,2,0,0.0,0.0,10938.185,,,False
USR53093,1,10013.82,1,0,0.0,0.0,10013.82,,,False
USR53098,1,16135.49,1,0,0.0,0.0,16135.49,,,False
USR53100,1,13028.74,1,0,0.0,0.0,13028.74,,,False
USR53103,1,1079.15,1,0,0.0,0.0,1079.15,,,False
USR53116,1,11296.46,1,0,0.0,0.0,11296.46,,,False
USR53117,1,12658.49,1,0,0.0,0.0,12658.49,,,False
USR53135,1,24389.0,1,0,0.0,0.0,24389.0,,,False
USR53139,1,23087.67,1,0,0.0,0.0,23087.67,,,False
USR53158,1,15613.77,1,0,1.0,1341.86,15613.77,KYC_DONE,True,True
USR53172,1,15266.55,1,0,2.0,2399.47,15266.55,,,False
USR53178,3,56885.37,3,0,0.0,0.0,18961.79,VERIFIED,True,True
USR53186,1,18824.21,1,0,0.0,0.0,18824.21,,,False
USR53189,1,10054.0,1,0,0.0,0.0,10054.0,VERIFIED,False,True
USR53190,2,23114.02,1,0,0.0,0.0,11557.01,PENDING,False,True
USR53194,1,11173.57,1,0,0.0,0.0,11173.57,VERIFIED,False,True
USR53209,1,22581.13,1,0,0.0,0.0,22581.13,,,False
USR53217,1,2342.27,1,0,0.0,0.0,2342.27,,,False
USR53223,1,3247.55,1,0,0.0,0.0,3247.55,,,False
USR53231,2,1521.3599999999997,1,1,0.0,0.0,760.6799999999998,VERIFIED,False,True
USR53238,1,-24814.82,1,0,0.0,0.0,-24814.82,REJECT,False,True
USR53244,1,4276.59,1,0,0.0,0.0,4276.59,PENDING,False,True
USR53246,1,16582.06,1,0,0.0,0.0,16582.06,,,False
USR53253,1,24967.48,1,0,1.0,1837.0,24967.48,,,False
USR53257,1,-13341.19,0,1,0.0,0.0,-13341.19,,,False
USR53260,1,15084.29,1,0,0.0,0.0,15084.29,,,False
USR53266,1,8233.28,1,0,0.0,0.0,8233.28,,,False
USR53272,1,19588.9,1,0,0.0,0.0,19588.9,,,False
USR53273,1,3373.06,0,1,0.0,0.0,3373.06,VERIFIED,False,True
USR53276,2,22617.38,1,1,0.0,0.0,11308.69,,,False
USR53278,1,22705.66,1,0,0.0,0.0,22705.66,,,False
USR53286,1,5759.06,0,0,1.0,12249.71,5759.06,PENDING,False,True
USR53292,1,15531.85,1,0,1.0,2150.18,15531.85,UNDER REVIEW,False,True
USR53293,1,17529.67,1,0,0.0,0.0,17529.67,,,False
USR53297,1,12932.78,0,1,0.0,0.0,12932.78,VERIFIED,True,True
USR53300,1,11394.61,0,1,0.0,0.0,11394.61,,,False
USR53307,1,7832.5,1,0,0.0,0.0,7832.5,,,False
USR53310,1,19028.0,1,0,0.0,0.0,19028.0,VERIFIED,False,True
USR53311,1,18566.83,1,0,0.0,0.0,18566.83,,,False
USR53323,1,892.43,1,0,0.0,0.0,892.43,,,False
USR53325,1,6649.3,1,0,1.0,2332.94,6649.3,,,False
USR53331,1,1833.48,0,1,0.0,0.0,1833.48,,,False
USR53332,1,-4674.13,1,0,0.0,0.0,-4674.13,,,False
USR53333,1,8254.95,1,0,0.0,0.0,8254.95,PENDING,False,True
USR53335,1,2618.0,1,0,1.0,927.07,2618.0,,,False
USR53338,1,3460.71,0,1,1.0,-678.63,3460.71,,,False
USR53340,1,21920.37,1,0,0.0,0.0,21920.37,,,False
USR53341,1,2845.38,1,0,0.0,0.0,2845.38,,,False
USR53351,1,13958.7,1,0,2.0,5445.15,13958.7,VERIFIED,True,True
USR53352,1,12360.37,1,0,0.0,0.0,12360.37,,,False
USR53354,1,383.88,1,0,0.0,0.0,383.88,,,False
USR53361,1,-760.21,1,0,0.0,0.0,-760.21,VERIFIED,False,True
USR53364,1,11253.32,0,0,0.0,0.0,11253.32,,,False
USR53369,1,1267.57,1,0,0.0,0.0,1267.57,PENDING,False,True
USR53370,1,18039.01,1,0,0.0,0.0,18039.01,,,False
USR53371,1,7841.0,1,0,0.0,0.0,7841.0,,,False
USR53384,1,19066.0,1,0,0.0,0.0,19066.0,KYC_DONE,False,True
USR53387,1,9582.9,1,0,0.0,0.0,9582.9,,,False
USR53388,1,15110.45,1,0,0.0,0.0,15110.45,,,False
USR53392,1,19027.59,1,0,0.0,0.0,19027.59,KYC_DONE,False,True
USR53399,1,18524.67,1,0,0.0,0.0,18524.67,,,False
USR53401,1,15286.52,1,0,0.0,0.0,15286.52,,,False
USR53402,1,9503.83,1,0,0.0,0.0,9503.83,,,False
USR53408,1,23720.53,0,0,0.0,0.0,23720.53,,,False
USR53412,1,8290.49,1,0,0.0,0.0,8290.49,,,False
USR53415,1,3210.68,1,0,0.0,0.0,3210.68,,,False
USR53418,1,24749.11,0,0,0.0,0.0,24749.11,,,False
USR53435,1,14295.28,1,0,0.0,0.0,14295.28,,,False
USR53437,1,9284.08,1,0,0.0,0.0,9284.08,VERIFIED,False,True
USR53438,1,24326.4,0,1,0.0,0.0,24326.4,KYC_DONE,False,True
USR53439,1,24528.0,0,1,0.0,0.0,24528.0,,,False
USR53440,1,17181.19,1,0,0.0,0.0,17181.19,,,False
USR53444,1,2049.15,0,1,0.0,0.0,2049.15,,,False
USR53449,1,6519.58,1,0,0.0,0.0,6519.58,,,False
USR53450,1,20753.33,1,0,0.0,0.0,20753.33,,,False
USR53451,1,-7565.31,1,0,0.0,0.0,-7565.31,,,False
USR53457,1,5976.41,1,0,0.0,0.0,5976.41,,,False
USR53458,1,21785.22,1,0,0.0,0.0,21785.22,VERIFIED,False,True
USR53461,1,1012.33,1,0,0.0,0.0,1012.33,,,False
USR53476,1,7728.43,1,0,0.0,0.0,7728.43,,,False
USR53487,1,1206.16,0,0,0.0,0.0,1206.16,,,False
USR53488,1,16914.93,1,0,0.0,0.0,16914.93,PENDING,False,True
USR53489,1,18781.33,1,0,0.0,0.0,18781.33,,,False
USR53498,1,1570.61,1,0,0.0,0.0,1570.61,UNDER REVIEW,False,True
USR53499,1,11601.0,1,0,0.0,0.0,11601.0,,,False
USR53507,1,20371.0,0,1,0.0,0.0,20371.0,,,False
USR53517,1,535.41,0,0,0.0,0.0,535.41,,,False
USR53521,1,5120.56,0,0,0.0,0.0,5120.56,VERIFIED,True,True
USR53525,1,1604.23,1,0,0.0,0.0,1604.23,,,False
USR53532,1,14888.38,0,1,0.0,0.0,14888.38,,,False
USR53534,1,12182.19,0,1,0.0,0.0,12182.19,KYC_DONE,False,True
USR53553,1,24202.0,1,0,0.0,0.0,24202.0,,,False
USR53554,1,19161.0,1,0,0.0,0.0,19161.0,KYC_DONE,False,True
USR53557,1,2534.7,1,0,0.0,0.0,2534.7,VERIFIED,False,True
USR53559,1,11707.42,1,0,0.0,0.0,11707.42,PENDING,False,True
USR53560,1,24768.0,1,0,0.0,0.0,24768.0,,,False
USR53574,1,9188.27,1,0,0.0,0.0,9188.27,,,False
USR53583,2,31788.92,2,0,0.0,0.0,15894.46,,,False
USR53595,1,12100.23,1,0,0.0,0.0,12100.23,,,False
USR53597,1,21470.04,1,0,0.0,0.0,21470.04,,,False
USR53603,1,24239.92,1,0,0.0,0.0,24239.92,,,False
USR53611,1,3641.71,1,0,0.0,0.0,3641.71,,,False
USR53618,1,6454.03,1,0,0.0,0.0,6454.03,,,False
USR53621,1,12700.05,1,0,0.0,0.0,12700.05,,,False
USR53625,1,188.18,1,0,1.0,4758.01,188.18,PENDING,False,True
USR53633,1,10724.5,1,0,0.0,0.0,10724.5,,,False
USR53634,1,17359.68,1,0,0.0,0.0,17359.68,,,False
USR53636,2,20546.71,2,0,0.0,0.0,10273.355,,,False
USR53648,1,16384.5,1,0,0.0,0.0,16384.5,,,False
USR53649,1,10218.1,1,0,0.0,0.0,10218.1,PENDING,False,True
USR53656,1,14201.58,1,0,1.0,4402.84,14201.58,,,False
USR53666,1,23208.68,1,0,0.0,0.0,23208.68,PENDING,False,True
USR53673,1,19762.48,1,0,0.0,0.0,19762.48,VERIFIED,False,True
USR53680,1,375.57,1,0,0.0,0.0,375.57,,,False
USR53681,1,24858.31,1,0,0.0,0.0,24858.31,,,False
USR53687,2,19964.62,2,0,0.0,0.0,9982.31,,,False
USR53688,1,19212.31,1,0,0.0,0.0,19212.31,,,False
USR53691,1,19592.73,1,0,0.0,0.0,19592.73,,,False
USR53695,1,15309.1,1,0,0.0,0.0,15309.1,KYC_DONE,False,True
USR53703,1,20395.48,1,0,0.0,0.0,20395.48,VERIFIED,False,True
USR53707,1,12748.66,1,0,0.0,0.0,12748.66,,,False
USR53715,1,492.0,1,0,0.0,0.0,492.0,,,False
USR53716,1,-9212.82,1,0,0.0,0.0,-9212.82,,,False
USR53717,1,21287.45,1,0,0.0,0.0,21287.45,,,False
USR53718,1,14484.71,1,0,0.0,0.0,14484.71,KYC_DONE,False,True
USR53727,1,11648.0,1,0,0.0,0.0,11648.0,KYC_DONE,False,True
USR53741,1,23110.66,1,0,0.0,0.0,23110.66,,,False
USR53743,1,22510.0,0,1,0.0,0.0,22510.0,,,False
USR53745,1,17006.72,1,0,1.0,336.21,17006.72,,,False
USR53746,1,16206.07,1,0,0.0,0.0,16206.07,,,False
USR53747,1,10657.82,0,0,0.0,0.0,10657.82,,,False
USR53749,2,24125.71,2,0,0.0,0.0,12062.855,,,False
USR53752,1,20788.02,1,0,0.0,0.0,20788.02,,,False
USR53758,1,3646.43,1,0,0.0,0.0,3646.43,REJECTED,True,True
USR53760,1,9600.51,1,0,1.0,1853.91,9600.51,,,False
USR53769,1,4989.77,0,0,0.0,0.0,4989.77,,,False
USR53777,1,21460.75,1,0,0.0,0.0,21460.75,,,False
USR53778,1,18835.29,1,0,0.0,0.0,18835.29,,,False
USR53779,1,7960.13,1,0,0.0,0.0,7960.13,VERIFIED,True,True
USR53783,1,10170.7,1,0,0.0,0.0,10170.7,,,False
USR53785,1,11190.84,1,0,0.0,0.0,11190.84,,,False
USR53786,1,24803.47,0,1,0.0,0.0,24803.47,,,False
USR53788,1,8144.33,1,0,0.0,0.0,8144.33,,,False
USR53800,1,17189.75,1,0,0.0,0.0,17189.75,KYC_DONE,False,True
USR53813,1,13008.8,1,0,1.0,577.55,13008.8,,,False
USR53815,1,34.96,0,1,0.0,0.0,34.96,KYC_DONE,False,True
USR53818,1,19123.55,0,1,0.0,0.0,19123.55,,,False
USR53841,1,16903.9,1,0,0.0,0.0,16903.9,VERIFIED,False,True
USR53845,1,5362.26,1,0,0.0,0.0,5362.26,,,False
USR53846,2,26462.43,2,0,0.0,0.0,13231.215,,,False
USR53850,1,5930.73,1,0,0.0,0.0,5930.73,,,False
USR53853,1,702.86,1,0,0.0,0.0,702.86,,,False
USR53855,1,15977.69,1,0,0.0,0.0,15977.69,VERIFIED,False,True
USR53857,2,3192.84,1,0,1.0,8836.22,1596.42,,,False
USR53865,1,19432.94,1,0,0.0,0.0,19432.94,,,False
USR53866,1,10651.17,1,0,0.0,0.0,10651.17,PENDING,False,True
USR53871,1,8482.0,1,0,0.0,0.0,8482.0,,,False
USR53877,1,20420.46,0,1,0.0,0.0,20420.46,,,False
USR53888,1,11207.66,1,0,0.0,0.0,11207.66,,,False
USR53890,1,246.78,1,0,0.0,0.0,246.78,,,False
USR53892,1,17270.62,1,0,0.0,0.0,17270.62,,,False
USR53895,1,20097.33,1,0,0.0,0.0,20097.33,,,False
USR53908,1,1249.86,1,0,0.0,0.0,1249.86,,,False
USR53915,1,-17562.94,1,0,0.0,0.0,-17562.94,,,False
USR53916,1,1410.17,1,0,1.0,3089.13,1410.17,,,False
USR53917,1,15727.28,1,0,0.0,0.0,15727.28,,,False
USR53919,1,18039.43,0,0,0.0,0.0,18039.43,,,False
USR53922,1,13540.32,1,0,0.0,0.0,13540.32,,,False
USR53925,1,4999.2,1,0,0.0,0.0,4999.2,,,False
USR53927,1,23348.0,1,0,0.0,0.0,23348.0,,,False
USR53928,1,2769.75,1,0,0.0,0.0,2769.75,,,False
USR53934,1,16030.74,1,0,0.0,0.0,16030.74,,,False
USR53938,2,8943.960000000001,2,0,2.0,2014.18,4471.9800000000005,,,False
USR53940,2,36034.17,1,1,2.0,1939.67,18017.085,,,False
USR53946,1,20157.18,1,0,0.0,0.0,20157.18,,,False
USR53948,1,15201.0,1,0,2.0,942.21,15201.0,,,False
USR53961,1,9704.92,1,0,0.0,0.0,9704.92,REJECTED,False,True
USR53970,1,734.63,1,0,1.0,6353.75,734.63,VERIFIED,False,True
USR53975,1,13682.72,1,0,0.0,0.0,13682.72,,,False
USR53976,1,21088.63,1,0,0.0,0.0,21088.63,,,False
USR53979,1,22251.04,1,0,0.0,0.0,22251.04,,,False
USR53982,1,12747.98,1,0,0.0,0.0,12747.98,,,False
USR53983,1,13143.26,1,0,1.0,796.1,13143.26,,,False
USR53986,1,15907.05,1,0,0.0,0.0,15907.05,KYC_DONE,True,True
USR53989,1,2587.64,1,0,0.0,0.0,2587.64,,,False
USR53992,1,5658.46,1,0,0.0,0.0,5658.46,,,False
USR54007,1,5611.06,1,0,0.0,0.0,5611.06,VERIFIED,False,True
USR54025,1,15786.38,1,0,0.0,0.0,15786.38,VERIFIED,False,True
USR54030,1,23271.62,0,1,0.0,0.0,23271.62,VERIFIED,False,True
USR54038,1,13924.39,1,0,0.0,0.0,13924.39,,,False
USR54043,1,20865.95,1,0,0.0,0.0,20865.95,VERIFIED,False,True
USR54054,1,15049.15,1,0,0.0,0.0,15049.15,,,False
USR54059,1,16215.13,1,0,0.0,0.0,16215.13,,,False
USR54069,1,13987.0,1,0,0.0,0.0,13987.0,,,False
USR54074,1,12681.0,0,0,0.0,0.0,12681.0,VERIFIED,False,True
USR54076,1,3435.12,0,1,1.0,3867.32,3435.12,,,False
USR54087,1,15891.0,1,0,0.0,0.0,15891.0,,,False
USR54106,1,14799.28,1,0,1.0,316.55,14799.28,KYC_DONE,False,True
USR54113,1,19735.44,0,0,0.0,0.0,19735.44,,,False
USR54123,1,22972.13,1,0,1.0,8134.61,22972.13,VERIFIED,False,True
USR54125,1,13406.05,1,0,0.0,0.0,13406.05,VERIFIED,True,True
USR54126,1,15042.7,1,0,0.0,0.0,15042.7,VERIFIED,False,True
USR54128,2,16243.54,2,0,0.0,0.0,8121.77,VERIFIED,False,True
USR54129,1,6075.45,0,0,1.0,0.0,6075.45,,,False
USR54134,1,7831.6,1,0,0.0,0.0,7831.6,,,False
USR54141,1,20774.75,1,0,0.0,0.0,20774.75,,,False
USR54142,1,735.71,1,0,0.0,0.0,735.71,,,False
USR54146,1,20078.11,0,1,0.0,0.0,20078.11,,,False
USR54149,1,18070.95,0,1,0.0,0.0,18070.95,VERIFIED,False,True
USR54150,1,9097.06,1,0,0.0,0.0,9097.06,,,False
USR54151,1,10440.4,1,0,0.0,0.0,10440.4,,,False
USR54166,1,6690.94,1,0,0.0,0.0,6690.94,REJECT,False,True
USR54171,1,24397.09,1,0,0.0,0.0,24397.09,VERIFIED,False,True
USR54181,1,12186.76,1,0,0.0,0.0,12186.76,,,False
USR54186,1,8526.68,1,0,0.0,0.0,8526.68,,,False
USR54188,1,5056.5,0,1,0.0,0.0,5056.5,VERIFIED,False,True
USR54191,1,15503.83,1,0,1.0,0.0,15503.83,,,False
USR54194,1,24455.73,1,0,0.0,0.0,24455.73,KYC_DONE,False,True
USR54199,2,8575.81,2,0,0.0,0.0,4287.905,VERIFIED,False,True
USR54204,1,24985.35,1,0,0.0,0.0,24985.35,,,False
USR54205,1,23905.97,1,0,0.0,0.0,23905.97,,,False
USR54208,1,13796.68,0,1,0.0,0.0,13796.68,,,False
USR54212,2,24473.0,1,1,0.0,0.0,12236.5,,,False
USR54217,1,16449.55,1,0,1.0,1112.83,16449.55,KYC_DONE,False,True
USR54218,1,11593.15,1,0,0.0,0.0,11593.15,KYC_DONE,False,True
USR54220,1,21204.25,1,0,0.0,0.0,21204.25,VERIFIED,True,True
USR54221,2,15237.63,1,1,2.0,6352.67,7618.815,,,False
USR54223,2,27070.6,2,0,0.0,0.0,13535.3,,,False
USR54231,2,26206.86,2,0,0.0,0.0,13103.43,,,False
USR54235,1,14946.08,1,0,0.0,0.0,14946.08,VERIFIED,False,True
USR54239,1,1659.59,1,0,0.0,0.0,1659.59,PENDING,False,True
USR54240,1,23364.25,1,0,0.0,0.0,23364.25,VERIFIED,False,True
USR54241,1,14456.1,0,1,0.0,0.0,14456.1,VERIFIED,False,True
USR54247,1,11034.18,1,0,0.0,0.0,11034.18,,,False
USR54250,1,8605.5,1,0,0.0,0.0,8605.5,VERIFIED,False,True
USR54255,1,22102.91,1,0,0.0,0.0,22102.91,,,False
USR54259,1,3088.57,1,0,0.0,0.0,3088.57,,,False
USR54260,2,19122.629999999997,2,0,0.0,0.0,9561.314999999999,KYC_DONE,False,True
USR54262,2,32599.25,1,1,0.0,0.0,16299.625,VERIFIED,False,True
USR54265,1,24664.37,1,0,0.0,0.0,24664.37,,,False
USR54272,1,5597.66,1,0,0.0,0.0,5597.66,,,False
USR54276,1,13970.47,1,0,1.0,4581.54,13970.47,,,False
USR54286,1,-16244.33,1,0,0.0,0.0,-16244.33,,,False
USR54287,2,24247.309999999998,2,0,0.0,0.0,12123.654999999999,,,False
USR54291,1,19335.36,1,0,0.0,0.0,19335.36,,,False
USR54294,1,15849.98,1,0,1.0,455.72,15849.98,,,False
USR54295,1,7410.9,1,0,0.0,0.0,7410.9,,,False
USR54304,1,16250.1,1,0,0.0,0.0,16250.1,,,False
USR54307,1,1324.15,1,0,0.0,0.0,1324.15,VERIFIED,False,True
USR54310,1,1126.05,1,0,0.0,0.0,1126.05,,,False
USR54321,1,6307.85,1,0,0.0,0.0,6307.85,,,False
USR54323,1,20430.03,1,0,0.0,0.0,20430.03,,,False
USR54336,1,6425.97,1,0,1.0,886.93,6425.97,PENDING,False,True
USR54344,1,9965.0,1,0,0.0,0.0,9965.0,,,False
USR54346,1,2515.03,1,0,0.0,0.0,2515.03,,,False
USR54347,1,14035.0,1,0,0.0,0.0,14035.0,,,False
USR54358,1,18319.82,1,0,0.0,0.0,18319.82,KYC_DONE,True,True
USR54364,1,7634.44,0,0,0.0,0.0,7634.44,,,False
USR54368,1,18969.0,0,0,0.0,0.0,18969.0,,,False
USR54373,1,653.3,1,0,0.0,0.0,653.3,,,False
USR54378,1,13041.28,0,1,1.0,1623.96,13041.28,,,False
USR54383,1,24846.27,1,0,1.0,0.0,24846.27,,,False
USR54388,1,8834.04,1,0,1.0,2582.05,8834.04,,,False
USR54394,1,24323.64,1,0,0.0,0.0,24323.64,KYC_DONE,False,True
USR54397,1,1350.33,1,0,0.0,0.0,1350.33,,,False
USR54401,1,11500.96,0,0,0.0,0.0,11500.96,VERIFIED,False,True
USR54411,1,7173.65,0,0,0.0,0.0,7173.65,PENDING,False,True
USR54413,1,7302.66,1,0,0.0,0.0,7302.66,,,False
USR54417,1,11333.88,1,0,0.0,0.0,11333.88,VERIFIED,False,True
USR54420,1,1273.88,0,0,1.0,2161.57,1273.88,VERIFIED,False,True
USR54427,1,19507.87,1,0,1.0,3265.64,19507.87,VERIFIED,False,True
USR54428,1,14263.95,1,0,1.0,3875.84,14263.95,,,False
USR54429,1,19014.95,1,0,0.0,0.0,19014.95,,,False
USR54433,1,22389.05,1,0,0.0,0.0,22389.05,,,False
USR54444,1,24207.77,1,0,0.0,0.0,24207.77,,,False
USR54448,2,40859.2,1,0,0.0,0.0,20429.6,,,False
USR54490,1,8388.0,1,0,0.0,0.0,8388.0,VERIFIED,True,True
USR54496,1,23195.97,0,1,1.0,314.65,23195.97,,,False
USR54503,1,22667.27,1,0,0.0,0.0,22667.27,,,False
USR54509,1,24446.4,0,1,0.0,0.0,24446.4,,,False
USR54510,1,6201.0,1,0,0.0,0.0,6201.0,,,False
USR54512,1,13754.22,1,0,0.0,0.0,13754.22,,,False
USR54517,1,17672.69,1,0,1.0,258.0,17672.69,VERIFIED,False,True
USR54521,1,20104.69,1,0,0.0,0.0,20104.69,,,False
USR54527,1,14301.09,1,0,0.0,0.0,14301.09,,,False
USR54529,1,24652.6,1,0,0.0,0.0,24652.6,KYC_DONE,True,True
USR54535,1,21350.51,1,0,0.0,0.0,21350.51,,,False
USR54536,1,3384.6,1,0,0.0,0.0,3384.6,,,False
USR54539,1,23301.38,1,0,0.0,0.0,23301.38,VERIFIED,False,True
USR54542,1,2931.28,0,1,1.0,3107.33,2931.28,,,False
USR54544,1,643.52,1,0,0.0,0.0,643.52,,,False
USR54549,1,4404.69,1,0,0.0,0.0,4404.69,,,False
USR54550,1,8087.94,1,0,0.0,0.0,8087.94,,,False
USR54553,1,22243.29,1,0,0.0,0.0,22243.29,,,False
USR54555,4,69477.83,1,3,0.0,0.0,17369.4575,,,False
USR54556,1,24394.71,0,1,0.0,0.0,24394.71,REJECTED,True,True
USR54561,1,12052.87,1,0,0.0,0.0,12052.87,,,False
USR54562,1,11271.08,1,0,0.0,0.0,11271.08,,,False
USR54567,1,24798.99,1,0,0.0,0.0,24798.99,VERIFIED,False,True
USR54573,1,15902.0,1,0,0.0,0.0,15902.0,,,False
USR54582,1,21206.6,1,0,0.0,0.0,21206.6,VERIFIED,False,True
USR54585,1,15933.66,0,1,0.0,0.0,15933.66,KYC_DONE,False,True
USR54588,3,39866.44,2,1,2.0,4601.49,13288.813333333334,,,False
USR54593,1,24924.7,0,1,1.0,385.0,24924.7,,,False
USR54599,1,16987.18,1,0,0.0,0.0,16987.18,,,False
USR54601,2,23954.59,1,1,0.0,0.0,11977.295,,,False
USR54602,1,10655.76,1,0,2.0,1889.29,10655.76,,,False
USR54614,1,21924.2,1,0,0.0,0.0,21924.2,,,False
USR54625,1,14846.71,1,0,1.0,1053.3,14846.71,VERIFIED,False,True
USR54631,1,7809.18,1,0,0.0,0.0,7809.18,,,False
USR54634,1,14323.53,1,0,0.0,0.0,14323.53,,,False
USR54642,1,15158.3,1,0,0.0,0.0,15158.3,VERIFIED,False,True
USR54656,1,16778.61,1,0,0.0,0.0,16778.61,,,False
USR54659,1,-22456.75,1,0,0.0,0.0,-22456.75,,,False
USR54660,1,19469.08,1,0,0.0,0.0,19469.08,,,False
USR54663,1,24831.44,1,0,0.0,0.0,24831.44,,,False
USR54671,1,18194.0,1,0,1.0,1582.19,18194.0,,,False
USR54672,1,8478.66,0,1,0.0,0.0,8478.66,,,False
USR54691,1,668.2,1,0,0.0,0.0,668.2,VERIFIED,False,True
USR54693,1,10178.63,1,0,0.0,0.0,10178.63,,,False
USR54696,1,8984.16,1,0,0.0,0.0,8984.16,KYC_DONE,True,True
USR54708,1,12477.0,1,0,0.0,0.0,12477.0,PENDING,False,True
USR54713,1,105.46,1,0,0.0,0.0,105.46,,,False
USR54714,1,22861.15,1,0,1.0,12462.99,22861.15,VERIFIED,False,True
USR54727,1,21271.81,1,0,0.0,0.0,21271.81,,,False
USR54734,1,24182.0,1,0,1.0,-952.74,24182.0,VERIFIED,True,True
USR54740,1,2219.04,1,0,0.0,0.0,2219.04,,,False
USR54741,1,20786.02,1,0,0.0,0.0,20786.02,VERIFIED,False,True
USR54742,1,2726.0,1,0,0.0,0.0,2726.0,,,False
USR54743,1,12701.47,1,0,0.0,0.0,12701.47,UNDER REVIEW,False,True
USR54744,1,13504.9,1,0,0.0,0.0,13504.9,,,False
USR54747,2,22272.6,1,0,1.0,638.04,11136.3,VERIFIED,False,True
USR54752,1,16906.78,1,0,0.0,0.0,16906.78,,,False
USR54754,1,18242.86,1,0,0.0,0.0,18242.86,,,False
USR54755,1,954.2,1,0,0.0,0.0,954.2,KYC_DONE,True,True
USR54758,1,21768.02,0,0,1.0,2430.89,21768.02,,,False
USR54759,1,15151.36,1,0,0.0,0.0,15151.36,,,False
USR54773,1,-24847.86,1,0,0.0,0.0,-24847.86,VERIFIED,False,True
USR54780,1,20536.5,1,0,1.0,-5720.73,20536.5,VERIFIED,False,True
USR54786,1,8240.54,1,0,0.0,0.0,8240.54,PENDING,False,True
USR54789,1,11768.91,1,0,0.0,0.0,11768.91,,,False
USR54791,1,10934.33,1,0,0.0,0.0,10934.33,VERIFIED,True,True
USR54793,1,20325.7,1,0,0.0,0.0,20325.7,,,False
USR54813,1,23487.63,1,0,0.0,0.0,23487.63,VERIFIED,False,True
USR54820,1,21156.73,0,1,0.0,0.0,21156.73,,,False
USR54827,1,18391.6,1,0,0.0,0.0,18391.6,,,False
USR54829,1,5479.52,0,0,0.0,0.0,5479.52,VERIFIED,True,True
USR54839,2,38271.770000000004,2,0,0.0,0.0,19135.885000000002,,,False
USR54843,1,16198.96,1,0,0.0,0.0,16198.96,UNDER REVIEW,False,True
USR54846,1,22866.0,1,0,0.0,0.0,22866.0,KYC_DONE,False,True
USR54849,1,8753.89,1,0,0.0,0.0,8753.89,VERIFIED,False,True
USR54850,1,5948.56,1,0,0.0,0.0,5948.56,REJECTED,False,True
USR54855,2,24274.420000000002,1,1,0.0,0.0,12137.210000000001,,,False
USR54864,1,24279.06,1,0,0.0,0.0,24279.06,,,False
USR54868,1,16409.14,1,0,0.0,0.0,16409.14,,,False
USR54874,1,9066.22,1,0,0.0,0.0,9066.22,,,False
USR54875,1,8182.56,1,0,0.0,0.0,8182.56,,,False
USR54877,1,9002.02,1,0,0.0,0.0,9002.02,VERIFIED,False,True
USR54880,1,24988.95,1,0,0.0,0.0,24988.95,,,False
USR54883,2,13506.279999999999,1,1,0.0,0.0,6753.139999999999,,,False
USR54884,1,847.98,1,0,0.0,0.0,847.98,,,False
USR54891,1,8128.62,1,0,0.0,0.0,8128.62,,,False
USR54898,1,19112.0,0,1,0.0,0.0,19112.0,,,False
USR54906,1,7161.0,1,0,0.0,0.0,7161.0,,,False
USR54909,1,3923.75,1,0,1.0,843.91,3923.75,KYC_DONE,True,True
USR54917,2,2361.38,2,0,0.0,0.0,1180.69,VERIFIED,False,True
USR54920,1,20904.6,1,0,0.0,0.0,20904.6,VERIFIED,False,True
USR54923,1,14466.53,1,0,0.0,0.0,14466.53,,,False
USR54945,1,18833.38,1,0,0.0,0.0,18833.38,,,False
USR54949,1,22963.85,1,0,0.0,0.0,22963.85,VERIFIED,False,True
USR54950,1,15266.72,1,0,0.0,0.0,15266.72,VERIFIED,False,True
USR54951,2,44399.740000000005,2,0,1.0,1346.0,22199.870000000003,,,False
USR54952,1,5624.19,1,0,0.0,0.0,5624.19,,,False
USR54969,1,7435.76,0,1,1.0,7485.82,7435.76,,,False
USR54972,1,22396.01,1,0,0.0,0.0,22396.01,,,False
USR54978,1,1934.9,1,0,0.0,0.0,1934.9,UNDER REVIEW,False,True
USR54979,1,1934.0,0,1,0.0,0.0,1934.0,,,False
USR54989,1,722.72,1,0,0.0,0.0,722.72,,,False
USR54990,1,2275.65,1,0,0.0,0.0,2275.65,,,False
USR54991,1,10577.48,1,0,0.0,0.0,10577.48,VERIFIED,False,True
USR54993,1,723.0,1,0,0.0,0.0,723.0,,,False
USR54996,1,12936.55,1,0,0.0,0.0,12936.55,,,False
USR55000,1,6945.29,1,0,0.0,0.0,6945.29,REJECTED,False,True
USR55003,1,11083.75,1,0,0.0,0.0,11083.75,,,False
USR55005,1,10234.5,1,0,0.0,0.0,10234.5,,,False
USR55010,1,4652.0,1,0,1.0,17075.88,4652.0,,,False
USR55012,1,10997.14,1,0,0.0,0.0,10997.14,PENDING,False,True
USR55013,1,1784.46,1,0,0.0,0.0,1784.46,,,False
USR55017,1,6339.28,1,0,0.0,0.0,6339.28,,,False
USR55022,1,337.92,1,0,0.0,0.0,337.92,,,False
USR55026,2,30016.57,2,0,0.0,0.0,15008.285,,,False
USR55032,1,1301.2,1,0,0.0,0.0,1301.2,,,False
USR55053,1,9139.83,1,0,0.0,0.0,9139.83,,,False
USR55054,1,12236.91,0,0,0.0,0.0,12236.91,,,False
USR55061,1,14124.83,1,0,0.0,0.0,14124.83,,,False
USR55066,1,2740.51,1,0,0.0,0.0,2740.51,,,False
USR55075,1,20954.5,1,0,0.0,0.0,20954.5,,,False
USR55081,1,1117.3,0,1,0.0,0.0,1117.3,,,False
USR55084,1,7010.55,1,0,0.0,0.0,7010.55,,,False
USR55091,1,17921.49,1,0,0.0,0.0,17921.49,,,False
USR55095,2,30901.73,2,0,0.0,0.0,15450.865,,,False
USR55104,1,23989.24,1,0,0.0,0.0,23989.24,,,False
USR55105,1,12607.34,1,0,0.0,0.0,12607.34,VERIFIED,False,True
USR55109,1,6431.65,1,0,0.0,0.0,6431.65,,,False
USR55114,1,21930.1,1,0,0.0,0.0,21930.1,KYC_DONE,False,True
USR55116,1,9981.0,1,0,1.0,1592.73,9981.0,,,False
USR55118,1,7803.48,0,1,0.0,0.0,7803.48,,,False
USR55121,1,21132.19,1,0,0.0,0.0,21132.19,,,False
USR55123,2,37533.5,1,1,0.0,0.0,18766.75,,,False
USR55129,1,1592.35,1,0,1.0,3230.0,1592.35,,,False
USR55135,1,4514.99,1,0,0.0,0.0,4514.99,KYC_DONE,False,True
USR55140,1,2216.18,1,0,0.0,0.0,2216.18,PENDING,False,True
USR55145,1,20429.0,1,0,0.0,0.0,20429.0,,,False
USR55146,1,24729.71,1,0,0.0,0.0,24729.71,,,False
USR55150,1,22690.32,1,0,0.0,0.0,22690.32,,,False
USR55151,1,12088.12,1,0,0.0,0.0,12088.12,,,False
USR55156,1,647.58,1,0,0.0,0.0,647.58,,,False
USR55160,1,1974.88,1,0,0.0,0.0,1974.88,VERIFIED,False,True
USR55164,1,23320.97,1,0,0.0,0.0,23320.97,PENDING,False,True
USR55167,1,23941.84,1,0,0.0,0.0,23941.84,,,False
USR55169,1,11036.33,1,0,0.0,0.0,11036.33,VERIFIED,False,True
USR55171,1,13481.86,1,0,0.0,0.0,13481.86,VERIFIED,True,True
USR55178,1,24436.18,1,0,0.0,0.0,24436.18,,,False
USR55182,2,38258.9,2,0,0.0,0.0,19129.45,VERIFIED,True,True
USR55185,1,10167.5,1,0,0.0,0.0,10167.5,,,False
USR55187,1,13111.91,1,0,0.0,0.0,13111.91,VERIFIED,True,True
USR55188,1,8440.27,1,0,0.0,0.0,8440.27,,,False
USR55205,1,14915.44,1,0,0.0,0.0,14915.44,,,False
USR55208,1,359.4,1,0,1.0,268.44,359.4,,,False
USR55212,1,24654.65,0,1,0.0,0.0,24654.65,,,False
USR55215,1,13554.96,1,0,0.0,0.0,13554.96,,,False
USR55217,1,22469.0,1,0,1.0,2120.67,22469.0,,,False
USR55220,1,9667.7,1,0,1.0,3352.04,9667.7,VERIFIED,False,True
USR55231,1,3090.86,1,0,0.0,0.0,3090.86,VERIFIED,False,True
USR55239,1,49.11,1,0,0.0,0.0,49.11,,,False
USR55241,1,1816.43,1,0,0.0,0.0,1816.43,,,False
USR55243,1,22911.35,1,0,0.0,0.0,22911.35,VERIFIED,False,True
USR55251,1,20169.63,1,0,1.0,3386.1,20169.63,,,False
USR55252,1,1436.0,1,0,0.0,0.0,1436.0,,,False
USR55254,1,6995.4,1,0,1.0,3167.22,6995.4,,,False
USR55259,1,3418.0,1,0,0.0,0.0,3418.0,,,False
USR55264,1,10533.76,0,1,0.0,0.0,10533.76,,,False
USR55265,2,16687.04,1,1,0.0,0.0,8343.52,,,False
USR55266,1,18721.85,1,0,0.0,0.0,18721.85,VERIFIED,False,True
USR55269,1,13378.82,1,0,0.0,0.0,13378.82,,,False
USR55270,1,2096.68,0,1,0.0,0.0,2096.68,,,False
USR55275,1,1945.0,1,0,1.0,575.09,1945.0,VERIFIED,False,True
USR55314,1,1976.68,1,0,0.0,0.0,1976.68,VERIFIED,False,True
USR55323,1,23575.14,0,1,0.0,0.0,23575.14,,,False
USR55332,1,7610.84,1,0,0.0,0.0,7610.84,,,False
USR55344,1,2344.86,1,0,0.0,0.0,2344.86,VERIFIED,False,True
USR55364,2,20656.239999999998,2,0,0.0,0.0,10328.119999999999,,,False
USR55365,1,16209.0,1,0,0.0,0.0,16209.0,,,False
USR55379,1,14408.87,1,0,0.0,0.0,14408.87,VERIFIED,False,True
USR55382,1,22217.59,1,0,0.0,0.0,22217.59,,,False
USR55384,1,4813.88,1,0,0.0,0.0,4813.88,VERIFIED,False,True
USR55387,1,21366.64,1,0,0.0,0.0,21366.64,,,False
USR55388,1,21413.68,1,0,0.0,0.0,21413.68,,,False
USR55392,1,24649.18,1,0,0.0,0.0,24649.18,,,False
USR55398,1,16796.0,1,0,0.0,0.0,16796.0,REJECTED,False,True
USR55417,1,651.0,1,0,0.0,0.0,651.0,VERIFIED,False,True
USR55431,1,4790.32,1,0,0.0,0.0,4790.32,,,False
USR55436,2,27679.57,0,2,0.0,0.0,13839.785,PENDING,True,True
USR55444,1,15246.24,1,0,0.0,0.0,15246.24,,,False
USR55453,1,14044.25,1,0,0.0,0.0,14044.25,KYC_DONE,False,True
USR55454,1,10400.0,1,0,0.0,0.0,10400.0,,,False
USR55458,1,10880.95,1,0,0.0,0.0,10880.95,,,False
USR55462,1,9702.25,1,0,0.0,0.0,9702.25,REJECTED,True,True
USR55463,1,1806.77,1,0,0.0,0.0,1806.77,,,False
USR55464,1,13288.55,1,0,0.0,0.0,13288.55,,,False
USR55467,1,19823.07,1,0,0.0,0.0,19823.07,,,False
USR55471,1,12241.42,1,0,1.0,2025.66,12241.42,,,False
USR55472,1,7340.9,1,0,1.0,0.0,7340.9,PENDING,False,True
USR55476,1,21109.9,1,0,0.0,0.0,21109.9,,,False
USR55478,1,4332.51,1,0,0.0,0.0,4332.51,VERIFIED,False,True
USR55485,3,52133.72,2,1,0.0,0.0,17377.906666666666,,,False
USR55496,1,7593.93,1,0,0.0,0.0,7593.93,,,False
USR55521,1,23069.7,1,0,0.0,0.0,23069.7,,,False
USR55523,1,3243.78,1,0,0.0,0.0,3243.78,,,False
USR55530,1,18732.94,1,0,0.0,0.0,18732.94,,,False
USR55533,1,7403.0,1,0,0.0,0.0,7403.0,,,False
USR55539,1,10305.0,1,0,1.0,10277.41,10305.0,KYC_DONE,False,True
USR55545,1,10031.24,1,0,0.0,0.0,10031.24,,,False
USR55555,1,18433.32,1,0,0.0,0.0,18433.32,,,False
USR55561,1,17225.24,1,0,0.0,0.0,17225.24,,,False
USR55563,1,5689.47,1,0,0.0,0.0,5689.47,VERIFIED,True,True
USR55564,1,1208.71,1,0,0.0,0.0,1208.71,,,False
USR55573,1,8724.08,1,0,0.0,0.0,8724.08,,,False
USR55579,1,8636.0,0,1,0.0,0.0,8636.0,VERIFIED,False,True
USR55583,1,12529.91,1,0,0.0,0.0,12529.91,,,False
USR55591,1,63.5,1,0,0.0,0.0,63.5,,,False
USR55592,1,24146.15,0,0,0.0,0.0,24146.15,,,False
USR55594,1,19236.78,1,0,1.0,4193.52,19236.78,VERIFIED,False,True
USR55595,1,24175.73,1,0,0.0,0.0,24175.73,PENDING,False,True
USR55597,1,7228.39,1,0,0.0,0.0,7228.39,,,False
USR55605,1,24829.16,1,0,0.0,0.0,24829.16,,,False
USR55611,1,2904.71,1,0,1.0,1779.0,2904.71,VERIFIED,True,True
USR55617,1,10741.9,1,0,0.0,0.0,10741.9,,,False
USR55620,1,15748.95,1,0,0.0,0.0,15748.95,,,False
USR55621,1,5341.53,0,1,0.0,0.0,5341.53,,,False
USR55640,1,17004.35,1,0,1.0,3107.14,17004.35,VERIFIED,False,True
USR55643,1,20824.91,1,0,0.0,0.0,20824.91,VERIFIED,False,True
USR55645,1,7188.57,1,0,0.0,0.0,7188.57,VERIFIED,True,True
USR55654,1,23689.65,1,0,1.0,3608.0,23689.65,,,False
USR55657,1,21051.54,1,0,0.0,0.0,21051.54,,,False
USR55659,1,23975.62,1,0,0.0,0.0,23975.62,VERIFIED,False,True
USR55678,1,597.33,1,0,0.0,0.0,597.33,,,False
USR55680,1,634.04,1,0,0.0,0.0,634.04,REJECTED,False,True
USR55681,1,-9945.88,1,0,0.0,0.0,-9945.88,,,False
USR55682,1,14364.97,1,0,0.0,0.0,14364.97,KYC_DONE,False,True
USR55683,1,15384.33,1,0,0.0,0.0,15384.33,,,False
USR55686,1,15343.47,1,0,1.0,1300.73,15343.47,,,False
USR55687,1,15601.44,0,1,0.0,0.0,15601.44,PENDING,False,True
USR55698,1,-4574.15,1,0,0.0,0.0,-4574.15,,,False
USR55700,1,18330.49,1,0,0.0,0.0,18330.49,KYC_DONE,False,True
USR55702,3,48040.71,2,0,1.0,0.0,16013.57,,,False
USR55716,1,20337.25,1,0,0.0,0.0,20337.25,KYC_DONE,False,True
USR55717,1,17046.58,1,0,0.0,0.0,17046.58,VERIFIED,False,True
USR55720,1,13171.97,1,0,1.0,1107.61,13171.97,VERIFIED,False,True
USR55724,1,4635.87,1,0,0.0,0.0,4635.87,VERIFIED,False,True
USR55725,1,24294.83,1,0,0.0,0.0,24294.83,,,False
USR55735,1,3879.52,1,0,1.0,5834.0,3879.52,VERIFIED,False,True
USR55738,1,23014.19,0,1,0.0,0.0,23014.19,KYC_DONE,False,True
USR55739,1,20687.87,1,0,0.0,0.0,20687.87,VERIFIED,False,True
USR55751,1,16598.1,1,0,0.0,0.0,16598.1,,,False
USR55757,1,9509.95,1,0,0.0,0.0,9509.95,,,False
USR55758,1,17203.0,1,0,0.0,0.0,17203.0,,,False
USR55778,1,5309.0,1,0,0.0,0.0,5309.0,VERIFIED,False,True
USR55782,1,6068.0,1,0,0.0,0.0,6068.0,,,False
USR55783,1,4471.21,1,0,0.0,0.0,4471.21,,,False
USR55785,1,23594.92,0,0,0.0,0.0,23594.92,KYC_DONE,True,True
USR55787,1,18225.26,1,0,0.0,0.0,18225.26,,,False
USR55791,1,16230.8,0,1,0.0,0.0,16230.8,,,False
USR55794,1,10573.99,1,0,0.0,0.0,10573.99,VERIFIED,False,True
USR55817,1,20871.61,0,1,0.0,0.0,20871.61,VERIFIED,False,True
USR55820,1,9301.31,1,0,0.0,0.0,9301.31,,,False
USR55824,1,3380.52,1,0,0.0,0.0,3380.52,,,False
USR55829,1,8186.18,1,0,0.0,0.0,8186.18,,,False
USR55838,1,4371.9,0,0,0.0,0.0,4371.9,,,False
USR55844,1,6239.89,1,0,0.0,0.0,6239.89,VERIFIED,False,True
USR55848,1,5834.0,1,0,0.0,0.0,5834.0,VERIFIED,False,True
USR55857,1,13875.51,1,0,0.0,0.0,13875.51,,,False
USR55862,1,22740.13,1,0,1.0,237.88,22740.13,,,False
USR55867,1,886.0,1,0,0.0,0.0,886.0,KYC_DONE,False,True
USR55871,1,8961.89,1,0,0.0,0.0,8961.89,,,False
USR55876,1,12381.45,1,0,0.0,0.0,12381.45,,,False
USR55886,1,22043.91,1,0,0.0,0.0,22043.91,VERIFIED,False,True
USR55887,1,8160.48,1,0,0.0,0.0,8160.48,,,False
USR55890,1,2355.49,0,1,0.0,0.0,2355.49,REJECTED,True,True
USR55911,1,11431.06,1,0,0.0,0.0,11431.06,,,False
USR55921,1,4290.12,1,0,0.0,0.0,4290.12,,,False
USR55922,1,8908.68,1,0,0.0,0.0,8908.68,,,False
USR55926,1,1013.08,1,0,0.0,0.0,1013.08,PENDING,False,True
USR55928,1,21571.3,1,0,0.0,0.0,21571.3,,,False
USR55935,1,18230.29,1,0,0.0,0.0,18230.29,,,False
USR55947,1,5840.99,1,0,0.0,0.0,5840.99,,,False
USR55953,1,6037.62,1,0,0.0,0.0,6037.62,,,False
USR55954,1,21791.7,1,0,0.0,0.0,21791.7,,,False
USR55964,1,7781.45,1,0,0.0,0.0,7781.45,VERIFIED,True,True
USR55971,1,1262.17,1,0,0.0,0.0,1262.17,,,False
USR55974,1,6746.0,1,0,0.0,0.0,6746.0,,,False
USR55979,1,18104.67,1,0,0.0,0.0,18104.67,,,False
USR55986,1,3961.73,1,0,0.0,0.0,3961.73,,,False
USR55995,1,23020.96,1,0,0.0,0.0,23020.96,VERIFIED,True,True
USR56011,1,2705.53,1,0,0.0,0.0,2705.53,KYC_DONE,False,True
USR56013,1,6496.82,0,1,0.0,0.0,6496.82,PENDING,False,True
USR56014,1,19272.65,0,1,0.0,0.0,19272.65,,,False
USR56017,1,8949.34,1,0,0.0,0.0,8949.34,,,False
USR56023,1,16421.67,1,0,0.0,0.0,16421.67,VERIFIED,False,True
USR56027,1,15742.68,1,0,0.0,0.0,15742.68,,,False
USR56029,1,24157.24,1,0,0.0,0.0,24157.24,,,False
USR56032,1,2967.0,1,0,0.0,0.0,2967.0,,,False
USR56040,1,13219.32,1,0,0.0,0.0,13219.32,,,False
USR56056,1,2734.25,1,0,0.0,0.0,2734.25,VERIFIED,False,True
USR56059,1,11453.16,1,0,0.0,0.0,11453.16,,,False
USR56062,1,20423.78,1,0,0.0,0.0,20423.78,,,False
USR56071,1,16552.6,1,0,0.0,0.0,16552.6,VERIFIED,False,True
USR56078,1,6631.87,1,0,0.0,0.0,6631.87,,,False
USR56088,1,6463.53,1,0,0.0,0.0,6463.53,,,False
USR56094,1,14073.62,0,1,0.0,0.0,14073.62,,,False
USR56097,1,3209.34,1,0,0.0,0.0,3209.34,,,False
USR56106,1,16360.77,0,1,0.0,0.0,16360.77,,,False
USR56110,1,830.31,0,1,1.0,7413.72,830.31,,,False
USR56111,1,3276.45,1,0,1.0,-3084.74,3276.45,REJECTED,False,True
USR56123,1,9579.0,1,0,0.0,0.0,9579.0,,,False
USR56128,1,24888.05,0,0,0.0,0.0,24888.05,,,False
USR56129,1,21137.03,1,0,1.0,1964.0,21137.03,,,False
USR56133,1,1547.03,1,0,0.0,0.0,1547.03,,,False
USR56140,1,5166.0,1,0,0.0,0.0,5166.0,VERIFIED,False,True
USR56145,1,1800.55,1,0,0.0,0.0,1800.55,,,False
USR56169,1,13051.89,1,0,0.0,0.0,13051.89,REJECTED,False,True
USR56171,1,19897.86,1,0,0.0,0.0,19897.86,,,False
USR56173,1,22367.74,1,0,0.0,0.0,22367.74,VERIFIED,True,True
USR56182,1,6169.0,1,0,0.0,0.0,6169.0,,,False
USR56186,1,11500.41,1,0,0.0,0.0,11500.41,,,False
USR56189,1,19399.67,1,0,0.0,0.0,19399.67,VERIFIED,True,True
USR56191,2,9708.46,2,0,0.0,0.0,4854.23,,,False
USR56194,1,9505.2,1,0,1.0,896.23,9505.2,,,False
USR56200,2,825.62,2,0,0.0,0.0,412.81,,,False
USR56205,1,16349.21,1,0,0.0,0.0,16349.21,,,False
USR56212,1,4410.47,1,0,0.0,0.0,4410.47,,,False
USR56215,1,18893.0,1,0,1.0,609.57,18893.0,,,False
USR56219,1,644.03,1,0,0.0,0.0,644.03,KYC_DONE,False,True
USR56224,1,4111.22,1,0,0.0,0.0,4111.22,,,False
USR56234,2,23854.46,1,0,0.0,0.0,11927.23,,,False
USR56254,1,11850.51,1,0,0.0,0.0,11850.51,,,False
USR56255,1,9715.95,1,0,0.0,0.0,9715.95,VERIFIED,False,True
USR56260,1,22562.31,1,0,0.0,0.0,22562.31,,,False
USR56268,1,18060.56,1,0,0.0,0.0,18060.56,VERIFIED,False,True
USR56271,1,14775.75,1,0,0.0,0.0,14775.75,REJECTED,False,True
USR56281,1,17970.0,0,1,0.0,0.0,17970.0,,,False
USR56284,1,1257.56,1,0,0.0,0.0,1257.56,VERIFIED,False,True
USR56291,2,13658.79,1,1,1.0,0.0,6829.395,,,False
USR56298,1,18885.92,0,0,1.0,0.0,18885.92,,,False
USR56299,2,16615.85,2,0,0.0,0.0,8307.925,VERIFIED,False,True
USR56303,1,16898.81,1,0,0.0,0.0,16898.81,,,False
USR56310,1,22228.52,0,1,1.0,2509.27,22228.52,KYC_DONE,False,True
USR56312,1,9657.41,1,0,0.0,0.0,9657.41,,,False
USR56316,1,24016.07,1,0,0.0,0.0,24016.07,,,False
USR56340,1,2620.32,0,0,0.0,0.0,2620.32,,,False
USR56345,1,7876.87,1,0,0.0,0.0,7876.87,,,False
USR56348,1,17410.26,1,0,0.0,0.0,17410.26,,,False
USR56351,1,10793.39,1,0,0.0,0.0,10793.39,KYC_DONE,False,True
USR56363,1,20711.17,1,0,0.0,0.0,20711.17,,,False
USR56365,1,17386.02,1,0,0.0,0.0,17386.02,VERIFIED,False,True
USR56369,1,6131.03,1,0,2.0,2613.46,6131.03,,,False
USR56373,1,22378.99,1,0,0.0,0.0,22378.99,KYC_DONE,False,True
USR56377,1,24556.79,1,0,0.0,0.0,24556.79,VERIFIED,False,True
USR56381,2,40171.15,2,0,0.0,0.0,20085.575,,,False
USR56386,2,32852.91,2,0,0.0,0.0,16426.455,,,False
USR56390,1,24276.75,1,0,0.0,0.0,24276.75,,,False
USR56391,4,46190.91,2,2,1.0,2467.08,11547.7275,,,False
USR56397,1,12708.85,1,0,0.0,0.0,12708.85,VERIFIED,False,True
USR56401,1,7069.65,1,0,0.0,0.0,7069.65,KYC_DONE,True,True
USR56404,1,14131.0,0,0,0.0,0.0,14131.0,,,False
USR56405,1,19014.01,1,0,1.0,4608.17,19014.01,VERIFIED,True,True
USR56418,1,24236.89,1,0,0.0,0.0,24236.89,,,False
USR56428,1,8449.39,0,1,1.0,648.33,8449.39,,,False
USR56437,1,15864.65,1,0,1.0,7884.27,15864.65,PENDING,False,True
USR56440,1,7984.19,1,0,0.0,0.0,7984.19,VERIFIED,False,True
USR56445,1,18346.06,1,0,0.0,0.0,18346.06,,,False
USR56448,1,12688.51,1,0,0.0,0.0,12688.51,VERIFIED,False,True
USR56453,1,11544.32,1,0,0.0,0.0,11544.32,,,False
USR56463,1,21900.0,1,0,0.0,0.0,21900.0,,,False
USR56472,1,2409.32,1,0,0.0,0.0,2409.32,KYC_DONE,False,True
USR56479,1,13345.09,1,0,0.0,0.0,13345.09,PENDING,True,True
USR56481,1,888.67,0,1,0.0,0.0,888.67,,,False
USR56483,1,21542.01,1,0,0.0,0.0,21542.01,,,False
USR56484,1,11290.16,1,0,0.0,0.0,11290.16,VERIFIED,False,True
USR56488,2,3274.6000000000004,2,0,0.0,0.0,1637.3000000000002,,,False
USR56490,1,13801.48,1,0,0.0,0.0,13801.48,VERIFIED,False,True
USR56492,1,20112.89,1,0,0.0,0.0,20112.89,,,False
USR56500,1,1134.47,1,0,0.0,0.0,1134.47,VERIFIED,True,True
USR56501,1,12283.61,1,0,0.0,0.0,12283.61,PENDING,True,True
USR56512,1,351.8,1,0,0.0,0.0,351.8,,,False
USR56524,1,22647.46,1,0,1.0,9012.82,22647.46,,,False
USR56525,1,20186.2,1,0,0.0,0.0,20186.2,,,False
USR56538,1,21459.49,1,0,0.0,0.0,21459.49,,,False
USR56539,1,18523.03,1,0,1.0,0.0,18523.03,,,False
USR56540,1,22740.79,1,0,0.0,0.0,22740.79,VERIFIED,False,True
USR56550,1,12974.58,1,0,0.0,0.0,12974.58,KYC_DONE,False,True
USR56551,1,10856.0,1,0,0.0,0.0,10856.0,UNDER REVIEW,False,True
USR56567,1,3270.09,1,0,0.0,0.0,3270.09,,,False
USR56574,1,15583.08,1,0,0.0,0.0,15583.08,,,False
USR56575,2,39448.22,2,0,0.0,0.0,19724.11,UNDER REVIEW,False,True
USR56585,1,18552.02,1,0,0.0,0.0,18552.02,,,False
USR56605,1,1549.58,1,0,0.0,0.0,1549.58,VERIFIED,False,True
USR56626,1,11841.21,1,0,0.0,0.0,11841.21,,,False
USR56631,1,15388.86,1,0,0.0,0.0,15388.86,,,False
USR56634,1,20489.0,1,0,0.0,0.0,20489.0,VERIFIED,False,True
USR56640,1,23820.97,1,0,0.0,0.0,23820.97,VERIFIED,False,True
USR56643,1,14143.28,0,1,0.0,0.0,14143.28,,,False
USR56647,1,23859.11,1,0,0.0,0.0,23859.11,PENDING,False,True
USR56648,1,19060.35,1,0,0.0,0.0,19060.35,,,False
USR56654,1,23848.11,1,0,0.0,0.0,23848.11,,,False
USR56658,1,6656.9,0,0,0.0,0.0,6656.9,VERIFIED,False,True
USR56663,1,101.13,1,0,0.0,0.0,101.13,,,False
USR56665,1,3453.26,1,0,0.0,0.0,3453.26,,,False
USR56668,1,16043.08,0,0,1.0,673.49,16043.08,,,False
USR56674,1,6510.3,1,0,0.0,0.0,6510.3,KYC_DONE,True,True
USR56683,2,13227.669999999998,2,0,1.0,0.0,6613.834999999999,,,False
USR56689,1,9535.56,0,1,0.0,0.0,9535.56,,,False
USR56692,1,5286.84,1,0,0.0,0.0,5286.84,,,False
USR56693,1,21470.19,1,0,0.0,0.0,21470.19,,,False
USR56694,1,15959.42,1,0,0.0,0.0,15959.42,,,False
USR56695,1,12616.35,0,1,0.0,0.0,12616.35,,,False
USR56696,1,10282.07,0,0,0.0,0.0,10282.07,KYC_DONE,False,True
USR56698,1,21827.16,1,0,1.0,708.0,21827.16,,,False
USR56704,1,18403.99,1,0,0.0,0.0,18403.99,,,False
USR56708,1,19369.17,1,0,0.0,0.0,19369.17,,,False
USR56714,1,15009.06,1,0,0.0,0.0,15009.06,,,False
USR56727,1,12560.0,1,0,0.0,0.0,12560.0,,,False
USR56728,1,2648.34,0,0,0.0,0.0,2648.34,,,False
USR56732,1,24142.57,1,0,0.0,0.0,24142.57,,,False
USR56741,1,12292.37,1,0,0.0,0.0,12292.37,,,False
USR56743,1,22756.44,1,0,0.0,0.0,22756.44,VERIFIED,True,True
USR56748,1,3202.0,1,0,0.0,0.0,3202.0,,,False
USR56752,1,1451.0,0,0,0.0,0.0,1451.0,KYC_DONE,False,True
USR56753,1,7634.68,1,0,0.0,0.0,7634.68,,,False
USR56758,1,17748.58,1,0,0.0,0.0,17748.58,,,False
USR56770,1,13174.8,1,0,0.0,0.0,13174.8,,,False
USR56777,3,16939.72,2,1,0.0,0.0,5646.573333333334,,,False
USR56779,1,309.96,1,0,0.0,0.0,309.96,,,False
USR56781,1,16488.38,1,0,0.0,0.0,16488.38,VERIFIED,False,True
USR56784,1,19703.0,1,0,0.0,0.0,19703.0,,,False
USR56801,2,21642.989999999998,2,0,2.0,6303.570000000001,10821.494999999999,,,False
USR56802,1,10990.73,1,0,0.0,0.0,10990.73,VERIFIED,False,True
USR56803,1,17624.73,0,1,0.0,0.0,17624.73,,,False
USR56807,1,12532.98,1,0,1.0,4915.0,12532.98,VERIFIED,False,True
USR56813,1,21559.01,1,0,0.0,0.0,21559.01,,,False
USR56824,1,2111.83,1,0,0.0,0.0,2111.83,,,False
USR56825,1,18880.79,0,1,0.0,0.0,18880.79,,,False
USR56826,1,11632.57,1,0,0.0,0.0,11632.57,,,False
USR56829,1,17982.11,1,0,0.0,0.0,17982.11,VERIFIED,False,True
USR56835,1,8529.0,1,0,0.0,0.0,8529.0,KYC_DONE,True,True
USR56837,1,5511.03,1,0,0.0,0.0,5511.03,KYC_DONE,False,True
USR56838,1,3171.0,0,1,0.0,0.0,3171.0,VERIFIED,True,True
USR56840,1,14258.98,1,0,1.0,0.0,14258.98,,,False
USR56846,1,17894.0,1,0,0.0,0.0,17894.0,VERIFIED,False,True
USR56849,1,7453.21,0,0,1.0,1379.0,7453.21,,,False
USR56855,2,29722.760000000002,1,1,0.0,0.0,14861.380000000001,,,False
USR56860,2,22464.08,2,0,0.0,0.0,11232.04,,,False
USR56862,1,4423.82,1,0,0.0,0.0,4423.82,,,False
USR56871,1,18778.31,1,0,0.0,0.0,18778.31,,,False
USR56876,1,4924.37,1,0,0.0,0.0,4924.37,VERIFIED,False,True
USR56886,1,15661.26,1,0,0.0,0.0,15661.26,VERIFIED,False,True
USR56890,1,6997.24,1,0,1.0,3333.48,6997.24,,,False
USR56891,1,22955.65,1,0,0.0,0.0,22955.65,,,False
USR56907,1,20275.27,1,0,0.0,0.0,20275.27,,,False
USR56912,1,8775.32,1,0,0.0,0.0,8775.32,,,False
USR56919,2,16713.72,0,1,0.0,0.0,8356.86,VERIFIED,True,True
USR56924,2,23033.85,1,0,0.0,0.0,11516.925,,,False
USR56934,1,24440.61,1,0,0.0,0.0,24440.61,,,False
USR56936,1,10950.05,1,0,0.0,0.0,10950.05,,,False
USR56937,1,17008.53,1,0,0.0,0.0,17008.53,,,False
USR56938,1,21178.05,1,0,1.0,2881.81,21178.05,VERIFIED,True,True
USR56941,1,3370.08,1,0,0.0,0.0,3370.08,,,False
USR56944,1,17882.15,1,0,0.0,0.0,17882.15,VERIFIED,False,True
USR56962,1,3026.0,1,0,0.0,0.0,3026.0,,,False
USR56965,1,11462.93,1,0,0.0,0.0,11462.93,VERIFIED,False,True
USR56969,1,22156.03,1,0,0.0,0.0,22156.03,VERIFIED,False,True
USR56971,1,23853.75,1,0,0.0,0.0,23853.75,,,False
USR56974,1,17377.6,1,0,1.0,1190.0,17377.6,,,False
USR56985,1,14036.28,1,0,0.0,0.0,14036.28,PENDING,False,True
USR56988,1,14890.43,1,0,0.0,0.0,14890.43,KYC_DONE,True,True
USR56990,2,20099.18,1,0,1.0,388.91,10049.59,,,False
USR56998,1,-11104.18,0,1,0.0,0.0,-11104.18,VERIFIED,False,True
USR57000,1,3809.0,1,0,0.0,0.0,3809.0,VERIFIED,False,True
USR57011,1,10487.6,1,0,0.0,0.0,10487.6,KYC_DONE,False,True
USR57014,1,10467.0,0,1,1.0,-3121.8,10467.0,,,False
USR57018,1,24654.56,0,1,0.0,0.0,24654.56,,,False
USR57022,1,19612.29,1,0,0.0,0.0,19612.29,VERIFIED,True,True
USR57027,1,5676.97,1,0,0.0,0.0,5676.97,,,False
USR57033,1,12651.62,1,0,0.0,0.0,12651.62,VERIFIED,False,True
USR57039,1,6053.89,1,0,0.0,0.0,6053.89,,,False
USR57040,1,1147.0,1,0,0.0,0.0,1147.0,,,False
USR57046,1,13415.37,1,0,0.0,0.0,13415.37,VERIFIED,False,True
USR57052,1,15172.62,1,0,0.0,0.0,15172.62,,,False
USR57056,1,12081.83,0,1,0.0,0.0,12081.83,,,False
USR57066,1,20529.88,1,0,0.0,0.0,20529.88,,,False
USR57073,1,4991.76,1,0,0.0,0.0,4991.76,,,False
USR57077,2,23627.0,2,0,0.0,0.0,11813.5,,,False
USR57078,1,1148.86,1,0,0.0,0.0,1148.86,,,False
USR57091,2,7021.37,2,0,0.0,0.0,3510.685,,,False
USR57092,1,12337.41,1,0,1.0,898.0,12337.41,,,False
USR57105,1,24796.94,0,1,0.0,0.0,24796.94,,,False
USR57115,1,4961.29,1,0,0.0,0.0,4961.29,,,False
USR57123,1,15889.0,1,0,0.0,0.0,15889.0,,,False
USR57154,1,8329.0,1,0,0.0,0.0,8329.0,,,False
USR57167,1,24667.0,1,0,0.0,0.0,24667.0,,,False
USR57170,1,24638.66,1,0,0.0,0.0,24638.66,,,False
USR57173,1,2106.0,1,0,1.0,2136.49,2106.0,KYC_DONE,True,True
USR57178,1,3971.82,0,0,0.0,0.0,3971.82,,,False
USR57199,1,5240.0,1,0,0.0,0.0,5240.0,,,False
USR57203,1,2871.0,0,0,0.0,0.0,2871.0,,,False
USR57227,2,15224.369999999999,2,0,0.0,0.0,7612.1849999999995,,,False
USR57229,1,3579.62,0,1,0.0,0.0,3579.62,VERIFIED,False,True
USR57232,1,4178.02,1,0,0.0,0.0,4178.02,,,False
USR57237,2,13464.19,1,0,1.0,1404.87,6732.095,VERIFIED,False,True
USR57250,3,32931.6,2,1,1.0,14177.27,10977.199999999999,,,False
USR57254,1,6640.01,1,0,0.0,0.0,6640.01,VERIFIED,False,True
USR57257,1,8410.63,1,0,0.0,0.0,8410.63,,,False
USR57259,1,19339.3,0,1,0.0,0.0,19339.3,,,False
USR57263,1,17476.2,1,0,0.0,0.0,17476.2,KYC_DONE,False,True
USR57277,1,17376.83,1,0,0.0,0.0,17376.83,,,False
USR57279,1,4043.81,1,0,1.0,1533.39,4043.81,VERIFIED,True,True
USR57281,1,20767.26,1,0,0.0,0.0,20767.26,UNDER REVIEW,False,True
USR57308,1,10845.23,1,0,0.0,0.0,10845.23,VERIFIED,False,True
USR57315,1,24709.38,1,0,0.0,0.0,24709.38,REJECTED,False,True
USR57317,1,6890.87,1,0,0.0,0.0,6890.87,,,False
USR57324,1,1232.31,1,0,0.0,0.0,1232.31,VERIFIED,False,True
USR57332,1,12100.0,1,0,0.0,0.0,12100.0,VERIFIED,False,True
USR57333,1,21652.23,1,0,0.0,0.0,21652.23,REJECTED,False,True
USR57340,1,7840.06,1,0,0.0,0.0,7840.06,,,False
USR57342,1,11988.34,1,0,0.0,0.0,11988.34,PENDING,True,True
USR57344,1,20596.81,1,0,0.0,0.0,20596.81,,,False
USR57347,1,14506.35,1,0,0.0,0.0,14506.35,,,False
USR57357,1,23826.63,1,0,1.0,7638.7,23826.63,,,False
USR57358,1,15768.41,1,0,0.0,0.0,15768.41,VERIFIED,False,True
USR57359,1,19003.27,1,0,0.0,0.0,19003.27,REJECTED,False,True
USR57360,1,17279.48,1,0,0.0,0.0,17279.48,,,False
USR57362,1,4271.55,1,0,0.0,0.0,4271.55,KYC_DONE,True,True
USR57373,1,21995.01,1,0,0.0,0.0,21995.01,VERIFIED,True,True
USR57377,1,23989.82,1,0,0.0,0.0,23989.82,VERIFIED,False,True
USR57378,1,687.4,1,0,0.0,0.0,687.4,,,False
USR57379,1,7339.78,1,0,1.0,2072.0,7339.78,,,False
USR57380,1,9689.19,1,0,0.0,0.0,9689.19,VERIFIED,False,True
USR57383,1,22856.08,1,0,0.0,0.0,22856.08,,,False
USR57386,1,4287.91,1,0,0.0,0.0,4287.91,,,False
USR57396,1,10714.29,1,0,0.0,0.0,10714.29,VERIFIED,False,True
USR57398,1,16532.25,1,0,0.0,0.0,16532.25,,,False
USR57399,1,221.2,0,1,1.0,1860.61,221.2,,,False
USR57402,1,5501.56,1,0,0.0,0.0,5501.56,,,False
USR57403,1,22362.69,1,0,0.0,0.0,22362.69,,,False
USR57404,1,16693.37,1,0,0.0,0.0,16693.37,VERIFIED,False,True
USR57405,1,24947.47,0,1,0.0,0.0,24947.47,PENDING,False,True
USR57411,1,12084.69,1,0,1.0,3616.02,12084.69,REJECTED,False,True
USR57422,2,35645.39,2,0,1.0,372.51,17822.695,,,False
USR57423,2,9619.75,2,0,0.0,0.0,4809.875,PENDING,True,True
USR57424,1,17454.78,1,0,0.0,0.0,17454.78,,,False
USR57427,1,19601.18,1,0,0.0,0.0,19601.18,VERIFIED,False,True
USR57433,1,12699.35,1,0,1.0,-700.6,12699.35,,,False
USR57444,1,10728.94,1,0,0.0,0.0,10728.94,,,False
USR57449,1,18146.71,1,0,0.0,0.0,18146.71,,,False
USR57451,1,9794.51,1,0,0.0,0.0,9794.51,,,False
USR57454,1,4291.4,1,0,0.0,0.0,4291.4,,,False
USR57474,1,20239.81,1,0,0.0,0.0,20239.81,,,False
USR57484,2,26928.309999999998,2,0,1.0,-545.34,13464.154999999999,,,False
USR57495,1,9745.99,1,0,1.0,5661.32,9745.99,,,False
USR57498,1,12313.21,1,0,0.0,0.0,12313.21,,,False
USR57502,1,16342.48,1,0,2.0,30866.46,16342.48,,,False
USR57506,1,21477.37,1,0,0.0,0.0,21477.37,VERIFIED,False,True
USR57517,1,10480.05,1,0,0.0,0.0,10480.05,UNDER REVIEW,False,True
USR57520,1,2425.94,1,0,0.0,0.0,2425.94,,,False
USR57523,2,14062.33,2,0,1.0,1568.41,7031.165,,,False
USR57534,1,22452.0,1,0,1.0,9039.58,22452.0,,,False
USR57542,1,6302.46,1,0,0.0,0.0,6302.46,VERIFIED,False,True
USR57543,1,14699.01,1,0,0.0,0.0,14699.01,,,False
USR57546,1,10051.0,1,0,0.0,0.0,10051.0,VERIFIED,False,True
USR57571,1,14515.89,1,0,0.0,0.0,14515.89,PENDING,False,True
USR57578,1,533.14,1,0,0.0,0.0,533.14,,,False
USR57581,2,35484.28,1,0,0.0,0.0,17742.14,VERIFIED,False,True
USR57602,1,15701.23,0,1,0.0,0.0,15701.23,,,False
USR57603,2,25309.64,2,0,0.0,0.0,12654.82,,,False
USR57614,1,23738.94,1,0,0.0,0.0,23738.94,,,False
USR57616,1,1028.92,1,0,0.0,0.0,1028.92,,,False
USR57618,1,5671.58,1,0,0.0,0.0,5671.58,VERIFIED,True,True
USR57623,1,11491.37,1,0,0.0,0.0,11491.37,,,False
USR57626,1,5105.12,1,0,1.0,637.61,5105.12,VERIFIED,False,True
USR57627,1,22825.51,1,0,0.0,0.0,22825.51,,,False
USR57628,1,13081.4,1,0,0.0,0.0,13081.4,,,False
USR57629,1,12031.47,1,0,0.0,0.0,12031.47,,,False
USR57633,1,21440.48,1,0,1.0,44046.77,21440.48,,,False
USR57638,1,-14973.35,1,0,1.0,4959.68,-14973.35,,,False
USR57641,1,13762.91,1,0,0.0,0.0,13762.91,VERIFIED,False,True
USR57642,1,6812.75,1,0,0.0,0.0,6812.75,VERIFIED,False,True
USR57652,2,14890.800000000001,2,0,0.0,0.0,7445.400000000001,,,False
USR57656,1,12805.46,1,0,0.0,0.0,12805.46,,,False
USR57659,1,9097.1,1,0,0.0,0.0,9097.1,VERIFIED,False,True
USR57660,1,23326.04,1,0,1.0,1701.23,23326.04,PENDING,False,True
USR57669,1,-4466.5,0,1,1.0,2733.0,-4466.5,,,False
USR57672,1,10148.8,1,0,0.0,0.0,10148.8,,,False
USR57681,1,22315.03,1,0,0.0,0.0,22315.03,,,False
USR57682,1,13018.39,1,0,0.0,0.0,13018.39,,,False
USR57706,1,20296.13,1,0,0.0,0.0,20296.13,,,False
USR57707,1,3640.84,1,0,0.0,0.0,3640.84,,,False
USR57714,1,-4152.05,1,0,0.0,0.0,-4152.05,,,False
USR57718,1,6452.36,1,0,0.0,0.0,6452.36,,,False
USR57721,1,16587.43,0,1,0.0,0.0,16587.43,,,False
USR57731,1,24621.18,1,0,0.0,0.0,24621.18,,,False
USR57734,1,17268.66,1,0,0.0,0.0,17268.66,VERIFIED,False,True
USR57737,1,7422.35,1,0,0.0,0.0,7422.35,,,False
USR57739,2,28631.12,2,0,0.0,0.0,14315.56,PENDING,False,True
USR57740,1,8209.31,0,0,0.0,0.0,8209.31,,,False
USR57750,1,10950.16,1,0,0.0,0.0,10950.16,,,False
USR57775,1,4742.0,1,0,1.0,2111.63,4742.0,,,False
USR57777,1,23202.81,1,0,1.0,1071.92,23202.81,KYC_DONE,False,True
USR57779,1,9841.41,1,0,0.0,0.0,9841.41,,,False
USR57785,1,24144.02,1,0,1.0,264.64,24144.02,,,False
USR57796,1,15377.21,1,0,0.0,0.0,15377.21,,,False
USR57798,2,25013.62,2,0,0.0,0.0,12506.81,,,False
USR57799,1,24378.11,1,0,1.0,978.26,24378.11,,,False
USR57805,1,9009.34,1,0,0.0,0.0,9009.34,,,False
USR57807,1,21635.7,1,0,0.0,0.0,21635.7,PENDING,False,True
USR57810,1,10255.39,1,0,0.0,0.0,10255.39,,,False
USR57819,1,19242.31,1,0,0.0,0.0,19242.31,,,False
USR57823,2,39747.729999999996,2,0,0.0,0.0,19873.864999999998,,,False
USR57830,1,1422.3,1,0,1.0,8988.28,1422.3,,,False
USR57850,1,24370.08,1,0,0.0,0.0,24370.08,KYC_DONE,True,True
USR57852,1,5132.43,1,0,0.0,0.0,5132.43,,,False
USR57863,1,9768.99,1,0,0.0,0.0,9768.99,,,False
USR57865,1,19844.0,1,0,0.0,0.0,19844.0,VERIFIED,False,True
USR57867,1,2585.01,0,0,0.0,0.0,2585.01,,,False
USR57869,1,7372.54,0,1,0.0,0.0,7372.54,,,False
USR57880,1,18608.44,1,0,0.0,0.0,18608.44,REJECTED,False,True
USR57889,1,4260.97,0,0,0.0,0.0,4260.97,VERIFIED,False,True
USR57890,1,7273.17,0,1,0.0,0.0,7273.17,,,False
USR57896,1,19947.36,1,0,0.0,0.0,19947.36,VERIFIED,True,True
USR57897,1,832.64,1,0,0.0,0.0,832.64,,,False
USR57901,1,12052.46,1,0,1.0,475.0,12052.46,,,False
USR57917,1,3280.53,1,0,1.0,-5809.0,3280.53,,,False
USR57922,1,16752.03,0,0,0.0,0.0,16752.03,,,False
USR57924,1,2603.33,1,0,0.0,0.0,2603.33,VERIFIED,True,True
USR57932,1,2878.07,1,0,0.0,0.0,2878.07,VERIFIED,True,True
USR57934,1,16856.52,0,1,0.0,0.0,16856.52,,,False
USR57938,1,7007.0,1,0,1.0,6351.69,7007.0,,,False
USR57946,1,23769.11,1,0,0.0,0.0,23769.11,,,False
USR57947,1,10999.81,1,0,0.0,0.0,10999.81,KYC_DONE,False,True
USR57951,1,8712.28,1,0,0.0,0.0,8712.28,VERIFIED,False,True
USR57965,1,24481.0,0,1,0.0,0.0,24481.0,,,False
USR57968,1,2176.1,1,0,0.0,0.0,2176.1,REJECTED,True,True
USR57977,2,15879.92,2,0,1.0,4938.0,7939.96,,,False
USR57979,1,19403.46,1,0,0.0,0.0,19403.46,,,False
USR57986,1,705.75,1,0,0.0,0.0,705.75,,,False
USR57988,1,15557.95,1,0,0.0,0.0,15557.95,,,False
USR57992,1,22899.0,1,0,0.0,0.0,22899.0,VERIFIED,False,True
USR57996,1,16398.96,1,0,0.0,0.0,16398.96,VERIFIED,False,True
USR57999,1,3578.93,1,0,0.0,0.0,3578.93,,,False
USR58004,1,9593.19,0,0,0.0,0.0,9593.19,,,False
USR58005,1,23047.64,0,0,0.0,0.0,23047.64,VERIFIED,False,True
USR58007,1,5210.1,0,1,0.0,0.0,5210.1,VERIFIED,True,True
USR58010,1,13869.97,1,0,0.0,0.0,13869.97,,,False
USR58016,1,2401.0,1,0,0.0,0.0,2401.0,,,False
USR58030,1,7923.94,1,0,0.0,0.0,7923.94,,,False
USR58033,2,23937.769999999997,2,0,0.0,0.0,11968.884999999998,,,False
USR58040,1,21742.0,1,0,0.0,0.0,21742.0,VERIFIED,False,True
USR58050,1,10788.23,1,0,0.0,0.0,10788.23,,,False
USR58052,1,22283.15,1,0,0.0,0.0,22283.15,,,False
USR58056,2,25842.55,1,1,0.0,0.0,12921.275,,,False
USR58059,1,23392.0,1,0,1.0,1523.0,23392.0,,,False
USR58060,1,12217.51,1,0,0.0,0.0,12217.51,,,False
USR58062,1,5391.83,1,0,0.0,0.0,5391.83,,,False
USR58066,1,20916.48,1,0,0.0,0.0,20916.48,VERIFIED,False,True
USR58067,1,5179.73,1,0,0.0,0.0,5179.73,,,False
USR58072,1,14896.04,1,0,0.0,0.0,14896.04,,,False
USR58076,1,16015.5,1,0,0.0,0.0,16015.5,,,False
USR58080,1,16921.65,0,1,0.0,0.0,16921.65,,,False
USR58081,1,3140.03,1,0,1.0,2652.0,3140.03,VERIFIED,False,True
USR58089,1,12856.88,1,0,0.0,0.0,12856.88,,,False
USR58097,1,17605.45,1,0,0.0,0.0,17605.45,,,False
USR58117,1,2291.25,1,0,1.0,388.0,2291.25,,,False
USR58125,1,-9492.74,1,0,0.0,0.0,-9492.74,,,False
USR58128,1,21768.5,1,0,2.0,-5008.85,21768.5,,,False
USR58131,1,17338.71,1,0,0.0,0.0,17338.71,,,False
USR58140,1,20833.45,1,0,0.0,0.0,20833.45,,,False
USR58142,1,8863.24,1,0,0.0,0.0,8863.24,,,False
USR58159,1,17722.05,1,0,1.0,1320.83,17722.05,,,False
USR58166,1,11904.64,1,0,0.0,0.0,11904.64,UNDER REVIEW,False,True
USR58167,1,1617.34,0,1,0.0,0.0,1617.34,VERIFIED,True,True
USR58169,1,3913.48,1,0,1.0,4064.18,3913.48,,,False
USR58183,1,22612.55,1,0,0.0,0.0,22612.55,,,False
USR58186,1,19779.23,1,0,0.0,0.0,19779.23,,,False
USR58187,1,9132.62,1,0,2.0,7960.18,9132.62,,,False
USR58200,1,15187.84,1,0,0.0,0.0,15187.84,,,False
USR58215,1,11151.09,1,0,0.0,0.0,11151.09,,,False
USR58216,1,-5114.58,1,0,0.0,0.0,-5114.58,,,False
USR58222,1,6508.6,1,0,0.0,0.0,6508.6,,,False
USR58226,2,20606.07,0,2,1.0,0.0,10303.035,,,False
USR58230,1,19806.86,1,0,0.0,0.0,19806.86,,,False
USR58235,1,4055.77,1,0,0.0,0.0,4055.77,,,False
USR58241,1,16665.0,1,0,0.0,0.0,16665.0,,,False
USR58244,1,8876.0,1,0,0.0,0.0,8876.0,PENDING,True,True
USR58249,1,6614.0,0,1,0.0,0.0,6614.0,,,False
USR58266,2,12555.17,2,0,0.0,0.0,6277.585,,,False
USR58268,1,9868.04,0,0,0.0,0.0,9868.04,,,False
USR58272,3,19681.78,3,0,1.0,2618.19,6560.593333333333,,,False
USR58273,1,23518.52,1,0,1.0,687.06,23518.52,,,False
USR58281,2,19110.87,1,1,0.0,0.0,9555.435,,,False
USR58283,1,1825.91,0,0,0.0,0.0,1825.91,VERIFIED,False,True
USR58295,1,5350.89,1,0,0.0,0.0,5350.89,,,False
USR58299,1,16562.67,1,0,0.0,0.0,16562.67,,,False
USR58300,1,4947.55,1,0,0.0,0.0,4947.55,KYC_DONE,False,True
USR58305,1,23027.53,1,0,0.0,0.0,23027.53,REJECTED,True,True
USR58308,1,20699.84,0,0,0.0,0.0,20699.84,,,False
USR58309,1,14275.62,1,0,0.0,0.0,14275.62,UNDER REVIEW,False,True
USR58317,1,10571.5,1,0,1.0,4331.37,10571.5,,,False
USR58318,1,-17828.66,1,0,2.0,3420.75,-17828.66,,,False
USR58323,1,2380.0,1,0,0.0,0.0,2380.0,,,False
USR58333,1,3659.07,1,0,0.0,0.0,3659.07,VERIFIED,False,True
USR58339,1,5102.81,0,1,0.0,0.0,5102.81,,,False
USR58342,1,12727.17,1,0,0.0,0.0,12727.17,,,False
USR58343,1,237.36,1,0,0.0,0.0,237.36,,,False
USR58347,1,14604.64,1,0,0.0,0.0,14604.64,REJECT,True,True
USR58348,2,30032.58,2,0,1.0,1651.94,15016.29,,,False
USR58350,1,11767.81,1,0,1.0,1252.47,11767.81,,,False
USR58355,1,-21063.38,1,0,0.0,0.0,-21063.38,,,False
USR58356,1,19686.43,1,0,0.0,0.0,19686.43,,,False
USR58371,1,7743.64,0,1,0.0,0.0,7743.64,REJECTED,False,True
USR58373,1,20428.63,1,0,0.0,0.0,20428.63,,,False
USR58382,1,10979.9,1,0,1.0,2784.85,10979.9,,,False
USR58390,1,9812.18,1,0,1.0,1015.09,9812.18,,,False
USR58395,1,4841.55,1,0,0.0,0.0,4841.55,,,False
USR58397,1,22507.92,1,0,0.0,0.0,22507.92,VERIFIED,False,True
USR58404,2,23442.39,1,0,1.0,806.29,11721.195,,,False
USR58412,1,17359.99,1,0,0.0,0.0,17359.99,KYC_DONE,False,True
USR58414,1,20487.5,1,0,0.0,0.0,20487.5,,,False
USR58415,1,14721.0,1,0,0.0,0.0,14721.0,PENDING,False,True
USR58423,1,9905.0,1,0,0.0,0.0,9905.0,,,False
USR58424,1,23618.85,1,0,0.0,0.0,23618.85,,,False
USR58427,1,199.71,1,0,0.0,0.0,199.71,,,False
USR58433,1,5520.4,1,0,1.0,409.07,5520.4,,,False
USR58434,1,8323.93,1,0,1.0,1258.0,8323.93,,,False
USR58435,1,1170.8,1,0,0.0,0.0,1170.8,,,False
USR58439,2,20258.25,1,1,0.0,0.0,10129.125,,,False
USR58443,2,40185.13,2,0,0.0,0.0,20092.565,VERIFIED,False,True
USR58446,1,5886.54,1,0,0.0,0.0,5886.54,,,False
USR58460,1,15848.37,1,0,0.0,0.0,15848.37,,,False
USR58461,1,16097.07,1,0,0.0,0.0,16097.07,VERIFIED,False,True
USR58469,1,18396.0,1,0,0.0,0.0,18396.0,VERIFIED,False,True
USR58471,1,7405.46,1,0,0.0,0.0,7405.46,,,False
USR58488,1,9256.27,1,0,0.0,0.0,9256.27,,,False
USR58492,1,21175.75,1,0,0.0,0.0,21175.75,,,False
USR58493,1,23258.98,1,0,0.0,0.0,23258.98,,,False
USR58497,1,21202.57,0,1,0.0,0.0,21202.57,REJECTED,True,True
USR58499,1,23998.81,1,0,0.0,0.0,23998.81,,,False
USR58502,1,23198.24,1,0,0.0,0.0,23198.24,KYC_DONE,True,True
USR58503,1,16196.52,1,0,0.0,0.0,16196.52,PENDING,False,True
USR58504,1,6148.33,1,0,0.0,0.0,6148.33,,,False
USR58506,1,19357.65,0,1,0.0,0.0,19357.65,VERIFIED,True,True
USR58522,1,8278.87,1,0,3.0,917.78,8278.87,VERIFIED,False,True
USR58526,1,8463.3,1,0,1.0,422.0,8463.3,,,False
USR58527,1,19964.41,1,0,0.0,0.0,19964.41,,,False
USR58535,1,4342.61,1,0,0.0,0.0,4342.61,,,False
USR58545,1,7024.27,1,0,0.0,0.0,7024.27,VERIFIED,False,True
USR58546,1,8874.67,0,0,0.0,0.0,8874.67,,,False
USR58549,1,18654.59,0,0,0.0,0.0,18654.59,,,False
USR58554,1,22465.03,1,0,0.0,0.0,22465.03,,,False
USR58558,1,23836.14,1,0,1.0,7674.03,23836.14,VERIFIED,True,True
USR58564,1,14865.9,1,0,0.0,0.0,14865.9,,,False
USR58567,1,6745.0,1,0,0.0,0.0,6745.0,,,False
USR58569,1,6139.8,1,0,1.0,1305.45,6139.8,,,False
USR58570,1,5829.65,0,1,1.0,0.0,5829.65,,,False
USR58577,1,10585.09,1,0,0.0,0.0,10585.09,,,False
USR58589,1,71.34,0,1,0.0,0.0,71.34,VERIFIED,False,True
USR58590,1,21479.67,1,0,0.0,0.0,21479.67,,,False
USR58593,1,22872.81,1,0,0.0,0.0,22872.81,,,False
USR58599,1,8415.15,1,0,0.0,0.0,8415.15,,,False
USR58600,1,858.31,0,1,0.0,0.0,858.31,VERIFIED,False,True
USR58604,1,10449.85,1,0,0.0,0.0,10449.85,KYC_DONE,True,True
USR58605,1,11126.86,1,0,0.0,0.0,11126.86,,,False
USR58608,1,17351.77,0,1,0.0,0.0,17351.77,VERIFIED,True,True
USR58610,1,120.0,0,1,2.0,1805.71,120.0,VERIFIED,False,True
USR58611,1,23254.83,1,0,1.0,1283.51,23254.83,,,False
USR58613,1,23371.2,1,0,0.0,0.0,23371.2,,,False
USR58614,1,22573.35,1,0,0.0,0.0,22573.35,,,False
USR58618,2,38487.04,2,0,0.0,0.0,19243.52,,,False
USR58619,1,23630.29,1,0,0.0,0.0,23630.29,VERIFIED,False,True
USR58621,1,3548.87,0,1,0.0,0.0,3548.87,,,False
USR58622,1,19562.07,1,0,2.0,878.05,19562.07,VERIFIED,False,True
USR58623,2,25453.52,2,0,2.0,1537.5,12726.76,,,False
USR58624,1,3680.33,1,0,1.0,252.18,3680.33,,,False
USR58625,1,18784.32,1,0,0.0,0.0,18784.32,,,False
USR58626,1,20268.54,1,0,0.0,0.0,20268.54,,,False
USR58627,2,15533.310000000001,2,0,4.0,34493.479999999996,7766.655000000001,,,False
USR58631,1,21098.69,1,0,0.0,0.0,21098.69,VERIFIED,False,True
USR58636,1,7368.66,0,0,1.0,-1477.28,7368.66,KYC_DONE,False,True
USR58638,1,6698.53,1,0,0.0,0.0,6698.53,,,False
USR58655,1,10830.0,1,0,1.0,358.42,10830.0,,,False
USR58658,1,19647.15,1,0,0.0,0.0,19647.15,VERIFIED,False,True
USR58660,2,41533.64,2,0,0.0,0.0,20766.82,,,False
USR58661,1,-3649.69,1,0,1.0,4341.13,-3649.69,VERIFIED,False,True
USR58662,1,2256.02,0,0,0.0,0.0,2256.02,,,False
USR58663,1,9781.91,1,0,0.0,0.0,9781.91,VERIFIED,False,True
USR58668,1,20851.83,1,0,0.0,0.0,20851.83,VERIFIED,True,True
USR58680,1,1396.71,0,1,0.0,0.0,1396.71,,,False
USR58683,1,3098.08,1,0,0.0,0.0,3098.08,,,False
USR58697,1,19655.03,0,1,0.0,0.0,19655.03,VERIFIED,False,True
USR58698,1,17934.0,1,0,0.0,0.0,17934.0,,,False
USR58702,2,41846.020000000004,1,1,0.0,0.0,20923.010000000002,PENDING,False,True
USR58705,1,13376.47,1,0,0.0,0.0,13376.47,VERIFIED,False,True
USR58718,1,22254.0,1,0,0.0,0.0,22254.0,,,False
USR58719,1,5488.16,0,0,0.0,0.0,5488.16,,,False
USR58725,1,19356.55,1,0,0.0,0.0,19356.55,,,False
USR58730,1,17803.23,0,0,0.0,0.0,17803.23,,,False
USR58732,1,2708.0,1,0,0.0,0.0,2708.0,,,False
USR58740,1,5820.32,1,0,0.0,0.0,5820.32,,,False
USR58752,1,7134.64,1,0,0.0,0.0,7134.64,,,False
USR58754,1,11772.94,1,0,0.0,0.0,11772.94,VERIFIED,False,True
USR58769,1,12299.93,1,0,0.0,0.0,12299.93,,,False
USR58773,3,20172.08,2,1,1.0,0.0,6724.026666666668,VERIFIED,True,True
USR58774,1,17518.28,1,0,0.0,0.0,17518.28,,,False
USR58780,1,11660.09,1,0,0.0,0.0,11660.09,,,False
USR58784,1,23461.81,1,0,0.0,0.0,23461.81,KYC_DONE,False,True
USR58792,1,-18981.47,1,0,0.0,0.0,-18981.47,,,False
USR58795,1,8533.25,0,1,0.0,0.0,8533.25,,,False
USR58796,1,6840.08,0,1,0.0,0.0,6840.08,,,False
USR58806,2,9963.27,2,0,0.0,0.0,4981.635,,,False
USR58808,1,17945.88,0,1,0.0,0.0,17945.88,,,False
USR58809,1,3012.78,0,1,0.0,0.0,3012.78,,,False
USR58816,1,8738.13,1,0,0.0,0.0,8738.13,,,False
USR58822,1,23381.09,0,1,0.0,0.0,23381.09,,,False
USR58824,1,2935.44,0,1,0.0,0.0,2935.44,VERIFIED,False,True
USR58825,2,26544.3,2,0,0.0,0.0,13272.15,,,False
USR58829,1,21827.35,1,0,0.0,0.0,21827.35,,,False
USR58837,1,12393.52,1,0,0.0,0.0,12393.52,,,False
USR58846,1,2928.93,0,1,0.0,0.0,2928.93,,,False
USR58847,1,20241.39,1,0,0.0,0.0,20241.39,PENDING,False,True
USR58859,1,8265.64,1,0,0.0,0.0,8265.64,,,False
USR58863,1,2979.26,1,0,0.0,0.0,2979.26,,,False
USR58866,2,20602.41,2,0,0.0,0.0,10301.205,VERIFIED,False,True
USR58867,1,1862.24,1,0,0.0,0.0,1862.24,,,False
USR58869,2,18553.09,1,0,0.0,0.0,9276.545,,,False
USR58872,1,2813.84,1,0,0.0,0.0,2813.84,,,False
USR58880,1,18314.04,1,0,0.0,0.0,18314.04,,,False
USR58884,1,8873.11,1,0,0.0,0.0,8873.11,UNDER REVIEW,True,True
USR58892,1,10247.73,1,0,0.0,0.0,10247.73,,,False
USR58893,1,13634.32,1,0,0.0,0.0,13634.32,VERIFIED,False,True
USR58908,1,19840.5,1,0,0.0,0.0,19840.5,,,False
USR58909,1,23518.0,0,1,0.0,0.0,23518.0,KYC_DONE,False,True
USR58910,1,16596.0,1,0,0.0,0.0,16596.0,,,False
USR58913,1,18181.96,1,0,0.0,0.0,18181.96,,,False
USR58915,1,5317.14,1,0,0.0,0.0,5317.14,VERIFIED,False,True
USR58918,2,17192.559999999998,2,0,1.0,1213.34,8596.279999999999,,,False
USR58920,1,12104.93,1,0,0.0,0.0,12104.93,,,False
USR58924,1,6141.35,1,0,0.0,0.0,6141.35,,,False
USR58929,2,28767.010000000002,2,0,2.0,2678.0099999999998,14383.505000000001,,,False
USR58931,1,23450.0,1,0,1.0,585.31,23450.0,,,False
USR58932,1,8035.84,0,0,1.0,6448.11,8035.84,,,False
USR58936,1,312.46,1,0,0.0,0.0,312.46,,,False
USR58940,1,18718.64,1,0,1.0,2150.04,18718.64,KYC_DONE,False,True
USR58944,1,8657.0,1,0,0.0,0.0,8657.0,PENDING,True,True
USR58952,2,22785.28,2,0,1.0,518.0,11392.64,,,False
USR58959,1,7236.56,1,0,0.0,0.0,7236.56,,,False
USR58965,1,5861.88,0,0,0.0,0.0,5861.88,,,False
USR58971,1,11697.35,0,0,0.0,0.0,11697.35,VERIFIED,False,True
USR58973,1,916.01,1,0,0.0,0.0,916.01,VERIFIED,False,True
USR58977,3,43910.68,2,1,1.0,276.74,14636.893333333333,,,False
USR58979,1,14197.51,1,0,0.0,0.0,14197.51,KYC_DONE,True,True
USR58993,1,18979.68,1,0,1.0,0.0,18979.68,,,False
USR58994,2,25300.72,2,0,0.0,0.0,12650.36,,,False
USR59002,1,2695.0,1,0,0.0,0.0,2695.0,,,False
USR59006,1,15897.0,1,0,0.0,0.0,15897.0,,,False
USR59012,1,24820.43,1,0,0.0,0.0,24820.43,VERIFIED,False,True
USR59017,2,17490.64,2,0,0.0,0.0,8745.32,VERIFIED,False,True
USR59025,1,5664.55,1,0,0.0,0.0,5664.55,,,False
USR59042,1,6246.16,1,0,0.0,0.0,6246.16,,,False
USR59045,1,5816.07,1,0,0.0,0.0,5816.07,,,False
USR59047,1,8377.35,1,0,0.0,0.0,8377.35,VERIFIED,False,True
USR59050,1,12165.36,1,0,0.0,0.0,12165.36,,,False
USR59051,1,22257.69,1,0,1.0,3134.07,22257.69,,,False
USR59052,1,-6775.36,1,0,0.0,0.0,-6775.36,VERIFIED,False,True
USR59054,2,35016.14,2,0,0.0,0.0,17508.07,,,False
USR59055,1,104.0,1,0,0.0,0.0,104.0,VERIFIED,False,True
USR59060,2,18594.56,2,0,0.0,0.0,9297.28,,,False
USR59064,1,22270.04,1,0,0.0,0.0,22270.04,,,False
USR59068,2,-4216.27,2,0,0.0,0.0,-2108.135,VERIFIED,False,True
USR59081,1,24334.75,1,0,0.0,0.0,24334.75,VERIFIED,False,True
USR59082,1,8797.05,1,0,0.0,0.0,8797.05,,,False
USR59090,2,34634.72,1,1,0.0,0.0,17317.36,VERIFIED,False,True
USR59091,1,15023.8,1,0,0.0,0.0,15023.8,,,False
USR59093,1,7547.07,0,1,0.0,0.0,7547.07,,,False
USR59098,1,9000.49,1,0,0.0,0.0,9000.49,,,False
USR59121,1,24128.32,1,0,0.0,0.0,24128.32,REJECTED,False,True
USR59125,1,16725.81,1,0,0.0,0.0,16725.81,,,False
USR59127,1,14559.15,1,0,1.0,4215.68,14559.15,,,False
USR59130,1,10926.9,1,0,0.0,0.0,10926.9,,,False
USR59140,1,9576.14,1,0,0.0,0.0,9576.14,,,False
USR59142,2,26454.18,2,0,0.0,0.0,13227.09,,,False
USR59147,1,8700.77,1,0,0.0,0.0,8700.77,VERIFIED,False,True
USR59151,1,6943.84,0,0,0.0,0.0,6943.84,,,False
USR59154,1,9614.32,1,0,0.0,0.0,9614.32,,,False
USR59155,1,20689.38,1,0,0.0,0.0,20689.38,,,False
USR59157,1,16759.65,1,0,0.0,0.0,16759.65,,,False
USR59160,1,381.0,1,0,0.0,0.0,381.0,VERIFIED,False,True
USR59166,2,17993.25,1,1,1.0,702.0,8996.625,,,False
USR59170,1,11916.16,1,0,1.0,660.0,11916.16,,,False
USR59175,1,11917.32,1,0,0.0,0.0,11917.32,VERIFIED,False,True
USR59177,1,8975.0,1,0,0.0,0.0,8975.0,KYC_DONE,False,True
USR59189,1,3209.87,0,1,0.0,0.0,3209.87,VERIFIED,False,True
USR59190,1,23887.47,1,0,0.0,0.0,23887.47,,,False
USR59194,1,10130.0,1,0,0.0,0.0,10130.0,,,False
USR59201,1,5786.47,1,0,0.0,0.0,5786.47,,,False
USR59208,1,23442.68,1,0,0.0,0.0,23442.68,KYC_DONE,False,True
USR59209,1,10291.0,1,0,0.0,0.0,10291.0,,,False
USR59220,1,11859.21,0,1,0.0,0.0,11859.21,,,False
USR59227,2,15498.41,2,0,0.0,0.0,7749.205,,,False
USR59234,1,4439.13,1,0,0.0,0.0,4439.13,KYC_DONE,False,True
USR59241,1,14732.08,1,0,1.0,12885.17,14732.08,,,False
USR59259,1,24804.03,1,0,0.0,0.0,24804.03,,,False
USR59260,1,634.85,1,0,1.0,0.0,634.85,,,False
USR59265,1,7600.34,1,0,0.0,0.0,7600.34,KYC_DONE,False,True
USR59271,1,17213.35,1,0,0.0,0.0,17213.35,VERIFIED,False,True
USR59273,1,5119.11,1,0,0.0,0.0,5119.11,,,False
USR59275,1,21653.88,1,0,0.0,0.0,21653.88,,,False
USR59279,1,23145.46,1,0,0.0,0.0,23145.46,,,False
USR59280,1,11494.48,1,0,0.0,0.0,11494.48,,,False
USR59284,1,13067.53,1,0,0.0,0.0,13067.53,,,False
USR59289,1,-11087.0,1,0,0.0,0.0,-11087.0,,,False
USR59291,1,2234.51,1,0,0.0,0.0,2234.51,,,False
USR59292,1,21968.65,1,0,0.0,0.0,21968.65,,,False
USR59295,1,1600.95,1,0,0.0,0.0,1600.95,,,False
USR59298,1,1316.45,1,0,0.0,0.0,1316.45,,,False
USR59309,1,14906.0,1,0,0.0,0.0,14906.0,VERIFIED,True,True
USR59321,1,14461.22,1,0,0.0,0.0,14461.22,VERIFIED,False,True
USR59324,1,2496.41,1,0,0.0,0.0,2496.41,VERIFIED,False,True
USR59327,1,8011.33,0,1,0.0,0.0,8011.33,VERIFIED,False,True
USR59332,1,21922.7,1,0,0.0,0.0,21922.7,,,False
USR59334,1,14732.6,1,0,0.0,0.0,14732.6,,,False
USR59352,1,19676.53,1,0,1.0,2490.54,19676.53,KYC_DONE,False,True
USR59356,1,23387.76,1,0,0.0,0.0,23387.76,,,False
USR59358,1,6721.0,0,1,0.0,0.0,6721.0,,,False
USR59377,2,36246.7,2,0,0.0,0.0,18123.35,,,False
USR59379,1,3060.91,1,0,1.0,339.58,3060.91,,,False
USR59380,1,17756.45,0,1,0.0,0.0,17756.45,,,False
USR59385,1,20676.98,1,0,0.0,0.0,20676.98,,,False
USR59386,1,14465.41,1,0,1.0,1377.81,14465.41,VERIFIED,True,True
USR59393,2,7326.110000000001,2,0,0.0,0.0,3663.0550000000003,,,False
USR59394,1,9799.64,1,0,0.0,0.0,9799.64,,,False
USR59397,1,12826.94,1,0,0.0,0.0,12826.94,REJECTED,False,True
USR59398,1,6037.76,0,1,0.0,0.0,6037.76,KYC_DONE,False,True
USR59400,1,9473.48,1,0,0.0,0.0,9473.48,,,False
USR59401,2,38076.08,1,1,0.0,0.0,19038.04,,,False
USR59404,1,15233.79,1,0,0.0,0.0,15233.79,,,False
USR59408,1,-10212.59,1,0,0.0,0.0,-10212.59,,,False
USR59411,2,30897.86,1,1,0.0,0.0,15448.93,,,False
USR59412,1,14260.28,1,0,1.0,0.0,14260.28,VERIFIED,True,True
USR59417,1,7456.52,0,1,0.0,0.0,7456.52,,,False
USR59418,1,10548.81,1,0,1.0,6742.91,10548.81,,,False
USR59421,2,28872.690000000002,2,0,0.0,0.0,14436.345000000001,,,False
USR59422,1,688.91,0,1,0.0,0.0,688.91,PENDING,False,True
USR59428,2,3043.4400000000005,2,0,1.0,5141.83,1521.7200000000003,,,False
USR59429,1,22105.42,1,0,0.0,0.0,22105.42,,,False
USR59431,1,5687.22,1,0,0.0,0.0,5687.22,,,False
USR59434,1,9164.0,0,1,0.0,0.0,9164.0,,,False
USR59446,1,18031.18,1,0,0.0,0.0,18031.18,,,False
USR59448,1,771.78,1,0,0.0,0.0,771.78,,,False
USR59449,1,16925.04,1,0,0.0,0.0,16925.04,VERIFIED,False,True
USR59451,1,9356.24,1,0,0.0,0.0,9356.24,VERIFIED,False,True
USR59452,2,12536.460000000001,2,0,0.0,0.0,6268.2300000000005,,,False
USR59462,1,14213.39,1,0,0.0,0.0,14213.39,,,False
USR59464,1,4219.33,1,0,0.0,0.0,4219.33,,,False
USR59467,1,2361.76,1,0,0.0,0.0,2361.76,VERIFIED,False,True
USR59469,2,11557.779999999999,1,1,0.0,0.0,5778.889999999999,,,False
USR59482,2,10602.9,1,1,0.0,0.0,5301.45,VERIFIED,False,True
USR59486,1,-24165.71,1,0,0.0,0.0,-24165.71,,,False
USR59496,1,22386.4,1,0,0.0,0.0,22386.4,,,False
USR59498,1,19398.78,0,1,0.0,0.0,19398.78,PENDING,False,True
USR59501,1,15299.66,1,0,0.0,0.0,15299.66,,,False
USR59507,1,18171.1,1,0,0.0,0.0,18171.1,,,False
USR59508,1,13393.21,1,0,0.0,0.0,13393.21,,,False
USR59516,1,12800.58,1,0,0.0,0.0,12800.58,,,False
USR59522,1,19431.26,1,0,0.0,0.0,19431.26,,,False
USR59531,1,19364.4,1,0,0.0,0.0,19364.4,,,False
USR59533,1,23118.09,0,1,0.0,0.0,23118.09,,,False
USR59534,1,17079.91,1,0,0.0,0.0,17079.91,,,False
USR59535,1,8574.85,1,0,0.0,0.0,8574.85,,,False
USR59541,1,9837.23,1,0,1.0,5873.9,9837.23,,,False
USR59542,1,22997.19,1,0,0.0,0.0,22997.19,,,False
USR59554,1,19624.44,1,0,0.0,0.0,19624.44,VERIFIED,False,True
USR59556,3,59305.32,2,1,0.0,0.0,19768.44,,,False
USR59560,1,7781.0,0,1,0.0,0.0,7781.0,KYC_DONE,False,True
USR59563,1,17951.25,0,0,0.0,0.0,17951.25,,,False
USR59572,1,23811.76,1,0,0.0,0.0,23811.76,REJECTED,False,True
USR59584,1,17717.5,1,0,0.0,0.0,17717.5,,,False
USR59598,1,15689.7,1,0,0.0,0.0,15689.7,,,False
USR59601,1,16025.46,0,1,0.0,0.0,16025.46,,,False
USR59604,1,11796.6,1,0,0.0,0.0,11796.6,,,False
USR59610,1,23182.0,1,0,0.0,0.0,23182.0,,,False
USR59616,1,4620.35,1,0,0.0,0.0,4620.35,,,False
USR59617,1,4144.39,0,0,0.0,0.0,4144.39,PENDING,False,True
USR59620,1,6804.49,1,0,0.0,0.0,6804.49,,,False
USR59623,1,19307.94,1,0,0.0,0.0,19307.94,,,False
USR59640,1,22187.85,1,0,0.0,0.0,22187.85,VERIFIED,True,True
USR59653,1,22628.05,0,1,1.0,1163.64,22628.05,VERIFIED,True,True
USR59654,1,2627.91,1,0,0.0,0.0,2627.91,VERIFIED,False,True
USR59663,1,14426.97,1,0,0.0,0.0,14426.97,,,False
USR59664,1,7548.54,1,0,0.0,0.0,7548.54,,,False
USR59669,1,8632.0,1,0,0.0,0.0,8632.0,REJECTED,False,True
USR59674,1,10442.0,1,0,0.0,0.0,10442.0,,,False
USR59682,1,-17432.18,1,0,0.0,0.0,-17432.18,,,False
USR59691,1,15194.51,1,0,0.0,0.0,15194.51,VERIFIED,False,True
USR59701,1,6791.82,1,0,0.0,0.0,6791.82,VERIFIED,False,True
USR59716,1,4672.39,1,0,0.0,0.0,4672.39,,,False
USR59724,2,14897.869999999999,2,0,0.0,0.0,7448.9349999999995,VERIFIED,False,True
USR59729,1,23043.95,0,1,0.0,0.0,23043.95,KYC_DONE,False,True
USR59734,2,45387.5,2,0,0.0,0.0,22693.75,VERIFIED,False,True
USR59739,1,2451.7,1,0,0.0,0.0,2451.7,VERIFIED,False,True
USR59742,1,6431.24,1,0,0.0,0.0,6431.24,VERIFIED,False,True
USR59747,1,9829.5,1,0,0.0,0.0,9829.5,,,False
USR59752,1,3489.96,1,0,0.0,0.0,3489.96,,,False
USR59756,2,29207.9,2,0,0.0,0.0,14603.95,VERIFIED,True,True
USR59785,2,18120.94,2,0,0.0,0.0,9060.47,,,False
USR59787,1,1691.0,1,0,0.0,0.0,1691.0,VERIFIED,True,True
USR59789,1,10297.15,1,0,0.0,0.0,10297.15,,,False
USR59790,1,4417.91,1,0,0.0,0.0,4417.91,VERIFIED,False,True
USR59792,1,13611.0,1,0,0.0,0.0,13611.0,,,False
USR59797,1,18205.63,1,0,0.0,0.0,18205.63,,,False
USR59803,1,13937.86,0,0,0.0,0.0,13937.86,,,False
USR59805,1,7294.1,1,0,0.0,0.0,7294.1,,,False
USR59809,1,20089.03,1,0,0.0,0.0,20089.03,,,False
USR59811,2,25888.61,1,1,0.0,0.0,12944.305,,,False
USR59820,2,-1409.7399999999998,2,0,0.0,0.0,-704.8699999999999,PENDING,True,True
USR59825,1,3015.57,1,0,1.0,4306.86,3015.57,KYC_DONE,False,True
USR59827,1,12531.17,0,1,0.0,0.0,12531.17,,,False
USR59828,1,2974.91,1,0,0.0,0.0,2974.91,,,False
USR59831,1,13342.36,1,0,0.0,0.0,13342.36,VERIFIED,False,True
USR59840,1,12191.82,1,0,0.0,0.0,12191.82,,,False
USR59842,1,8520.99,1,0,0.0,0.0,8520.99,VERIFIED,False,True
USR59844,1,10412.96,1,0,0.0,0.0,10412.96,,,False
USR59847,1,15568.24,1,0,0.0,0.0,15568.24,KYC_DONE,False,True
USR59856,1,3479.65,1,0,0.0,0.0,3479.65,VERIFIED,False,True
USR59857,1,23338.77,0,1,0.0,0.0,23338.77,,,False
USR59861,1,15420.09,1,0,0.0,0.0,15420.09,,,False
USR59863,1,11331.07,1,0,0.0,0.0,11331.07,,,False
USR59866,1,23001.8,1,0,0.0,0.0,23001.8,,,False
USR59872,1,3743.49,1,0,0.0,0.0,3743.49,,,False
USR59873,1,5021.11,1,0,1.0,2576.33,5021.11,,,False
USR59877,1,1564.95,1,0,0.0,0.0,1564.95,PENDING,False,True
USR59881,1,17674.04,1,0,0.0,0.0,17674.04,VERIFIED,False,True
USR59895,2,22565.989999999998,2,0,0.0,0.0,11282.994999999999,VERIFIED,False,True
USR59909,1,12650.77,1,0,0.0,0.0,12650.77,,,False
USR59914,2,25535.66,1,1,1.0,479.19,12767.83,,,False
USR59930,1,-18005.58,1,0,0.0,0.0,-18005.58,,,False
USR59931,1,14722.4,1,0,0.0,0.0,14722.4,REJECTED,False,True
USR59934,1,15749.22,1,0,1.0,2760.0,15749.22,,,False
USR59939,1,1788.71,0,0,0.0,0.0,1788.71,,,False
USR59941,1,9552.16,1,0,0.0,0.0,9552.16,,,False
USR59942,1,18857.5,0,0,0.0,0.0,18857.5,VERIFIED,True,True
USR59955,1,18137.49,1,0,0.0,0.0,18137.49,VERIFIED,False,True
USR59959,2,27495.03,1,1,0.0,0.0,13747.515,PENDING,False,True
USR59963,1,14211.94,1,0,1.0,2799.72,14211.94,,,False
USR59966,1,2709.56,1,0,0.0,0.0,2709.56,,,False
USR59971,1,8156.69,1,0,0.0,0.0,8156.69,VERIFIED,False,True
USR59972,2,8545.2,1,1,2.0,3857.49,4272.6,,,False
USR59976,2,31826.620000000003,2,0,0.0,0.0,15913.310000000001,,,False
USR59982,1,6524.05,1,0,0.0,0.0,6524.05,KYC_DONE,False,True
USR59989,2,38918.47,2,0,1.0,221.0,19459.235,,,False
USR59993,1,14615.38,1,0,0.0,0.0,14615.38,,,False
USR59994,1,20152.35,1,0,0.0,0.0,20152.35,KYC_DONE,False,True
USR59995,1,10042.26,1,0,0.0,0.0,10042.26,,,False
USR59996,1,24459.09,1,0,0.0,0.0,24459.09,,,False
USR59998,2,23620.53,2,0,0.0,0.0,11810.265,,,False
USR60001,2,15643.15,1,1,0.0,0.0,7821.575,,,False
USR60002,3,42102.74,2,0,2.0,19151.670000000002,14034.246666666666,VERIFIED,False,True
USR60004,2,32481.61,2,0,0.0,0.0,16240.805,VERIFIED,False,True
USR60006,1,12139.46,1,0,0.0,0.0,12139.46,,,False
USR60017,1,22081.3,1,0,0.0,0.0,22081.3,VERIFIED,False,True
USR60027,1,23913.15,1,0,1.0,2423.45,23913.15,,,False
USR60032,1,500.07,1,0,0.0,0.0,500.07,,,False
USR60047,1,2520.01,1,0,0.0,0.0,2520.01,,,False
USR60058,1,9378.02,1,0,0.0,0.0,9378.02,VERIFIED,False,True
USR60070,1,5848.28,0,0,0.0,0.0,5848.28,,,False
USR60072,1,4548.53,1,0,0.0,0.0,4548.53,PENDING,False,True
USR60087,1,10507.37,1,0,0.0,0.0,10507.37,VERIFIED,False,True
USR60090,1,11600.05,1,0,0.0,0.0,11600.05,PENDING,False,True
USR60096,1,4658.35,1,0,1.0,1491.88,4658.35,VERIFIED,False,True
USR60098,1,2429.5,1,0,0.0,0.0,2429.5,VERIFIED,False,True
USR60099,2,38745.38,1,0,0.0,0.0,19372.69,,,False
USR60104,1,8817.25,1,0,1.0,8725.14,8817.25,VERIFIED,False,True
USR60109,1,12614.47,1,0,0.0,0.0,12614.47,,,False
USR60111,1,10861.58,1,0,0.0,0.0,10861.58,KYC_DONE,True,True
USR60122,1,21868.79,1,0,0.0,0.0,21868.79,,,False
USR60123,1,9157.05,0,0,0.0,0.0,9157.05,,,False
USR60125,1,3516.68,0,1,0.0,0.0,3516.68,VERIFIED,False,True
USR60126,1,21075.21,1,0,0.0,0.0,21075.21,,,False
USR60127,1,2673.01,1,0,0.0,0.0,2673.01,VERIFIED,True,True
USR60128,1,22066.31,1,0,0.0,0.0,22066.31,,,False
USR60135,1,5572.86,1,0,0.0,0.0,5572.86,VERIFIED,False,True
USR60144,2,37957.9,1,0,1.0,1506.11,18978.95,,,False
USR60145,1,24381.36,0,1,0.0,0.0,24381.36,VERIFIED,False,True
USR60146,1,2918.0,1,0,0.0,0.0,2918.0,KYC_DONE,False,True
USR60150,2,27625.79,2,0,1.0,0.0,13812.895,,,False
USR60151,1,15154.31,1,0,0.0,0.0,15154.31,REJECTED,False,True
USR60160,1,3436.37,1,0,0.0,0.0,3436.37,,,False
USR60171,1,9877.39,1,0,0.0,0.0,9877.39,,,False
USR60176,1,2010.01,1,0,0.0,0.0,2010.01,,,False
USR60191,1,8234.0,1,0,0.0,0.0,8234.0,,,False
USR60209,1,21139.32,1,0,0.0,0.0,21139.32,,,False
USR60210,1,8356.68,1,0,0.0,0.0,8356.68,,,False
USR60213,1,2143.37,1,0,0.0,0.0,2143.37,VERIFIED,False,True
USR60222,1,3945.94,1,0,1.0,-3175.71,3945.94,,,False
USR60235,1,1688.96,1,0,0.0,0.0,1688.96,,,False
USR60236,1,820.76,1,0,0.0,0.0,820.76,,,False
USR60240,1,5443.25,1,0,0.0,0.0,5443.25,VERIFIED,True,True
USR60242,1,24739.22,1,0,1.0,3164.0,24739.22,,,False
USR60243,1,-14900.69,1,0,0.0,0.0,-14900.69,PENDING,True,True
USR60246,2,18686.21,2,0,0.0,0.0,9343.105,VERIFIED,False,True
USR60252,1,22313.86,1,0,0.0,0.0,22313.86,,,False
USR60262,1,20172.8,1,0,0.0,0.0,20172.8,,,False
USR60269,1,6241.31,1,0,0.0,0.0,6241.31,,,False
USR60285,1,12792.76,0,1,0.0,0.0,12792.76,,,False
USR60294,2,25486.72,2,0,2.0,4181.36,12743.36,VERIFIED,True,True
USR60295,1,2765.01,1,0,0.0,0.0,2765.01,REJECT,False,True
USR60296,2,15922.59,2,0,0.0,0.0,7961.295,,,False
USR60298,2,43906.240000000005,2,0,0.0,0.0,21953.120000000003,,,False
USR60299,1,4701.18,1,0,0.0,0.0,4701.18,,,False
USR60309,1,13283.3,1,0,0.0,0.0,13283.3,,,False
USR60317,1,10.77,1,0,0.0,0.0,10.77,VERIFIED,False,True
USR60322,1,21240.0,1,0,0.0,0.0,21240.0,VERIFIED,False,True
USR60324,1,11044.0,1,0,0.0,0.0,11044.0,,,False
USR60330,1,11462.0,1,0,0.0,0.0,11462.0,,,False
USR60335,1,13859.0,1,0,0.0,0.0,13859.0,,,False
USR60340,1,8905.76,1,0,0.0,0.0,8905.76,REJECTED,False,True
USR60344,1,16931.34,1,0,0.0,0.0,16931.34,VERIFIED,False,True
USR60350,1,5529.11,1,0,1.0,920.19,5529.11,REJECTED,True,True
USR60354,1,13641.0,1,0,0.0,0.0,13641.0,,,False
USR60356,1,13602.02,1,0,0.0,0.0,13602.02,,,False
USR60357,1,18522.83,1,0,0.0,0.0,18522.83,,,False
USR60361,1,17419.3,1,0,0.0,0.0,17419.3,KYC_DONE,False,True
USR60364,1,839.58,1,0,0.0,0.0,839.58,VERIFIED,False,True
USR60367,1,1628.66,0,1,0.0,0.0,1628.66,,,False
USR60369,1,9121.2,1,0,0.0,0.0,9121.2,,,False
USR60371,1,11600.9,1,0,0.0,0.0,11600.9,,,False
USR60378,1,667.1,1,0,0.0,0.0,667.1,,,False
USR60379,1,19401.59,1,0,0.0,0.0,19401.59,,,False
USR60384,1,13895.31,1,0,0.0,0.0,13895.31,,,False
USR60386,1,3111.18,1,0,0.0,0.0,3111.18,VERIFIED,True,True
USR60389,1,21287.36,1,0,0.0,0.0,21287.36,UNDER REVIEW,False,True
USR60390,1,24251.73,1,0,0.0,0.0,24251.73,,,False
USR60393,5,52002.17,5,0,3.0,7432.15,10400.434,KYC_DONE,False,True
USR60394,1,14044.79,1,0,0.0,0.0,14044.79,,,False
USR60407,1,6434.0,1,0,0.0,0.0,6434.0,,,False
USR60430,1,12079.39,1,0,0.0,0.0,12079.39,,,False
USR60437,1,17937.91,1,0,0.0,0.0,17937.91,,,False
USR60446,1,23672.22,1,0,0.0,0.0,23672.22,,,False
USR60448,1,17303.85,1,0,0.0,0.0,17303.85,,,False
USR60449,1,4613.78,1,0,0.0,0.0,4613.78,,,False
USR60457,1,17970.2,0,1,0.0,0.0,17970.2,,,False
USR60466,1,11373.95,0,1,0.0,0.0,11373.95,,,False
USR60469,1,12124.6,1,0,0.0,0.0,12124.6,VERIFIED,False,True
USR60470,1,5382.66,1,0,1.0,90.88,5382.66,,,False
USR60471,1,10688.38,0,1,0.0,0.0,10688.38,,,False
USR60475,1,9086.1,1,0,1.0,813.72,9086.1,,,False
USR60486,1,463.0,1,0,0.0,0.0,463.0,,,False
USR60494,1,1675.63,1,0,1.0,3163.91,1675.63,VERIFIED,False,True
USR60498,1,20778.03,1,0,0.0,0.0,20778.03,,,False
USR60499,1,22733.51,1,0,0.0,0.0,22733.51,,,False
USR60504,1,24126.0,1,0,0.0,0.0,24126.0,,,False
USR60507,1,13924.74,1,0,0.0,0.0,13924.74,,,False
USR60510,3,62390.770000000004,3,0,0.0,0.0,20796.923333333336,,,False
USR60512,1,5702.98,1,0,0.0,0.0,5702.98,,,False
USR60531,1,16306.33,0,0,0.0,0.0,16306.33,,,False
USR60533,1,4509.45,1,0,0.0,0.0,4509.45,UNDER REVIEW,True,True
USR60536,1,4904.0,1,0,0.0,0.0,4904.0,,,False
USR60546,1,24351.04,1,0,1.0,0.0,24351.04,,,False
USR60548,1,5142.15,1,0,1.0,2225.74,5142.15,,,False
USR60551,1,12571.95,1,0,0.0,0.0,12571.95,VERIFIED,False,True
USR60570,1,19979.06,1,0,0.0,0.0,19979.06,VERIFIED,False,True
USR60572,1,22880.26,1,0,0.0,0.0,22880.26,,,False
USR60576,1,4106.65,1,0,0.0,0.0,4106.65,,,False
USR60581,1,23945.75,1,0,0.0,0.0,23945.75,VERIFIED,False,True
USR60585,2,42905.56,1,1,1.0,4101.89,21452.78,,,False
USR60589,1,698.14,1,0,0.0,0.0,698.14,,,False
USR60593,1,17654.39,1,0,0.0,0.0,17654.39,,,False
USR60600,1,6875.54,1,0,0.0,0.0,6875.54,VERIFIED,False,True
USR60606,1,23019.28,0,0,1.0,4219.82,23019.28,VERIFIED,False,True
USR60609,2,15708.39,2,0,0.0,0.0,7854.195,,,False
USR60624,1,11337.01,1,0,1.0,1309.6,11337.01,KYC_DONE,True,True
USR60630,1,13456.99,1,0,0.0,0.0,13456.99,,,False
USR60631,1,2292.92,1,0,0.0,0.0,2292.92,,,False
USR60635,1,9347.28,1,0,0.0,0.0,9347.28,VERIFIED,False,True
USR60641,1,3707.39,1,0,0.0,0.0,3707.39,REJECTED,False,True
USR60643,1,24455.81,1,0,0.0,0.0,24455.81,VERIFIED,False,True
USR60648,1,3447.43,1,0,1.0,1720.02,3447.43,VERIFIED,False,True
USR60666,1,18679.49,1,0,0.0,0.0,18679.49,,,False
USR60672,2,6663.76,2,0,0.0,0.0,3331.88,VERIFIED,False,True
USR60674,1,14021.76,1,0,0.0,0.0,14021.76,VERIFIED,False,True
USR60680,1,21318.13,1,0,0.0,0.0,21318.13,,,False
USR60685,1,2126.36,1,0,0.0,0.0,2126.36,,,False
USR60690,1,-11589.95,1,0,0.0,0.0,-11589.95,,,False
USR60694,1,22691.2,1,0,0.0,0.0,22691.2,VERIFIED,True,True
USR60700,1,17594.41,1,0,0.0,0.0,17594.41,,,False
USR60701,1,2330.56,0,1,0.0,0.0,2330.56,,,False
USR60706,1,1547.96,1,0,0.0,0.0,1547.96,,,False
USR60708,1,18994.78,0,0,0.0,0.0,18994.78,VERIFIED,True,True
USR60709,1,10285.83,0,1,0.0,0.0,10285.83,VERIFIED,False,True
USR60711,1,23769.81,1,0,0.0,0.0,23769.81,,,False
USR60718,1,3212.09,1,0,0.0,0.0,3212.09,,,False
USR60720,1,23281.31,1,0,0.0,0.0,23281.31,,,False
USR60728,1,8867.06,1,0,0.0,0.0,8867.06,,,False
USR60737,1,18888.38,1,0,0.0,0.0,18888.38,,,False
USR60738,1,14564.74,1,0,0.0,0.0,14564.74,,,False
USR60749,1,5276.97,1,0,0.0,0.0,5276.97,,,False
USR60752,1,21087.58,1,0,0.0,0.0,21087.58,,,False
USR60760,1,3441.13,1,0,0.0,0.0,3441.13,,,False
USR60763,1,2154.0,1,0,0.0,0.0,2154.0,,,False
USR60764,1,23542.88,1,0,0.0,0.0,23542.88,,,False
USR60769,1,11551.99,0,1,0.0,0.0,11551.99,,,False
USR60773,1,7303.76,1,0,0.0,0.0,7303.76,,,False
USR60777,1,11403.34,0,1,0.0,0.0,11403.34,VERIFIED,False,True
USR60780,1,15591.46,1,0,0.0,0.0,15591.46,,,False
USR60783,1,1473.0,1,0,0.0,0.0,1473.0,,,False
USR60784,1,6335.01,1,0,0.0,0.0,6335.01,,,False
USR60788,1,3893.47,1,0,0.0,0.0,3893.47,,,False
USR60790,1,19973.27,1,0,0.0,0.0,19973.27,,,False
USR60793,2,14245.65,2,0,1.0,1712.22,7122.825,,,False
USR60794,1,9526.0,1,0,0.0,0.0,9526.0,,,False
USR60800,1,-7170.67,1,0,0.0,0.0,-7170.67,VERIFIED,True,True
USR60805,1,9339.15,0,1,0.0,0.0,9339.15,,,False
USR60806,1,23432.0,1,0,0.0,0.0,23432.0,,,False
USR60816,2,-9074.869999999999,1,1,0.0,0.0,-4537.4349999999995,,,False
USR60818,1,12106.13,0,1,0.0,0.0,12106.13,,,False
USR60822,1,17406.94,1,0,0.0,0.0,17406.94,,,False
USR60831,1,16398.35,1,0,0.0,0.0,16398.35,VERIFIED,False,True
USR60834,1,5389.57,1,0,0.0,0.0,5389.57,,,False
USR60836,1,11245.09,1,0,1.0,988.98,11245.09,,,False
USR60837,1,11495.01,1,0,0.0,0.0,11495.01,,,False
USR60840,1,18632.92,1,0,0.0,0.0,18632.92,VERIFIED,False,True
USR60841,1,23928.0,1,0,0.0,0.0,23928.0,,,False
USR60842,3,50182.020000000004,3,0,2.0,5180.59,16727.34,,,False
USR60845,1,22436.5,1,0,0.0,0.0,22436.5,,,False
USR60847,1,1080.5,1,0,0.0,0.0,1080.5,REJECTED,True,True
USR60849,1,15879.0,1,0,0.0,0.0,15879.0,,,False
USR60859,1,-5836.35,1,0,1.0,3397.0,-5836.35,,,False
USR60864,1,11724.51,1,0,0.0,0.0,11724.51,,,False
USR60872,1,3101.06,1,0,0.0,0.0,3101.06,,,False
USR60873,1,3914.97,1,0,0.0,0.0,3914.97,,,False
USR60879,1,21612.19,1,0,0.0,0.0,21612.19,,,False
USR60882,1,3323.23,1,0,0.0,0.0,3323.23,,,False
USR60888,1,10366.6,0,1,0.0,0.0,10366.6,,,False
USR60889,1,20227.37,0,1,0.0,0.0,20227.37,,,False
USR60890,2,19651.5,2,0,0.0,0.0,9825.75,,,False
USR60895,1,13392.14,1,0,1.0,4563.14,13392.14,KYC_DONE,False,True
USR60900,1,14958.87,1,0,0.0,0.0,14958.87,VERIFIED,False,True
USR60903,1,3715.58,1,0,0.0,0.0,3715.58,,,False
USR60907,2,44606.0,2,0,0.0,0.0,22303.0,,,False
USR60910,2,27304.71,2,0,1.0,2596.26,13652.355,,,False
USR60913,2,22451.059999999998,2,0,0.0,0.0,11225.529999999999,,,False
USR60915,1,18782.0,1,0,0.0,0.0,18782.0,VERIFIED,False,True
USR60922,2,26168.38,1,1,0.0,0.0,13084.19,,,False
USR60926,1,1427.0,1,0,0.0,0.0,1427.0,,,False
USR60927,1,9522.35,1,0,0.0,0.0,9522.35,,,False
USR60930,1,353.5,1,0,0.0,0.0,353.5,VERIFIED,False,True
USR60934,1,18661.85,0,1,0.0,0.0,18661.85,VERIFIED,False,True
USR60950,1,5506.0,1,0,0.0,0.0,5506.0,,,False
USR60957,1,24743.18,1,0,0.0,0.0,24743.18,,,False
USR60960,1,5065.0,1,0,0.0,0.0,5065.0,,,False
USR60961,1,19392.54,1,0,1.0,497.48,19392.54,,,False
USR60966,1,8744.16,1,0,0.0,0.0,8744.16,,,False
USR60969,1,22155.68,1,0,0.0,0.0,22155.68,VERIFIED,False,True
USR60978,1,24640.98,0,1,0.0,0.0,24640.98,,,False
USR60987,1,24606.4,1,0,0.0,0.0,24606.4,VERIFIED,False,True
USR60989,1,18360.4,0,1,1.0,0.0,18360.4,,,False
USR60990,1,7667.32,1,0,0.0,0.0,7667.32,,,False
USR60992,1,21242.69,1,0,0.0,0.0,21242.69,,,False
USR60995,2,43818.729999999996,1,1,0.0,0.0,21909.364999999998,KYC_DONE,False,True
USR60997,1,9411.0,1,0,0.0,0.0,9411.0,KYC_DONE,True,True
USR60998,2,28525.39,2,0,1.0,1561.28,14262.695,VERIFIED,False,True
USR61014,1,9559.27,1,0,0.0,0.0,9559.27,,,False
USR61018,1,13371.0,1,0,0.0,0.0,13371.0,,,False
USR61021,1,15853.0,0,1,1.0,1441.68,15853.0,,,False
USR61023,1,20222.57,1,0,0.0,0.0,20222.57,VERIFIED,False,True
USR61024,2,8787.41,2,0,0.0,0.0,4393.705,,,False
USR61025,1,21132.84,1,0,0.0,0.0,21132.84,,,False
USR61031,2,33460.19,2,0,2.0,6725.389999999999,16730.095,,,False
USR61039,1,2371.0,1,0,0.0,0.0,2371.0,,,False
USR61047,1,23056.55,1,0,0.0,0.0,23056.55,,,False
USR61050,2,27299.87,2,0,0.0,0.0,13649.935,,,False
USR61060,1,17111.01,0,1,0.0,0.0,17111.01,,,False
USR61062,1,7069.58,1,0,0.0,0.0,7069.58,,,False
USR61067,2,12856.39,2,0,0.0,0.0,6428.195,VERIFIED,False,True
USR61069,1,14099.8,0,1,0.0,0.0,14099.8,,,False
USR61076,1,799.34,1,0,0.0,0.0,799.34,,,False
USR61080,1,17889.12,1,0,0.0,0.0,17889.12,,,False
USR61088,2,19767.95,2,0,0.0,0.0,9883.975,VERIFIED,False,True
USR61091,1,23477.64,1,0,0.0,0.0,23477.64,VERIFIED,True,True
USR61095,1,14290.5,1,0,1.0,1848.85,14290.5,,,False
USR61098,1,6349.88,1,0,0.0,0.0,6349.88,,,False
USR61100,1,1059.72,1,0,0.0,0.0,1059.72,,,False
USR61102,1,6844.13,1,0,0.0,0.0,6844.13,,,False
USR61107,1,8386.85,1,0,0.0,0.0,8386.85,,,False
USR61109,2,6253.43,2,0,0.0,0.0,3126.715,,,False
USR61111,1,15526.68,1,0,0.0,0.0,15526.68,,,False
USR61126,2,21216.89,2,0,1.0,2117.2,10608.445,VERIFIED,False,True
USR61129,1,21754.87,1,0,1.0,3445.69,21754.87,,,False
USR61136,1,15376.43,1,0,0.0,0.0,15376.43,,,False
USR61138,1,19938.0,1,0,0.0,0.0,19938.0,,,False
USR61142,1,8031.72,1,0,1.0,504.51,8031.72,,,False
USR61167,1,19297.42,1,0,0.0,0.0,19297.42,,,False
USR61170,1,19203.13,1,0,0.0,0.0,19203.13,,,False
USR61171,1,3640.7,1,0,1.0,865.19,3640.7,VERIFIED,False,True
USR61174,1,14552.61,1,0,1.0,5981.0,14552.61,PENDING,False,True
USR61183,1,19571.0,0,1,1.0,26207.56,19571.0,,,False
USR61195,1,1228.67,1,0,0.0,0.0,1228.67,,,False
USR61196,1,4164.07,1,0,0.0,0.0,4164.07,,,False
USR61197,1,11655.43,1,0,0.0,0.0,11655.43,PENDING,False,True
USR61206,1,11072.92,1,0,0.0,0.0,11072.92,,,False
USR61208,1,13719.22,1,0,0.0,0.0,13719.22,VERIFIED,False,True
USR61210,1,-10497.17,1,0,0.0,0.0,-10497.17,VERIFIED,False,True
USR61211,1,8163.09,1,0,0.0,0.0,8163.09,,,False
USR61214,1,14649.0,1,0,0.0,0.0,14649.0,,,False
USR61216,2,20575.7,2,0,1.0,384.66,10287.85,,,False
USR61218,1,4234.75,1,0,0.0,0.0,4234.75,KYC_DONE,False,True
USR61219,1,14487.07,1,0,0.0,0.0,14487.07,VERIFIED,False,True
USR61221,2,34816.82,2,0,0.0,0.0,17408.41,,,False
USR61222,1,4255.48,1,0,0.0,0.0,4255.48,,,False
USR61224,1,18599.19,1,0,0.0,0.0,18599.19,KYC_DONE,False,True
USR61228,1,18242.87,1,0,0.0,0.0,18242.87,,,False
USR61231,1,12911.92,1,0,0.0,0.0,12911.92,,,False
USR61238,1,14224.78,1,0,1.0,0.0,14224.78,VERIFIED,True,True
USR61239,1,21372.0,1,0,0.0,0.0,21372.0,VERIFIED,False,True
USR61246,1,19947.0,1,0,0.0,0.0,19947.0,,,False
USR61249,1,11300.0,0,1,0.0,0.0,11300.0,,,False
USR61252,1,22233.36,1,0,0.0,0.0,22233.36,,,False
USR61259,1,7402.38,1,0,0.0,0.0,7402.38,VERIFIED,True,True
USR61265,1,12866.02,1,0,0.0,0.0,12866.02,,,False
USR61270,1,4508.19,1,0,0.0,0.0,4508.19,,,False
USR61277,2,17500.79,1,1,0.0,0.0,8750.395,VERIFIED,False,True
USR61280,1,10599.22,1,0,0.0,0.0,10599.22,,,False
USR61287,1,15776.74,0,1,0.0,0.0,15776.74,,,False
USR61290,1,14298.59,1,0,0.0,0.0,14298.59,,,False
USR61299,1,21694.4,1,0,0.0,0.0,21694.4,,,False
USR61303,1,14484.74,1,0,0.0,0.0,14484.74,VERIFIED,False,True
USR61304,1,10850.86,0,1,0.0,0.0,10850.86,,,False
USR61315,1,9732.63,1,0,0.0,0.0,9732.63,,,False
USR61316,1,7593.3,1,0,0.0,0.0,7593.3,VERIFIED,False,True
USR61328,1,6328.85,0,1,1.0,807.97,6328.85,,,False
USR61331,1,24084.37,1,0,0.0,0.0,24084.37,,,False
USR61332,1,16246.82,1,0,0.0,0.0,16246.82,VERIFIED,False,True
USR61337,1,18331.68,1,0,0.0,0.0,18331.68,,,False
USR61346,1,-14051.83,1,0,0.0,0.0,-14051.83,PENDING,True,True
USR61348,1,3400.0,1,0,0.0,0.0,3400.0,PENDING,False,True
USR61352,1,112.5,1,0,0.0,0.0,112.5,,,False
USR61364,1,15171.92,1,0,1.0,1362.36,15171.92,,,False
USR61366,1,6979.01,1,0,0.0,0.0,6979.01,REJECTED,False,True
USR61368,1,17800.47,1,0,0.0,0.0,17800.47,,,False
USR61375,1,586.35,0,1,0.0,0.0,586.35,,,False
USR61378,1,13934.9,1,0,1.0,966.0,13934.9,VERIFIED,False,True
USR61393,1,13306.85,1,0,0.0,0.0,13306.85,,,False
USR61402,1,9268.1,1,0,0.0,0.0,9268.1,,,False
USR61404,1,4023.07,1,0,0.0,0.0,4023.07,,,False
USR61410,1,1915.22,1,0,0.0,0.0,1915.22,,,False
USR61413,2,22709.48,1,1,0.0,0.0,11354.74,,,False
USR61420,1,16206.47,1,0,0.0,0.0,16206.47,,,False
USR61432,1,2857.91,1,0,0.0,0.0,2857.91,VERIFIED,False,True
USR61434,1,24915.06,1,0,0.0,0.0,24915.06,VERIFIED,False,True
USR61435,1,20364.55,1,0,0.0,0.0,20364.55,VERIFIED,False,True
USR61445,1,13426.11,1,0,0.0,0.0,13426.11,PENDING,True,True
USR61456,1,13975.43,1,0,0.0,0.0,13975.43,,,False
USR61462,1,17856.69,1,0,0.0,0.0,17856.69,KYC_DONE,False,True
USR61463,1,6785.0,1,0,0.0,0.0,6785.0,,,False
USR61468,1,23898.41,1,0,0.0,0.0,23898.41,,,False
USR61485,1,9245.66,1,0,0.0,0.0,9245.66,,,False
USR61487,1,12946.03,1,0,0.0,0.0,12946.03,VERIFIED,False,True
USR61488,1,17213.24,1,0,0.0,0.0,17213.24,,,False
USR61491,1,7566.94,1,0,0.0,0.0,7566.94,,,False
USR61496,1,21906.0,1,0,0.0,0.0,21906.0,,,False
USR61500,1,14273.51,1,0,1.0,1731.53,14273.51,,,False
USR61509,1,24007.06,1,0,0.0,0.0,24007.06,VERIFIED,False,True
USR61514,1,23063.0,1,0,0.0,0.0,23063.0,,,False
USR61516,1,21408.13,1,0,0.0,0.0,21408.13,KYC_DONE,False,True
USR61521,1,9319.0,1,0,0.0,0.0,9319.0,,,False
USR61522,1,8647.22,1,0,0.0,0.0,8647.22,,,False
USR61534,1,7583.61,1,0,0.0,0.0,7583.61,,,False
USR61544,1,965.0,1,0,0.0,0.0,965.0,,,False
USR61546,1,21853.05,1,0,0.0,0.0,21853.05,,,False
USR61550,1,10868.22,1,0,0.0,0.0,10868.22,,,False
USR61556,1,4277.16,1,0,0.0,0.0,4277.16,VERIFIED,False,True
USR61558,1,24412.48,1,0,0.0,0.0,24412.48,,,False
USR61559,1,2861.73,1,0,0.0,0.0,2861.73,,,False
USR61561,1,1497.56,1,0,1.0,15086.0,1497.56,,,False
USR61562,1,14704.13,1,0,0.0,0.0,14704.13,,,False
USR61563,1,-15853.68,1,0,0.0,0.0,-15853.68,PENDING,False,True
USR61573,2,21327.52,2,0,2.0,118.39999999999986,10663.76,,,False
USR61574,1,2239.27,1,0,0.0,0.0,2239.27,,,False
USR61577,1,15355.48,1,0,0.0,0.0,15355.48,,,False
USR61582,2,37888.229999999996,2,0,0.0,0.0,18944.114999999998,,,False
USR61592,1,23160.3,0,1,0.0,0.0,23160.3,,,False
USR61593,1,8924.51,1,0,1.0,1816.0,8924.51,,,False
USR61596,1,13922.0,1,0,0.0,0.0,13922.0,KYC_DONE,True,True
USR61597,1,11822.95,1,0,0.0,0.0,11822.95,,,False
USR61605,1,5693.27,1,0,0.0,0.0,5693.27,,,False
USR61608,1,3321.79,1,0,0.0,0.0,3321.79,,,False
USR61616,1,20810.76,1,0,0.0,0.0,20810.76,VERIFIED,True,True
USR61617,1,5559.41,1,0,0.0,0.0,5559.41,,,False
USR61622,1,15576.03,0,1,0.0,0.0,15576.03,,,False
USR61630,1,6599.82,1,0,2.0,10015.0,6599.82,VERIFIED,True,True
USR61642,1,14844.33,1,0,0.0,0.0,14844.33,,,False
USR61648,1,22251.23,1,0,1.0,-1426.33,22251.23,,,False
USR61651,1,23210.0,1,0,0.0,0.0,23210.0,VERIFIED,False,True
USR61657,1,4476.0,0,1,0.0,0.0,4476.0,,,False
USR61662,1,13820.34,1,0,0.0,0.0,13820.34,,,False
USR61666,1,5042.0,1,0,0.0,0.0,5042.0,VERIFIED,True,True
USR61668,1,215.5,1,0,0.0,0.0,215.5,,,False
USR61673,1,21922.43,1,0,1.0,1897.14,21922.43,,,False
USR61687,1,1861.13,0,0,0.0,0.0,1861.13,,,False
USR61693,1,2223.32,1,0,0.0,0.0,2223.32,,,False
USR61694,1,8921.34,1,0,0.0,0.0,8921.34,,,False
USR61697,1,17586.49,0,1,1.0,1549.0,17586.49,,,False
USR61698,1,10638.45,1,0,0.0,0.0,10638.45,VERIFIED,False,True
USR61707,1,8713.38,1,0,0.0,0.0,8713.38,VERIFIED,False,True
USR61710,1,7138.26,1,0,0.0,0.0,7138.26,,,False
USR61711,1,20756.77,1,0,0.0,0.0,20756.77,,,False
USR61716,1,515.24,1,0,0.0,0.0,515.24,KYC_DONE,False,True
USR61721,1,14139.74,1,0,0.0,0.0,14139.74,VERIFIED,False,True
USR61724,1,3158.79,0,1,0.0,0.0,3158.79,,,False
USR61729,1,17833.0,1,0,0.0,0.0,17833.0,,,False
USR61735,1,7821.24,1,0,0.0,0.0,7821.24,,,False
USR61736,2,9695.9,2,0,0.0,0.0,4847.95,PENDING,True,True
USR61745,2,18362.6,2,0,1.0,689.0,9181.3,,,False
USR61748,1,10483.3,1,0,0.0,0.0,10483.3,,,False
USR61758,1,9185.57,1,0,0.0,0.0,9185.57,,,False
USR61761,1,18851.51,1,0,0.0,0.0,18851.51,PENDING,False,True
USR61768,1,8769.51,1,0,1.0,2280.54,8769.51,,,False
USR61769,1,1932.0,1,0,0.0,0.0,1932.0,VERIFIED,False,True
USR61773,1,14528.4,1,0,0.0,0.0,14528.4,,,False
USR61775,1,9803.84,1,0,0.0,0.0,9803.84,,,False
USR61790,1,8985.51,1,0,0.0,0.0,8985.51,,,False
USR61795,1,10738.0,1,0,0.0,0.0,10738.0,PENDING,False,True
USR61796,1,11586.78,1,0,0.0,0.0,11586.78,VERIFIED,False,True
USR61798,1,17855.84,0,0,0.0,0.0,17855.84,,,False
USR61805,1,10706.2,1,0,0.0,0.0,10706.2,,,False
USR61807,1,8786.98,0,1,0.0,0.0,8786.98,,,False
USR61827,1,19634.51,1,0,0.0,0.0,19634.51,,,False
USR61829,2,23713.989999999998,1,0,0.0,0.0,11856.994999999999,KYC_DONE,False,True
USR61832,1,6127.85,1,0,0.0,0.0,6127.85,,,False
USR61834,1,839.4,1,0,0.0,0.0,839.4,,,False
USR61838,1,11231.45,1,0,0.0,0.0,11231.45,,,False
USR61841,1,9839.89,1,0,0.0,0.0,9839.89,,,False
USR61842,1,20019.31,0,0,0.0,0.0,20019.31,,,False
USR61843,1,21543.66,1,0,0.0,0.0,21543.66,,,False
USR61850,1,20094.3,1,0,0.0,0.0,20094.3,VERIFIED,False,True
USR61857,1,3204.96,1,0,0.0,0.0,3204.96,,,False
USR61871,1,11854.3,1,0,0.0,0.0,11854.3,,,False
USR61879,2,30512.989999999998,2,0,0.0,0.0,15256.494999999999,UNDER REVIEW,False,True
USR61881,1,16015.68,1,0,0.0,0.0,16015.68,,,False
USR61887,1,5364.65,1,0,1.0,5937.26,5364.65,,,False
USR61891,1,4805.0,1,0,0.0,0.0,4805.0,,,False
USR61902,1,6432.59,1,0,0.0,0.0,6432.59,,,False
USR61903,2,42913.65,2,0,0.0,0.0,21456.825,,,False
USR61908,1,22612.8,1,0,1.0,307.0,22612.8,,,False
USR61911,1,23438.77,1,0,0.0,0.0,23438.77,,,False
USR61915,1,786.11,1,0,0.0,0.0,786.11,KYC_DONE,False,True
USR61928,1,20311.94,1,0,0.0,0.0,20311.94,,,False
USR61932,2,22324.0,2,0,0.0,0.0,11162.0,VERIFIED,False,True
USR61934,1,24039.86,1,0,0.0,0.0,24039.86,,,False
USR61935,1,21824.92,1,0,0.0,0.0,21824.92,VERIFIED,False,True
USR61936,2,32682.75,2,0,0.0,0.0,16341.375,,,False
USR61944,1,21281.66,0,0,0.0,0.0,21281.66,,,False
USR61948,1,12355.35,1,0,0.0,0.0,12355.35,,,False
USR61949,1,16495.66,0,1,1.0,330.36,16495.66,VERIFIED,True,True
USR61950,1,21375.8,0,0,0.0,0.0,21375.8,,,False
USR61951,3,2931.9300000000003,2,1,1.0,616.19,977.3100000000001,,,False
USR61960,1,18879.15,1,0,0.0,0.0,18879.15,VERIFIED,False,True
USR61961,1,6673.82,0,1,0.0,0.0,6673.82,,,False
USR61967,1,15249.19,1,0,0.0,0.0,15249.19,VERIFIED,False,True
USR61968,1,20309.81,1,0,2.0,1580.77,20309.81,VERIFIED,False,True
USR61971,1,-4599.7,1,0,0.0,0.0,-4599.7,,,False
USR61976,1,19434.78,1,0,1.0,1195.47,19434.78,VERIFIED,False,True
USR61983,1,18742.16,1,0,0.0,0.0,18742.16,,,False
USR61997,1,24057.67,1,0,0.0,0.0,24057.67,,,False
USR62003,1,15920.38,1,0,0.0,0.0,15920.38,,,False
USR62004,1,2356.58,1,0,0.0,0.0,2356.58,,,False
USR62007,1,20418.8,0,1,0.0,0.0,20418.8,VERIFIED,False,True
USR62011,1,12213.49,1,0,0.0,0.0,12213.49,VERIFIED,False,True
USR62017,1,16992.0,1,0,0.0,0.0,16992.0,,,False
USR62031,1,13980.0,1,0,0.0,0.0,13980.0,VERIFIED,False,True
USR62032,1,14624.85,0,1,0.0,0.0,14624.85,,,False
USR62035,1,24361.0,1,0,0.0,0.0,24361.0,,,False
USR62044,2,18622.199999999997,1,0,0.0,0.0,9311.099999999999,,,False
USR62045,1,17557.09,0,1,0.0,0.0,17557.09,,,False
USR62046,1,24803.86,1,0,0.0,0.0,24803.86,,,False
USR62048,1,18703.39,1,0,0.0,0.0,18703.39,,,False
USR62052,1,5776.06,1,0,0.0,0.0,5776.06,VERIFIED,False,True
USR62059,1,6720.66,1,0,0.0,0.0,6720.66,,,False
USR62069,1,21450.22,1,0,1.0,0.0,21450.22,,,False
USR62072,1,8545.84,0,1,0.0,0.0,8545.84,,,False
USR62076,1,12879.35,1,0,0.0,0.0,12879.35,,,False
USR62099,2,11702.210000000001,2,0,1.0,3905.0,5851.1050000000005,,,False
USR62103,1,9942.37,1,0,0.0,0.0,9942.37,REJECTED,False,True
USR62106,1,20715.6,1,0,0.0,0.0,20715.6,,,False
USR62108,1,12981.85,1,0,1.0,1157.85,12981.85,KYC_DONE,False,True
USR62111,1,21489.6,1,0,0.0,0.0,21489.6,KYC_DONE,True,True
USR62120,1,8097.0,0,0,0.0,0.0,8097.0,KYC_DONE,False,True
USR62126,1,5767.07,1,0,0.0,0.0,5767.07,,,False
USR62127,1,8186.73,1,0,0.0,0.0,8186.73,,,False
USR62136,1,16598.61,1,0,0.0,0.0,16598.61,,,False
USR62138,1,7178.8,1,0,0.0,0.0,7178.8,,,False
USR62142,1,2772.47,1,0,0.0,0.0,2772.47,,,False
USR62144,1,21094.78,1,0,0.0,0.0,21094.78,VERIFIED,False,True
USR62148,1,12204.06,1,0,0.0,0.0,12204.06,VERIFIED,False,True
USR62151,1,16230.52,1,0,0.0,0.0,16230.52,VERIFIED,False,True
USR62153,1,21560.89,1,0,0.0,0.0,21560.89,,,False
USR62157,1,13496.15,1,0,0.0,0.0,13496.15,,,False
USR62162,1,22303.2,1,0,0.0,0.0,22303.2,,,False
USR62165,1,1691.44,0,1,0.0,0.0,1691.44,REJECT,True,True
USR62166,1,17390.26,1,0,0.0,0.0,17390.26,,,False
USR62180,1,12570.97,1,0,0.0,0.0,12570.97,,,False
USR62183,1,15177.57,1,0,0.0,0.0,15177.57,,,False
USR62184,1,21467.65,1,0,0.0,0.0,21467.65,,,False
USR62185,1,16310.08,1,0,0.0,0.0,16310.08,VERIFIED,False,True
USR62186,1,3502.89,1,0,0.0,0.0,3502.89,,,False
USR62187,1,13519.87,1,0,0.0,0.0,13519.87,,,False
USR62190,1,4340.63,1,0,1.0,0.0,4340.63,,,False
USR62193,1,2776.91,1,0,0.0,0.0,2776.91,,,False
USR62194,1,15400.09,1,0,0.0,0.0,15400.09,VERIFIED,False,True
USR62197,1,23427.0,1,0,0.0,0.0,23427.0,VERIFIED,False,True
USR62205,1,524.41,1,0,0.0,0.0,524.41,VERIFIED,False,True
USR62208,1,814.0,1,0,0.0,0.0,814.0,,,False
USR62213,1,6574.76,1,0,0.0,0.0,6574.76,,,False
USR62215,1,17623.56,1,0,0.0,0.0,17623.56,,,False
USR62218,1,20366.22,1,0,0.0,0.0,20366.22,,,False
USR62220,1,2824.05,1,0,0.0,0.0,2824.05,,,False
USR62222,2,24928.239999999998,2,0,0.0,0.0,12464.119999999999,VERIFIED,False,True
USR62228,2,21237.870000000003,2,0,0.0,0.0,10618.935000000001,,,False
USR62231,1,19390.44,1,0,0.0,0.0,19390.44,,,False
USR62232,1,16348.45,1,0,0.0,0.0,16348.45,VERIFIED,False,True
USR62244,3,53105.71,2,1,0.0,0.0,17701.903333333332,,,False
USR62250,2,27048.45,2,0,1.0,1144.6,13524.225,,,False
USR62254,3,40821.56,3,0,0.0,0.0,13607.186666666666,VERIFIED,True,True
USR62257,1,3667.89,1,0,0.0,0.0,3667.89,,,False
USR62266,1,18058.61,1,0,0.0,0.0,18058.61,VERIFIED,False,True
USR62274,1,24141.67,1,0,0.0,0.0,24141.67,,,False
USR62282,1,16310.77,1,0,1.0,-7577.71,16310.77,,,False
USR62284,1,20118.74,0,1,0.0,0.0,20118.74,,,False
USR62297,1,20149.0,1,0,0.0,0.0,20149.0,,,False
USR62307,1,3951.0,1,0,0.0,0.0,3951.0,,,False
USR62310,1,9982.02,0,1,1.0,7838.0,9982.02,VERIFIED,False,True
USR62311,1,8971.69,1,0,0.0,0.0,8971.69,,,False
USR62317,1,17406.69,1,0,0.0,0.0,17406.69,KYC_DONE,False,True
USR62321,1,3138.39,1,0,0.0,0.0,3138.39,,,False
USR62329,1,2580.04,1,0,0.0,0.0,2580.04,PENDING,False,True
USR62330,1,6845.0,1,0,0.0,0.0,6845.0,,,False
USR62336,3,14411.79,3,0,1.0,1275.75,4803.93,VERIFIED,True,True
USR62341,2,39882.15,2,0,1.0,658.27,19941.075,,,False
USR62342,2,45300.56,1,1,0.0,0.0,22650.28,,,False
USR62344,1,22113.57,0,0,0.0,0.0,22113.57,,,False
USR62345,1,12833.41,1,0,0.0,0.0,12833.41,,,False
USR62352,1,9710.26,1,0,0.0,0.0,9710.26,PENDING,False,True
USR62354,2,16576.59,2,0,0.0,0.0,8288.295,,,False
USR62378,1,7327.62,1,0,0.0,0.0,7327.62,,,False
USR62385,1,7551.46,1,0,1.0,1866.96,7551.46,,,False
USR62390,1,19546.68,1,0,0.0,0.0,19546.68,,,False
USR62393,1,988.0,1,0,0.0,0.0,988.0,PENDING,False,True
USR62398,1,24767.48,1,0,0.0,0.0,24767.48,,,False
USR62403,1,17370.0,1,0,0.0,0.0,17370.0,VERIFIED,False,True
USR62404,1,22056.49,1,0,0.0,0.0,22056.49,,,False
USR62409,1,1431.47,1,0,0.0,0.0,1431.47,,,False
USR62413,1,20566.79,1,0,0.0,0.0,20566.79,VERIFIED,False,True
USR62415,1,10144.08,1,0,0.0,0.0,10144.08,,,False
USR62421,1,25.28,0,0,0.0,0.0,25.28,PENDING,False,True
USR62425,1,4686.75,1,0,0.0,0.0,4686.75,REJECT,False,True
USR62435,1,22381.22,1,0,0.0,0.0,22381.22,VERIFIED,False,True
USR62436,1,3778.31,1,0,0.0,0.0,3778.31,,,False
USR62437,1,7298.55,1,0,0.0,0.0,7298.55,,,False
USR62439,1,5617.33,1,0,0.0,0.0,5617.33,,,False
USR62442,1,21913.38,1,0,0.0,0.0,21913.38,,,False
USR62445,1,10610.38,1,0,0.0,0.0,10610.38,,,False
USR62452,1,1653.76,1,0,0.0,0.0,1653.76,,,False
USR62453,1,21112.0,1,0,0.0,0.0,21112.0,,,False
USR62455,1,20813.84,1,0,0.0,0.0,20813.84,,,False
USR62456,1,16344.0,1,0,0.0,0.0,16344.0,,,False
USR62459,1,21229.92,0,0,0.0,0.0,21229.92,PENDING,False,True
USR62468,1,23347.13,1,0,0.0,0.0,23347.13,VERIFIED,True,True
USR62469,1,8772.17,1,0,0.0,0.0,8772.17,,,False
USR62488,1,22576.3,0,1,0.0,0.0,22576.3,,,False
USR62489,2,34820.36,2,0,0.0,0.0,17410.18,VERIFIED,False,True
USR62491,1,23373.0,0,0,0.0,0.0,23373.0,,,False
USR62502,1,21567.39,1,0,0.0,0.0,21567.39,KYC_DONE,False,True
USR62506,1,18826.19,1,0,1.0,4100.6,18826.19,,,False
USR62508,1,11991.58,1,0,0.0,0.0,11991.58,,,False
USR62509,1,22771.5,1,0,0.0,0.0,22771.5,,,False
USR62513,1,21324.15,1,0,1.0,433.23,21324.15,,,False
USR62517,1,240.05,1,0,0.0,0.0,240.05,,,False
USR62521,1,13576.52,0,0,1.0,0.0,13576.52,,,False
USR62525,2,25088.59,2,0,0.0,0.0,12544.295,,,False
USR62527,1,12570.9,1,0,0.0,0.0,12570.9,,,False
USR62530,1,18491.38,1,0,0.0,0.0,18491.38,,,False
USR62531,1,1424.81,1,0,1.0,3749.0,1424.81,,,False
USR62532,1,3554.83,1,0,0.0,0.0,3554.83,,,False
USR62535,1,15179.65,1,0,0.0,0.0,15179.65,VERIFIED,True,True
USR62542,1,19406.04,1,0,0.0,0.0,19406.04,,,False
USR62543,1,4544.14,1,0,1.0,2117.07,4544.14,,,False
USR62545,2,30000.71,2,0,1.0,2570.74,15000.355,,,False
USR62548,1,6055.23,1,0,0.0,0.0,6055.23,KYC_DONE,False,True
USR62552,1,23529.1,0,1,0.0,0.0,23529.1,VERIFIED,False,True
USR62572,1,15131.19,0,0,0.0,0.0,15131.19,,,False
USR62573,1,5642.8,1,0,1.0,-1923.55,5642.8,,,False
USR62575,1,2226.68,1,0,0.0,0.0,2226.68,VERIFIED,True,True
USR62579,1,14212.03,0,1,0.0,0.0,14212.03,REJECTED,True,True
USR62590,1,24117.62,1,0,0.0,0.0,24117.62,PENDING,False,True
USR62595,1,2432.83,1,0,0.0,0.0,2432.83,VERIFIED,False,True
USR62597,1,7428.33,0,0,0.0,0.0,7428.33,VERIFIED,False,True
USR62598,1,14579.13,1,0,0.0,0.0,14579.13,,,False
USR62600,1,19298.18,1,0,0.0,0.0,19298.18,,,False
USR62601,1,20351.12,1,0,0.0,0.0,20351.12,,,False
USR62602,2,24870.12,2,0,1.0,717.53,12435.06,VERIFIED,False,True
USR62606,1,17097.0,1,0,0.0,0.0,17097.0,VERIFIED,False,True
USR62609,1,14287.29,1,0,0.0,0.0,14287.29,VERIFIED,False,True
USR62615,1,10536.99,1,0,0.0,0.0,10536.99,,,False
USR62617,1,15181.28,1,0,0.0,0.0,15181.28,VERIFIED,False,True
USR62618,1,15354.64,1,0,0.0,0.0,15354.64,KYC_DONE,False,True
USR62620,2,24261.39,2,0,0.0,0.0,12130.695,,,False
USR62621,1,16413.76,1,0,0.0,0.0,16413.76,,,False
USR62623,1,983.92,1,0,0.0,0.0,983.92,KYC_DONE,False,True
USR62625,1,1198.21,1,0,0.0,0.0,1198.21,REJECTED,True,True
USR62627,1,5854.35,1,0,0.0,0.0,5854.35,,,False
USR62633,1,8228.23,1,0,0.0,0.0,8228.23,,,False
USR62635,1,4020.0,1,0,0.0,0.0,4020.0,,,False
USR62645,1,17438.82,1,0,1.0,426.17,17438.82,,,False
USR62652,1,1743.34,1,0,0.0,0.0,1743.34,,,False
USR62654,1,6523.86,0,0,0.0,0.0,6523.86,VERIFIED,False,True
USR62655,1,21853.85,1,0,0.0,0.0,21853.85,VERIFIED,False,True
USR62662,1,17556.63,1,0,0.0,0.0,17556.63,,,False
USR62663,2,7778.81,2,0,0.0,0.0,3889.405,,,False
USR62664,1,23133.95,1,0,0.0,0.0,23133.95,KYC_DONE,True,True
USR62665,1,-3302.95,1,0,1.0,4816.24,-3302.95,,,False
USR62674,1,18907.78,1,0,0.0,0.0,18907.78,,,False
USR62676,1,18216.84,1,0,0.0,0.0,18216.84,,,False
USR62684,1,991.23,1,0,0.0,0.0,991.23,,,False
USR62685,1,20651.2,1,0,0.0,0.0,20651.2,,,False
USR62686,1,1105.74,1,0,0.0,0.0,1105.74,,,False
USR62698,1,3844.89,1,0,0.0,0.0,3844.89,,,False
USR62699,1,12413.11,1,0,0.0,0.0,12413.11,VERIFIED,True,True
USR62705,2,31764.93,2,0,0.0,0.0,15882.465,,,False
USR62708,1,11070.3,1,0,0.0,0.0,11070.3,,,False
USR62716,1,19174.0,0,0,0.0,0.0,19174.0,VERIFIED,False,True
USR62719,1,23643.99,1,0,0.0,0.0,23643.99,VERIFIED,False,True
USR62720,1,5862.52,1,0,0.0,0.0,5862.52,VERIFIED,False,True
USR62721,1,21843.73,0,1,0.0,0.0,21843.73,,,False
USR62730,1,9483.38,1,0,0.0,0.0,9483.38,,,False
USR62748,1,23516.51,1,0,0.0,0.0,23516.51,,,False
USR62750,1,9431.0,1,0,0.0,0.0,9431.0,,,False
USR62751,1,21432.2,1,0,0.0,0.0,21432.2,,,False
USR62755,1,19526.0,1,0,0.0,0.0,19526.0,,,False
USR62756,1,4556.72,0,0,0.0,0.0,4556.72,,,False
USR62761,1,24960.55,1,0,0.0,0.0,24960.55,PENDING,False,True
USR62766,1,2154.0,0,1,0.0,0.0,2154.0,,,False
USR62774,1,22600.36,1,0,0.0,0.0,22600.36,,,False
USR62777,1,5157.64,1,0,0.0,0.0,5157.64,,,False
USR62782,1,24144.6,1,0,0.0,0.0,24144.6,VERIFIED,False,True
USR62793,1,24138.29,1,0,0.0,0.0,24138.29,,,False
USR62797,1,2378.26,1,0,0.0,0.0,2378.26,REJECTED,True,True
USR62799,1,21056.83,1,0,0.0,0.0,21056.83,,,False
USR62803,2,35910.03,2,0,0.0,0.0,17955.015,,,False
USR62811,1,23727.94,1,0,0.0,0.0,23727.94,,,False
USR62813,1,21918.0,1,0,0.0,0.0,21918.0,,,False
USR62817,1,13049.4,1,0,0.0,0.0,13049.4,PENDING,False,True
USR62819,1,10403.68,1,0,0.0,0.0,10403.68,,,False
USR62822,1,10627.02,1,0,0.0,0.0,10627.02,,,False
USR62844,1,8140.0,1,0,0.0,0.0,8140.0,VERIFIED,False,True
USR62850,1,6144.0,1,0,0.0,0.0,6144.0,VERIFIED,False,True
USR62852,2,19088.45,1,0,0.0,0.0,9544.225,,,False
USR62853,1,24783.0,1,0,0.0,0.0,24783.0,PENDING,False,True
USR62858,3,37267.42,3,0,1.0,8383.0,12422.473333333333,,,False
USR62860,1,15357.93,1,0,0.0,0.0,15357.93,,,False
USR62862,1,17359.93,0,1,0.0,0.0,17359.93,KYC_DONE,False,True
USR62863,1,12470.63,1,0,1.0,8056.19,12470.63,,,False
USR62876,1,22932.53,1,0,0.0,0.0,22932.53,,,False
USR62891,1,23226.23,1,0,0.0,0.0,23226.23,,,False
USR62892,1,11001.12,1,0,0.0,0.0,11001.12,KYC_DONE,False,True
USR62894,1,20627.98,1,0,0.0,0.0,20627.98,,,False
USR62901,1,23480.54,1,0,0.0,0.0,23480.54,,,False
USR62907,3,29348.9,3,0,1.0,2534.0,9782.966666666667,,,False
USR62909,1,23737.89,1,0,0.0,0.0,23737.89,,,False
USR62915,2,33453.07,1,0,0.0,0.0,16726.535,,,False
USR62931,1,16598.48,1,0,1.0,2105.51,16598.48,,,False
USR62939,1,16041.2,0,1,0.0,0.0,16041.2,,,False
USR62948,1,15460.19,1,0,0.0,0.0,15460.19,PENDING,False,True
USR62953,1,6390.86,1,0,0.0,0.0,6390.86,,,False
USR62956,1,22033.0,1,0,0.0,0.0,22033.0,,,False
USR62963,1,5757.92,1,0,0.0,0.0,5757.92,,,False
USR62968,1,3662.67,1,0,0.0,0.0,3662.67,,,False
USR62970,1,10789.82,0,1,0.0,0.0,10789.82,VERIFIED,False,True
USR62972,1,206.04,1,0,0.0,0.0,206.04,,,False
USR62979,1,17265.76,1,0,0.0,0.0,17265.76,VERIFIED,False,True
USR62980,2,30909.44,2,0,0.0,0.0,15454.72,,,False
USR62984,1,24624.89,1,0,0.0,0.0,24624.89,,,False
USR62985,1,18271.75,1,0,1.0,3377.0,18271.75,,,False
USR62989,2,25922.25,1,1,1.0,1200.17,12961.125,,,False
USR62990,2,31114.31,1,1,0.0,0.0,15557.155,,,False
USR62995,1,18629.55,1,0,0.0,0.0,18629.55,,,False
USR63008,1,15745.52,1,0,0.0,0.0,15745.52,,,False
USR63010,1,6575.0,1,0,1.0,1173.01,6575.0,VERIFIED,False,True
USR63015,1,16064.06,0,1,0.0,0.0,16064.06,,,False
USR63017,1,20219.8,1,0,0.0,0.0,20219.8,VERIFIED,True,True
USR63018,1,8462.03,0,1,0.0,0.0,8462.03,,,False
USR63021,1,1772.69,0,1,0.0,0.0,1772.69,,,False
USR63022,1,-15253.44,1,0,0.0,0.0,-15253.44,PENDING,False,True
USR63025,1,21386.85,1,0,0.0,0.0,21386.85,,,False
USR63032,1,24965.3,1,0,0.0,0.0,24965.3,,,False
USR63033,1,15292.17,1,0,0.0,0.0,15292.17,,,False
USR63036,1,970.27,1,0,0.0,0.0,970.27,,,False
USR63045,2,7466.37,1,1,0.0,0.0,3733.185,,,False
USR63046,1,17235.87,0,1,0.0,0.0,17235.87,,,False
USR63053,1,17974.76,0,1,0.0,0.0,17974.76,VERIFIED,False,True
USR63057,1,24739.78,1,0,1.0,3087.13,24739.78,PENDING,False,True
USR63060,1,13192.59,0,1,0.0,0.0,13192.59,VERIFIED,False,True
USR63062,1,2648.51,0,1,0.0,0.0,2648.51,,,False
USR63065,1,23832.38,1,0,0.0,0.0,23832.38,,,False
USR63067,1,18349.26,1,0,0.0,0.0,18349.26,UNDER REVIEW,False,True
USR63071,1,7999.82,1,0,0.0,0.0,7999.82,,,False
USR63075,1,1310.07,1,0,0.0,0.0,1310.07,VERIFIED,True,True
USR63082,1,7455.96,1,0,0.0,0.0,7455.96,,,False
USR63083,1,14236.93,1,0,0.0,0.0,14236.93,VERIFIED,False,True
USR63087,1,10242.1,1,0,0.0,0.0,10242.1,VERIFIED,False,True
USR63093,2,34160.57,2,0,2.0,2630.4500000000003,17080.285,,,False
USR63095,1,10479.14,1,0,0.0,0.0,10479.14,,,False
USR63096,1,17392.67,1,0,0.0,0.0,17392.67,KYC_DONE,False,True
USR63097,1,16457.41,1,0,0.0,0.0,16457.41,VERIFIED,False,True
USR63104,2,28065.800000000003,2,0,0.0,0.0,14032.900000000001,,,False
USR63108,1,10826.67,1,0,0.0,0.0,10826.67,,,False
USR63110,1,16812.87,0,1,0.0,0.0,16812.87,,,False
USR63113,1,14567.97,1,0,0.0,0.0,14567.97,VERIFIED,True,True
USR63117,1,22107.29,1,0,1.0,3349.24,22107.29,,,False
USR63125,1,1545.54,1,0,0.0,0.0,1545.54,,,False
USR63135,1,11296.4,1,0,0.0,0.0,11296.4,,,False
USR63144,1,1433.25,0,1,0.0,0.0,1433.25,VERIFIED,False,True
USR63145,1,13437.38,1,0,0.0,0.0,13437.38,,,False
USR63154,2,6741.36,2,0,0.0,0.0,3370.68,REJECTED,False,True
USR63155,1,20492.43,1,0,0.0,0.0,20492.43,,,False
USR63166,2,27248.66,2,0,0.0,0.0,13624.33,,,False
USR63170,1,15450.0,1,0,0.0,0.0,15450.0,,,False
USR63171,2,17174.37,2,0,1.0,1224.57,8587.185,,,False
USR63174,1,17531.48,1,0,0.0,0.0,17531.48,VERIFIED,False,True
USR63180,1,11547.0,1,0,0.0,0.0,11547.0,,,False
USR63188,1,13353.85,0,0,0.0,0.0,13353.85,VERIFIED,False,True
USR63191,2,27010.289999999997,2,0,0.0,0.0,13505.144999999999,,,False
USR63194,1,23021.84,1,0,0.0,0.0,23021.84,,,False
USR63197,1,20731.25,1,0,0.0,0.0,20731.25,,,False
USR63201,1,17894.41,1,0,0.0,0.0,17894.41,VERIFIED,False,True
USR63205,1,1560.3,0,0,0.0,0.0,1560.3,,,False
USR63213,2,4273.79,2,0,1.0,4843.85,2136.895,,,False
USR63223,2,13390.26,2,0,0.0,0.0,6695.13,VERIFIED,False,True
USR63225,1,3229.04,0,1,0.0,0.0,3229.04,REJECTED,False,True
USR63228,1,7806.17,1,0,0.0,0.0,7806.17,,,False
USR63230,2,23307.32,2,0,0.0,0.0,11653.66,,,False
USR63231,1,11044.27,1,0,1.0,268.0,11044.27,KYC_DONE,False,True
USR63234,2,46637.14,2,0,0.0,0.0,23318.57,,,False
USR63240,1,3194.25,1,0,0.0,0.0,3194.25,VERIFIED,False,True
USR63245,1,10409.86,0,1,1.0,-2850.55,10409.86,,,False
USR63248,1,-8768.25,1,0,0.0,0.0,-8768.25,,,False
USR63252,1,12468.0,1,0,0.0,0.0,12468.0,,,False
USR63260,1,8728.22,1,0,0.0,0.0,8728.22,,,False
USR63261,1,13382.32,1,0,0.0,0.0,13382.32,PENDING,False,True
USR63265,1,1013.79,1,0,1.0,1260.53,1013.79,,,False
USR63266,1,21496.0,1,0,0.0,0.0,21496.0,KYC_DONE,False,True
USR63267,1,1268.23,1,0,0.0,0.0,1268.23,,,False
USR63272,1,6225.19,0,0,0.0,0.0,6225.19,VERIFIED,True,True
USR63283,1,18909.81,1,0,0.0,0.0,18909.81,VERIFIED,False,True
USR63284,1,14276.23,1,0,0.0,0.0,14276.23,,,False
USR63285,1,18530.26,0,0,0.0,0.0,18530.26,,,False
USR63286,1,-17886.68,0,1,0.0,0.0,-17886.68,,,False
USR63290,2,21892.510000000002,2,0,0.0,0.0,10946.255000000001,,,False
USR63295,1,13247.83,1,0,0.0,0.0,13247.83,,,False
USR63297,1,6255.04,1,0,0.0,0.0,6255.04,,,False
USR63300,1,12305.12,1,0,0.0,0.0,12305.12,,,False
USR63307,1,17200.59,1,0,0.0,0.0,17200.59,,,False
USR63309,1,12723.42,1,0,0.0,0.0,12723.42,,,False
USR63311,2,15107.65,2,0,1.0,0.0,7553.825,,,False
USR63317,2,15084.599999999999,2,0,1.0,-6269.03,7542.299999999999,REJECT,False,True
USR63319,1,6419.45,1,0,0.0,0.0,6419.45,,,False
USR63329,2,20273.3,2,0,0.0,0.0,10136.65,,,False
USR63336,1,4357.35,1,0,0.0,0.0,4357.35,PENDING,False,True
USR63345,1,5565.73,1,0,1.0,384.18,5565.73,,,False
USR63346,1,10729.32,1,0,1.0,1561.56,10729.32,KYC_DONE,False,True
USR63354,1,15992.45,0,1,0.0,0.0,15992.45,,,False
USR63363,1,23250.0,1,0,0.0,0.0,23250.0,,,False
USR63364,1,9204.84,1,0,0.0,0.0,9204.84,,,False
USR63367,1,12051.11,1,0,0.0,0.0,12051.11,,,False
USR63368,1,22858.33,1,0,0.0,0.0,22858.33,,,False
USR63370,1,20565.21,1,0,0.0,0.0,20565.21,,,False
USR63371,1,8951.77,1,0,0.0,0.0,8951.77,,,False
USR63372,1,19399.17,1,0,0.0,0.0,19399.17,VERIFIED,False,True
USR63373,1,3171.88,1,0,0.0,0.0,3171.88,VERIFIED,False,True
USR63378,1,6710.9,1,0,0.0,0.0,6710.9,,,False
USR63381,2,42513.68,2,0,0.0,0.0,21256.84,VERIFIED,True,True
USR63382,1,16258.18,1,0,0.0,0.0,16258.18,VERIFIED,True,True
USR63390,1,8951.7,1,0,0.0,0.0,8951.7,,,False
USR63396,1,8498.12,1,0,1.0,3055.0,8498.12,,,False
USR63398,2,25841.0,2,0,0.0,0.0,12920.5,,,False
USR63404,1,4541.33,0,1,0.0,0.0,4541.33,,,False
USR63406,1,4405.5,0,0,0.0,0.0,4405.5,,,False
USR63408,1,24109.19,1,0,1.0,674.67,24109.19,REJECTED,True,True
USR63413,2,24357.07,1,1,0.0,0.0,12178.535,,,False
USR63419,1,13555.41,0,0,1.0,2673.74,13555.41,VERIFIED,False,True
USR63420,1,12878.09,1,0,0.0,0.0,12878.09,,,False
USR63421,1,8362.62,1,0,0.0,0.0,8362.62,,,False
USR63429,1,-2915.68,1,0,1.0,-1985.25,-2915.68,,,False
USR63430,2,23551.34,1,1,0.0,0.0,11775.67,VERIFIED,False,True
USR63432,1,12171.86,1,0,0.0,0.0,12171.86,VERIFIED,False,True
USR63433,1,2629.05,1,0,0.0,0.0,2629.05,,,False
USR63435,1,20610.52,1,0,0.0,0.0,20610.52,,,False
USR63440,1,5205.07,0,1,0.0,0.0,5205.07,REJECTED,True,True
USR63444,1,24343.97,1,0,0.0,0.0,24343.97,VERIFIED,True,True
USR63449,1,22872.0,1,0,0.0,0.0,22872.0,,,False
USR63453,1,23405.05,1,0,0.0,0.0,23405.05,,,False
USR63454,2,26691.370000000003,2,0,0.0,0.0,13345.685000000001,,,False
USR63465,1,1713.98,1,0,0.0,0.0,1713.98,,,False
USR63468,1,6249.0,1,0,1.0,1901.24,6249.0,VERIFIED,False,True
USR63477,2,23327.51,2,0,0.0,0.0,11663.755,,,False
USR63478,1,6753.24,1,0,0.0,0.0,6753.24,VERIFIED,False,True
USR63487,1,11553.36,1,0,0.0,0.0,11553.36,VERIFIED,False,True
USR63488,1,16177.67,0,1,0.0,0.0,16177.67,,,False
USR63500,1,16248.27,1,0,0.0,0.0,16248.27,VERIFIED,False,True
USR63501,1,21737.78,1,0,0.0,0.0,21737.78,,,False
USR63502,1,23586.25,1,0,1.0,1303.05,23586.25,VERIFIED,True,True
USR63504,2,13922.83,2,0,0.0,0.0,6961.415,,,False
USR63515,1,15356.13,0,1,0.0,0.0,15356.13,,,False
USR63524,1,16316.22,1,0,0.0,0.0,16316.22,PENDING,False,True
USR63528,1,4244.97,1,0,1.0,-798.72,4244.97,,,False
USR63529,1,20807.32,1,0,1.0,-918.61,20807.32,PENDING,True,True
USR63533,1,5978.74,0,1,0.0,0.0,5978.74,,,False
USR63541,1,9976.93,1,0,0.0,0.0,9976.93,VERIFIED,False,True
USR63544,1,9316.94,1,0,0.0,0.0,9316.94,,,False
USR63545,1,11524.86,1,0,0.0,0.0,11524.86,,,False
USR63546,1,16939.09,1,0,0.0,0.0,16939.09,VERIFIED,False,True
USR63547,1,20212.06,1,0,0.0,0.0,20212.06,,,False
USR63549,1,23271.51,1,0,0.0,0.0,23271.51,,,False
USR63553,1,15879.93,1,0,0.0,0.0,15879.93,,,False
USR63554,1,16154.71,1,0,0.0,0.0,16154.71,VERIFIED,False,True
USR63555,1,7782.93,1,0,0.0,0.0,7782.93,,,False
USR63556,1,4188.22,1,0,1.0,687.82,4188.22,KYC_DONE,False,True
USR63564,1,22353.0,1,0,0.0,0.0,22353.0,,,False
USR63578,2,18280.67,2,0,0.0,0.0,9140.335,,,False
USR63580,1,1933.06,1,0,0.0,0.0,1933.06,KYC_DONE,False,True
USR63589,1,5773.56,0,1,2.0,9916.58,5773.56,VERIFIED,False,True
USR63603,1,14587.18,1,0,0.0,0.0,14587.18,REJECTED,True,True
USR63605,1,10465.04,1,0,0.0,0.0,10465.04,,,False
USR63613,2,42052.350000000006,1,0,1.0,15606.92,21026.175000000003,,,False
USR63626,1,7576.35,1,0,0.0,0.0,7576.35,VERIFIED,False,True
USR63630,1,20435.0,1,0,0.0,0.0,20435.0,,,False
USR63631,1,4240.46,1,0,0.0,0.0,4240.46,,,False
USR63635,1,17161.32,1,0,0.0,0.0,17161.32,,,False
USR63637,1,3158.19,0,1,0.0,0.0,3158.19,VERIFIED,False,True
USR63641,1,1860.38,1,0,0.0,0.0,1860.38,,,False
USR63643,1,21365.58,1,0,0.0,0.0,21365.58,VERIFIED,False,True
USR63669,1,13666.0,1,0,0.0,0.0,13666.0,VERIFIED,True,True
USR63686,2,30494.33,2,0,0.0,0.0,15247.165,PENDING,False,True
USR63697,1,18056.36,1,0,0.0,0.0,18056.36,VERIFIED,False,True
USR63704,1,1455.53,1,0,0.0,0.0,1455.53,,,False
USR63706,1,21220.33,1,0,0.0,0.0,21220.33,,,False
USR63716,1,2518.18,1,0,0.0,0.0,2518.18,VERIFIED,False,True
USR63717,1,24356.32,1,0,0.0,0.0,24356.32,,,False
USR63721,1,631.65,0,1,0.0,0.0,631.65,PENDING,False,True
USR63723,1,21952.06,1,0,0.0,0.0,21952.06,REJECTED,True,True
USR63727,1,10304.87,1,0,0.0,0.0,10304.87,,,False
USR63728,1,11278.08,1,0,1.0,3007.22,11278.08,,,False
USR63729,1,3509.2,1,0,0.0,0.0,3509.2,VERIFIED,True,True
USR63738,1,1213.29,1,0,1.0,1345.55,1213.29,,,False
USR63739,1,9710.64,1,0,0.0,0.0,9710.64,,,False
USR63740,1,13787.42,1,0,0.0,0.0,13787.42,,,False
USR63754,2,8113.29,2,0,0.0,0.0,4056.645,,,False
USR63763,1,2183.31,1,0,0.0,0.0,2183.31,,,False
USR63768,1,5228.84,1,0,0.0,0.0,5228.84,REJECTED,False,True
USR63778,1,14843.88,1,0,0.0,0.0,14843.88,,,False
USR63780,1,9695.67,1,0,0.0,0.0,9695.67,VERIFIED,False,True
USR63787,1,20992.34,1,0,0.0,0.0,20992.34,,,False
USR63788,2,38407.62,2,0,0.0,0.0,19203.81,,,False
USR63799,1,-9935.7,1,0,0.0,0.0,-9935.7,,,False
USR63806,1,15763.72,1,0,0.0,0.0,15763.72,VERIFIED,False,True
USR63807,1,19570.54,1,0,0.0,0.0,19570.54,,,False
USR63813,1,898.44,1,0,0.0,0.0,898.44,,,False
USR63819,1,570.42,0,1,0.0,0.0,570.42,,,False
USR63835,3,23657.83,2,1,1.0,1290.35,7885.943333333334,,,False
USR63836,1,24301.62,1,0,0.0,0.0,24301.62,,,False
USR63841,1,17084.64,1,0,1.0,2731.02,17084.64,,,False
USR63843,1,4223.0,1,0,0.0,0.0,4223.0,,,False
USR63847,1,3801.15,1,0,0.0,0.0,3801.15,VERIFIED,False,True
USR63855,1,12541.02,1,0,1.0,671.37,12541.02,,,False
USR63860,1,2857.0,1,0,0.0,0.0,2857.0,,,False
USR63862,1,2000.33,1,0,0.0,0.0,2000.33,,,False
USR63864,1,8050.21,1,0,0.0,0.0,8050.21,,,False
USR63865,1,9372.58,1,0,0.0,0.0,9372.58,,,False
USR63873,1,18810.25,1,0,0.0,0.0,18810.25,,,False
USR63880,1,22050.24,1,0,0.0,0.0,22050.24,VERIFIED,True,True
USR63885,2,12016.5,1,1,3.0,14546.3,6008.25,,,False
USR63887,1,22942.01,1,0,0.0,0.0,22942.01,,,False
USR63888,1,2487.66,1,0,0.0,0.0,2487.66,,,False
USR63895,2,30785.04,2,0,0.0,0.0,15392.52,,,False
USR63898,1,14071.04,1,0,0.0,0.0,14071.04,,,False
USR63906,1,22069.59,1,0,0.0,0.0,22069.59,VERIFIED,False,True
USR63908,1,2912.31,1,0,0.0,0.0,2912.31,,,False
USR63916,1,23430.37,1,0,0.0,0.0,23430.37,VERIFIED,False,True
USR63935,1,13945.95,1,0,0.0,0.0,13945.95,VERIFIED,False,True
USR63941,2,19973.22,1,0,2.0,13145.36,9986.61,PENDING,False,True
USR63947,1,15086.66,1,0,1.0,2559.27,15086.66,KYC_DONE,True,True
USR63950,1,3322.39,1,0,0.0,0.0,3322.39,,,False
USR63951,1,1874.73,0,1,0.0,0.0,1874.73,VERIFIED,False,True
USR63952,1,12921.19,1,0,0.0,0.0,12921.19,,,False
USR63955,1,17941.86,1,0,0.0,0.0,17941.86,VERIFIED,False,True
USR63961,1,24694.46,1,0,0.0,0.0,24694.46,,,False
USR63965,1,23204.02,1,0,1.0,-759.33,23204.02,,,False
USR63970,1,14481.02,1,0,0.0,0.0,14481.02,VERIFIED,True,True
USR63974,1,12631.54,0,1,1.0,4841.06,12631.54,,,False
USR63976,1,6926.09,1,0,0.0,0.0,6926.09,KYC_DONE,False,True
USR63982,1,12042.53,1,0,0.0,0.0,12042.53,,,False
USR63988,1,1950.87,1,0,0.0,0.0,1950.87,,,False
USR63993,1,8456.59,0,0,0.0,0.0,8456.59,,,False
USR64002,1,3990.48,0,1,0.0,0.0,3990.48,KYC_DONE,False,True
USR64003,1,8525.68,0,0,0.0,0.0,8525.68,,,False
USR64005,1,9234.71,1,0,0.0,0.0,9234.71,,,False
USR64017,1,16149.1,0,0,0.0,0.0,16149.1,,,False
USR64018,1,5160.0,1,0,1.0,36675.43,5160.0,VERIFIED,False,True
USR64020,1,16024.25,0,1,0.0,0.0,16024.25,VERIFIED,False,True
USR64029,1,6619.68,1,0,2.0,2977.0,6619.68,VERIFIED,False,True
USR64036,1,17210.23,1,0,0.0,0.0,17210.23,VERIFIED,False,True
USR64038,1,1461.72,1,0,0.0,0.0,1461.72,REJECTED,True,True
USR64044,1,13262.25,1,0,1.0,895.55,13262.25,,,False
USR64046,1,5724.48,1,0,0.0,0.0,5724.48,,,False
USR64048,1,15886.73,1,0,0.0,0.0,15886.73,,,False
USR64055,1,16489.0,1,0,0.0,0.0,16489.0,,,False
USR64057,1,23528.61,1,0,0.0,0.0,23528.61,,,False
USR64074,1,23984.0,1,0,0.0,0.0,23984.0,,,False
USR64076,1,6269.57,1,0,0.0,0.0,6269.57,,,False
USR64085,1,24176.21,1,0,0.0,0.0,24176.21,VERIFIED,False,True
USR64086,2,14023.96,0,1,0.0,0.0,7011.98,,,False
USR64097,1,16538.44,0,0,0.0,0.0,16538.44,,,False
USR64104,2,38441.35,2,0,0.0,0.0,19220.675,,,False
USR64106,1,5548.97,1,0,0.0,0.0,5548.97,,,False
USR64116,1,13303.97,1,0,0.0,0.0,13303.97,KYC_DONE,False,True
USR64118,1,-22662.74,1,0,0.0,0.0,-22662.74,,,False
USR64127,1,8856.58,1,0,1.0,3429.16,8856.58,,,False
USR64129,1,22349.4,1,0,0.0,0.0,22349.4,VERIFIED,False,True
USR64154,1,18660.19,1,0,0.0,0.0,18660.19,VERIFIED,False,True
USR64159,1,18671.12,1,0,0.0,0.0,18671.12,,,False
USR64160,1,8429.8,1,0,0.0,0.0,8429.8,,,False
USR64166,1,2533.0,1,0,0.0,0.0,2533.0,,,False
USR64167,1,8213.52,1,0,1.0,1691.84,8213.52,,,False
USR64168,1,24056.98,1,0,0.0,0.0,24056.98,VERIFIED,False,True
USR64169,1,630.18,0,1,0.0,0.0,630.18,REJECTED,False,True
USR64179,1,3538.56,1,0,0.0,0.0,3538.56,,,False
USR64185,1,15249.0,1,0,0.0,0.0,15249.0,VERIFIED,False,True
USR64187,1,-18611.76,1,0,0.0,0.0,-18611.76,,,False
USR64195,1,21667.76,0,0,0.0,0.0,21667.76,KYC_DONE,False,True
USR64199,1,18543.62,1,0,0.0,0.0,18543.62,KYC_DONE,True,True
USR64201,1,16045.48,1,0,0.0,0.0,16045.48,,,False
USR64203,1,18696.65,1,0,1.0,4901.36,18696.65,,,False
USR64209,1,15087.11,1,0,0.0,0.0,15087.11,,,False
USR64212,1,7561.75,1,0,0.0,0.0,7561.75,VERIFIED,False,True
USR64213,1,11700.07,0,1,0.0,0.0,11700.07,KYC_DONE,False,True
USR64214,1,8889.94,1,0,0.0,0.0,8889.94,,,False
USR64216,1,21394.87,1,0,0.0,0.0,21394.87,,,False
USR64224,1,23262.0,1,0,0.0,0.0,23262.0,,,False
USR64225,1,8893.77,1,0,0.0,0.0,8893.77,VERIFIED,False,True
USR64233,1,9539.58,0,1,0.0,0.0,9539.58,,,False
USR64234,1,15197.0,1,0,0.0,0.0,15197.0,VERIFIED,True,True
USR64240,1,18180.05,0,1,0.0,0.0,18180.05,,,False
USR64245,1,20030.88,0,0,0.0,0.0,20030.88,,,False
USR64253,1,20470.26,1,0,1.0,477.68,20470.26,VERIFIED,False,True
USR64256,1,1728.09,1,0,0.0,0.0,1728.09,,,False
USR64261,1,5706.1,1,0,0.0,0.0,5706.1,KYC_DONE,False,True
USR64264,1,13433.86,1,0,1.0,4252.24,13433.86,,,False
USR64274,1,8879.4,0,0,1.0,662.25,8879.4,,,False
USR64276,1,24248.44,1,0,0.0,0.0,24248.44,VERIFIED,False,True
USR64277,1,9546.0,1,0,0.0,0.0,9546.0,,,False
USR64278,1,5735.62,1,0,0.0,0.0,5735.62,,,False
USR64285,1,20181.42,1,0,0.0,0.0,20181.42,,,False
USR64293,1,4056.46,1,0,0.0,0.0,4056.46,,,False
USR64301,1,4968.03,0,1,1.0,2090.68,4968.03,VERIFIED,False,True
USR64305,1,274.0,1,0,0.0,0.0,274.0,PENDING,True,True
USR64306,1,15339.25,1,0,0.0,0.0,15339.25,,,False
USR64312,1,8720.18,1,0,0.0,0.0,8720.18,,,False
USR64318,1,17145.06,1,0,0.0,0.0,17145.06,,,False
USR64322,1,2913.36,1,0,0.0,0.0,2913.36,,,False
USR64332,1,5150.12,1,0,1.0,12679.09,5150.12,,,False
USR64339,1,18745.65,0,1,0.0,0.0,18745.65,,,False
USR64344,1,6249.53,1,0,0.0,0.0,6249.53,,,False
USR64356,1,14902.58,1,0,1.0,4341.0,14902.58,,,False
USR64358,1,20896.33,1,0,0.0,0.0,20896.33,VERIFIED,False,True
USR64369,1,18011.13,0,1,0.0,0.0,18011.13,VERIFIED,False,True
USR64378,1,8429.03,1,0,0.0,0.0,8429.03,,,False
USR64385,1,7522.79,1,0,0.0,0.0,7522.79,PENDING,True,True
USR64386,1,6953.54,1,0,0.0,0.0,6953.54,VERIFIED,False,True
USR64387,1,15425.98,1,0,0.0,0.0,15425.98,,,False
USR64388,1,11107.0,1,0,1.0,7211.97,11107.0,,,False
USR64397,1,2045.37,0,1,0.0,0.0,2045.37,,,False
USR64401,1,22820.89,1,0,0.0,0.0,22820.89,,,False
USR64404,1,21361.0,1,0,0.0,0.0,21361.0,,,False
USR64411,1,19498.48,1,0,0.0,0.0,19498.48,,,False
USR64419,1,13580.18,1,0,0.0,0.0,13580.18,,,False
USR64430,1,12207.21,1,0,1.0,0.0,12207.21,,,False
USR64431,1,24117.49,1,0,0.0,0.0,24117.49,VERIFIED,True,True
USR64438,1,12664.09,1,0,0.0,0.0,12664.09,,,False
USR64443,1,8094.88,1,0,0.0,0.0,8094.88,,,False
USR64446,1,12320.53,1,0,0.0,0.0,12320.53,,,False
USR64454,1,11701.55,1,0,0.0,0.0,11701.55,VERIFIED,True,True
USR64458,1,14858.04,1,0,0.0,0.0,14858.04,,,False
USR64460,1,24543.36,1,0,0.0,0.0,24543.36,VERIFIED,True,True
USR64461,1,15655.11,1,0,0.0,0.0,15655.11,,,False
USR64462,1,3162.18,1,0,0.0,0.0,3162.18,VERIFIED,False,True
USR64464,1,17939.45,1,0,0.0,0.0,17939.45,,,False
USR64470,1,16979.87,1,0,0.0,0.0,16979.87,,,False
USR64471,1,7594.56,1,0,1.0,1704.54,7594.56,VERIFIED,False,True
USR64475,1,7284.06,1,0,0.0,0.0,7284.06,VERIFIED,False,True
USR64478,1,14183.44,0,0,0.0,0.0,14183.44,,,False
USR64481,1,17495.37,1,0,0.0,0.0,17495.37,,,False
USR64484,1,12599.3,1,0,1.0,1130.39,12599.3,,,False
USR64488,1,864.05,0,1,0.0,0.0,864.05,,,False
USR64490,1,3005.95,0,1,0.0,0.0,3005.95,,,False
USR64499,2,33079.1,2,0,0.0,0.0,16539.55,,,False
USR64511,1,4380.29,1,0,1.0,856.42,4380.29,,,False
USR64516,1,11510.56,0,0,0.0,0.0,11510.56,KYC_DONE,False,True
USR64523,1,14078.91,1,0,0.0,0.0,14078.91,,,False
USR64525,1,22052.38,0,1,0.0,0.0,22052.38,,,False
USR64536,1,12885.0,1,0,0.0,0.0,12885.0,,,False
USR64538,1,17121.22,0,1,0.0,0.0,17121.22,VERIFIED,False,True
USR64571,1,24529.63,1,0,0.0,0.0,24529.63,,,False
USR64572,1,9919.88,1,0,0.0,0.0,9919.88,VERIFIED,False,True
USR64575,1,9723.05,1,0,0.0,0.0,9723.05,VERIFIED,False,True
USR64577,1,10992.24,1,0,0.0,0.0,10992.24,,,False
USR64590,2,29850.449999999997,1,1,1.0,4568.57,14925.224999999999,,,False
USR64595,1,2655.92,1,0,0.0,0.0,2655.92,,,False
USR64598,1,13304.23,1,0,1.0,-1640.31,13304.23,,,False
USR64607,1,4805.27,1,0,0.0,0.0,4805.27,VERIFIED,False,True
USR64624,1,13039.21,1,0,1.0,676.55,13039.21,,,False
USR64635,1,143.05,1,0,0.0,0.0,143.05,VERIFIED,True,True
USR64645,1,995.28,1,0,0.0,0.0,995.28,,,False
USR64649,1,20925.1,1,0,0.0,0.0,20925.1,,,False
USR64650,1,3667.93,0,0,0.0,0.0,3667.93,VERIFIED,False,True
USR64653,1,17258.93,1,0,0.0,0.0,17258.93,VERIFIED,False,True
USR64656,1,9758.93,1,0,0.0,0.0,9758.93,,,False
USR64657,1,18224.25,1,0,0.0,0.0,18224.25,,,False
USR64664,1,13742.73,1,0,1.0,0.0,13742.73,,,False
USR64668,1,18274.38,1,0,0.0,0.0,18274.38,,,False
USR64673,1,934.82,1,0,0.0,0.0,934.82,VERIFIED,False,True
USR64677,2,18825.64,1,0,0.0,0.0,9412.82,,,False
USR64680,1,1742.21,1,0,0.0,0.0,1742.21,,,False
USR64687,1,11011.07,1,0,0.0,0.0,11011.07,,,False
USR64689,1,13841.26,1,0,0.0,0.0,13841.26,,,False
USR64698,1,9191.09,1,0,0.0,0.0,9191.09,,,False
USR64709,1,22554.33,1,0,0.0,0.0,22554.33,,,False
USR64720,2,40906.08,1,1,1.0,1072.99,20453.04,,,False
USR64723,2,16788.13,2,0,1.0,7255.27,8394.065,PENDING,False,True
USR64725,1,18102.64,1,0,0.0,0.0,18102.64,,,False
USR64731,1,21529.64,1,0,0.0,0.0,21529.64,VERIFIED,False,True
USR64734,1,15182.31,1,0,0.0,0.0,15182.31,,,False
USR64746,2,35014.5,2,0,1.0,877.69,17507.25,,,False
USR64749,1,18029.16,0,1,0.0,0.0,18029.16,,,False
USR64752,1,302.55,1,0,0.0,0.0,302.55,VERIFIED,False,True
USR64753,1,16923.76,1,0,1.0,1017.5,16923.76,,,False
USR64771,2,28236.82,2,0,0.0,0.0,14118.41,,,False
USR64772,1,526.34,1,0,0.0,0.0,526.34,VERIFIED,False,True
USR64773,1,18266.0,0,1,0.0,0.0,18266.0,,,False
USR64778,2,34094.67,1,1,0.0,0.0,17047.335,,,False
USR64784,1,5519.99,1,0,0.0,0.0,5519.99,VERIFIED,False,True
USR64786,2,26549.960000000003,2,0,0.0,0.0,13274.980000000001,,,False
USR64790,1,12822.95,1,0,0.0,0.0,12822.95,,,False
USR64799,1,18178.04,1,0,0.0,0.0,18178.04,VERIFIED,True,True
USR64801,1,3002.86,1,0,0.0,0.0,3002.86,,,False
USR64803,1,5221.1,1,0,0.0,0.0,5221.1,,,False
USR64811,1,12590.4,1,0,0.0,0.0,12590.4,PENDING,False,True
USR64821,1,24978.75,1,0,1.0,1675.84,24978.75,REJECTED,True,True
USR64823,2,35401.979999999996,2,0,0.0,0.0,17700.989999999998,,,False
USR64828,1,5178.96,1,0,0.0,0.0,5178.96,,,False
USR64833,1,20248.81,1,0,1.0,447.63,20248.81,,,False
USR64835,1,12977.05,0,1,0.0,0.0,12977.05,,,False
USR64837,1,2135.56,0,0,0.0,0.0,2135.56,,,False
USR64839,1,23630.26,0,1,0.0,0.0,23630.26,,,False
USR64841,1,1321.0,1,0,0.0,0.0,1321.0,,,False
USR64858,1,18886.0,1,0,0.0,0.0,18886.0,,,False
USR64859,1,21262.82,1,0,0.0,0.0,21262.82,,,False
USR64860,1,1444.14,1,0,0.0,0.0,1444.14,,,False
USR64869,1,8879.57,1,0,0.0,0.0,8879.57,,,False
USR64876,1,1946.37,1,0,0.0,0.0,1946.37,,,False
USR64877,1,9848.0,1,0,0.0,0.0,9848.0,,,False
USR64879,2,43333.0,1,0,0.0,0.0,21666.5,,,False
USR64884,1,7996.54,1,0,0.0,0.0,7996.54,VERIFIED,True,True
USR64889,1,7191.62,1,0,0.0,0.0,7191.62,VERIFIED,False,True
USR64891,1,21063.18,1,0,0.0,0.0,21063.18,,,False
USR64893,1,18679.68,1,0,0.0,0.0,18679.68,,,False
USR64897,2,41858.07,1,1,0.0,0.0,20929.035,UNDER REVIEW,True,True
USR64912,1,7281.05,1,0,0.0,0.0,7281.05,,,False
USR64914,1,7690.0,1,0,1.0,-1184.71,7690.0,,,False
USR64916,1,11663.08,0,1,0.0,0.0,11663.08,VERIFIED,False,True
USR64919,1,5894.0,1,0,0.0,0.0,5894.0,,,False
USR64920,1,15600.24,1,0,0.0,0.0,15600.24,,,False
USR64924,1,15675.07,1,0,0.0,0.0,15675.07,,,False
USR64926,1,16040.77,1,0,1.0,740.63,16040.77,,,False
USR64929,1,12978.24,1,0,0.0,0.0,12978.24,,,False
USR64932,1,20674.06,0,1,0.0,0.0,20674.06,,,False
USR64936,1,11320.0,1,0,0.0,0.0,11320.0,,,False
USR64947,1,9734.18,0,1,0.0,0.0,9734.18,,,False
USR64948,1,2044.0,1,0,1.0,5071.86,2044.0,VERIFIED,False,True
USR64950,1,19744.57,0,1,0.0,0.0,19744.57,,,False
USR64953,1,19255.09,1,0,0.0,0.0,19255.09,,,False
USR64955,1,7229.97,1,0,0.0,0.0,7229.97,,,False
USR64957,1,19165.52,1,0,0.0,0.0,19165.52,,,False
USR64959,1,1982.88,0,1,0.0,0.0,1982.88,,,False
USR64965,1,7918.7,0,1,1.0,4072.76,7918.7,,,False
USR64982,1,15716.31,1,0,0.0,0.0,15716.31,,,False
USR64994,1,7622.3,1,0,0.0,0.0,7622.3,VERIFIED,False,True
USR64997,1,3528.67,1,0,1.0,840.07,3528.67,,,False
USR65003,1,15593.41,1,0,0.0,0.0,15593.41,,,False
USR65008,1,21497.76,1,0,0.0,0.0,21497.76,,,False
USR65009,1,9249.75,1,0,0.0,0.0,9249.75,VERIFIED,True,True
USR65010,1,10827.0,1,0,0.0,0.0,10827.0,VERIFIED,False,True
USR65014,1,12070.2,1,0,0.0,0.0,12070.2,VERIFIED,False,True
USR65020,1,24021.78,1,0,1.0,355.28,24021.78,PENDING,True,True
USR65021,1,23381.91,0,1,0.0,0.0,23381.91,VERIFIED,False,True
USR65022,1,20348.0,1,0,0.0,0.0,20348.0,PENDING,False,True
USR65023,2,21746.2,2,0,0.0,0.0,10873.1,,,False
USR65032,1,12842.81,1,0,0.0,0.0,12842.81,,,False
USR65033,1,5492.01,1,0,1.0,917.0,5492.01,PENDING,False,True
USR65034,1,22726.72,1,0,0.0,0.0,22726.72,PENDING,True,True
USR65036,1,5513.97,0,1,0.0,0.0,5513.97,,,False
USR65048,1,21271.64,1,0,0.0,0.0,21271.64,VERIFIED,False,True
USR65050,1,24282.69,1,0,1.0,752.03,24282.69,,,False
USR65052,1,2205.78,1,0,0.0,0.0,2205.78,,,False
USR65067,1,11563.59,1,0,0.0,0.0,11563.59,VERIFIED,False,True
USR65072,1,17970.77,1,0,0.0,0.0,17970.77,,,False
USR65079,2,12637.16,1,0,0.0,0.0,6318.58,,,False
USR65082,1,21723.08,1,0,0.0,0.0,21723.08,,,False
USR65087,1,2767.27,1,0,1.0,661.74,2767.27,,,False
USR65091,1,9434.16,0,1,0.0,0.0,9434.16,,,False
USR65096,2,26888.97,2,0,0.0,0.0,13444.485,KYC_DONE,True,True
USR65099,1,12790.96,1,0,0.0,0.0,12790.96,,,False
USR65103,1,13799.04,1,0,0.0,0.0,13799.04,PENDING,False,True
USR65114,1,16551.22,0,0,0.0,0.0,16551.22,,,False
USR65130,1,-2814.17,1,0,0.0,0.0,-2814.17,VERIFIED,False,True
USR65132,1,22208.81,1,0,0.0,0.0,22208.81,,,False
USR65137,1,13798.96,1,0,1.0,0.0,13798.96,,,False
USR65138,1,11188.84,1,0,0.0,0.0,11188.84,,,False
USR65144,2,16522.5,2,0,1.0,886.36,8261.25,,,False
USR65145,1,5699.89,1,0,0.0,0.0,5699.89,VERIFIED,False,True
USR65146,1,16923.73,1,0,0.0,0.0,16923.73,VERIFIED,False,True
USR65150,1,24992.94,1,0,0.0,0.0,24992.94,,,False
USR65156,1,15018.91,1,0,0.0,0.0,15018.91,VERIFIED,False,True
USR65163,1,8896.99,1,0,0.0,0.0,8896.99,,,False
USR65177,1,17949.0,1,0,1.0,959.89,17949.0,,,False
USR65178,2,27587.629999999997,2,0,0.0,0.0,13793.814999999999,VERIFIED,False,True
USR65179,1,9833.51,1,0,0.0,0.0,9833.51,,,False
USR65194,1,12378.36,1,0,0.0,0.0,12378.36,,,False
USR65199,2,19482.97,2,0,0.0,0.0,9741.485,,,False
USR65210,1,12535.81,1,0,0.0,0.0,12535.81,,,False
USR65213,1,3711.04,1,0,1.0,10313.56,3711.04,KYC_DONE,True,True
USR65214,1,7293.76,1,0,1.0,2653.08,7293.76,,,False
USR65215,1,14187.13,0,1,0.0,0.0,14187.13,,,False
USR65217,1,13926.7,1,0,0.0,0.0,13926.7,,,False
USR65218,1,10300.43,1,0,0.0,0.0,10300.43,VERIFIED,True,True
USR65220,1,5831.98,1,0,0.0,0.0,5831.98,,,False
USR65225,1,2730.95,1,0,0.0,0.0,2730.95,,,False
USR65234,1,22511.0,1,0,0.0,0.0,22511.0,,,False
USR65235,1,-10780.52,1,0,0.0,0.0,-10780.52,VERIFIED,False,True
USR65236,1,18549.99,0,0,0.0,0.0,18549.99,,,False
USR65241,1,8563.22,1,0,0.0,0.0,8563.22,,,False
USR65246,1,11527.42,1,0,0.0,0.0,11527.42,,,False
USR65258,1,7659.54,1,0,1.0,2154.46,7659.54,,,False
USR65259,1,8517.86,0,1,0.0,0.0,8517.86,,,False
USR65264,1,4735.05,1,0,0.0,0.0,4735.05,,,False
USR65269,1,19888.29,1,0,0.0,0.0,19888.29,VERIFIED,False,True
USR65270,1,15277.08,1,0,0.0,0.0,15277.08,,,False
USR65273,1,18828.91,1,0,0.0,0.0,18828.91,KYC_DONE,False,True
USR65274,1,1333.63,1,0,0.0,0.0,1333.63,VERIFIED,True,True
USR65277,1,4338.31,1,0,0.0,0.0,4338.31,VERIFIED,False,True
USR65280,1,2287.52,1,0,0.0,0.0,2287.52,PENDING,True,True
USR65289,1,22544.52,1,0,0.0,0.0,22544.52,,,False
USR65290,1,20563.79,1,0,0.0,0.0,20563.79,,,False
USR65293,1,10011.48,1,0,0.0,0.0,10011.48,PENDING,False,True
USR65299,1,434.06,1,0,0.0,0.0,434.06,,,False
USR65301,1,7852.53,1,0,0.0,0.0,7852.53,,,False
USR65304,1,9111.41,1,0,0.0,0.0,9111.41,,,False
USR65305,1,17088.83,1,0,0.0,0.0,17088.83,,,False
USR65307,1,15389.57,1,0,0.0,0.0,15389.57,,,False
USR65310,1,8761.55,1,0,0.0,0.0,8761.55,,,False
USR65311,1,14523.22,1,0,0.0,0.0,14523.22,REJECT,False,True
USR65315,1,24665.89,1,0,0.0,0.0,24665.89,PENDING,False,True
USR65323,1,17691.0,1,0,0.0,0.0,17691.0,VERIFIED,False,True
USR65328,2,27825.42,2,0,0.0,0.0,13912.71,VERIFIED,False,True
USR65336,1,12650.17,0,1,0.0,0.0,12650.17,UNDER REVIEW,False,True
USR65337,1,15273.43,1,0,0.0,0.0,15273.43,,,False
USR65341,1,13716.6,1,0,0.0,0.0,13716.6,,,False
USR65344,1,9429.98,1,0,0.0,0.0,9429.98,,,False
USR65345,1,22025.52,0,1,0.0,0.0,22025.52,,,False
USR65352,1,4331.33,1,0,0.0,0.0,4331.33,,,False
USR65355,1,474.32,1,0,0.0,0.0,474.32,,,False
USR65358,1,12246.21,1,0,0.0,0.0,12246.21,,,False
USR65361,1,24903.81,1,0,0.0,0.0,24903.81,,,False
USR65364,1,18019.7,1,0,0.0,0.0,18019.7,,,False
USR65372,3,13299.14,3,0,0.0,0.0,4433.046666666666,,,False
USR65375,1,18018.2,1,0,0.0,0.0,18018.2,,,False
USR65376,1,10604.66,1,0,0.0,0.0,10604.66,VERIFIED,True,True
USR65381,1,24247.0,1,0,0.0,0.0,24247.0,,,False
USR65389,1,9276.0,1,0,0.0,0.0,9276.0,,,False
USR65399,1,14781.56,1,0,0.0,0.0,14781.56,,,False
USR65404,1,9215.0,1,0,0.0,0.0,9215.0,REJECTED,False,True
USR65418,1,4271.0,0,0,2.0,3545.43,4271.0,,,False
USR65422,1,8816.0,1,0,0.0,0.0,8816.0,,,False
USR65423,1,5449.0,1,0,1.0,1654.78,5449.0,,,False
USR65425,1,3605.2,0,1,0.0,0.0,3605.2,,,False
USR65428,1,21846.76,1,0,0.0,0.0,21846.76,PENDING,False,True
USR65434,1,10281.91,1,0,0.0,0.0,10281.91,,,False
USR65438,1,18064.31,1,0,0.0,0.0,18064.31,VERIFIED,False,True
USR65441,1,1004.74,0,0,0.0,0.0,1004.74,VERIFIED,False,True
USR65442,1,1375.31,1,0,0.0,0.0,1375.31,,,False
USR65450,2,13757.31,2,0,0.0,0.0,6878.655,,,False
USR65452,1,5649.36,1,0,0.0,0.0,5649.36,PENDING,False,True
USR65464,1,20882.08,1,0,1.0,7101.31,20882.08,,,False
USR65465,1,6217.11,1,0,0.0,0.0,6217.11,,,False
USR65466,1,2014.81,0,1,0.0,0.0,2014.81,,,False
USR65468,1,19283.36,1,0,0.0,0.0,19283.36,,,False
USR65473,1,20037.41,1,0,0.0,0.0,20037.41,,,False
USR65475,2,39187.94,2,0,2.0,0.0,19593.97,KYC_DONE,False,True
USR65477,1,5955.72,1,0,0.0,0.0,5955.72,,,False
USR65478,2,12928.02,1,1,0.0,0.0,6464.01,,,False
USR65480,2,45940.9,2,0,0.0,0.0,22970.45,,,False
USR65492,1,21906.82,1,0,0.0,0.0,21906.82,,,False
USR65499,1,13979.49,1,0,0.0,0.0,13979.49,,,False
USR65505,2,17137.72,1,1,0.0,0.0,8568.86,VERIFIED,False,True
USR65508,1,2183.0,1,0,0.0,0.0,2183.0,,,False
USR65511,1,6719.82,1,0,0.0,0.0,6719.82,VERIFIED,False,True
USR65515,1,7140.0,1,0,0.0,0.0,7140.0,REJECTED,True,True
USR65520,1,3939.32,1,0,0.0,0.0,3939.32,KYC_DONE,False,True
USR65523,1,13558.83,0,0,0.0,0.0,13558.83,,,False
USR65529,1,21010.0,0,1,0.0,0.0,21010.0,,,False
USR65549,1,13771.76,1,0,0.0,0.0,13771.76,,,False
USR65554,1,20038.13,0,1,0.0,0.0,20038.13,,,False
USR65556,1,21288.71,0,1,0.0,0.0,21288.71,,,False
USR65559,1,9132.63,1,0,0.0,0.0,9132.63,,,False
USR65560,1,11894.0,1,0,0.0,0.0,11894.0,,,False
USR65569,1,15693.89,0,0,0.0,0.0,15693.89,,,False
USR65576,1,10344.59,1,0,0.0,0.0,10344.59,,,False
USR65583,1,4444.21,1,0,0.0,0.0,4444.21,,,False
USR65592,1,10717.16,1,0,0.0,0.0,10717.16,VERIFIED,False,True
USR65608,1,2297.88,1,0,0.0,0.0,2297.88,,,False
USR65611,1,21610.31,1,0,0.0,0.0,21610.31,,,False
USR65612,1,2875.05,1,0,0.0,0.0,2875.05,,,False
USR65615,1,2251.06,1,0,0.0,0.0,2251.06,,,False
USR65628,1,21862.37,1,0,0.0,0.0,21862.37,VERIFIED,False,True
USR65636,1,8818.5,0,1,0.0,0.0,8818.5,,,False
USR65638,1,3769.71,1,0,1.0,591.32,3769.71,,,False
USR65641,1,15091.29,1,0,0.0,0.0,15091.29,,,False
USR65652,1,19252.14,1,0,0.0,0.0,19252.14,VERIFIED,False,True
USR65658,1,9287.16,1,0,0.0,0.0,9287.16,,,False
USR65665,2,37481.24,2,0,0.0,0.0,18740.62,,,False
USR65673,1,13777.31,0,1,0.0,0.0,13777.31,VERIFIED,False,True
USR65680,1,19924.82,0,1,0.0,0.0,19924.82,,,False
USR65681,1,23053.1,1,0,0.0,0.0,23053.1,,,False
USR65683,1,8670.98,1,0,0.0,0.0,8670.98,KYC_DONE,False,True
USR65685,1,17684.9,1,0,0.0,0.0,17684.9,REJECTED,True,True
USR65686,1,10095.22,1,0,0.0,0.0,10095.22,VERIFIED,False,True
USR65690,1,21997.15,1,0,1.0,725.45,21997.15,VERIFIED,False,True
USR65694,2,14780.59,2,0,0.0,0.0,7390.295,,,False
USR65695,1,13799.23,1,0,0.0,0.0,13799.23,,,False
USR65703,2,29474.73,1,0,0.0,0.0,14737.365,,,False
USR65704,1,3501.62,1,0,0.0,0.0,3501.62,,,False
USR65712,1,4660.65,0,1,0.0,0.0,4660.65,,,False
USR65716,1,12523.87,1,0,0.0,0.0,12523.87,VERIFIED,False,True
USR65720,1,21521.26,1,0,0.0,0.0,21521.26,,,False
USR65725,1,1417.77,1,0,1.0,544.0,1417.77,,,False
USR65727,1,786.39,0,1,1.0,1208.16,786.39,,,False
USR65735,1,463.77,1,0,0.0,0.0,463.77,,,False
USR65739,1,18151.96,1,0,0.0,0.0,18151.96,REJECTED,False,True
USR65744,1,21115.29,1,0,1.0,0.0,21115.29,VERIFIED,False,True
USR65747,1,13264.96,0,1,0.0,0.0,13264.96,,,False
USR65752,1,22360.8,1,0,0.0,0.0,22360.8,,,False
USR65758,1,13717.99,1,0,0.0,0.0,13717.99,VERIFIED,False,True
USR65760,1,11357.87,0,0,0.0,0.0,11357.87,,,False
USR65765,1,20480.92,1,0,2.0,5154.57,20480.92,VERIFIED,False,True
USR65766,1,23195.0,1,0,0.0,0.0,23195.0,,,False
USR65767,1,16286.89,1,0,0.0,0.0,16286.89,PENDING,False,True
USR65770,1,12513.96,1,0,0.0,0.0,12513.96,,,False
USR65779,1,-22957.94,0,0,0.0,0.0,-22957.94,VERIFIED,False,True
USR65782,1,14429.74,1,0,0.0,0.0,14429.74,,,False
USR65784,1,10749.34,1,0,0.0,0.0,10749.34,VERIFIED,False,True
USR65785,1,16881.84,1,0,0.0,0.0,16881.84,REJECT,False,True
USR65789,1,24035.8,1,0,0.0,0.0,24035.8,,,False
USR65791,1,20786.09,1,0,0.0,0.0,20786.09,,,False
USR65795,1,2010.78,1,0,1.0,-1120.78,2010.78,,,False
USR65797,1,11216.65,1,0,0.0,0.0,11216.65,,,False
USR65798,1,2910.66,1,0,0.0,0.0,2910.66,,,False
USR65800,1,10524.8,1,0,0.0,0.0,10524.8,,,False
USR65810,2,14002.39,2,0,0.0,0.0,7001.195,,,False
USR65818,1,9355.52,1,0,0.0,0.0,9355.52,,,False
USR65822,1,22302.24,1,0,0.0,0.0,22302.24,VERIFIED,True,True
USR65824,2,29146.260000000002,2,0,0.0,0.0,14573.130000000001,,,False
USR65826,1,23774.69,1,0,1.0,1616.81,23774.69,PENDING,True,True
USR65827,1,10106.71,1,0,0.0,0.0,10106.71,VERIFIED,False,True
USR65830,1,11868.59,1,0,0.0,0.0,11868.59,,,False
USR65839,2,20937.22,2,0,1.0,2108.9,10468.61,,,False
USR65856,1,22771.55,1,0,0.0,0.0,22771.55,VERIFIED,False,True
USR65862,1,14162.0,1,0,0.0,0.0,14162.0,,,False
USR65869,1,2212.67,0,0,1.0,9215.86,2212.67,,,False
USR65878,1,11286.47,1,0,1.0,6907.46,11286.47,VERIFIED,True,True
USR65881,1,4717.94,1,0,2.0,-11544.45,4717.94,REJECTED,True,True
USR65882,1,3949.32,0,1,0.0,0.0,3949.32,VERIFIED,True,True
USR65884,1,18010.87,1,0,0.0,0.0,18010.87,,,False
USR65887,1,19926.85,1,0,0.0,0.0,19926.85,,,False
USR65895,1,24923.77,1,0,0.0,0.0,24923.77,,,False
USR65898,2,21287.99,2,0,0.0,0.0,10643.995,,,False
USR65904,2,32824.229999999996,2,0,0.0,0.0,16412.114999999998,,,False
USR65905,1,377.19,1,0,0.0,0.0,377.19,VERIFIED,False,True
USR65910,1,6382.54,1,0,0.0,0.0,6382.54,,,False
USR65914,1,13353.57,1,0,0.0,0.0,13353.57,PENDING,False,True
USR65918,2,6313.75,2,0,0.0,0.0,3156.875,VERIFIED,False,True
USR65919,1,17495.83,1,0,0.0,0.0,17495.83,,,False
USR65932,1,16241.23,1,0,0.0,0.0,16241.23,PENDING,False,True
USR65935,2,36908.130000000005,2,0,0.0,0.0,18454.065000000002,,,False
USR65944,1,23586.27,1,0,0.0,0.0,23586.27,,,False
USR65950,1,7594.72,1,0,0.0,0.0,7594.72,VERIFIED,False,True
USR65956,1,6015.0,0,1,0.0,0.0,6015.0,VERIFIED,True,True
USR65957,1,22868.13,1,0,0.0,0.0,22868.13,,,False
USR65980,1,2144.21,1,0,0.0,0.0,2144.21,,,False
USR65981,1,8414.72,0,1,0.0,0.0,8414.72,,,False
USR65983,1,21478.0,1,0,0.0,0.0,21478.0,REJECTED,False,True
USR65985,1,9791.0,1,0,0.0,0.0,9791.0,VERIFIED,False,True
USR65986,1,7117.66,1,0,0.0,0.0,7117.66,,,False
USR65987,2,42345.8,2,0,0.0,0.0,21172.9,,,False
USR65993,1,13634.82,1,0,0.0,0.0,13634.82,,,False
USR65996,1,9685.01,1,0,1.0,50.0,9685.01,,,False
USR66000,1,14505.29,1,0,0.0,0.0,14505.29,VERIFIED,True,True
USR66003,1,24716.53,1,0,0.0,0.0,24716.53,,,False
USR66011,1,1912.51,1,0,0.0,0.0,1912.51,,,False
USR66012,1,22531.0,1,0,0.0,0.0,22531.0,,,False
USR66015,1,15454.63,1,0,0.0,0.0,15454.63,,,False
USR66020,1,24400.74,1,0,0.0,0.0,24400.74,,,False
USR66032,1,7916.22,1,0,0.0,0.0,7916.22,,,False
USR66033,1,541.52,1,0,0.0,0.0,541.52,VERIFIED,False,True
USR66043,1,22241.14,1,0,0.0,0.0,22241.14,,,False
USR66060,1,22609.95,1,0,0.0,0.0,22609.95,,,False
USR66062,1,16073.01,1,0,1.0,2184.85,16073.01,,,False
USR66063,1,7135.48,1,0,0.0,0.0,7135.48,VERIFIED,False,True
USR66066,1,9924.58,1,0,1.0,1350.91,9924.58,,,False
USR66069,1,22338.0,0,1,0.0,0.0,22338.0,VERIFIED,False,True
USR66070,1,7603.5,0,1,0.0,0.0,7603.5,,,False
USR66074,1,4815.37,0,1,0.0,0.0,4815.37,REJECTED,False,True
USR66076,1,7173.05,1,0,0.0,0.0,7173.05,,,False
USR66084,1,14730.0,1,0,0.0,0.0,14730.0,VERIFIED,False,True
USR66086,1,4999.5,1,0,0.0,0.0,4999.5,,,False
USR66093,1,538.88,0,0,0.0,0.0,538.88,,,False
USR66094,1,14337.36,1,0,0.0,0.0,14337.36,,,False
USR66099,1,3814.98,1,0,0.0,0.0,3814.98,,,False
USR66100,1,12210.0,1,0,0.0,0.0,12210.0,,,False
USR66102,1,1559.0,1,0,0.0,0.0,1559.0,,,False
USR66112,2,36986.92,2,0,0.0,0.0,18493.46,,,False
USR66114,1,15659.86,1,0,0.0,0.0,15659.86,,,False
USR66118,1,22042.07,1,0,1.0,468.43,22042.07,VERIFIED,False,True
USR66122,1,22072.08,1,0,0.0,0.0,22072.08,VERIFIED,False,True
USR66124,1,794.68,1,0,0.0,0.0,794.68,VERIFIED,False,True
USR66133,1,8549.38,1,0,0.0,0.0,8549.38,,,False
USR66148,1,1892.85,1,0,0.0,0.0,1892.85,,,False
USR66151,2,26858.64,1,0,1.0,6925.85,13429.32,,,False
USR66152,3,53503.03,2,0,0.0,0.0,17834.343333333334,VERIFIED,True,True
USR66160,1,21527.96,1,0,0.0,0.0,21527.96,,,False
USR66167,1,19908.07,1,0,0.0,0.0,19908.07,VERIFIED,False,True
USR66168,1,16472.85,1,0,0.0,0.0,16472.85,,,False
USR66169,1,14428.77,1,0,0.0,0.0,14428.77,,,False
USR66173,1,8677.96,1,0,1.0,6771.0,8677.96,,,False
USR66175,1,9429.84,1,0,0.0,0.0,9429.84,VERIFIED,True,True
USR66178,1,16335.26,1,0,0.0,0.0,16335.26,,,False
USR66183,1,3515.3,1,0,0.0,0.0,3515.3,KYC_DONE,False,True
USR66186,1,11488.0,1,0,0.0,0.0,11488.0,VERIFIED,False,True
USR66189,1,11188.1,1,0,0.0,0.0,11188.1,VERIFIED,False,True
USR66190,1,4681.51,1,0,0.0,0.0,4681.51,VERIFIED,False,True
USR66197,1,6062.16,0,1,0.0,0.0,6062.16,,,False
USR66202,1,2615.9,1,0,0.0,0.0,2615.9,VERIFIED,True,True
USR66219,1,12823.62,1,0,0.0,0.0,12823.62,,,False
USR66221,1,4666.47,1,0,0.0,0.0,4666.47,,,False
USR66224,1,22301.72,0,0,0.0,0.0,22301.72,,,False
USR66229,1,17961.1,1,0,0.0,0.0,17961.1,,,False
USR66234,1,23079.37,0,1,0.0,0.0,23079.37,,,False
USR66238,1,15971.09,1,0,0.0,0.0,15971.09,,,False
USR66241,1,3003.26,1,0,0.0,0.0,3003.26,,,False
USR66247,1,11228.68,1,0,0.0,0.0,11228.68,,,False
USR66249,1,3523.07,1,0,0.0,0.0,3523.07,,,False
USR66251,1,13146.0,1,0,0.0,0.0,13146.0,,,False
USR66260,1,9456.84,1,0,0.0,0.0,9456.84,,,False
USR66261,1,15335.95,1,0,2.0,10959.34,15335.95,,,False
USR66264,1,14522.62,1,0,1.0,372.08,14522.62,VERIFIED,False,True
USR66270,1,14724.37,1,0,0.0,0.0,14724.37,VERIFIED,False,True
USR66277,1,24540.42,0,1,0.0,0.0,24540.42,VERIFIED,False,True
USR66280,1,9799.28,1,0,0.0,0.0,9799.28,,,False
USR66282,1,14737.57,1,0,0.0,0.0,14737.57,,,False
USR66293,1,4573.8,1,0,1.0,533.33,4573.8,VERIFIED,False,True
USR66295,1,5358.0,1,0,0.0,0.0,5358.0,,,False
USR66319,1,8184.22,1,0,0.0,0.0,8184.22,,,False
USR66321,2,24696.010000000002,2,0,0.0,0.0,12348.005000000001,,,False
USR66324,1,23836.0,1,0,0.0,0.0,23836.0,KYC_DONE,False,True
USR66328,1,6724.25,1,0,0.0,0.0,6724.25,,,False
USR66333,1,8746.86,1,0,0.0,0.0,8746.86,VERIFIED,False,True
USR66335,1,20526.32,1,0,1.0,177.16,20526.32,REJECTED,False,True
USR66339,1,8708.74,1,0,0.0,0.0,8708.74,,,False
USR66343,1,7477.09,1,0,0.0,0.0,7477.09,,,False
USR66344,1,15769.58,0,1,0.0,0.0,15769.58,,,False
USR66347,1,14634.02,1,0,0.0,0.0,14634.02,,,False
USR66351,1,8718.9,0,1,1.0,2539.68,8718.9,,,False
USR66355,1,2718.93,1,0,0.0,0.0,2718.93,,,False
USR66357,2,10454.09,2,0,0.0,0.0,5227.045,,,False
USR66360,3,31561.199999999997,3,0,0.0,0.0,10520.4,,,False
USR66362,2,11872.630000000001,2,0,0.0,0.0,5936.3150000000005,,,False
USR66367,1,6852.21,1,0,0.0,0.0,6852.21,VERIFIED,False,True
USR66371,1,16635.0,1,0,0.0,0.0,16635.0,,,False
USR66373,1,13037.19,1,0,0.0,0.0,13037.19,,,False
USR66374,1,20344.95,1,0,0.0,0.0,20344.95,,,False
USR66385,1,21037.58,1,0,0.0,0.0,21037.58,,,False
USR66387,1,16531.65,1,0,1.0,1071.93,16531.65,,,False
USR66392,1,19624.23,1,0,0.0,0.0,19624.23,VERIFIED,False,True
USR66398,1,17191.75,1,0,0.0,0.0,17191.75,,,False
USR66401,1,7052.82,1,0,0.0,0.0,7052.82,KYC_DONE,False,True
USR66408,1,5523.09,0,1,0.0,0.0,5523.09,VERIFIED,False,True
USR66411,1,20841.85,0,1,1.0,4520.19,20841.85,,,False
USR66419,1,15694.48,0,0,0.0,0.0,15694.48,,,False
USR66441,1,16302.82,1,0,0.0,0.0,16302.82,,,False
USR66442,1,23771.52,0,0,0.0,0.0,23771.52,,,False
USR66464,1,6687.58,1,0,0.0,0.0,6687.58,,,False
USR66468,1,11841.16,1,0,0.0,0.0,11841.16,,,False
USR66469,1,5108.85,0,1,0.0,0.0,5108.85,,,False
USR66477,1,6107.44,1,0,1.0,14197.19,6107.44,VERIFIED,False,True
USR66479,2,13359.470000000001,2,0,0.0,0.0,6679.735000000001,,,False
USR66485,2,34822.19,2,0,1.0,-1898.31,17411.095,,,False
USR66502,1,3435.2,1,0,0.0,0.0,3435.2,VERIFIED,False,True
USR66505,1,18836.92,1,0,0.0,0.0,18836.92,,,False
USR66512,1,18839.36,1,0,0.0,0.0,18839.36,,,False
USR66521,1,1184.0,1,0,0.0,0.0,1184.0,,,False
USR66523,1,17077.28,1,0,0.0,0.0,17077.28,,,False
USR66525,1,15813.7,1,0,1.0,1915.56,15813.7,,,False
USR66533,1,3211.0,1,0,0.0,0.0,3211.0,,,False
USR66536,1,4479.24,1,0,0.0,0.0,4479.24,REJECTED,False,True
USR66543,1,20794.71,1,0,0.0,0.0,20794.71,,,False
USR66547,1,97.74,1,0,0.0,0.0,97.74,,,False
USR66550,2,10357.66,2,0,0.0,0.0,5178.83,,,False
USR66552,1,22659.79,1,0,1.0,6899.7,22659.79,UNDER REVIEW,True,True
USR66555,2,43949.96,1,1,0.0,0.0,21974.98,,,False
USR66561,1,24501.01,1,0,0.0,0.0,24501.01,,,False
USR66572,1,24272.91,1,0,0.0,0.0,24272.91,,,False
USR66573,1,10398.43,1,0,0.0,0.0,10398.43,,,False
USR66582,1,11239.0,1,0,0.0,0.0,11239.0,,,False
USR66585,1,17304.92,1,0,1.0,198.46,17304.92,KYC_DONE,False,True
USR66588,2,40253.86,2,0,0.0,0.0,20126.93,,,False
USR66594,1,-24701.02,1,0,0.0,0.0,-24701.02,UNDER REVIEW,False,True
USR66596,1,1713.63,0,0,0.0,0.0,1713.63,,,False
USR66599,1,7895.17,1,0,0.0,0.0,7895.17,,,False
USR66606,1,8212.55,1,0,0.0,0.0,8212.55,,,False
USR66615,1,24673.0,1,0,0.0,0.0,24673.0,KYC_DONE,False,True
USR66621,1,19657.0,1,0,0.0,0.0,19657.0,VERIFIED,False,True
USR66622,1,11952.49,1,0,0.0,0.0,11952.49,,,False
USR66623,2,-2307.2800000000025,2,0,0.0,0.0,-1153.6400000000012,VERIFIED,False,True
USR66625,1,18316.98,1,0,0.0,0.0,18316.98,,,False
USR66640,1,13638.17,1,0,0.0,0.0,13638.17,,,False
USR66643,1,10855.66,0,1,0.0,0.0,10855.66,,,False
USR66645,1,-8489.24,1,0,0.0,0.0,-8489.24,,,False
USR66648,2,5012.860000000001,1,1,0.0,0.0,2506.4300000000003,,,False
USR66656,1,249.47,0,0,0.0,0.0,249.47,,,False
USR66675,2,39088.72,2,0,1.0,1142.86,19544.36,VERIFIED,True,True
USR66681,1,16922.4,1,0,0.0,0.0,16922.4,,,False
USR66685,1,16626.14,1,0,0.0,0.0,16626.14,,,False
USR66686,1,13050.61,1,0,0.0,0.0,13050.61,,,False
USR66687,1,8867.08,1,0,0.0,0.0,8867.08,,,False
USR66688,1,566.04,1,0,0.0,0.0,566.04,KYC_DONE,True,True
USR66708,1,14187.82,1,0,0.0,0.0,14187.82,,,False
USR66710,1,16070.0,1,0,0.0,0.0,16070.0,,,False
USR66713,1,14102.47,1,0,0.0,0.0,14102.47,,,False
USR66720,1,3583.6,1,0,0.0,0.0,3583.6,,,False
USR66725,1,24270.25,1,0,0.0,0.0,24270.25,VERIFIED,False,True
USR66731,1,15415.82,1,0,0.0,0.0,15415.82,,,False
USR66732,1,24650.84,1,0,0.0,0.0,24650.84,VERIFIED,False,True
USR66734,1,17629.53,1,0,0.0,0.0,17629.53,VERIFIED,True,True
USR66735,2,20714.34,2,0,0.0,0.0,10357.17,,,False
USR66747,2,19403.97,2,0,0.0,0.0,9701.985,VERIFIED,False,True
USR66750,1,119.04,0,0,0.0,0.0,119.04,,,False
USR66771,1,6271.15,0,1,1.0,8787.96,6271.15,,,False
USR66773,1,3410.05,0,0,0.0,0.0,3410.05,PENDING,False,True
USR66784,2,47592.81,2,0,0.0,0.0,23796.405,,,False
USR66788,1,2102.0,1,0,1.0,946.63,2102.0,VERIFIED,False,True
USR66792,2,-8450.53,2,0,0.0,0.0,-4225.265,,,False
USR66799,1,16367.0,1,0,1.0,6490.82,16367.0,REJECT,False,True
USR66804,1,1507.98,1,0,0.0,0.0,1507.98,,,False
USR66807,1,5455.11,0,0,0.0,0.0,5455.11,,,False
USR66811,1,24232.87,1,0,0.0,0.0,24232.87,VERIFIED,False,True
USR66813,1,11024.47,1,0,1.0,4576.69,11024.47,,,False
USR66837,1,23034.97,1,0,0.0,0.0,23034.97,,,False
USR66846,1,4731.32,1,0,0.0,0.0,4731.32,VERIFIED,True,True
USR66850,1,10474.79,1,0,0.0,0.0,10474.79,,,False
USR66854,1,13849.52,1,0,0.0,0.0,13849.52,,,False
USR66859,1,2095.77,0,0,0.0,0.0,2095.77,,,False
USR66862,1,16368.07,1,0,1.0,3588.0,16368.07,,,False
USR66863,1,20189.71,1,0,1.0,732.66,20189.71,,,False
USR66864,1,14801.94,1,0,0.0,0.0,14801.94,VERIFIED,False,True
USR66866,1,3630.92,1,0,0.0,0.0,3630.92,VERIFIED,False,True
USR66868,2,36834.69,1,1,0.0,0.0,18417.345,,,False
USR66869,1,7945.78,0,0,0.0,0.0,7945.78,VERIFIED,True,True
USR66881,2,13170.150000000001,2,0,0.0,0.0,6585.075000000001,,,False
USR66892,1,3827.23,1,0,0.0,0.0,3827.23,,,False
USR66902,1,11233.77,1,0,0.0,0.0,11233.77,,,False
USR66904,3,28128.91,3,0,0.0,0.0,9376.303333333333,,,False
USR66906,1,17919.39,1,0,0.0,0.0,17919.39,VERIFIED,False,True
USR66908,1,16692.0,0,1,0.0,0.0,16692.0,VERIFIED,True,True
USR66909,1,8647.05,1,0,0.0,0.0,8647.05,VERIFIED,False,True
USR66917,1,10572.94,1,0,0.0,0.0,10572.94,VERIFIED,True,True
USR66919,1,23025.65,1,0,1.0,4857.63,23025.65,KYC_DONE,False,True
USR66922,1,7534.0,0,1,1.0,1840.53,7534.0,REJECTED,False,True
USR66924,1,11821.89,1,0,0.0,0.0,11821.89,,,False
USR66928,1,3143.22,1,0,0.0,0.0,3143.22,,,False
USR66935,1,8636.0,1,0,0.0,0.0,8636.0,,,False
USR66939,1,7869.79,1,0,1.0,825.0,7869.79,,,False
USR66951,1,4637.55,1,0,0.0,0.0,4637.55,,,False
USR66958,1,16421.5,1,0,0.0,0.0,16421.5,KYC_DONE,True,True
USR66963,1,20109.96,1,0,0.0,0.0,20109.96,,,False
USR66966,1,13664.71,0,1,0.0,0.0,13664.71,,,False
USR66967,1,8229.71,1,0,0.0,0.0,8229.71,,,False
USR66968,1,2212.98,1,0,0.0,0.0,2212.98,,,False
USR66971,1,1096.28,1,0,0.0,0.0,1096.28,,,False
USR66975,1,11514.28,1,0,0.0,0.0,11514.28,,,False
USR66980,1,19353.8,1,0,0.0,0.0,19353.8,KYC_DONE,True,True
USR66982,1,13542.24,0,1,0.0,0.0,13542.24,,,False
USR66987,1,1961.96,1,0,0.0,0.0,1961.96,,,False
USR66989,1,5230.13,0,0,0.0,0.0,5230.13,,,False
USR66996,1,19791.43,1,0,0.0,0.0,19791.43,,,False
USR66998,1,19271.61,1,0,1.0,18567.74,19271.61,REJECTED,False,True
USR67001,1,22565.0,1,0,0.0,0.0,22565.0,,,False
USR67004,1,7836.0,1,0,0.0,0.0,7836.0,,,False
USR67008,2,25877.44,2,0,0.0,0.0,12938.72,VERIFIED,False,True
USR67012,1,17300.46,1,0,0.0,0.0,17300.46,VERIFIED,False,True
USR67013,1,24161.0,1,0,0.0,0.0,24161.0,,,False
USR67027,1,9616.87,1,0,0.0,0.0,9616.87,,,False
USR67028,1,867.1,1,0,0.0,0.0,867.1,,,False
USR67030,1,21093.0,1,0,2.0,4480.1900000000005,21093.0,,,False
USR67031,1,1472.83,1,0,0.0,0.0,1472.83,,,False
USR67033,1,19447.01,1,0,0.0,0.0,19447.01,,,False
USR67034,1,19302.59,1,0,0.0,0.0,19302.59,,,False
USR67035,1,19142.68,1,0,0.0,0.0,19142.68,,,False
USR67036,1,1362.82,1,0,0.0,0.0,1362.82,,,False
USR67041,1,20145.0,0,1,0.0,0.0,20145.0,,,False
USR67045,1,14735.9,1,0,0.0,0.0,14735.9,,,False
USR67050,1,12448.94,1,0,0.0,0.0,12448.94,,,False
USR67052,1,-10302.47,1,0,0.0,0.0,-10302.47,,,False
USR67060,1,14154.8,1,0,0.0,0.0,14154.8,,,False
USR67061,2,21178.77,2,0,0.0,0.0,10589.385,,,False
USR67064,1,1933.46,1,0,0.0,0.0,1933.46,,,False
USR67068,1,15296.9,1,0,0.0,0.0,15296.9,,,False
USR67071,1,9928.27,1,0,0.0,0.0,9928.27,VERIFIED,True,True
USR67074,2,19861.89,2,0,0.0,0.0,9930.945,,,False
USR67082,1,6622.13,1,0,0.0,0.0,6622.13,VERIFIED,False,True
USR67086,1,5046.19,1,0,0.0,0.0,5046.19,,,False
USR67098,1,9452.2,1,0,0.0,0.0,9452.2,,,False
USR67113,1,3832.05,0,1,0.0,0.0,3832.05,VERIFIED,False,True
USR67121,1,8020.0,1,0,0.0,0.0,8020.0,,,False
USR67124,1,1490.62,1,0,0.0,0.0,1490.62,,,False
USR67131,1,23655.45,0,1,0.0,0.0,23655.45,PENDING,False,True
USR67133,2,8848.55,2,0,1.0,1328.22,4424.275,,,False
USR67135,2,8660.05,2,0,0.0,0.0,4330.025,,,False
USR67137,1,9101.99,1,0,0.0,0.0,9101.99,,,False
USR67138,1,6424.9,1,0,0.0,0.0,6424.9,,,False
USR67140,1,-18582.4,1,0,0.0,0.0,-18582.4,VERIFIED,False,True
USR67162,1,7038.69,1,0,0.0,0.0,7038.69,,,False
USR67165,1,19333.8,1,0,0.0,0.0,19333.8,,,False
USR67166,1,4899.7,1,0,0.0,0.0,4899.7,,,False
USR67168,1,16708.64,1,0,1.0,5669.05,16708.64,VERIFIED,False,True
USR67170,1,13551.61,1,0,0.0,0.0,13551.61,,,False
USR67171,1,5346.0,1,0,0.0,0.0,5346.0,KYC_DONE,False,True
USR67172,1,394.0,1,0,1.0,2928.89,394.0,,,False
USR67178,1,18383.36,1,0,0.0,0.0,18383.36,,,False
USR67185,2,15410.330000000002,2,0,0.0,0.0,7705.165000000001,,,False
USR67191,1,884.21,1,0,0.0,0.0,884.21,VERIFIED,False,True
USR67202,1,13395.0,1,0,0.0,0.0,13395.0,,,False
USR67208,1,9340.1,1,0,0.0,0.0,9340.1,,,False
USR67215,1,7255.53,1,0,0.0,0.0,7255.53,REJECTED,False,True
USR67216,1,12623.44,1,0,0.0,0.0,12623.44,,,False
USR67219,1,17428.0,1,0,0.0,0.0,17428.0,,,False
USR67224,1,23765.34,1,0,0.0,0.0,23765.34,,,False
USR67232,1,4038.86,1,0,1.0,2182.0,4038.86,,,False
USR67233,1,1924.32,1,0,0.0,0.0,1924.32,,,False
USR67236,1,11271.0,1,0,0.0,0.0,11271.0,VERIFIED,False,True
USR67250,1,10483.44,1,0,0.0,0.0,10483.44,PENDING,False,True
USR67253,1,14816.0,1,0,0.0,0.0,14816.0,,,False
USR67264,1,13548.59,1,0,0.0,0.0,13548.59,PENDING,False,True
USR67269,1,12517.37,1,0,0.0,0.0,12517.37,VERIFIED,False,True
USR67270,1,20095.84,0,1,0.0,0.0,20095.84,,,False
USR67271,1,-4711.15,1,0,0.0,0.0,-4711.15,VERIFIED,True,True
USR67284,1,21617.83,1,0,0.0,0.0,21617.83,KYC_DONE,False,True
USR67288,1,17672.06,1,0,1.0,782.96,17672.06,,,False
USR67289,1,10258.14,0,1,0.0,0.0,10258.14,UNDER REVIEW,False,True
USR67301,1,16591.45,1,0,0.0,0.0,16591.45,REJECT,False,True
USR67302,1,2674.42,1,0,0.0,0.0,2674.42,,,False
USR67305,1,21966.96,1,0,0.0,0.0,21966.96,,,False
USR67310,1,24348.65,1,0,0.0,0.0,24348.65,,,False
USR67313,1,23706.63,1,0,1.0,607.62,23706.63,KYC_DONE,False,True
USR67321,1,12238.38,1,0,0.0,0.0,12238.38,,,False
USR67324,1,9534.77,1,0,0.0,0.0,9534.77,,,False
USR67325,1,20613.54,1,0,0.0,0.0,20613.54,,,False
USR67337,1,20602.0,1,0,1.0,-512.66,20602.0,,,False
USR67340,1,3186.29,1,0,0.0,0.0,3186.29,VERIFIED,False,True
USR67348,1,21379.18,1,0,0.0,0.0,21379.18,VERIFIED,False,True
USR67349,1,88.01,1,0,0.0,0.0,88.01,KYC_DONE,False,True
USR67350,1,19297.53,1,0,0.0,0.0,19297.53,VERIFIED,False,True
USR67361,1,9172.28,1,0,1.0,374.0,9172.28,PENDING,False,True
USR67365,1,-14262.11,1,0,0.0,0.0,-14262.11,VERIFIED,False,True
USR67372,1,15222.17,1,0,1.0,4853.7,15222.17,VERIFIED,False,True
USR67375,1,13009.32,0,0,0.0,0.0,13009.32,,,False
USR67379,1,20040.41,1,0,0.0,0.0,20040.41,,,False
USR67389,2,31841.72,2,0,1.0,5163.82,15920.86,VERIFIED,True,True
USR67392,2,22054.07,2,0,0.0,0.0,11027.035,,,False
USR67397,1,21613.28,1,0,0.0,0.0,21613.28,VERIFIED,False,True
USR67400,1,12262.91,1,0,0.0,0.0,12262.91,,,False
USR67402,1,18026.67,1,0,1.0,1097.4,18026.67,,,False
USR67414,1,10398.63,1,0,0.0,0.0,10398.63,KYC_DONE,False,True
USR67417,1,23465.07,1,0,0.0,0.0,23465.07,,,False
USR67422,1,24023.39,1,0,0.0,0.0,24023.39,,,False
USR67423,1,21308.0,0,1,0.0,0.0,21308.0,,,False
USR67425,1,11690.36,1,0,0.0,0.0,11690.36,,,False
USR67426,1,8477.0,1,0,0.0,0.0,8477.0,,,False
USR67429,1,6591.46,1,0,0.0,0.0,6591.46,,,False
USR67443,1,24227.87,1,0,0.0,0.0,24227.87,,,False
USR67445,2,12924.5,1,1,0.0,0.0,6462.25,,,False
USR67451,1,8227.84,1,0,1.0,473.27,8227.84,,,False
USR67456,1,13598.62,1,0,0.0,0.0,13598.62,VERIFIED,True,True
USR67458,1,14083.48,1,0,0.0,0.0,14083.48,,,False
USR67460,1,10727.9,1,0,0.0,0.0,10727.9,VERIFIED,False,True
USR67461,1,37.79,0,0,0.0,0.0,37.79,,,False
USR67477,1,19883.73,1,0,0.0,0.0,19883.73,,,False
USR67480,1,20135.89,1,0,0.0,0.0,20135.89,VERIFIED,False,True
USR67481,1,-2941.53,1,0,0.0,0.0,-2941.53,,,False
USR67497,1,22594.09,1,0,0.0,0.0,22594.09,,,False
USR67513,1,9322.7,0,0,0.0,0.0,9322.7,,,False
USR67523,1,17568.82,1,0,0.0,0.0,17568.82,,,False
USR67528,1,1238.47,1,0,1.0,1257.85,1238.47,VERIFIED,False,True
USR67534,1,9554.67,0,1,0.0,0.0,9554.67,,,False
USR67537,1,10524.21,0,0,0.0,0.0,10524.21,VERIFIED,False,True
USR67541,1,2545.77,1,0,0.0,0.0,2545.77,VERIFIED,False,True
USR67542,1,12080.52,1,0,0.0,0.0,12080.52,PENDING,True,True
USR67544,1,19136.43,1,0,0.0,0.0,19136.43,,,False
USR67564,1,23839.8,1,0,0.0,0.0,23839.8,,,False
USR67565,2,3032.1000000000004,2,0,0.0,0.0,1516.0500000000002,,,False
USR67569,1,16115.51,1,0,0.0,0.0,16115.51,,,False
USR67571,1,6756.64,1,0,1.0,-562.07,6756.64,,,False
USR67576,1,7301.95,1,0,0.0,0.0,7301.95,,,False
USR67579,1,17720.52,1,0,0.0,0.0,17720.52,,,False
USR67583,1,19799.74,1,0,0.0,0.0,19799.74,,,False
USR67586,1,8854.1,1,0,1.0,1850.41,8854.1,,,False
USR67603,1,23081.36,1,0,0.0,0.0,23081.36,REJECTED,True,True
USR67610,1,19104.75,1,0,0.0,0.0,19104.75,,,False
USR67616,1,8845.19,1,0,0.0,0.0,8845.19,,,False
USR67619,1,3005.44,1,0,0.0,0.0,3005.44,,,False
USR67621,1,18542.8,1,0,0.0,0.0,18542.8,,,False
USR67624,1,21121.13,1,0,2.0,2127.67,21121.13,,,False
USR67636,1,15565.86,1,0,1.0,303.26,15565.86,,,False
USR67638,1,19325.61,1,0,0.0,0.0,19325.61,,,False
USR67646,1,21843.0,1,0,0.0,0.0,21843.0,,,False
USR67653,3,30031.36,3,0,0.0,0.0,10010.453333333333,,,False
USR67654,1,15544.52,1,0,0.0,0.0,15544.52,KYC_DONE,False,True
USR67667,1,328.78,1,0,0.0,0.0,328.78,,,False
USR67668,1,18010.9,1,0,0.0,0.0,18010.9,REJECT,False,True
USR67674,1,1451.51,1,0,1.0,1038.0,1451.51,,,False
USR67675,1,9789.0,1,0,0.0,0.0,9789.0,VERIFIED,False,True
USR67676,1,9773.66,0,0,1.0,554.76,9773.66,PENDING,False,True
USR67677,2,13063.119999999999,1,1,0.0,0.0,6531.5599999999995,,,False
USR67685,1,12002.09,1,0,0.0,0.0,12002.09,VERIFIED,True,True
USR67690,1,5452.34,1,0,0.0,0.0,5452.34,,,False
USR67691,1,5797.26,1,0,0.0,0.0,5797.26,,,False
USR67703,1,15160.26,1,0,0.0,0.0,15160.26,,,False
USR67712,1,14518.37,1,0,0.0,0.0,14518.37,,,False
USR67717,1,2990.6,1,0,0.0,0.0,2990.6,,,False
USR67718,2,4841.87,2,0,1.0,6930.0,2420.935,VERIFIED,False,True
USR67726,1,6188.3,1,0,0.0,0.0,6188.3,,,False
USR67741,1,12813.97,1,0,0.0,0.0,12813.97,VERIFIED,False,True
USR67742,1,2970.36,1,0,1.0,1413.0,2970.36,,,False
USR67746,1,17800.0,1,0,0.0,0.0,17800.0,,,False
USR67748,1,11037.45,1,0,0.0,0.0,11037.45,,,False
USR67752,1,19424.26,0,0,0.0,0.0,19424.26,,,False
USR67756,1,2114.48,0,1,0.0,0.0,2114.48,KYC_DONE,False,True
USR67763,1,11249.0,1,0,0.0,0.0,11249.0,,,False
USR67764,1,812.42,1,0,1.0,2021.11,812.42,VERIFIED,False,True
USR67765,1,9091.0,1,0,0.0,0.0,9091.0,KYC_DONE,False,True
USR67778,2,12569.54,2,0,0.0,0.0,6284.77,KYC_DONE,True,True
USR67783,1,2095.9,0,1,0.0,0.0,2095.9,,,False
USR67794,1,14436.2,0,1,0.0,0.0,14436.2,,,False
USR67796,1,211.24,1,0,0.0,0.0,211.24,,,False
USR67799,2,23896.13,2,0,0.0,0.0,11948.065,,,False
USR67811,1,4680.81,1,0,0.0,0.0,4680.81,,,False
USR67814,1,1728.83,1,0,0.0,0.0,1728.83,,,False
USR67816,1,586.91,1,0,0.0,0.0,586.91,,,False
USR67831,1,349.97,0,1,0.0,0.0,349.97,,,False
USR67839,1,21449.79,1,0,0.0,0.0,21449.79,,,False
USR67840,1,8046.38,1,0,0.0,0.0,8046.38,,,False
USR67852,2,26619.920000000002,2,0,1.0,6391.92,13309.960000000001,,,False
USR67855,2,20779.800000000003,2,0,0.0,0.0,10389.900000000001,,,False
USR67872,1,742.05,1,0,0.0,0.0,742.05,,,False
USR67873,1,8264.47,1,0,0.0,0.0,8264.47,,,False
USR67876,1,22224.92,1,0,0.0,0.0,22224.92,,,False
USR67883,2,12722.82,2,0,0.0,0.0,6361.41,,,False
USR67907,1,16094.6,1,0,0.0,0.0,16094.6,,,False
USR67920,1,15607.48,1,0,0.0,0.0,15607.48,,,False
USR67924,1,20213.42,1,0,0.0,0.0,20213.42,VERIFIED,False,True
USR67927,1,14912.23,1,0,0.0,0.0,14912.23,VERIFIED,False,True
USR67932,1,712.76,0,1,0.0,0.0,712.76,,,False
USR67933,1,8252.1,1,0,0.0,0.0,8252.1,PENDING,False,True
USR67936,2,35589.229999999996,2,0,0.0,0.0,17794.614999999998,,,False
USR67943,2,7322.04,1,0,0.0,0.0,3661.02,,,False
USR67958,1,23462.67,0,0,0.0,0.0,23462.67,VERIFIED,False,True
USR67960,1,535.71,1,0,0.0,0.0,535.71,VERIFIED,False,True
USR67965,1,10702.46,1,0,1.0,852.14,10702.46,PENDING,False,True
USR67967,1,2069.0,1,0,0.0,0.0,2069.0,PENDING,True,True
USR67968,1,16786.53,1,0,0.0,0.0,16786.53,,,False
USR67973,1,4678.0,1,0,0.0,0.0,4678.0,,,False
USR67978,1,15768.91,1,0,0.0,0.0,15768.91,VERIFIED,False,True
USR67979,1,8162.25,1,0,0.0,0.0,8162.25,VERIFIED,False,True
USR67997,1,22061.09,1,0,0.0,0.0,22061.09,,,False
USR68001,1,1318.35,0,1,0.0,0.0,1318.35,,,False
USR68002,1,9621.43,1,0,0.0,0.0,9621.43,,,False
USR68004,1,17910.92,1,0,0.0,0.0,17910.92,,,False
USR68007,1,19727.23,1,0,0.0,0.0,19727.23,,,False
USR68010,1,23290.87,0,0,0.0,0.0,23290.87,PENDING,False,True
USR68014,1,21408.57,1,0,1.0,478.75,21408.57,,,False
USR68015,1,10890.59,1,0,0.0,0.0,10890.59,KYC_DONE,False,True
USR68017,1,15840.62,1,0,0.0,0.0,15840.62,VERIFIED,False,True
USR68019,1,3335.84,1,0,0.0,0.0,3335.84,VERIFIED,False,True
USR68024,3,38815.829999999994,3,0,0.0,0.0,12938.609999999999,,,False
USR68027,1,10164.12,1,0,0.0,0.0,10164.12,,,False
USR68036,1,1408.95,1,0,0.0,0.0,1408.95,,,False
USR68040,1,20875.57,1,0,0.0,0.0,20875.57,,,False
USR68041,1,4300.63,1,0,0.0,0.0,4300.63,VERIFIED,True,True
USR68045,1,8180.28,1,0,1.0,696.41,8180.28,,,False
USR68051,1,2839.65,1,0,0.0,0.0,2839.65,,,False
USR68057,1,4262.0,1,0,0.0,0.0,4262.0,VERIFIED,False,True
USR68058,1,24862.68,1,0,1.0,4452.29,24862.68,,,False
USR68062,1,17210.0,1,0,0.0,0.0,17210.0,,,False
USR68064,1,4032.28,1,0,0.0,0.0,4032.28,,,False
USR68077,1,16268.66,1,0,0.0,0.0,16268.66,,,False
USR68079,1,21680.0,1,0,0.0,0.0,21680.0,,,False
USR68089,1,11679.52,1,0,0.0,0.0,11679.52,,,False
USR68090,1,14881.0,1,0,0.0,0.0,14881.0,,,False
USR68103,1,9060.1,1,0,0.0,0.0,9060.1,,,False
USR68106,1,3243.22,1,0,0.0,0.0,3243.22,VERIFIED,False,True
USR68113,1,7233.35,1,0,0.0,0.0,7233.35,VERIFIED,False,True
USR68114,2,35704.17,2,0,1.0,-1389.07,17852.085,,,False
USR68115,1,16709.8,1,0,0.0,0.0,16709.8,,,False
USR68117,1,4975.9,1,0,0.0,0.0,4975.9,,,False
USR68118,1,7849.44,1,0,0.0,0.0,7849.44,,,False
USR68124,1,15015.82,1,0,0.0,0.0,15015.82,,,False
USR68128,1,587.01,0,1,0.0,0.0,587.01,VERIFIED,False,True
USR68143,1,22594.61,1,0,0.0,0.0,22594.61,VERIFIED,False,True
USR68148,1,24252.21,1,0,0.0,0.0,24252.21,,,False
USR68150,1,14535.14,1,0,0.0,0.0,14535.14,VERIFIED,False,True
USR68168,1,21497.69,1,0,1.0,4255.52,21497.69,,,False
USR68172,1,23666.5,1,0,0.0,0.0,23666.5,,,False
USR68176,1,8541.89,1,0,0.0,0.0,8541.89,,,False
USR68181,1,12155.15,1,0,0.0,0.0,12155.15,,,False
USR68186,1,3027.25,1,0,0.0,0.0,3027.25,KYC_DONE,False,True
USR68187,1,-21566.11,1,0,0.0,0.0,-21566.11,,,False
USR68188,1,2377.53,1,0,0.0,0.0,2377.53,REJECTED,True,True
USR68189,1,822.83,1,0,0.0,0.0,822.83,,,False
USR68191,1,10020.73,1,0,1.0,-2520.29,10020.73,,,False
USR68202,1,21727.49,1,0,0.0,0.0,21727.49,,,False
USR68205,1,17678.71,1,0,0.0,0.0,17678.71,,,False
USR68207,1,5589.15,0,1,0.0,0.0,5589.15,,,False
USR68213,1,20592.35,1,0,1.0,1688.18,20592.35,,,False
USR68214,1,24621.61,1,0,0.0,0.0,24621.61,,,False
USR68216,1,17961.82,0,1,0.0,0.0,17961.82,,,False
USR68223,1,17252.88,1,0,1.0,3989.1,17252.88,VERIFIED,False,True
USR68239,2,47130.93,2,0,0.0,0.0,23565.465,,,False
USR68240,1,2267.06,1,0,0.0,0.0,2267.06,,,False
USR68246,1,15457.02,1,0,0.0,0.0,15457.02,,,False
USR68252,1,-15597.34,1,0,0.0,0.0,-15597.34,VERIFIED,False,True
USR68255,1,6639.47,1,0,1.0,8599.51,6639.47,,,False
USR68261,1,5815.77,1,0,0.0,0.0,5815.77,,,False
USR68273,1,1245.69,1,0,0.0,0.0,1245.69,,,False
USR68278,1,1199.83,1,0,0.0,0.0,1199.83,VERIFIED,True,True
USR68283,1,16697.0,1,0,0.0,0.0,16697.0,KYC_DONE,False,True
USR68284,1,19063.84,0,1,0.0,0.0,19063.84,,,False
USR68286,1,21384.85,0,0,0.0,0.0,21384.85,,,False
USR68288,2,24992.590000000004,2,0,1.0,3008.39,12496.295000000002,,,False
USR68297,1,10583.6,1,0,0.0,0.0,10583.6,,,False
USR68302,1,6454.17,1,0,0.0,0.0,6454.17,,,False
USR68314,1,11572.26,1,0,0.0,0.0,11572.26,,,False
USR68316,1,16606.5,1,0,0.0,0.0,16606.5,,,False
USR68333,1,19184.28,1,0,0.0,0.0,19184.28,,,False
USR68334,1,23019.96,1,0,0.0,0.0,23019.96,,,False
USR68336,1,15591.4,1,0,0.0,0.0,15591.4,VERIFIED,False,True
USR68337,1,20947.26,1,0,0.0,0.0,20947.26,PENDING,True,True
USR68340,1,850.0,0,0,0.0,0.0,850.0,,,False
USR68342,1,14323.1,1,0,0.0,0.0,14323.1,VERIFIED,False,True
USR68346,1,21865.74,1,0,0.0,0.0,21865.74,VERIFIED,False,True
USR68349,3,30640.86,3,0,0.0,0.0,10213.62,,,False
USR68351,1,17231.0,1,0,1.0,-2807.75,17231.0,VERIFIED,False,True
USR68362,1,24382.74,1,0,0.0,0.0,24382.74,,,False
USR68365,2,24832.13,1,0,0.0,0.0,12416.065,PENDING,False,True
USR68368,1,14509.0,1,0,0.0,0.0,14509.0,,,False
USR68369,1,16939.18,1,0,0.0,0.0,16939.18,,,False
USR68394,1,12481.0,1,0,0.0,0.0,12481.0,VERIFIED,False,True
USR68398,2,39568.14,2,0,0.0,0.0,19784.07,,,False
USR68412,1,23398.28,1,0,0.0,0.0,23398.28,,,False
USR68414,1,7269.14,1,0,0.0,0.0,7269.14,,,False
USR68419,1,23953.26,0,1,0.0,0.0,23953.26,,,False
USR68437,1,2296.26,1,0,0.0,0.0,2296.26,,,False
USR68449,1,433.52,0,0,0.0,0.0,433.52,VERIFIED,False,True
USR68459,1,1453.94,1,0,0.0,0.0,1453.94,,,False
USR68467,1,10171.85,1,0,0.0,0.0,10171.85,,,False
USR68468,1,5982.27,1,0,0.0,0.0,5982.27,,,False
USR68470,1,22179.68,1,0,0.0,0.0,22179.68,VERIFIED,False,True
USR68471,1,24383.82,1,0,1.0,754.13,24383.82,VERIFIED,False,True
USR68473,1,24638.0,1,0,0.0,0.0,24638.0,UNDER REVIEW,True,True
USR68474,1,13724.0,1,0,0.0,0.0,13724.0,,,False
USR68477,1,15689.1,1,0,0.0,0.0,15689.1,KYC_DONE,True,True
USR68479,1,11673.0,1,0,0.0,0.0,11673.0,,,False
USR68493,1,13941.29,1,0,0.0,0.0,13941.29,,,False
USR68502,1,11308.0,1,0,0.0,0.0,11308.0,KYC_DONE,False,True
USR68503,1,16274.45,1,0,0.0,0.0,16274.45,,,False
USR68511,3,46266.96,3,0,0.0,0.0,15422.32,,,False
USR68520,1,18955.65,0,1,0.0,0.0,18955.65,VERIFIED,False,True
USR68522,1,2234.35,0,0,0.0,0.0,2234.35,KYC_DONE,False,True
USR68523,1,2461.38,1,0,0.0,0.0,2461.38,REJECTED,False,True
USR68525,1,6258.92,1,0,1.0,2203.0,6258.92,,,False
USR68538,1,12227.56,1,0,0.0,0.0,12227.56,,,False
USR68540,1,158.0,1,0,0.0,0.0,158.0,,,False
USR68541,2,19481.85,2,0,0.0,0.0,9740.925,,,False
USR68547,2,39622.34,1,1,1.0,-6781.52,19811.17,VERIFIED,False,True
USR68552,1,15354.95,0,1,0.0,0.0,15354.95,,,False
USR68554,1,16870.1,1,0,1.0,146.7,16870.1,,,False
USR68559,1,22194.0,1,0,0.0,0.0,22194.0,VERIFIED,False,True
USR68564,1,-12043.24,1,0,0.0,0.0,-12043.24,VERIFIED,False,True
USR68565,1,1869.97,1,0,0.0,0.0,1869.97,,,False
USR68566,1,7741.12,1,0,0.0,0.0,7741.12,,,False
USR68567,1,24873.8,1,0,0.0,0.0,24873.8,,,False
USR68580,1,3070.81,1,0,0.0,0.0,3070.81,,,False
USR68591,1,15798.05,1,0,0.0,0.0,15798.05,VERIFIED,False,True
USR68593,1,21317.28,1,0,1.0,788.58,21317.28,,,False
USR68598,1,9546.6,0,1,0.0,0.0,9546.6,REJECTED,False,True
USR68599,2,8143.19,2,0,1.0,276.61,4071.595,VERIFIED,False,True
USR68616,1,24111.84,1,0,0.0,0.0,24111.84,,,False
USR68618,1,5029.76,1,0,0.0,0.0,5029.76,,,False
USR68626,1,24728.24,1,0,0.0,0.0,24728.24,,,False
USR68629,1,22815.94,1,0,0.0,0.0,22815.94,,,False
USR68632,2,31037.5,2,0,0.0,0.0,15518.75,,,False
USR68638,1,98.69,1,0,0.0,0.0,98.69,VERIFIED,False,True
USR68642,1,7318.0,1,0,0.0,0.0,7318.0,,,False
USR68645,1,18690.54,1,0,0.0,0.0,18690.54,VERIFIED,True,True
USR68648,1,335.13,0,1,0.0,0.0,335.13,KYC_DONE,False,True
USR68653,1,12585.48,0,0,0.0,0.0,12585.48,,,False
USR68660,1,21058.63,1,0,0.0,0.0,21058.63,,,False
USR68665,1,16073.74,1,0,0.0,0.0,16073.74,REJECTED,True,True
USR68673,1,19253.06,1,0,1.0,651.01,19253.06,,,False
USR68688,1,3814.18,1,0,0.0,0.0,3814.18,KYC_DONE,False,True
USR68694,1,9709.45,1,0,0.0,0.0,9709.45,,,False
USR68696,2,18597.559999999998,2,0,0.0,0.0,9298.779999999999,,,False
USR68697,1,19314.72,1,0,0.0,0.0,19314.72,KYC_DONE,False,True
USR68702,1,7126.95,1,0,0.0,0.0,7126.95,,,False
USR68707,1,21946.97,1,0,0.0,0.0,21946.97,PENDING,False,True
USR68711,1,2861.0,1,0,0.0,0.0,2861.0,,,False
USR68718,1,-17351.8,1,0,0.0,0.0,-17351.8,VERIFIED,True,True
USR68723,1,6018.73,1,0,0.0,0.0,6018.73,,,False
USR68724,1,18389.08,1,0,0.0,0.0,18389.08,,,False
USR68738,1,10665.48,1,0,0.0,0.0,10665.48,,,False
USR68745,1,9945.82,1,0,0.0,0.0,9945.82,,,False
USR68746,1,24195.0,1,0,0.0,0.0,24195.0,,,False
USR68748,1,17651.0,1,0,0.0,0.0,17651.0,REJECTED,False,True
USR68751,1,24238.47,1,0,0.0,0.0,24238.47,VERIFIED,True,True
USR68753,1,6743.27,1,0,0.0,0.0,6743.27,,,False
USR68767,1,8530.55,1,0,0.0,0.0,8530.55,,,False
USR68775,1,14563.44,1,0,1.0,1724.56,14563.44,,,False
USR68779,1,16998.65,1,0,0.0,0.0,16998.65,VERIFIED,True,True
USR68781,1,14762.79,1,0,0.0,0.0,14762.79,,,False
USR68784,1,9986.99,1,0,0.0,0.0,9986.99,,,False
USR68785,1,16820.85,1,0,0.0,0.0,16820.85,VERIFIED,False,True
USR68792,1,19969.63,1,0,0.0,0.0,19969.63,,,False
USR68794,2,47224.92,2,0,0.0,0.0,23612.46,,,False
USR68796,1,4080.94,1,0,0.0,0.0,4080.94,VERIFIED,True,True
USR68802,1,15650.2,0,1,0.0,0.0,15650.2,,,False
USR68803,2,24503.89,1,0,0.0,0.0,12251.945,,,False
USR68805,1,16909.08,1,0,2.0,3250.67,16909.08,PENDING,False,True
USR68809,1,20238.01,1,0,0.0,0.0,20238.01,VERIFIED,False,True
USR68811,1,4733.54,1,0,0.0,0.0,4733.54,,,False
USR68820,1,3598.0,1,0,0.0,0.0,3598.0,PENDING,False,True
USR68824,1,6341.18,1,0,0.0,0.0,6341.18,,,False
USR68828,1,18187.66,1,0,1.0,428.88,18187.66,PENDING,False,True
USR68832,1,14209.53,1,0,0.0,0.0,14209.53,VERIFIED,True,True
USR68839,1,6091.0,1,0,0.0,0.0,6091.0,,,False
USR68840,1,9950.86,1,0,0.0,0.0,9950.86,,,False
USR68842,1,10194.5,1,0,0.0,0.0,10194.5,VERIFIED,False,True
USR68849,1,102.95,0,1,1.0,2017.17,102.95,VERIFIED,False,True
USR68851,1,5303.0,1,0,0.0,0.0,5303.0,,,False
USR68854,1,4378.0,1,0,1.0,1759.97,4378.0,,,False
USR68856,1,6309.95,1,0,0.0,0.0,6309.95,VERIFIED,True,True
USR68857,1,14308.0,1,0,0.0,0.0,14308.0,VERIFIED,False,True
USR68859,1,10166.35,1,0,0.0,0.0,10166.35,,,False
USR68868,1,16332.54,0,1,0.0,0.0,16332.54,,,False
USR68884,1,18367.86,1,0,1.0,2320.0,18367.86,,,False
USR68886,1,6536.45,1,0,0.0,0.0,6536.45,PENDING,False,True
USR68887,1,8381.86,0,0,0.0,0.0,8381.86,,,False
USR68894,1,12611.54,0,1,0.0,0.0,12611.54,,,False
USR68896,1,22113.12,1,0,0.0,0.0,22113.12,VERIFIED,False,True
USR68900,1,22038.0,1,0,0.0,0.0,22038.0,,,False
USR68903,1,8642.71,1,0,0.0,0.0,8642.71,,,False
USR68905,1,6127.55,1,0,0.0,0.0,6127.55,,,False
USR68911,1,926.71,0,1,0.0,0.0,926.71,REJECTED,False,True
USR68912,1,1138.33,1,0,0.0,0.0,1138.33,REJECT,True,True
USR68914,1,18972.0,1,0,1.0,-860.7,18972.0,KYC_DONE,False,True
USR68916,1,21327.49,1,0,0.0,0.0,21327.49,VERIFIED,True,True
USR68917,1,20440.14,1,0,0.0,0.0,20440.14,,,False
USR68920,1,3056.01,1,0,0.0,0.0,3056.01,VERIFIED,True,True
USR68931,1,16764.15,1,0,0.0,0.0,16764.15,VERIFIED,False,True
USR68932,1,-18469.16,1,0,0.0,0.0,-18469.16,,,False
USR68935,2,11323.49,1,0,1.0,1413.0,5661.745,,,False
USR68939,2,30289.92,1,0,1.0,449.0,15144.96,VERIFIED,True,True
USR68944,1,11861.0,1,0,1.0,2910.7,11861.0,,,False
USR68949,1,3862.36,1,0,0.0,0.0,3862.36,VERIFIED,True,True
USR68951,1,15654.85,1,0,0.0,0.0,15654.85,VERIFIED,False,True
USR68953,2,33146.020000000004,2,0,2.0,6058.0,16573.010000000002,,,False
USR68959,1,12245.72,1,0,0.0,0.0,12245.72,VERIFIED,False,True
USR68961,1,9500.0,1,0,0.0,0.0,9500.0,,,False
USR68965,1,17851.68,0,0,0.0,0.0,17851.68,VERIFIED,False,True
USR68974,1,20583.6,1,0,0.0,0.0,20583.6,,,False
USR68978,1,1137.32,0,1,0.0,0.0,1137.32,VERIFIED,False,True
USR69000,1,1107.18,1,0,0.0,0.0,1107.18,,,False
USR69009,1,23548.21,1,0,0.0,0.0,23548.21,VERIFIED,False,True
USR69012,1,6942.0,1,0,0.0,0.0,6942.0,,,False
USR69015,1,4911.52,1,0,0.0,0.0,4911.52,VERIFIED,False,True
USR69017,1,20363.57,1,0,0.0,0.0,20363.57,,,False
USR69023,1,13578.32,1,0,1.0,0.0,13578.32,,,False
USR69026,2,20737.79,2,0,0.0,0.0,10368.895,,,False
USR69029,1,-16701.66,1,0,0.0,0.0,-16701.66,VERIFIED,True,True
USR69031,1,8558.62,1,0,1.0,509.24,8558.62,,,False
USR69038,1,15758.34,0,1,0.0,0.0,15758.34,,,False
USR69058,1,18354.26,0,1,0.0,0.0,18354.26,VERIFIED,False,True
USR69063,1,12220.24,1,0,0.0,0.0,12220.24,,,False
USR69080,1,5490.82,0,1,0.0,0.0,5490.82,,,False
USR69082,1,9197.77,1,0,0.0,0.0,9197.77,,,False
USR69083,1,1735.46,1,0,0.0,0.0,1735.46,,,False
USR69085,1,24355.12,1,0,0.0,0.0,24355.12,,,False
USR69087,1,12608.67,1,0,0.0,0.0,12608.67,,,False
USR69095,1,17250.0,1,0,0.0,0.0,17250.0,,,False
USR69096,1,10106.46,1,0,0.0,0.0,10106.46,,,False
USR69099,1,17893.73,1,0,0.0,0.0,17893.73,,,False
USR69105,1,16808.91,1,0,0.0,0.0,16808.91,,,False
USR69122,1,5101.02,1,0,0.0,0.0,5101.02,VERIFIED,False,True
USR69126,1,16196.25,1,0,0.0,0.0,16196.25,,,False
USR69132,1,3604.42,1,0,0.0,0.0,3604.42,,,False
USR69139,1,1018.37,1,0,0.0,0.0,1018.37,,,False
USR69142,1,24410.63,1,0,0.0,0.0,24410.63,,,False
USR69143,1,21908.89,1,0,0.0,0.0,21908.89,,,False
USR69151,4,65477.03,4,0,1.0,928.0,16369.2575,,,False
USR69159,1,24443.31,1,0,0.0,0.0,24443.31,VERIFIED,False,True
USR69160,2,32173.11,1,1,0.0,0.0,16086.555,VERIFIED,False,True
USR69161,1,16484.52,0,0,1.0,7882.54,16484.52,VERIFIED,False,True
USR69162,1,448.96,1,0,0.0,0.0,448.96,,,False
USR69168,1,10067.35,1,0,0.0,0.0,10067.35,,,False
USR69175,2,42345.81,1,1,0.0,0.0,21172.905,,,False
USR69178,2,23391.13,2,0,1.0,4335.54,11695.565,VERIFIED,False,True
USR69183,1,3927.44,1,0,0.0,0.0,3927.44,,,False
USR69198,1,2656.59,1,0,0.0,0.0,2656.59,,,False
USR69200,1,19613.69,1,0,0.0,0.0,19613.69,VERIFIED,False,True
USR69208,2,37903.630000000005,1,0,0.0,0.0,18951.815000000002,VERIFIED,False,True
USR69210,1,10455.0,1,0,0.0,0.0,10455.0,VERIFIED,False,True
USR69214,1,24147.92,1,0,0.0,0.0,24147.92,,,False
USR69225,1,1237.68,1,0,0.0,0.0,1237.68,VERIFIED,False,True
USR69226,1,4278.63,1,0,0.0,0.0,4278.63,,,False
USR69230,1,8912.64,1,0,0.0,0.0,8912.64,PENDING,False,True
USR69233,1,1393.92,0,1,0.0,0.0,1393.92,,,False
USR69234,1,14038.28,1,0,0.0,0.0,14038.28,,,False
USR69245,1,17584.97,1,0,0.0,0.0,17584.97,,,False
USR69258,1,21723.94,1,0,0.0,0.0,21723.94,,,False
USR69259,1,8891.06,1,0,0.0,0.0,8891.06,,,False
USR69260,1,20822.75,1,0,0.0,0.0,20822.75,VERIFIED,False,True
USR69267,2,4686.95,0,2,0.0,0.0,2343.475,PENDING,False,True
USR69276,1,23953.37,1,0,0.0,0.0,23953.37,,,False
USR69285,1,-7383.07,0,1,0.0,0.0,-7383.07,,,False
USR69286,1,8653.48,1,0,0.0,0.0,8653.48,,,False
USR69289,1,2410.94,1,0,0.0,0.0,2410.94,,,False
USR69290,2,14471.85,2,0,0.0,0.0,7235.925,VERIFIED,False,True
USR69291,1,13824.84,1,0,0.0,0.0,13824.84,,,False
USR69293,1,2797.63,1,0,0.0,0.0,2797.63,PENDING,False,True
USR69299,1,21075.88,1,0,0.0,0.0,21075.88,,,False
USR69301,1,3904.95,1,0,0.0,0.0,3904.95,,,False
USR69311,1,15790.0,1,0,1.0,2131.37,15790.0,,,False
USR69318,2,22573.8,1,1,0.0,0.0,11286.9,,,False
USR69321,1,22048.46,1,0,0.0,0.0,22048.46,,,False
USR69323,1,6780.86,1,0,0.0,0.0,6780.86,VERIFIED,False,True
USR69326,1,24462.86,0,0,0.0,0.0,24462.86,KYC_DONE,False,True
USR69327,1,21370.91,1,0,0.0,0.0,21370.91,,,False
USR69328,1,11378.12,1,0,0.0,0.0,11378.12,,,False
USR69347,1,22881.0,1,0,0.0,0.0,22881.0,,,False
USR69350,2,-16592.02,2,0,0.0,0.0,-8296.01,,,False
USR69352,1,22411.97,0,1,0.0,0.0,22411.97,KYC_DONE,False,True
USR69363,1,7829.86,1,0,1.0,1778.23,7829.86,PENDING,True,True
USR69370,1,3773.77,1,0,0.0,0.0,3773.77,,,False
USR69371,1,23848.48,1,0,0.0,0.0,23848.48,,,False
USR69376,1,15346.52,1,0,0.0,0.0,15346.52,,,False
USR69382,1,2002.08,0,0,2.0,3046.37,2002.08,,,False
USR69383,2,17971.08,2,0,0.0,0.0,8985.54,PENDING,False,True
USR69388,1,16491.05,1,0,1.0,3481.55,16491.05,,,False
USR69389,1,6649.48,1,0,0.0,0.0,6649.48,,,False
USR69393,1,6153.01,0,1,0.0,0.0,6153.01,,,False
USR69400,1,769.37,1,0,0.0,0.0,769.37,VERIFIED,False,True
USR69401,1,14414.37,1,0,0.0,0.0,14414.37,VERIFIED,False,True
USR69413,1,12726.82,0,1,0.0,0.0,12726.82,,,False
USR69419,1,4191.36,0,1,0.0,0.0,4191.36,,,False
USR69432,1,2804.0,0,1,0.0,0.0,2804.0,,,False
USR69433,1,22203.0,1,0,0.0,0.0,22203.0,PENDING,False,True
USR69442,1,6854.06,1,0,0.0,0.0,6854.06,VERIFIED,False,True
USR69443,1,22876.98,1,0,0.0,0.0,22876.98,,,False
USR69445,2,17193.5,2,0,0.0,0.0,8596.75,,,False
USR69448,1,7933.89,1,0,0.0,0.0,7933.89,,,False
USR69450,2,21008.12,2,0,0.0,0.0,10504.06,VERIFIED,False,True
USR69456,2,16031.92,1,1,0.0,0.0,8015.96,,,False
USR69461,1,142.78,1,0,0.0,0.0,142.78,,,False
USR69464,2,9682.630000000001,2,0,0.0,0.0,4841.3150000000005,,,False
USR69468,1,24625.39,1,0,0.0,0.0,24625.39,VERIFIED,True,True
USR69471,1,16087.81,1,0,0.0,0.0,16087.81,,,False
USR69474,1,14821.02,1,0,0.0,0.0,14821.02,,,False
USR69478,1,8424.55,0,1,0.0,0.0,8424.55,,,False
USR69482,1,2903.96,1,0,0.0,0.0,2903.96,VERIFIED,False,True
USR69489,1,1131.0,1,0,0.0,0.0,1131.0,,,False
USR69494,1,7212.42,0,0,0.0,0.0,7212.42,VERIFIED,False,True
USR69512,1,2571.72,1,0,0.0,0.0,2571.72,VERIFIED,False,True
USR69520,1,976.74,1,0,0.0,0.0,976.74,,,False
USR69522,1,94.44,1,0,0.0,0.0,94.44,VERIFIED,False,True
USR69524,1,12628.97,0,0,0.0,0.0,12628.97,PENDING,False,True
USR69525,1,1344.88,1,0,0.0,0.0,1344.88,,,False
USR69535,2,39501.08,2,0,0.0,0.0,19750.54,,,False
USR69540,1,14770.0,1,0,0.0,0.0,14770.0,PENDING,False,True
USR69551,1,-9969.61,0,1,0.0,0.0,-9969.61,,,False
USR69554,1,1699.64,1,0,0.0,0.0,1699.64,PENDING,False,True
USR69555,1,11038.36,1,0,0.0,0.0,11038.36,,,False
USR69559,1,10424.56,1,0,0.0,0.0,10424.56,,,False
USR69561,1,11196.12,1,0,0.0,0.0,11196.12,,,False
USR69562,2,8662.16,1,1,0.0,0.0,4331.08,,,False
USR69563,1,21852.67,1,0,0.0,0.0,21852.67,,,False
USR69568,1,16376.98,1,0,0.0,0.0,16376.98,,,False
USR69569,1,3495.95,1,0,0.0,0.0,3495.95,VERIFIED,False,True
USR69579,1,17039.7,1,0,0.0,0.0,17039.7,,,False
USR69594,1,11604.0,1,0,0.0,0.0,11604.0,,,False
USR69596,2,15696.320000000002,2,0,0.0,0.0,7848.160000000001,,,False
USR69597,1,23537.21,1,0,0.0,0.0,23537.21,REJECTED,False,True
USR69604,1,7354.98,1,0,0.0,0.0,7354.98,VERIFIED,False,True
USR69606,1,3770.3,0,1,0.0,0.0,3770.3,,,False
USR69609,1,2733.2,1,0,0.0,0.0,2733.2,KYC_DONE,False,True
USR69614,1,10796.07,1,0,1.0,-750.7,10796.07,,,False
USR69621,1,20968.04,1,0,1.0,2580.03,20968.04,KYC_DONE,False,True
USR69630,1,12318.46,1,0,0.0,0.0,12318.46,VERIFIED,False,True
USR69631,1,-3976.83,1,0,0.0,0.0,-3976.83,VERIFIED,False,True
USR69635,1,1287.87,0,1,0.0,0.0,1287.87,REJECTED,False,True
USR69636,1,2587.07,1,0,0.0,0.0,2587.07,,,False
USR69664,1,11612.03,1,0,1.0,1943.24,11612.03,VERIFIED,False,True
USR69669,1,16608.84,1,0,0.0,0.0,16608.84,KYC_DONE,False,True
USR69671,1,22099.12,1,0,0.0,0.0,22099.12,,,False
USR69680,1,815.69,1,0,0.0,0.0,815.69,,,False
USR69682,1,19534.45,1,0,0.0,0.0,19534.45,VERIFIED,True,True
USR69691,1,11141.39,1,0,0.0,0.0,11141.39,,,False
USR69695,1,7751.21,0,1,0.0,0.0,7751.21,VERIFIED,False,True
USR69717,1,-6442.71,1,0,0.0,0.0,-6442.71,,,False
USR69720,2,9970.89,2,0,1.0,4835.58,4985.445,,,False
USR69727,1,14928.04,1,0,0.0,0.0,14928.04,,,False
USR69731,1,9796.0,1,0,0.0,0.0,9796.0,,,False
USR69751,1,13056.87,1,0,0.0,0.0,13056.87,,,False
USR69753,1,11880.67,1,0,0.0,0.0,11880.67,,,False
USR69754,1,19753.95,1,0,0.0,0.0,19753.95,,,False
USR69761,1,16528.75,1,0,0.0,0.0,16528.75,,,False
USR69772,1,6774.38,1,0,0.0,0.0,6774.38,,,False
USR69777,1,502.57,1,0,0.0,0.0,502.57,VERIFIED,False,True
USR69781,1,13694.82,1,0,0.0,0.0,13694.82,,,False
USR69782,1,3303.35,1,0,0.0,0.0,3303.35,,,False
USR69793,1,6786.73,1,0,0.0,0.0,6786.73,,,False
USR69795,1,4937.6,1,0,0.0,0.0,4937.6,,,False
USR69802,2,6942.85,2,0,1.0,12194.3,3471.425,,,False
USR69806,1,19635.44,1,0,0.0,0.0,19635.44,VERIFIED,False,True
USR69807,1,-20582.43,1,0,0.0,0.0,-20582.43,PENDING,False,True
USR69810,1,14179.74,1,0,0.0,0.0,14179.74,,,False
USR69826,1,5215.8,1,0,0.0,0.0,5215.8,VERIFIED,False,True
USR69827,1,136.49,1,0,0.0,0.0,136.49,,,False
USR69833,1,3770.88,1,0,0.0,0.0,3770.88,,,False
USR69839,1,1511.23,0,0,0.0,0.0,1511.23,,,False
USR69849,1,2068.72,1,0,1.0,2597.87,2068.72,KYC_DONE,False,True
USR69850,1,15493.5,1,0,0.0,0.0,15493.5,,,False
USR69851,1,22216.1,0,1,0.0,0.0,22216.1,KYC_DONE,False,True
USR69852,1,8443.55,0,0,1.0,4952.0,8443.55,UNDER REVIEW,False,True
USR69857,1,15240.45,1,0,0.0,0.0,15240.45,,,False
USR69863,1,1946.32,1,0,0.0,0.0,1946.32,,,False
USR69866,1,20457.12,1,0,0.0,0.0,20457.12,UNDER REVIEW,False,True
USR69867,1,16716.14,1,0,0.0,0.0,16716.14,KYC_DONE,True,True
USR69885,1,1643.25,1,0,0.0,0.0,1643.25,VERIFIED,False,True
USR69889,2,27447.34,2,0,0.0,0.0,13723.67,VERIFIED,False,True
USR69890,1,1414.0,1,0,1.0,2714.54,1414.0,UNDER REVIEW,False,True
USR69891,1,9033.88,1,0,0.0,0.0,9033.88,VERIFIED,False,True
USR69893,1,13995.62,1,0,0.0,0.0,13995.62,VERIFIED,False,True
USR69897,1,17834.0,1,0,0.0,0.0,17834.0,PENDING,False,True
USR69904,1,4114.95,1,0,1.0,18514.67,4114.95,,,False
USR69905,1,13115.66,1,0,0.0,0.0,13115.66,,,False
USR69910,1,17664.85,1,0,0.0,0.0,17664.85,,,False
USR69921,1,9288.06,1,0,0.0,0.0,9288.06,KYC_DONE,True,True
USR69923,1,15833.14,1,0,0.0,0.0,15833.14,,,False
USR69930,1,22049.37,1,0,0.0,0.0,22049.37,REJECTED,True,True
USR69937,1,1174.03,1,0,0.0,0.0,1174.03,,,False
USR69950,1,3979.73,1,0,0.0,0.0,3979.73,,,False
USR69956,1,9910.36,1,0,0.0,0.0,9910.36,VERIFIED,False,True
USR69967,1,383.6,1,0,0.0,0.0,383.6,,,False
USR69970,1,20858.05,1,0,1.0,1619.34,20858.05,,,False
USR69975,2,36191.72,1,1,0.0,0.0,18095.86,,,False
USR69984,1,-2258.74,0,1,0.0,0.0,-2258.74,,,False
USR69987,1,13705.35,1,0,0.0,0.0,13705.35,KYC_DONE,False,True
USR69998,1,17085.55,1,0,1.0,5779.34,17085.55,,,False
USR70000,1,21639.02,1,0,1.0,589.63,21639.02,,,False
USR70007,1,396.91,0,1,0.0,0.0,396.91,VERIFIED,False,True
USR70011,1,21536.84,1,0,0.0,0.0,21536.84,VERIFIED,True,True
USR70015,3,28736.57,3,0,0.0,0.0,9578.856666666667,VERIFIED,False,True
USR70016,1,15487.59,1,0,1.0,6572.39,15487.59,,,False
USR70017,1,6721.24,0,1,0.0,0.0,6721.24,,,False
USR70018,1,7998.54,1,0,0.0,0.0,7998.54,,,False
USR70020,1,9888.36,1,0,1.0,1966.13,9888.36,,,False
USR70029,1,22945.71,0,1,0.0,0.0,22945.71,VERIFIED,False,True
USR70030,1,516.55,0,0,0.0,0.0,516.55,PENDING,True,True
USR70035,1,19431.0,0,1,0.0,0.0,19431.0,,,False
USR70041,1,1501.19,1,0,0.0,0.0,1501.19,,,False
USR70042,1,23692.72,1,0,0.0,0.0,23692.72,VERIFIED,True,True
USR70057,1,5987.0,1,0,0.0,0.0,5987.0,,,False
USR70062,1,3800.36,1,0,0.0,0.0,3800.36,,,False
USR70067,1,4913.43,1,0,0.0,0.0,4913.43,KYC_DONE,False,True
USR70074,1,3496.77,1,0,0.0,0.0,3496.77,,,False
USR70085,1,-12320.7,1,0,0.0,0.0,-12320.7,,,False
USR70090,1,17890.49,1,0,0.0,0.0,17890.49,,,False
USR70093,1,3875.57,1,0,1.0,-1527.8,3875.57,,,False
USR70100,1,14373.14,1,0,0.0,0.0,14373.14,,,False
USR70101,1,15962.47,1,0,0.0,0.0,15962.47,VERIFIED,False,True
USR70116,1,16540.3,0,0,0.0,0.0,16540.3,,,False
USR70120,1,15373.0,0,1,0.0,0.0,15373.0,,,False
USR70124,1,9633.59,1,0,0.0,0.0,9633.59,,,False
USR70128,1,643.46,0,0,0.0,0.0,643.46,,,False
USR70131,1,23585.06,1,0,0.0,0.0,23585.06,,,False
USR70132,1,16070.93,0,1,0.0,0.0,16070.93,,,False
USR70140,1,3964.4,0,1,0.0,0.0,3964.4,,,False
USR70142,1,8473.6,0,0,0.0,0.0,8473.6,,,False
USR70144,1,4274.38,1,0,0.0,0.0,4274.38,,,False
USR70148,1,23032.95,1,0,1.0,2069.43,23032.95,,,False
USR70156,1,15284.1,1,0,0.0,0.0,15284.1,,,False
USR70164,1,5044.15,1,0,0.0,0.0,5044.15,PENDING,False,True
USR70172,1,15571.01,1,0,0.0,0.0,15571.01,,,False
USR70176,1,24402.2,1,0,0.0,0.0,24402.2,,,False
USR70177,1,4126.7,0,1,0.0,0.0,4126.7,,,False
USR70187,1,6067.82,0,0,0.0,0.0,6067.82,,,False
USR70193,1,-22231.78,1,0,0.0,0.0,-22231.78,,,False
USR70194,1,17622.56,1,0,0.0,0.0,17622.56,,,False
USR70204,1,1686.24,1,0,0.0,0.0,1686.24,,,False
USR70208,1,14737.4,1,0,0.0,0.0,14737.4,,,False
USR70211,2,19966.96,2,0,0.0,0.0,9983.48,,,False
USR70222,1,7120.67,0,1,1.0,925.14,7120.67,,,False
USR70228,1,11453.65,1,0,0.0,0.0,11453.65,VERIFIED,False,True
USR70240,1,10456.0,1,0,0.0,0.0,10456.0,,,False
USR70241,1,3216.86,1,0,0.0,0.0,3216.86,KYC_DONE,False,True
USR70243,1,19264.53,1,0,0.0,0.0,19264.53,VERIFIED,False,True
USR70249,1,12349.78,1,0,0.0,0.0,12349.78,,,False
USR70251,1,18675.12,1,0,0.0,0.0,18675.12,,,False
USR70253,2,20874.43,2,0,0.0,0.0,10437.215,VERIFIED,False,True
USR70262,1,17343.93,1,0,0.0,0.0,17343.93,,,False
USR70265,1,14365.1,1,0,1.0,0.0,14365.1,,,False
USR70270,1,21802.02,0,1,0.0,0.0,21802.02,,,False
USR70271,2,16021.240000000002,2,0,1.0,2517.56,8010.620000000001,VERIFIED,False,True
USR70278,1,10721.85,0,1,0.0,0.0,10721.85,KYC_DONE,True,True
USR70284,1,263.18,1,0,0.0,0.0,263.18,,,False
USR70293,1,21271.0,1,0,0.0,0.0,21271.0,VERIFIED,False,True
USR70294,1,23618.28,1,0,0.0,0.0,23618.28,VERIFIED,False,True
USR70296,1,8378.61,1,0,0.0,0.0,8378.61,VERIFIED,False,True
USR70302,1,20627.72,1,0,0.0,0.0,20627.72,,,False
USR70314,1,13555.63,0,0,0.0,0.0,13555.63,,,False
USR70315,1,6082.51,1,0,0.0,0.0,6082.51,KYC_DONE,False,True
USR70317,1,6346.21,1,0,0.0,0.0,6346.21,,,False
USR70321,1,4109.95,0,1,0.0,0.0,4109.95,,,False
USR70323,1,12405.79,0,1,0.0,0.0,12405.79,,,False
USR70324,3,36955.03,3,0,0.0,0.0,12318.343333333332,,,False
USR70325,1,22635.5,1,0,0.0,0.0,22635.5,VERIFIED,False,True
USR70329,1,14579.33,0,1,1.0,287.95,14579.33,VERIFIED,False,True
USR70331,1,17870.82,1,0,1.0,5701.53,17870.82,,,False
USR70338,2,38243.36,2,0,0.0,0.0,19121.68,,,False
USR70343,1,1966.08,1,0,0.0,0.0,1966.08,,,False
USR70359,2,15425.289999999999,2,0,0.0,0.0,7712.6449999999995,,,False
USR70367,1,17803.08,1,0,0.0,0.0,17803.08,VERIFIED,False,True
USR70369,1,10556.64,1,0,0.0,0.0,10556.64,,,False
USR70370,1,4245.62,1,0,1.0,2178.8,4245.62,,,False
USR70377,2,45047.44,2,0,0.0,0.0,22523.72,,,False
USR70378,1,20513.0,1,0,0.0,0.0,20513.0,,,False
USR70383,2,21282.68,2,0,0.0,0.0,10641.34,,,False
USR70386,1,10669.96,1,0,0.0,0.0,10669.96,UNDER REVIEW,False,True
USR70387,2,29211.36,2,0,0.0,0.0,14605.68,,,False
USR70390,2,-4529.830000000002,2,0,0.0,0.0,-2264.915000000001,,,False
USR70393,1,6767.13,1,0,0.0,0.0,6767.13,,,False
USR70394,1,10217.3,1,0,0.0,0.0,10217.3,KYC_DONE,False,True
USR70398,1,21554.57,1,0,0.0,0.0,21554.57,,,False
USR70405,1,1328.07,0,1,0.0,0.0,1328.07,VERIFIED,False,True
USR70410,1,1470.87,1,0,0.0,0.0,1470.87,VERIFIED,False,True
USR70411,1,1996.5,1,0,1.0,-3381.39,1996.5,,,False
USR70415,1,6343.89,1,0,0.0,0.0,6343.89,,,False
USR70422,2,21349.489999999998,2,0,0.0,0.0,10674.744999999999,REJECTED,False,True
USR70423,2,33503.020000000004,2,0,0.0,0.0,16751.510000000002,,,False
USR70429,1,19891.55,1,0,0.0,0.0,19891.55,KYC_DONE,False,True
USR70435,1,20875.89,1,0,0.0,0.0,20875.89,,,False
USR70436,1,14489.35,1,0,0.0,0.0,14489.35,,,False
USR70447,1,12695.18,1,0,0.0,0.0,12695.18,,,False
USR70450,1,11590.14,1,0,0.0,0.0,11590.14,VERIFIED,True,True
USR70456,1,2028.67,0,0,0.0,0.0,2028.67,,,False
USR70461,1,13089.8,1,0,0.0,0.0,13089.8,VERIFIED,True,True
USR70464,1,12911.0,1,0,0.0,0.0,12911.0,,,False
USR70475,1,17706.6,1,0,0.0,0.0,17706.6,,,False
USR70477,3,30821.440000000002,2,1,0.0,0.0,10273.813333333334,REJECT,True,True
USR70485,2,31039.13,2,0,0.0,0.0,15519.565,VERIFIED,False,True
USR70486,1,20253.63,1,0,0.0,0.0,20253.63,,,False
USR70496,1,1876.24,1,0,0.0,0.0,1876.24,,,False
USR70497,1,14724.73,1,0,0.0,0.0,14724.73,PENDING,False,True
USR70508,1,23569.0,1,0,0.0,0.0,23569.0,PENDING,True,True
USR70517,1,17693.44,1,0,0.0,0.0,17693.44,,,False
USR70519,1,20824.01,1,0,0.0,0.0,20824.01,,,False
USR70521,1,22790.31,0,1,0.0,0.0,22790.31,,,False
USR70532,2,16734.92,1,1,1.0,10469.69,8367.46,,,False
USR70536,1,3750.34,1,0,0.0,0.0,3750.34,PENDING,False,True
USR70542,1,18922.0,1,0,0.0,0.0,18922.0,VERIFIED,False,True
USR70547,1,18603.8,1,0,0.0,0.0,18603.8,VERIFIED,False,True
USR70548,2,3365.8,2,0,0.0,0.0,1682.9,REJECTED,False,True
USR70550,1,24165.89,1,0,0.0,0.0,24165.89,VERIFIED,False,True
USR70557,1,18752.88,0,1,0.0,0.0,18752.88,PENDING,False,True
USR70558,1,23089.33,1,0,0.0,0.0,23089.33,VERIFIED,True,True
USR70559,1,22741.57,1,0,0.0,0.0,22741.57,PENDING,False,True
USR70560,1,1884.8,1,0,0.0,0.0,1884.8,,,False
USR70571,1,12737.13,1,0,0.0,0.0,12737.13,,,False
USR70574,1,23415.78,1,0,0.0,0.0,23415.78,,,False
USR70583,1,6373.47,1,0,0.0,0.0,6373.47,,,False
USR70599,1,11001.99,1,0,0.0,0.0,11001.99,,,False
USR70604,1,4742.13,1,0,0.0,0.0,4742.13,REJECTED,False,True
USR70608,1,18814.18,1,0,0.0,0.0,18814.18,,,False
USR70613,1,668.91,1,0,0.0,0.0,668.91,,,False
USR70625,1,14585.48,1,0,0.0,0.0,14585.48,,,False
USR70629,1,13960.21,1,0,0.0,0.0,13960.21,UNDER REVIEW,False,True
USR70630,1,3426.01,1,0,0.0,0.0,3426.01,,,False
USR70632,1,4258.21,1,0,0.0,0.0,4258.21,,,False
USR70643,1,4897.31,1,0,0.0,0.0,4897.31,,,False
USR70645,2,33927.74,2,0,0.0,0.0,16963.87,PENDING,True,True
USR70646,1,11257.88,1,0,0.0,0.0,11257.88,,,False
USR70654,2,25824.42,1,1,0.0,0.0,12912.21,VERIFIED,False,True
USR70656,1,20202.29,1,0,0.0,0.0,20202.29,,,False
USR70660,1,11.32,1,0,1.0,542.9,11.32,,,False
USR70687,1,17833.99,1,0,0.0,0.0,17833.99,VERIFIED,False,True
USR70689,1,8306.7,0,1,1.0,4240.52,8306.7,,,False
USR70690,1,20625.21,0,1,0.0,0.0,20625.21,REJECT,False,True
USR70693,1,14390.27,1,0,0.0,0.0,14390.27,,,False
USR70696,1,11057.65,1,0,0.0,0.0,11057.65,VERIFIED,False,True
USR70701,1,18423.0,1,0,0.0,0.0,18423.0,,,False
USR70709,1,15491.96,0,1,0.0,0.0,15491.96,PENDING,True,True
USR70710,1,14007.0,1,0,0.0,0.0,14007.0,,,False
USR70713,1,15582.0,1,0,0.0,0.0,15582.0,,,False
USR70718,1,6567.78,1,0,0.0,0.0,6567.78,,,False
USR70722,1,8043.35,1,0,0.0,0.0,8043.35,,,False
USR70725,2,25511.989999999998,1,0,0.0,0.0,12755.994999999999,VERIFIED,False,True
USR70727,2,42386.490000000005,2,0,0.0,0.0,21193.245000000003,,,False
USR70733,1,6157.53,1,0,0.0,0.0,6157.53,,,False
USR70734,1,12585.0,1,0,0.0,0.0,12585.0,,,False
USR70735,2,34201.3,2,0,0.0,0.0,17100.65,,,False
USR70746,1,11221.33,1,0,0.0,0.0,11221.33,,,False
USR70747,1,12606.83,1,0,0.0,0.0,12606.83,VERIFIED,True,True
USR70749,3,16704.24,1,2,0.0,0.0,5568.080000000001,,,False
USR70752,1,9559.67,1,0,0.0,0.0,9559.67,,,False
USR70754,1,1103.04,1,0,0.0,0.0,1103.04,,,False
USR70757,1,14261.47,1,0,0.0,0.0,14261.47,,,False
USR70762,1,2755.48,1,0,0.0,0.0,2755.48,VERIFIED,False,True
USR70764,2,27672.49,2,0,0.0,0.0,13836.245,,,False
USR70766,1,-5502.82,0,0,0.0,0.0,-5502.82,VERIFIED,False,True
USR70768,1,13616.61,1,0,0.0,0.0,13616.61,,,False
USR70770,1,16750.57,0,1,0.0,0.0,16750.57,,,False
USR70771,1,9377.56,1,0,0.0,0.0,9377.56,VERIFIED,False,True
USR70775,1,9897.79,1,0,0.0,0.0,9897.79,,,False
USR70777,1,7740.01,1,0,0.0,0.0,7740.01,,,False
USR70784,1,5770.07,1,0,0.0,0.0,5770.07,PENDING,False,True
USR70788,1,2324.71,1,0,0.0,0.0,2324.71,,,False
USR70791,1,19807.48,1,0,0.0,0.0,19807.48,,,False
USR70794,1,18557.6,1,0,2.0,6279.24,18557.6,,,False
USR70797,1,20755.17,1,0,0.0,0.0,20755.17,VERIFIED,False,True
USR70806,1,11568.74,0,1,0.0,0.0,11568.74,,,False
USR70807,1,24057.33,1,0,0.0,0.0,24057.33,PENDING,True,True
USR70808,1,15779.04,0,1,0.0,0.0,15779.04,,,False
USR70816,2,20233.5,1,1,0.0,0.0,10116.75,,,False
USR70818,1,8405.73,1,0,0.0,0.0,8405.73,,,False
USR70820,1,13320.11,0,0,0.0,0.0,13320.11,,,False
USR70822,1,8883.82,1,0,1.0,1148.57,8883.82,,,False
USR70850,1,23412.97,1,0,0.0,0.0,23412.97,VERIFIED,False,True
USR70851,1,18491.69,1,0,0.0,0.0,18491.69,VERIFIED,True,True
USR70852,2,17304.29,2,0,0.0,0.0,8652.145,,,False
USR70862,1,4756.5,1,0,0.0,0.0,4756.5,,,False
USR70864,1,9582.13,1,0,0.0,0.0,9582.13,,,False
USR70868,1,24069.58,1,0,0.0,0.0,24069.58,,,False
USR70870,1,17386.9,1,0,0.0,0.0,17386.9,,,False
USR70874,1,4532.61,1,0,0.0,0.0,4532.61,,,False
USR70883,1,6588.55,1,0,0.0,0.0,6588.55,,,False
USR70889,1,12878.53,0,0,0.0,0.0,12878.53,,,False
USR70899,1,21171.11,1,0,0.0,0.0,21171.11,KYC_DONE,False,True
USR70902,1,6818.44,1,0,0.0,0.0,6818.44,VERIFIED,False,True
USR70903,1,24085.2,1,0,0.0,0.0,24085.2,VERIFIED,False,True
USR70906,1,22500.58,0,1,0.0,0.0,22500.58,,,False
USR70917,1,20663.17,1,0,0.0,0.0,20663.17,,,False
USR70920,1,18050.52,1,0,0.0,0.0,18050.52,,,False
USR70924,1,13180.83,1,0,0.0,0.0,13180.83,,,False
USR70928,1,18914.38,1,0,0.0,0.0,18914.38,,,False
USR70929,1,10486.73,1,0,0.0,0.0,10486.73,VERIFIED,False,True
USR70931,1,15419.38,1,0,0.0,0.0,15419.38,,,False
USR70938,1,15650.24,1,0,0.0,0.0,15650.24,,,False
USR70940,1,7580.0,1,0,0.0,0.0,7580.0,,,False
USR70941,1,23945.17,1,0,0.0,0.0,23945.17,,,False
USR70960,1,15637.0,1,0,0.0,0.0,15637.0,,,False
USR70975,1,24479.0,1,0,0.0,0.0,24479.0,,,False
USR70986,1,4443.94,1,0,0.0,0.0,4443.94,,,False
USR70987,1,17294.47,1,0,0.0,0.0,17294.47,VERIFIED,True,True
USR71010,1,5759.97,1,0,1.0,2406.47,5759.97,,,False
USR71016,1,23606.15,1,0,0.0,0.0,23606.15,REJECTED,False,True
USR71027,1,11496.22,1,0,0.0,0.0,11496.22,PENDING,False,True
USR71029,2,20421.33,1,1,0.0,0.0,10210.665,,,False
USR71037,1,10284.5,1,0,0.0,0.0,10284.5,,,False
USR71040,1,12645.8,1,0,0.0,0.0,12645.8,,,False
USR71042,1,15854.0,0,0,0.0,0.0,15854.0,,,False
USR71044,1,252.0,0,1,0.0,0.0,252.0,,,False
USR71055,1,2232.35,0,0,0.0,0.0,2232.35,,,False
USR71060,1,18940.84,1,0,0.0,0.0,18940.84,VERIFIED,False,True
USR71067,1,-1314.1,1,0,0.0,0.0,-1314.1,,,False
USR71073,1,14749.96,1,0,0.0,0.0,14749.96,,,False
USR71081,1,23980.25,1,0,0.0,0.0,23980.25,,,False
USR71097,1,24358.0,1,0,0.0,0.0,24358.0,,,False
USR71112,1,15942.56,1,0,0.0,0.0,15942.56,,,False
USR71125,1,3158.0,1,0,0.0,0.0,3158.0,,,False
USR71133,2,39498.7,2,0,1.0,804.06,19749.35,,,False
USR71138,1,18178.19,1,0,0.0,0.0,18178.19,,,False
USR71148,1,24853.54,1,0,2.0,18876.03,24853.54,PENDING,False,True
USR71150,1,6291.84,1,0,0.0,0.0,6291.84,,,False
USR71152,4,16468.97,3,1,0.0,0.0,4117.2425,,,False
USR71153,1,11634.69,1,0,0.0,0.0,11634.69,,,False
USR71160,1,22153.29,1,0,0.0,0.0,22153.29,PENDING,False,True
USR71162,1,14537.67,1,0,1.0,5802.45,14537.67,,,False
USR71165,1,2068.0,1,0,0.0,0.0,2068.0,VERIFIED,False,True
USR71189,1,4049.1,1,0,0.0,0.0,4049.1,PENDING,False,True
USR71192,1,23856.24,1,0,0.0,0.0,23856.24,,,False
USR71198,1,5300.8,1,0,1.0,-1600.6,5300.8,,,False
USR71201,1,12812.0,1,0,0.0,0.0,12812.0,,,False
USR71221,2,24320.92,2,0,1.0,1946.17,12160.46,VERIFIED,False,True
USR71222,1,19239.44,0,1,0.0,0.0,19239.44,VERIFIED,True,True
USR71225,1,23666.33,1,0,1.0,0.0,23666.33,,,False
USR71235,1,22439.33,0,1,1.0,8500.66,22439.33,,,False
USR71239,1,8362.04,1,0,0.0,0.0,8362.04,VERIFIED,False,True
USR71242,2,32804.14,2,0,0.0,0.0,16402.07,,,False
USR71245,1,17870.41,1,0,0.0,0.0,17870.41,,,False
USR71246,1,16121.0,1,0,0.0,0.0,16121.0,,,False
USR71251,1,17744.69,1,0,0.0,0.0,17744.69,,,False
USR71257,2,27920.03,2,0,0.0,0.0,13960.015,,,False
USR71260,1,9919.6,1,0,0.0,0.0,9919.6,,,False
USR71268,2,36203.8,2,0,0.0,0.0,18101.9,VERIFIED,True,True
USR71270,1,14930.58,1,0,0.0,0.0,14930.58,,,False
USR71274,2,20129.45,2,0,0.0,0.0,10064.725,,,False
USR71281,2,42919.06,2,0,0.0,0.0,21459.53,,,False
USR71285,1,19501.0,0,1,0.0,0.0,19501.0,PENDING,False,True
USR71290,1,12507.31,1,0,0.0,0.0,12507.31,VERIFIED,False,True
USR71300,1,4671.1,1,0,0.0,0.0,4671.1,,,False
USR71302,1,20676.15,1,0,0.0,0.0,20676.15,VERIFIED,False,True
USR71306,1,23307.35,1,0,1.0,1345.11,23307.35,,,False
USR71334,1,13342.38,1,0,0.0,0.0,13342.38,,,False
USR71339,1,19939.25,1,0,0.0,0.0,19939.25,VERIFIED,False,True
USR71342,1,24073.54,0,1,0.0,0.0,24073.54,,,False
USR71343,1,13224.84,1,0,0.0,0.0,13224.84,,,False
USR71345,1,16966.9,1,0,0.0,0.0,16966.9,,,False
USR71358,1,7304.82,0,0,0.0,0.0,7304.82,,,False
USR71377,1,7055.42,1,0,0.0,0.0,7055.42,,,False
USR71381,1,7650.54,1,0,0.0,0.0,7650.54,,,False
USR71384,2,-544.9500000000007,2,0,1.0,993.0,-272.47500000000036,VERIFIED,False,True
USR71397,1,20333.42,0,1,0.0,0.0,20333.42,,,False
USR71400,2,34107.479999999996,2,0,0.0,0.0,17053.739999999998,,,False
USR71408,1,7374.59,1,0,0.0,0.0,7374.59,VERIFIED,False,True
USR71415,1,13787.75,1,0,0.0,0.0,13787.75,PENDING,False,True
USR71417,1,7856.03,1,0,1.0,389.54,7856.03,,,False
USR71426,1,10009.64,1,0,1.0,12640.85,10009.64,VERIFIED,False,True
USR71434,1,16490.66,1,0,0.0,0.0,16490.66,,,False
USR71436,2,9469.619999999999,2,0,0.0,0.0,4734.8099999999995,,,False
USR71438,1,7636.0,1,0,0.0,0.0,7636.0,VERIFIED,False,True
USR71442,1,2555.16,1,0,0.0,0.0,2555.16,,,False
USR71449,1,1781.99,0,1,0.0,0.0,1781.99,,,False
USR71456,1,-12135.91,1,0,0.0,0.0,-12135.91,VERIFIED,False,True
USR71463,1,18839.27,1,0,0.0,0.0,18839.27,VERIFIED,False,True
USR71467,1,2823.38,0,1,0.0,0.0,2823.38,,,False
USR71481,1,20434.46,1,0,0.0,0.0,20434.46,PENDING,False,True
USR71491,1,8148.0,0,0,1.0,14012.62,8148.0,,,False
USR71493,1,18989.57,1,0,0.0,0.0,18989.57,REJECTED,True,True
USR71500,1,10823.9,1,0,0.0,0.0,10823.9,,,False
USR71502,1,21537.53,1,0,0.0,0.0,21537.53,,,False
USR71507,1,21254.47,1,0,0.0,0.0,21254.47,VERIFIED,False,True
USR71509,1,-18707.12,1,0,0.0,0.0,-18707.12,KYC_DONE,False,True
USR71515,1,3871.0,1,0,0.0,0.0,3871.0,,,False
USR71529,1,14270.91,1,0,0.0,0.0,14270.91,,,False
USR71536,1,9783.13,1,0,0.0,0.0,9783.13,,,False
USR71542,1,18276.73,1,0,0.0,0.0,18276.73,VERIFIED,False,True
USR71543,1,12634.09,1,0,0.0,0.0,12634.09,,,False
USR71547,2,26398.45,2,0,0.0,0.0,13199.225,VERIFIED,False,True
USR71558,1,3509.24,1,0,0.0,0.0,3509.24,,,False
USR71561,1,18124.52,0,1,0.0,0.0,18124.52,,,False
USR71566,1,10485.38,1,0,0.0,0.0,10485.38,,,False
USR71571,1,6017.57,1,0,0.0,0.0,6017.57,,,False
USR71573,1,3871.0,1,0,0.0,0.0,3871.0,,,False
USR71579,1,13164.8,1,0,0.0,0.0,13164.8,,,False
USR71581,1,2223.57,1,0,0.0,0.0,2223.57,,,False
USR71586,1,5880.88,1,0,0.0,0.0,5880.88,VERIFIED,False,True
USR71587,1,2770.75,1,0,0.0,0.0,2770.75,,,False
USR71589,1,18610.15,0,1,0.0,0.0,18610.15,,,False
USR71592,1,8786.97,1,0,0.0,0.0,8786.97,,,False
USR71597,1,19835.69,1,0,0.0,0.0,19835.69,PENDING,True,True
USR71601,1,15269.96,1,0,0.0,0.0,15269.96,,,False
USR71604,1,14764.75,1,0,0.0,0.0,14764.75,,,False
USR71606,1,7005.44,1,0,1.0,3043.82,7005.44,,,False
USR71609,1,16969.72,1,0,0.0,0.0,16969.72,,,False
USR71613,1,3776.8,1,0,0.0,0.0,3776.8,,,False
USR71616,1,9967.98,1,0,0.0,0.0,9967.98,KYC_DONE,False,True
USR71619,1,7032.3,1,0,0.0,0.0,7032.3,,,False
USR71630,1,7522.67,1,0,0.0,0.0,7522.67,,,False
USR71631,1,20767.0,1,0,0.0,0.0,20767.0,,,False
USR71634,1,4179.84,1,0,0.0,0.0,4179.84,VERIFIED,False,True
USR71636,1,5852.98,0,1,0.0,0.0,5852.98,VERIFIED,False,True
USR71637,2,10974.900000000001,2,0,1.0,0.0,5487.450000000001,,,False
USR71642,1,17828.85,1,0,0.0,0.0,17828.85,KYC_DONE,True,True
USR71645,1,20473.54,1,0,0.0,0.0,20473.54,,,False
USR71646,2,10184.14,2,0,0.0,0.0,5092.07,,,False
USR71654,3,21784.92,3,0,0.0,0.0,7261.639999999999,,,False
USR71656,1,21870.4,1,0,0.0,0.0,21870.4,,,False
USR71660,1,11378.83,1,0,2.0,4678.84,11378.83,VERIFIED,False,True
USR71662,1,8195.88,1,0,1.0,11352.0,8195.88,PENDING,True,True
USR71665,1,10493.32,1,0,0.0,0.0,10493.32,,,False
USR71669,1,14471.1,1,0,0.0,0.0,14471.1,VERIFIED,True,True
USR71670,1,7435.07,1,0,0.0,0.0,7435.07,,,False
USR71699,1,5881.36,1,0,0.0,0.0,5881.36,,,False
USR71708,1,17552.15,1,0,0.0,0.0,17552.15,VERIFIED,False,True
USR71709,1,10804.0,1,0,1.0,377.11,10804.0,,,False
USR71725,1,-4079.83,1,0,0.0,0.0,-4079.83,PENDING,True,True
USR71727,1,15231.92,1,0,1.0,578.15,15231.92,,,False
USR71734,1,8211.76,1,0,0.0,0.0,8211.76,,,False
USR71735,1,10895.81,1,0,0.0,0.0,10895.81,VERIFIED,False,True
USR71740,1,15305.06,1,0,0.0,0.0,15305.06,VERIFIED,False,True
USR71742,1,4168.69,1,0,0.0,0.0,4168.69,,,False
USR71749,1,2150.6,0,0,0.0,0.0,2150.6,,,False
USR71756,1,21656.06,0,1,1.0,608.31,21656.06,REJECTED,False,True
USR71759,1,23154.06,1,0,0.0,0.0,23154.06,VERIFIED,False,True
USR71762,1,9913.85,1,0,0.0,0.0,9913.85,,,False
USR71763,1,9788.0,1,0,0.0,0.0,9788.0,,,False
USR71781,1,16137.0,1,0,0.0,0.0,16137.0,VERIFIED,True,True
USR71782,1,23405.94,1,0,0.0,0.0,23405.94,VERIFIED,True,True
USR71784,1,23910.46,1,0,0.0,0.0,23910.46,UNDER REVIEW,False,True
USR71785,1,22435.96,1,0,0.0,0.0,22435.96,,,False
USR71797,1,11816.78,1,0,0.0,0.0,11816.78,PENDING,False,True
USR71803,1,19092.47,1,0,0.0,0.0,19092.47,,,False
USR71804,1,24495.28,0,0,0.0,0.0,24495.28,VERIFIED,False,True
USR71805,1,19334.87,1,0,0.0,0.0,19334.87,,,False
USR71815,1,9221.83,1,0,0.0,0.0,9221.83,,,False
USR71817,1,21304.8,0,0,0.0,0.0,21304.8,,,False
USR71821,1,1971.96,1,0,0.0,0.0,1971.96,,,False
USR71823,1,19405.72,1,0,1.0,1245.84,19405.72,,,False
USR71828,1,13571.06,1,0,0.0,0.0,13571.06,,,False
USR71845,1,24779.3,1,0,0.0,0.0,24779.3,,,False
USR71846,1,-15010.28,1,0,0.0,0.0,-15010.28,,,False
USR71849,1,19987.4,1,0,0.0,0.0,19987.4,,,False
USR71852,1,13626.38,0,1,0.0,0.0,13626.38,,,False
USR71853,1,5757.44,1,0,1.0,0.0,5757.44,,,False
USR71854,1,4025.43,1,0,0.0,0.0,4025.43,,,False
USR71863,1,14202.95,1,0,0.0,0.0,14202.95,VERIFIED,False,True
USR71865,1,-24743.18,1,0,0.0,0.0,-24743.18,,,False
USR71879,1,13456.61,1,0,0.0,0.0,13456.61,,,False
USR71886,1,4873.79,1,0,0.0,0.0,4873.79,,,False
USR71888,1,16719.39,1,0,0.0,0.0,16719.39,,,False
USR71889,1,16966.46,1,0,0.0,0.0,16966.46,,,False
USR71890,1,5511.0,1,0,0.0,0.0,5511.0,,,False
USR71894,1,21607.12,1,0,0.0,0.0,21607.12,,,False
USR71898,1,3237.12,1,0,0.0,0.0,3237.12,,,False
USR71901,1,21929.42,1,0,0.0,0.0,21929.42,,,False
USR71903,1,11197.36,1,0,0.0,0.0,11197.36,,,False
USR71905,1,-18940.17,0,1,2.0,2753.09,-18940.17,,,False
USR71906,2,14616.099999999999,2,0,2.0,1483.85,7308.049999999999,,,False
USR71926,1,20807.32,0,1,0.0,0.0,20807.32,,,False
USR71928,2,20680.28,2,0,0.0,0.0,10340.14,VERIFIED,False,True
USR71937,1,2273.73,1,0,0.0,0.0,2273.73,VERIFIED,False,True
USR71946,3,43064.36,3,0,0.0,0.0,14354.786666666667,,,False
USR71949,1,6791.51,1,0,0.0,0.0,6791.51,VERIFIED,False,True
USR71952,1,20650.05,1,0,0.0,0.0,20650.05,UNDER REVIEW,True,True
USR71961,1,23445.31,1,0,0.0,0.0,23445.31,VERIFIED,False,True
USR71965,1,9517.31,1,0,0.0,0.0,9517.31,,,False
USR71970,1,17173.66,1,0,0.0,0.0,17173.66,,,False
USR71972,1,9389.49,0,1,1.0,1170.0,9389.49,REJECTED,True,True
USR71982,1,21416.0,0,0,0.0,0.0,21416.0,REJECTED,True,True
USR71986,2,24377.760000000002,2,0,0.0,0.0,12188.880000000001,,,False
USR71994,1,18438.41,1,0,0.0,0.0,18438.41,VERIFIED,False,True
USR72000,1,11700.68,1,0,0.0,0.0,11700.68,,,False
USR72019,1,16456.0,1,0,0.0,0.0,16456.0,,,False
USR72026,1,1149.17,1,0,0.0,0.0,1149.17,,,False
USR72027,1,12102.0,1,0,0.0,0.0,12102.0,,,False
USR72028,1,4022.34,1,0,1.0,1558.23,4022.34,REJECTED,False,True
USR72033,1,2662.19,0,0,0.0,0.0,2662.19,,,False
USR72037,1,20272.41,1,0,0.0,0.0,20272.41,PENDING,False,True
USR72047,1,4668.48,1,0,0.0,0.0,4668.48,,,False
USR72049,1,9776.93,1,0,0.0,0.0,9776.93,,,False
USR72053,1,20740.77,1,0,0.0,0.0,20740.77,,,False
USR72055,1,11407.19,1,0,1.0,1302.18,11407.19,,,False
USR72056,1,16838.79,1,0,0.0,0.0,16838.79,VERIFIED,False,True
USR72065,1,5724.63,1,0,1.0,0.0,5724.63,,,False
USR72066,1,4730.0,0,0,2.0,-7439.66,4730.0,KYC_DONE,True,True
USR72068,1,17421.46,1,0,0.0,0.0,17421.46,,,False
USR72069,1,3788.06,0,1,0.0,0.0,3788.06,,,False
USR72072,1,5614.49,1,0,0.0,0.0,5614.49,,,False
USR72075,1,19023.67,1,0,0.0,0.0,19023.67,,,False
USR72081,1,17377.3,1,0,1.0,0.0,17377.3,REJECT,False,True
USR72083,1,1309.0,1,0,0.0,0.0,1309.0,,,False
USR72086,1,13725.56,1,0,1.0,2299.02,13725.56,,,False
USR72087,1,11774.3,1,0,0.0,0.0,11774.3,,,False
USR72092,2,32642.33,1,1,0.0,0.0,16321.165,,,False
USR72094,1,19511.33,1,0,0.0,0.0,19511.33,,,False
USR72096,1,22822.0,1,0,0.0,0.0,22822.0,,,False
USR72098,1,5538.02,1,0,0.0,0.0,5538.02,,,False
USR72109,1,1946.41,1,0,0.0,0.0,1946.41,,,False
USR72113,1,4665.81,0,0,0.0,0.0,4665.81,,,False
USR72115,1,7269.68,1,0,0.0,0.0,7269.68,,,False
USR72121,1,14451.15,1,0,1.0,841.13,14451.15,VERIFIED,False,True
USR72123,1,16999.0,1,0,1.0,4186.0,16999.0,VERIFIED,False,True
USR72126,1,14887.04,0,1,0.0,0.0,14887.04,KYC_DONE,True,True
USR72128,1,20940.69,1,0,0.0,0.0,20940.69,,,False
USR72134,1,20693.5,1,0,0.0,0.0,20693.5,,,False
USR72145,1,11566.8,1,0,0.0,0.0,11566.8,,,False
USR72146,1,17121.28,1,0,0.0,0.0,17121.28,,,False
USR72149,1,11863.4,0,0,0.0,0.0,11863.4,,,False
USR72150,1,350.86,1,0,0.0,0.0,350.86,,,False
USR72162,1,20562.33,1,0,1.0,397.91,20562.33,VERIFIED,False,True
USR72168,2,22561.16,2,0,0.0,0.0,11280.58,,,False
USR72174,1,14138.98,1,0,0.0,0.0,14138.98,,,False
USR72176,1,24287.0,1,0,0.0,0.0,24287.0,,,False
USR72181,1,17695.0,1,0,0.0,0.0,17695.0,,,False
USR72185,1,-12384.34,1,0,0.0,0.0,-12384.34,,,False
USR72188,1,5170.76,1,0,0.0,0.0,5170.76,,,False
USR72191,1,16598.15,1,0,0.0,0.0,16598.15,,,False
USR72195,1,11798.78,1,0,0.0,0.0,11798.78,VERIFIED,False,True
USR72202,2,29138.520000000004,0,1,0.0,0.0,14569.260000000002,,,False
USR72204,1,16121.55,1,0,0.0,0.0,16121.55,,,False
USR72210,1,18438.28,1,0,0.0,0.0,18438.28,,,False
USR72215,1,21734.81,1,0,0.0,0.0,21734.81,VERIFIED,False,True
USR72224,2,14559.98,1,1,0.0,0.0,7279.99,VERIFIED,False,True
USR72227,1,12642.66,1,0,0.0,0.0,12642.66,,,False
USR72235,1,5262.53,1,0,0.0,0.0,5262.53,,,False
USR72238,2,31652.96,1,1,0.0,0.0,15826.48,VERIFIED,False,True
USR72239,1,9232.05,1,0,0.0,0.0,9232.05,VERIFIED,False,True
USR72242,1,-22449.0,1,0,0.0,0.0,-22449.0,VERIFIED,False,True
USR72244,1,9971.01,1,0,1.0,1209.77,9971.01,REJECT,True,True
USR72245,1,1119.44,0,0,0.0,0.0,1119.44,,,False
USR72259,1,6549.17,1,0,1.0,0.0,6549.17,VERIFIED,False,True
USR72270,1,10050.45,0,0,0.0,0.0,10050.45,VERIFIED,False,True
USR72273,2,17083.54,2,0,0.0,0.0,8541.77,UNDER REVIEW,False,True
USR72274,1,19466.64,0,1,1.0,918.63,19466.64,UNDER REVIEW,True,True
USR72279,1,15859.73,1,0,0.0,0.0,15859.73,,,False
USR72282,1,23827.29,1,0,0.0,0.0,23827.29,,,False
USR72283,1,22034.31,1,0,0.0,0.0,22034.31,,,False
USR72284,1,9675.39,1,0,0.0,0.0,9675.39,,,False
USR72286,1,4367.42,1,0,0.0,0.0,4367.42,REJECTED,False,True
USR72287,1,10513.05,1,0,1.0,1538.0,10513.05,VERIFIED,False,True
USR72296,1,23683.0,0,1,0.0,0.0,23683.0,VERIFIED,True,True
USR72301,1,22379.69,1,0,0.0,0.0,22379.69,,,False
USR72308,2,14601.21,1,1,0.0,0.0,7300.605,,,False
USR72324,1,15831.21,1,0,0.0,0.0,15831.21,,,False
USR72338,1,6191.23,1,0,0.0,0.0,6191.23,,,False
USR72341,2,17828.379999999997,2,0,0.0,0.0,8914.189999999999,VERIFIED,False,True
USR72349,1,24285.16,1,0,1.0,1844.6,24285.16,,,False
USR72355,1,21535.64,1,0,0.0,0.0,21535.64,VERIFIED,False,True
USR72363,1,2773.37,0,1,1.0,1443.54,2773.37,,,False
USR72371,1,13935.72,1,0,0.0,0.0,13935.72,,,False
USR72375,1,16076.85,1,0,0.0,0.0,16076.85,KYC_DONE,False,True
USR72384,1,21199.62,1,0,1.0,8898.0,21199.62,,,False
USR72391,1,12987.62,1,0,0.0,0.0,12987.62,,,False
USR72394,1,-13805.66,1,0,0.0,0.0,-13805.66,,,False
USR72396,2,20411.440000000002,1,0,0.0,0.0,10205.720000000001,,,False
USR72409,1,32.64,1,0,0.0,0.0,32.64,VERIFIED,False,True
USR72414,1,7229.23,1,0,0.0,0.0,7229.23,,,False
USR72416,1,17063.33,1,0,0.0,0.0,17063.33,,,False
USR72419,1,20518.0,1,0,0.0,0.0,20518.0,,,False
USR72421,1,19118.59,1,0,2.0,3220.1400000000003,19118.59,,,False
USR72422,1,4096.46,1,0,1.0,1001.43,4096.46,,,False
USR72425,1,20688.75,1,0,0.0,0.0,20688.75,,,False
USR72427,1,7341.81,1,0,0.0,0.0,7341.81,,,False
USR72438,1,5319.06,1,0,0.0,0.0,5319.06,PENDING,False,True
USR72444,1,3929.27,1,0,0.0,0.0,3929.27,,,False
USR72446,1,17559.45,1,0,2.0,1230.65,17559.45,,,False
USR72447,1,22651.0,1,0,1.0,1085.5,22651.0,,,False
USR72454,1,16279.77,1,0,0.0,0.0,16279.77,VERIFIED,False,True
USR72456,1,16383.0,1,0,0.0,0.0,16383.0,,,False
USR72461,1,6422.0,1,0,0.0,0.0,6422.0,,,False
USR72470,1,16859.17,1,0,1.0,5800.55,16859.17,,,False
USR72471,1,6561.67,1,0,0.0,0.0,6561.67,,,False
USR72472,1,21834.34,1,0,1.0,2264.22,21834.34,,,False
USR72473,1,18529.73,1,0,0.0,0.0,18529.73,,,False
USR72482,1,17795.95,1,0,1.0,15201.89,17795.95,,,False
USR72491,1,22396.34,1,0,0.0,0.0,22396.34,,,False
USR72492,2,28506.739999999998,1,0,0.0,0.0,14253.369999999999,,,False
USR72493,1,1013.29,1,0,0.0,0.0,1013.29,,,False
USR72499,1,4894.5,1,0,0.0,0.0,4894.5,,,False
USR72502,1,18388.0,1,0,0.0,0.0,18388.0,VERIFIED,False,True
USR72504,1,6302.19,1,0,1.0,2161.39,6302.19,VERIFIED,False,True
USR72505,1,5088.55,1,0,0.0,0.0,5088.55,,,False
USR72506,1,23949.7,1,0,0.0,0.0,23949.7,VERIFIED,True,True
USR72515,1,10912.87,1,0,0.0,0.0,10912.87,,,False
USR72517,1,21748.71,1,0,0.0,0.0,21748.71,,,False
USR72518,1,16892.91,1,0,0.0,0.0,16892.91,,,False
USR72525,1,3466.0,0,1,0.0,0.0,3466.0,,,False
USR72529,1,12806.84,0,1,0.0,0.0,12806.84,,,False
USR72534,1,12851.0,1,0,0.0,0.0,12851.0,,,False
USR72535,1,11968.42,1,0,0.0,0.0,11968.42,,,False
USR72539,1,1709.58,1,0,0.0,0.0,1709.58,,,False
USR72542,1,22007.49,1,0,0.0,0.0,22007.49,,,False
USR72549,1,18171.25,1,0,0.0,0.0,18171.25,,,False
USR72558,1,673.04,1,0,0.0,0.0,673.04,VERIFIED,False,True
USR72562,1,2255.55,1,0,0.0,0.0,2255.55,,,False
USR72566,2,14429.720000000001,2,0,1.0,-1181.23,7214.860000000001,PENDING,False,True
USR72574,1,8960.09,1,0,1.0,3293.82,8960.09,,,False
USR72581,1,16083.03,1,0,0.0,0.0,16083.03,,,False
USR72586,1,19212.84,1,0,0.0,0.0,19212.84,,,False
USR72590,1,23403.78,1,0,0.0,0.0,23403.78,,,False
USR72600,1,23437.65,1,0,0.0,0.0,23437.65,,,False
USR72611,2,24122.02,2,0,0.0,0.0,12061.01,,,False
USR72620,1,11626.72,1,0,0.0,0.0,11626.72,,,False
USR72624,1,1846.68,1,0,1.0,508.21,1846.68,,,False
USR72629,3,28408.68,2,1,1.0,1444.28,9469.56,,,False
USR72636,1,1785.0,1,0,0.0,0.0,1785.0,,,False
USR72648,1,12053.0,1,0,0.0,0.0,12053.0,,,False
USR72649,1,3570.96,1,0,0.0,0.0,3570.96,,,False
USR72654,1,22886.25,1,0,0.0,0.0,22886.25,,,False
USR72659,1,19748.3,1,0,0.0,0.0,19748.3,,,False
USR72671,1,5099.18,1,0,0.0,0.0,5099.18,VERIFIED,False,True
USR72681,1,23362.05,0,1,0.0,0.0,23362.05,,,False
USR72683,2,33839.85,2,0,0.0,0.0,16919.925,,,False
USR72687,1,11712.53,1,0,0.0,0.0,11712.53,,,False
USR72688,1,3610.53,1,0,0.0,0.0,3610.53,REJECTED,True,True
USR72691,1,14761.47,1,0,0.0,0.0,14761.47,KYC_DONE,False,True
USR72694,1,11449.54,1,0,0.0,0.0,11449.54,,,False
USR72700,2,27131.1,2,0,0.0,0.0,13565.55,KYC_DONE,True,True
USR72703,1,11825.11,0,1,0.0,0.0,11825.11,,,False
USR72707,1,225.39,1,0,0.0,0.0,225.39,KYC_DONE,False,True
USR72710,2,23001.31,1,0,1.0,2940.2,11500.655,VERIFIED,False,True
USR72712,1,1979.38,1,0,0.0,0.0,1979.38,REJECT,False,True
USR72714,1,18812.54,1,0,1.0,1704.94,18812.54,,,False
USR72721,1,22877.37,1,0,0.0,0.0,22877.37,VERIFIED,False,True
USR72742,1,1570.16,1,0,0.0,0.0,1570.16,,,False
USR72743,1,15536.0,1,0,0.0,0.0,15536.0,,,False
USR72746,1,6737.0,1,0,0.0,0.0,6737.0,,,False
USR72747,1,15849.91,1,0,0.0,0.0,15849.91,,,False
USR72748,2,33308.45,2,0,0.0,0.0,16654.225,,,False
USR72749,1,6641.59,0,1,0.0,0.0,6641.59,VERIFIED,False,True
USR72750,2,14503.499999999998,2,0,0.0,0.0,7251.749999999999,VERIFIED,False,True
USR72755,1,23728.32,1,0,0.0,0.0,23728.32,,,False
USR72759,1,17595.11,1,0,0.0,0.0,17595.11,,,False
USR72760,1,5125.24,1,0,1.0,800.24,5125.24,,,False
USR72768,1,2929.14,0,0,0.0,0.0,2929.14,,,False
USR72771,1,13621.76,1,0,1.0,2052.97,13621.76,VERIFIED,False,True
USR72774,1,19813.49,1,0,0.0,0.0,19813.49,VERIFIED,True,True
USR72775,1,6688.5,0,0,0.0,0.0,6688.5,PENDING,False,True
USR72779,1,20828.09,0,0,0.0,0.0,20828.09,,,False
USR72781,2,11640.910000000002,2,0,0.0,0.0,5820.455000000001,,,False
USR72782,1,15000.03,1,0,0.0,0.0,15000.03,VERIFIED,True,True
USR72791,1,19485.61,1,0,0.0,0.0,19485.61,,,False
USR72792,1,-9828.38,1,0,0.0,0.0,-9828.38,,,False
USR72800,1,6447.6,1,0,0.0,0.0,6447.6,,,False
USR72805,1,20949.33,1,0,0.0,0.0,20949.33,,,False
USR72808,1,4155.29,1,0,0.0,0.0,4155.29,,,False
USR72809,1,20279.6,1,0,0.0,0.0,20279.6,,,False
USR72824,1,2347.07,1,0,0.0,0.0,2347.07,,,False
USR72825,1,10643.39,1,0,0.0,0.0,10643.39,,,False
USR72828,1,13441.97,1,0,0.0,0.0,13441.97,,,False
USR72831,1,9310.61,1,0,0.0,0.0,9310.61,,,False
USR72843,1,8305.97,1,0,0.0,0.0,8305.97,,,False
USR72850,1,13185.35,1,0,0.0,0.0,13185.35,VERIFIED,False,True
USR72852,1,4913.89,1,0,0.0,0.0,4913.89,,,False
USR72858,1,2093.64,1,0,0.0,0.0,2093.64,,,False
USR72861,1,19324.12,0,1,0.0,0.0,19324.12,,,False
USR72862,1,14095.83,1,0,0.0,0.0,14095.83,,,False
USR72872,1,18442.18,1,0,0.0,0.0,18442.18,,,False
USR72874,1,13330.43,1,0,0.0,0.0,13330.43,,,False
USR72878,1,6256.42,1,0,0.0,0.0,6256.42,PENDING,True,True
USR72883,1,20438.74,1,0,0.0,0.0,20438.74,,,False
USR72890,1,19489.41,1,0,0.0,0.0,19489.41,,,False
USR72895,1,4152.07,1,0,0.0,0.0,4152.07,,,False
USR72896,1,16238.0,1,0,0.0,0.0,16238.0,,,False
USR72900,1,12553.37,1,0,0.0,0.0,12553.37,,,False
USR72903,1,5376.69,1,0,0.0,0.0,5376.69,,,False
USR72906,1,3357.19,1,0,0.0,0.0,3357.19,,,False
USR72916,1,15180.0,0,1,0.0,0.0,15180.0,,,False
USR72918,1,1303.12,0,1,0.0,0.0,1303.12,,,False
USR72924,1,23548.22,1,0,0.0,0.0,23548.22,,,False
USR72937,1,18321.01,1,0,0.0,0.0,18321.01,,,False
USR72947,1,19950.3,1,0,0.0,0.0,19950.3,,,False
USR72950,1,12284.0,1,0,0.0,0.0,12284.0,VERIFIED,False,True
USR72951,1,1283.79,1,0,0.0,0.0,1283.79,,,False
USR72952,1,22907.61,1,0,0.0,0.0,22907.61,,,False
USR72959,1,13433.0,1,0,0.0,0.0,13433.0,PENDING,False,True
USR72960,1,9308.34,0,1,0.0,0.0,9308.34,,,False
USR72965,1,14089.58,1,0,0.0,0.0,14089.58,,,False
USR72966,1,7292.14,0,1,0.0,0.0,7292.14,,,False
USR72967,1,10848.09,1,0,0.0,0.0,10848.09,VERIFIED,False,True
USR72970,2,28645.21,1,1,1.0,2130.67,14322.605,,,False
USR72971,1,22398.14,1,0,1.0,6862.58,22398.14,,,False
USR72972,1,3600.85,1,0,0.0,0.0,3600.85,PENDING,False,True
USR72973,1,599.64,1,0,0.0,0.0,599.64,PENDING,False,True
USR72974,1,14874.68,1,0,0.0,0.0,14874.68,,,False
USR72983,1,3274.55,1,0,0.0,0.0,3274.55,,,False
USR72986,1,15568.55,1,0,0.0,0.0,15568.55,,,False
USR72988,1,23859.92,1,0,0.0,0.0,23859.92,,,False
USR73000,1,2454.88,0,0,0.0,0.0,2454.88,,,False
USR73004,1,9841.95,1,0,0.0,0.0,9841.95,,,False
USR73010,1,14782.96,1,0,0.0,0.0,14782.96,,,False
USR73016,2,13649.970000000001,2,0,0.0,0.0,6824.985000000001,,,False
USR73020,1,5049.0,0,0,0.0,0.0,5049.0,UNDER REVIEW,True,True
USR73025,1,19600.97,1,0,0.0,0.0,19600.97,,,False
USR73026,1,10921.42,1,0,0.0,0.0,10921.42,,,False
USR73036,1,19515.33,1,0,0.0,0.0,19515.33,,,False
USR73048,1,23928.8,1,0,0.0,0.0,23928.8,,,False
USR73051,1,16110.76,1,0,0.0,0.0,16110.76,,,False
USR73060,1,2493.58,1,0,0.0,0.0,2493.58,,,False
USR73061,2,31704.36,2,0,0.0,0.0,15852.18,,,False
USR73065,1,20111.87,1,0,1.0,-3187.1,20111.87,VERIFIED,False,True
USR73068,1,23368.9,1,0,0.0,0.0,23368.9,VERIFIED,False,True
USR73069,1,14946.08,1,0,0.0,0.0,14946.08,VERIFIED,False,True
USR73071,1,13858.99,1,0,0.0,0.0,13858.99,VERIFIED,False,True
USR73074,1,23020.06,0,1,1.0,1211.72,23020.06,,,False
USR73077,2,15587.11,1,0,0.0,0.0,7793.555,,,False
USR73095,1,8367.81,1,0,0.0,0.0,8367.81,,,False
USR73107,1,4594.61,1,0,0.0,0.0,4594.61,VERIFIED,False,True
USR73121,1,21621.11,0,1,0.0,0.0,21621.11,PENDING,False,True
USR73123,1,14350.91,1,0,0.0,0.0,14350.91,,,False
USR73126,1,16452.19,1,0,1.0,7997.0,16452.19,VERIFIED,False,True
USR73138,1,7788.02,1,0,0.0,0.0,7788.02,,,False
USR73154,1,18489.69,1,0,0.0,0.0,18489.69,,,False
USR73157,1,15392.66,1,0,0.0,0.0,15392.66,,,False
USR73167,1,24905.65,1,0,0.0,0.0,24905.65,VERIFIED,True,True
USR73173,2,12689.33,2,0,1.0,836.19,6344.665,VERIFIED,False,True
USR73180,1,5664.8,1,0,0.0,0.0,5664.8,,,False
USR73183,1,5622.87,0,1,0.0,0.0,5622.87,REJECT,False,True
USR73195,3,17002.93,2,1,0.0,0.0,5667.643333333333,,,False
USR73197,1,5426.78,1,0,0.0,0.0,5426.78,,,False
USR73203,1,23068.15,1,0,1.0,2313.86,23068.15,,,False
USR73210,1,4534.76,1,0,0.0,0.0,4534.76,VERIFIED,False,True
USR73213,1,12631.39,1,0,1.0,300.44,12631.39,,,False
USR73237,1,16988.04,1,0,0.0,0.0,16988.04,,,False
USR73249,3,29767.329999999998,2,0,1.0,-19036.69,9922.443333333333,,,False
USR73253,1,20986.81,1,0,1.0,1770.2,20986.81,,,False
USR73254,1,8379.0,1,0,0.0,0.0,8379.0,,,False
USR73259,1,5570.8,1,0,1.0,2673.31,5570.8,,,False
USR73263,1,14572.03,1,0,0.0,0.0,14572.03,,,False
USR73271,1,22401.75,1,0,0.0,0.0,22401.75,,,False
USR73281,1,8361.48,1,0,0.0,0.0,8361.48,,,False
USR73287,1,534.37,1,0,0.0,0.0,534.37,,,False
USR73303,1,3921.13,1,0,0.0,0.0,3921.13,,,False
USR73312,1,265.0,1,0,0.0,0.0,265.0,,,False
USR73313,1,7282.17,0,0,0.0,0.0,7282.17,,,False
USR73318,1,14702.46,1,0,0.0,0.0,14702.46,,,False
USR73321,1,-23832.78,1,0,0.0,0.0,-23832.78,VERIFIED,False,True
USR73343,2,29185.17,1,0,0.0,0.0,14592.585,VERIFIED,False,True
USR73344,1,284.79,1,0,0.0,0.0,284.79,,,False
USR73347,1,19449.96,1,0,1.0,4194.32,19449.96,,,False
USR73349,1,24365.48,1,0,0.0,0.0,24365.48,,,False
USR73356,1,10113.77,1,0,0.0,0.0,10113.77,VERIFIED,False,True
USR73359,2,19884.78,2,0,0.0,0.0,9942.39,VERIFIED,False,True
USR73363,2,25655.96,2,0,0.0,0.0,12827.98,,,False
USR73367,1,19003.58,1,0,0.0,0.0,19003.58,VERIFIED,True,True
USR73392,1,19053.34,1,0,0.0,0.0,19053.34,,,False
USR73393,1,20643.53,1,0,0.0,0.0,20643.53,VERIFIED,False,True
USR73403,1,17338.71,0,0,0.0,0.0,17338.71,,,False
USR73410,1,9184.22,1,0,0.0,0.0,9184.22,VERIFIED,False,True
USR73413,1,9465.06,1,0,0.0,0.0,9465.06,VERIFIED,False,True
USR73417,1,19764.94,1,0,0.0,0.0,19764.94,,,False
USR73418,2,32054.510000000002,1,1,0.0,0.0,16027.255000000001,,,False
USR73421,1,6483.29,1,0,0.0,0.0,6483.29,,,False
USR73422,1,9893.27,1,0,0.0,0.0,9893.27,,,False
USR73432,1,9110.18,1,0,1.0,1916.0,9110.18,PENDING,False,True
USR73438,1,3530.02,0,0,0.0,0.0,3530.02,,,False
USR73444,1,18497.48,1,0,0.0,0.0,18497.48,,,False
USR73452,1,20554.36,1,0,0.0,0.0,20554.36,VERIFIED,False,True
USR73470,1,10528.2,1,0,0.0,0.0,10528.2,,,False
USR73471,1,13518.41,1,0,0.0,0.0,13518.41,KYC_DONE,False,True
USR73475,1,20565.18,1,0,2.0,1591.3200000000002,20565.18,VERIFIED,True,True
USR73483,1,267.01,1,0,0.0,0.0,267.01,,,False
USR73491,1,20896.8,1,0,0.0,0.0,20896.8,,,False
USR73495,1,7751.02,1,0,0.0,0.0,7751.02,,,False
USR73500,1,2290.15,1,0,0.0,0.0,2290.15,PENDING,False,True
USR73501,1,13015.02,1,0,0.0,0.0,13015.02,,,False
USR73511,2,28337.52,2,0,0.0,0.0,14168.76,,,False
USR73514,1,14867.0,1,0,0.0,0.0,14867.0,,,False
USR73517,1,3430.64,1,0,0.0,0.0,3430.64,,,False
USR73522,1,1128.34,1,0,0.0,0.0,1128.34,,,False
USR73530,1,10241.21,1,0,0.0,0.0,10241.21,,,False
USR73534,1,13173.95,1,0,0.0,0.0,13173.95,REJECTED,True,True
USR73542,1,12192.68,0,1,0.0,0.0,12192.68,,,False
USR73553,1,15711.05,1,0,0.0,0.0,15711.05,,,False
USR73564,1,5710.23,1,0,1.0,0.0,5710.23,,,False
USR73572,1,9504.31,0,1,0.0,0.0,9504.31,,,False
USR73584,1,9593.89,1,0,0.0,0.0,9593.89,VERIFIED,False,True
USR73591,1,10452.23,1,0,0.0,0.0,10452.23,,,False
USR73602,1,8665.19,0,0,0.0,0.0,8665.19,,,False
USR73605,1,5154.99,1,0,0.0,0.0,5154.99,,,False
USR73608,1,12495.46,1,0,0.0,0.0,12495.46,VERIFIED,False,True
USR73618,1,12362.91,1,0,0.0,0.0,12362.91,VERIFIED,True,True
USR73620,1,18544.69,1,0,0.0,0.0,18544.69,,,False
USR73627,1,312.9,1,0,0.0,0.0,312.9,VERIFIED,False,True
USR73631,1,143.43,1,0,0.0,0.0,143.43,,,False
USR73632,1,8330.43,0,0,0.0,0.0,8330.43,,,False
USR73636,1,18269.67,1,0,0.0,0.0,18269.67,,,False
USR73641,1,913.65,1,0,0.0,0.0,913.65,VERIFIED,False,True
USR73644,1,10185.27,1,0,1.0,2488.0,10185.27,PENDING,True,True
USR73648,1,21812.91,1,0,0.0,0.0,21812.91,VERIFIED,False,True
USR73655,1,21987.77,1,0,0.0,0.0,21987.77,,,False
USR73656,1,4422.0,1,0,0.0,0.0,4422.0,VERIFIED,False,True
USR73661,1,23156.42,1,0,0.0,0.0,23156.42,,,False
USR73677,1,17677.85,1,0,0.0,0.0,17677.85,VERIFIED,False,True
USR73681,1,11769.0,1,0,0.0,0.0,11769.0,,,False
USR73682,1,20392.39,1,0,0.0,0.0,20392.39,,,False
USR73685,1,3937.99,1,0,0.0,0.0,3937.99,KYC_DONE,False,True
USR73688,1,1249.65,1,0,1.0,9977.75,1249.65,PENDING,False,True
USR73690,1,17624.0,1,0,0.0,0.0,17624.0,,,False
USR73696,1,2956.48,1,0,1.0,3314.0,2956.48,,,False
USR73713,1,3431.53,1,0,0.0,0.0,3431.53,PENDING,False,True
USR73714,1,16605.21,1,0,1.0,1147.39,16605.21,PENDING,False,True
USR73719,1,24030.15,0,1,0.0,0.0,24030.15,VERIFIED,False,True
USR73721,1,11864.57,1,0,0.0,0.0,11864.57,,,False
USR73722,1,563.11,1,0,0.0,0.0,563.11,,,False
USR73733,1,16872.91,0,1,0.0,0.0,16872.91,VERIFIED,True,True
USR73734,1,6499.17,1,0,0.0,0.0,6499.17,VERIFIED,False,True
USR73738,1,8438.0,1,0,0.0,0.0,8438.0,,,False
USR73739,1,13355.0,1,0,0.0,0.0,13355.0,VERIFIED,False,True
USR73747,1,12383.71,1,0,0.0,0.0,12383.71,VERIFIED,False,True
USR73756,1,11357.0,1,0,0.0,0.0,11357.0,,,False
USR73769,1,10376.49,1,0,0.0,0.0,10376.49,KYC_DONE,False,True
USR73771,2,21757.04,2,0,0.0,0.0,10878.52,,,False
USR73774,1,8635.49,1,0,0.0,0.0,8635.49,,,False
USR73780,1,5359.17,1,0,0.0,0.0,5359.17,,,False
USR73787,1,9630.12,1,0,0.0,0.0,9630.12,VERIFIED,True,True
USR73789,1,24804.37,1,0,0.0,0.0,24804.37,KYC_DONE,False,True
USR73790,1,20669.42,1,0,0.0,0.0,20669.42,,,False
USR73802,1,21640.4,1,0,0.0,0.0,21640.4,VERIFIED,False,True
USR73810,1,3418.27,1,0,0.0,0.0,3418.27,PENDING,False,True
USR73812,2,29864.85,1,1,0.0,0.0,14932.425,,,False
USR73813,1,2513.27,1,0,0.0,0.0,2513.27,VERIFIED,False,True
USR73818,2,32811.520000000004,2,0,0.0,0.0,16405.760000000002,,,False
USR73829,1,16140.0,1,0,0.0,0.0,16140.0,,,False
USR73837,1,5848.0,1,0,1.0,893.6,5848.0,,,False
USR73839,2,3094.19,1,1,0.0,0.0,1547.095,VERIFIED,False,True
USR73860,1,15839.0,1,0,0.0,0.0,15839.0,VERIFIED,False,True
USR73861,1,10692.89,1,0,0.0,0.0,10692.89,VERIFIED,False,True
USR73862,1,12191.0,1,0,0.0,0.0,12191.0,,,False
USR73868,1,10054.78,1,0,0.0,0.0,10054.78,,,False
USR73870,1,12925.75,1,0,0.0,0.0,12925.75,,,False
USR73871,1,11635.49,1,0,0.0,0.0,11635.49,,,False
USR73874,1,6058.58,1,0,0.0,0.0,6058.58,,,False
USR73876,1,19830.64,1,0,0.0,0.0,19830.64,,,False
USR73877,1,23569.87,1,0,1.0,9827.0,23569.87,VERIFIED,False,True
USR73878,1,-21770.13,1,0,0.0,0.0,-21770.13,,,False
USR73882,1,6936.0,0,1,0.0,0.0,6936.0,,,False
USR73890,1,16674.52,1,0,0.0,0.0,16674.52,REJECT,False,True
USR73898,1,11775.0,1,0,0.0,0.0,11775.0,,,False
USR73899,1,6806.14,1,0,0.0,0.0,6806.14,VERIFIED,False,True
USR73908,1,9738.5,1,0,1.0,2761.55,9738.5,,,False
USR73915,1,8743.36,1,0,0.0,0.0,8743.36,,,False
USR73932,1,11523.0,1,0,0.0,0.0,11523.0,,,False
USR73935,1,12158.4,1,0,0.0,0.0,12158.4,,,False
USR73943,1,2122.47,1,0,0.0,0.0,2122.47,KYC_DONE,False,True
USR73945,1,15018.85,1,0,0.0,0.0,15018.85,VERIFIED,False,True
USR73953,1,16440.21,1,0,0.0,0.0,16440.21,,,False
USR73963,1,24402.62,1,0,0.0,0.0,24402.62,VERIFIED,False,True
USR73991,1,16076.0,1,0,0.0,0.0,16076.0,,,False
USR73992,1,11623.4,1,0,1.0,386.01,11623.4,,,False
USR73994,1,19045.41,0,1,0.0,0.0,19045.41,,,False
USR73999,1,12028.73,1,0,0.0,0.0,12028.73,,,False
USR74003,1,13520.47,1,0,0.0,0.0,13520.47,,,False
USR74006,1,1663.56,1,0,1.0,5022.43,1663.56,,,False
USR74013,1,20369.3,1,0,0.0,0.0,20369.3,PENDING,False,True
USR74022,1,4290.35,1,0,0.0,0.0,4290.35,REJECTED,True,True
USR74032,1,12878.18,1,0,1.0,574.0,12878.18,VERIFIED,False,True
USR74033,1,14015.41,1,0,0.0,0.0,14015.41,,,False
USR74040,1,8970.88,1,0,0.0,0.0,8970.88,,,False
USR74058,1,16110.0,1,0,0.0,0.0,16110.0,,,False
USR74071,1,15623.35,1,0,0.0,0.0,15623.35,VERIFIED,False,True
USR74072,1,24552.11,1,0,0.0,0.0,24552.11,PENDING,False,True
USR74075,1,6857.88,1,0,0.0,0.0,6857.88,,,False
USR74077,1,3525.98,1,0,0.0,0.0,3525.98,,,False
USR74082,1,17405.04,1,0,0.0,0.0,17405.04,,,False
USR74087,1,2251.63,1,0,1.0,1002.59,2251.63,VERIFIED,False,True
USR74088,1,9294.82,1,0,0.0,0.0,9294.82,PENDING,False,True
USR74092,1,8916.55,1,0,0.0,0.0,8916.55,,,False
USR74095,1,22368.6,1,0,0.0,0.0,22368.6,,,False
USR74105,1,11455.31,1,0,0.0,0.0,11455.31,,,False
USR74107,2,42823.96000000001,2,0,0.0,0.0,21411.980000000003,,,False
USR74108,1,15004.51,0,0,0.0,0.0,15004.51,,,False
USR74116,1,5439.8,1,0,0.0,0.0,5439.8,,,False
USR74117,1,10842.47,1,0,0.0,0.0,10842.47,KYC_DONE,False,True
USR74127,2,45879.39,2,0,0.0,0.0,22939.695,PENDING,True,True
USR74131,1,24659.0,1,0,0.0,0.0,24659.0,,,False
USR74143,1,1374.99,1,0,0.0,0.0,1374.99,,,False
USR74147,1,-20617.54,1,0,0.0,0.0,-20617.54,,,False
USR74164,1,-14427.63,0,1,0.0,0.0,-14427.63,,,False
USR74166,1,16461.1,1,0,1.0,6278.49,16461.1,,,False
USR74167,1,18928.63,1,0,0.0,0.0,18928.63,,,False
USR74174,2,20619.59,2,0,0.0,0.0,10309.795,KYC_DONE,False,True
USR74175,1,280.83,1,0,0.0,0.0,280.83,REJECTED,False,True
USR74177,1,1327.22,1,0,0.0,0.0,1327.22,,,False
USR74182,1,14926.8,1,0,0.0,0.0,14926.8,PENDING,False,True
USR74189,1,3130.0,1,0,0.0,0.0,3130.0,,,False
USR74210,1,8086.84,1,0,0.0,0.0,8086.84,,,False
USR74213,1,15027.63,0,0,0.0,0.0,15027.63,KYC_DONE,False,True
USR74219,1,1426.44,1,0,0.0,0.0,1426.44,,,False
USR74228,1,18094.75,1,0,0.0,0.0,18094.75,,,False
USR74229,1,12840.73,1,0,0.0,0.0,12840.73,VERIFIED,False,True
USR74237,1,18663.0,0,1,1.0,3800.84,18663.0,,,False
USR74250,1,22205.57,1,0,0.0,0.0,22205.57,,,False
USR74261,1,15216.53,1,0,0.0,0.0,15216.53,,,False
USR74264,1,7311.0,1,0,0.0,0.0,7311.0,,,False
USR74265,1,21980.85,1,0,0.0,0.0,21980.85,PENDING,False,True
USR74268,2,17802.52,2,0,0.0,0.0,8901.26,,,False
USR74272,1,14520.32,1,0,1.0,2032.79,14520.32,PENDING,True,True
USR74279,2,10803.17,2,0,0.0,0.0,5401.585,,,False
USR74286,1,11603.65,1,0,0.0,0.0,11603.65,,,False
USR74291,3,37235.67,3,0,1.0,9291.46,12411.89,VERIFIED,False,True
USR74295,1,13697.96,1,0,0.0,0.0,13697.96,,,False
USR74297,1,13240.6,0,1,0.0,0.0,13240.6,VERIFIED,False,True
USR74298,1,20596.52,1,0,1.0,800.32,20596.52,UNDER REVIEW,False,True
USR74301,1,9173.01,1,0,0.0,0.0,9173.01,,,False
USR74307,1,21135.0,1,0,0.0,0.0,21135.0,,,False
USR74316,1,11612.02,1,0,0.0,0.0,11612.02,VERIFIED,False,True
USR74323,1,6644.18,1,0,1.0,1855.84,6644.18,,,False
USR74324,1,1905.82,1,0,0.0,0.0,1905.82,,,False
USR74325,1,1701.03,1,0,0.0,0.0,1701.03,,,False
USR74327,1,-21532.19,1,0,0.0,0.0,-21532.19,KYC_DONE,False,True
USR74331,1,20003.77,0,0,1.0,1059.97,20003.77,,,False
USR74334,1,15558.72,1,0,1.0,676.77,15558.72,VERIFIED,False,True
USR74337,1,172.14,0,0,0.0,0.0,172.14,,,False
USR74341,1,11727.64,1,0,0.0,0.0,11727.64,VERIFIED,False,True
USR74348,1,23761.97,1,0,0.0,0.0,23761.97,,,False
USR74350,1,18812.42,1,0,0.0,0.0,18812.42,VERIFIED,True,True
USR74351,1,9825.1,1,0,1.0,4601.18,9825.1,REJECTED,False,True
USR74369,1,5729.6,1,0,0.0,0.0,5729.6,,,False
USR74374,1,4824.98,1,0,0.0,0.0,4824.98,,,False
USR74378,1,21374.37,1,0,0.0,0.0,21374.37,KYC_DONE,False,True
USR74387,1,13472.16,1,0,0.0,0.0,13472.16,VERIFIED,False,True
USR74389,1,23106.22,1,0,0.0,0.0,23106.22,,,False
USR74392,1,16114.32,1,0,0.0,0.0,16114.32,REJECTED,False,True
USR74396,1,12329.64,1,0,0.0,0.0,12329.64,VERIFIED,False,True
USR74400,1,17369.08,1,0,0.0,0.0,17369.08,,,False
USR74407,1,10723.84,0,0,0.0,0.0,10723.84,,,False
USR74408,1,5616.0,1,0,0.0,0.0,5616.0,,,False
USR74417,1,18449.75,1,0,0.0,0.0,18449.75,,,False
USR74418,1,-9438.37,1,0,0.0,0.0,-9438.37,,,False
USR74424,1,10199.63,1,0,0.0,0.0,10199.63,,,False
USR74431,2,10986.42,2,0,1.0,1083.4,5493.21,,,False
USR74443,1,7693.48,1,0,0.0,0.0,7693.48,,,False
USR74445,1,11478.92,1,0,0.0,0.0,11478.92,,,False
USR74446,1,19168.0,1,0,1.0,5968.43,19168.0,,,False
USR74447,1,19667.46,1,0,0.0,0.0,19667.46,,,False
USR74456,1,14342.49,1,0,0.0,0.0,14342.49,,,False
USR74458,1,17176.32,1,0,0.0,0.0,17176.32,VERIFIED,False,True
USR74463,2,30073.15,2,0,0.0,0.0,15036.575,VERIFIED,True,True
USR74469,1,9688.0,1,0,0.0,0.0,9688.0,,,False
USR74473,1,1523.2,1,0,0.0,0.0,1523.2,KYC_DONE,False,True
USR74486,1,9243.27,1,0,0.0,0.0,9243.27,,,False
USR74488,1,17711.99,1,0,0.0,0.0,17711.99,KYC_DONE,False,True
USR74491,1,20068.38,1,0,0.0,0.0,20068.38,,,False
USR74499,1,9740.85,1,0,0.0,0.0,9740.85,,,False
USR74506,1,2108.9,1,0,1.0,-3746.75,2108.9,VERIFIED,True,True
USR74512,1,20719.09,1,0,0.0,0.0,20719.09,PENDING,False,True
USR74517,3,40229.52,2,1,1.0,988.93,13409.839999999998,,,False
USR74523,1,24912.26,1,0,1.0,503.49,24912.26,,,False
USR74528,1,24857.26,1,0,1.0,316.81,24857.26,VERIFIED,True,True
USR74536,1,22271.9,1,0,0.0,0.0,22271.9,,,False
USR74547,1,17964.16,1,0,0.0,0.0,17964.16,VERIFIED,False,True
USR74549,1,10030.25,1,0,0.0,0.0,10030.25,,,False
USR74555,1,13389.58,1,0,0.0,0.0,13389.58,VERIFIED,False,True
USR74563,1,8351.08,1,0,1.0,0.0,8351.08,,,False
USR74566,1,6858.64,1,0,1.0,6049.12,6858.64,,,False
USR74571,1,16887.0,1,0,0.0,0.0,16887.0,,,False
USR74572,2,31276.989999999998,2,0,0.0,0.0,15638.494999999999,UNDER REVIEW,True,True
USR74576,1,23872.69,1,0,0.0,0.0,23872.69,,,False
USR74580,2,25230.77,2,0,0.0,0.0,12615.385,PENDING,False,True
USR74585,1,15911.2,0,1,0.0,0.0,15911.2,,,False
USR74587,1,4210.88,1,0,0.0,0.0,4210.88,REJECTED,False,True
USR74592,1,4252.25,1,0,0.0,0.0,4252.25,,,False
USR74595,2,23819.59,2,0,0.0,0.0,11909.795,PENDING,False,True
USR74597,1,1431.62,1,0,0.0,0.0,1431.62,VERIFIED,False,True
USR74611,1,21077.66,1,0,0.0,0.0,21077.66,,,False
USR74616,1,14352.89,1,0,0.0,0.0,14352.89,,,False
USR74617,2,-1459.8900000000003,1,1,0.0,0.0,-729.9450000000002,,,False
USR74618,1,23168.55,0,0,0.0,0.0,23168.55,,,False
USR74619,1,13136.01,1,0,1.0,4246.38,13136.01,,,False
USR74626,1,24890.26,0,1,0.0,0.0,24890.26,,,False
USR74631,1,18613.61,1,0,1.0,1736.0,18613.61,KYC_DONE,False,True
USR74638,1,14936.84,0,0,0.0,0.0,14936.84,,,False
USR74648,1,23759.99,1,0,0.0,0.0,23759.99,VERIFIED,False,True
USR74652,1,9303.68,1,0,0.0,0.0,9303.68,,,False
USR74660,1,3647.74,1,0,0.0,0.0,3647.74,VERIFIED,False,True
USR74663,1,19084.71,1,0,0.0,0.0,19084.71,,,False
USR74664,1,17631.43,1,0,0.0,0.0,17631.43,,,False
USR74668,2,11399.42,1,1,0.0,0.0,5699.71,,,False
USR74671,1,19921.35,1,0,0.0,0.0,19921.35,,,False
USR74673,1,10832.53,1,0,0.0,0.0,10832.53,KYC_DONE,False,True
USR74674,1,14085.99,1,0,0.0,0.0,14085.99,,,False
USR74677,1,24650.17,1,0,0.0,0.0,24650.17,,,False
USR74681,1,17057.97,1,0,0.0,0.0,17057.97,,,False
USR74688,2,9880.93,2,0,0.0,0.0,4940.465,,,False
USR74700,1,24515.0,1,0,0.0,0.0,24515.0,,,False
USR74717,1,10218.99,0,1,0.0,0.0,10218.99,,,False
USR74730,1,12638.33,1,0,0.0,0.0,12638.33,,,False
USR74737,1,24648.49,1,0,0.0,0.0,24648.49,,,False
USR74739,1,16941.78,1,0,0.0,0.0,16941.78,,,False
USR74748,1,5074.4,1,0,0.0,0.0,5074.4,,,False
USR74758,1,23940.53,1,0,0.0,0.0,23940.53,,,False
USR74764,1,18948.58,1,0,0.0,0.0,18948.58,VERIFIED,True,True
USR74779,1,1836.31,1,0,0.0,0.0,1836.31,REJECT,True,True
USR74780,1,15455.09,1,0,0.0,0.0,15455.09,,,False
USR74794,1,17737.63,1,0,0.0,0.0,17737.63,VERIFIED,False,True
USR74796,1,17349.64,1,0,0.0,0.0,17349.64,VERIFIED,True,True
USR74797,1,9325.7,0,0,0.0,0.0,9325.7,VERIFIED,False,True
USR74798,2,30681.48,0,2,1.0,1644.04,15340.74,,,False
USR74803,1,23970.08,1,0,0.0,0.0,23970.08,,,False
USR74804,1,-24028.5,1,0,0.0,0.0,-24028.5,VERIFIED,False,True
USR74811,1,10752.11,0,0,0.0,0.0,10752.11,VERIFIED,False,True
USR74814,1,8749.08,1,0,1.0,692.55,8749.08,,,False
USR74816,1,2893.71,1,0,0.0,0.0,2893.71,VERIFIED,False,True
USR74818,1,18782.0,1,0,0.0,0.0,18782.0,VERIFIED,False,True
USR74819,2,27749.010000000002,2,0,0.0,0.0,13874.505000000001,,,False
USR74833,1,19212.58,0,1,0.0,0.0,19212.58,,,False
USR74835,1,17510.66,1,0,0.0,0.0,17510.66,VERIFIED,True,True
USR74847,2,20963.63,2,0,0.0,0.0,10481.815,VERIFIED,False,True
USR74856,1,20588.1,1,0,0.0,0.0,20588.1,,,False
USR74858,1,9229.15,1,0,0.0,0.0,9229.15,,,False
USR74861,2,30666.51,2,0,0.0,0.0,15333.255,,,False
USR74867,2,15461.12,2,0,0.0,0.0,7730.56,,,False
USR74871,1,22531.59,1,0,0.0,0.0,22531.59,,,False
USR74877,2,23030.9,2,0,1.0,11920.81,11515.45,,,False
USR74879,1,14432.6,1,0,0.0,0.0,14432.6,,,False
USR74886,1,8723.96,1,0,0.0,0.0,8723.96,,,False
USR74887,1,14884.37,1,0,0.0,0.0,14884.37,VERIFIED,True,True
USR74901,1,20596.7,1,0,0.0,0.0,20596.7,,,False
USR74905,1,11265.08,1,0,0.0,0.0,11265.08,REJECTED,False,True
USR74907,1,14597.0,1,0,0.0,0.0,14597.0,,,False
USR74912,1,1619.18,0,0,0.0,0.0,1619.18,,,False
USR74915,1,12936.63,0,0,1.0,215.32,12936.63,VERIFIED,False,True
USR74916,1,17986.65,1,0,0.0,0.0,17986.65,,,False
USR74919,1,7850.24,1,0,0.0,0.0,7850.24,VERIFIED,False,True
USR74920,1,9007.66,1,0,0.0,0.0,9007.66,VERIFIED,False,True
USR74927,1,23061.63,1,0,0.0,0.0,23061.63,,,False
USR74937,1,8656.0,1,0,0.0,0.0,8656.0,,,False
USR74940,1,13036.56,1,0,0.0,0.0,13036.56,VERIFIED,False,True
USR74947,2,32244.07,2,0,0.0,0.0,16122.035,VERIFIED,False,True
USR74952,1,411.31,1,0,0.0,0.0,411.31,VERIFIED,False,True
USR74958,1,16273.2,1,0,0.0,0.0,16273.2,,,False
USR74961,1,21745.52,1,0,0.0,0.0,21745.52,,,False
USR74970,1,12792.0,1,0,0.0,0.0,12792.0,,,False
USR74973,1,4594.77,1,0,0.0,0.0,4594.77,REJECTED,True,True
USR74978,1,16652.0,0,0,0.0,0.0,16652.0,,,False
USR74983,1,14164.45,1,0,1.0,6622.0,14164.45,PENDING,True,True
USR74984,1,6065.22,1,0,0.0,0.0,6065.22,,,False
USR74994,1,6127.82,1,0,0.0,0.0,6127.82,,,False
USR74998,1,7876.45,0,1,0.0,0.0,7876.45,,,False
USR74999,1,19655.4,1,0,0.0,0.0,19655.4,,,False
USR75008,1,2185.0,0,0,0.0,0.0,2185.0,REJECT,False,True
USR75012,2,6214.1900000000005,2,0,0.0,0.0,3107.0950000000003,,,False
USR75016,1,23928.09,1,0,1.0,0.0,23928.09,,,False
USR75019,1,14500.02,1,0,0.0,0.0,14500.02,,,False
USR75028,1,12538.76,1,0,0.0,0.0,12538.76,,,False
USR75030,1,13403.02,1,0,0.0,0.0,13403.02,KYC_DONE,True,True
USR75034,1,13922.16,1,0,0.0,0.0,13922.16,VERIFIED,False,True
USR75036,1,7092.0,1,0,0.0,0.0,7092.0,KYC_DONE,False,True
USR75038,1,20371.76,1,0,1.0,358.19,20371.76,VERIFIED,False,True
USR75039,1,21977.76,1,0,0.0,0.0,21977.76,,,False
USR75054,1,13104.12,1,0,0.0,0.0,13104.12,,,False
USR75056,1,24903.67,0,1,0.0,0.0,24903.67,,,False
USR75061,2,4848.94,1,0,1.0,2093.79,2424.47,,,False
USR75062,1,10339.43,1,0,0.0,0.0,10339.43,,,False
USR75064,1,22934.88,1,0,0.0,0.0,22934.88,,,False
USR75065,2,15378.849999999999,2,0,1.0,586.88,7689.424999999999,,,False
USR75066,1,5416.16,1,0,0.0,0.0,5416.16,VERIFIED,False,True
USR75072,1,17735.31,1,0,0.0,0.0,17735.31,VERIFIED,False,True
USR75084,1,10550.14,1,0,0.0,0.0,10550.14,,,False
USR75085,1,8854.11,1,0,0.0,0.0,8854.11,,,False
USR75086,1,14388.79,1,0,0.0,0.0,14388.79,PENDING,False,True
USR75095,1,20255.93,0,1,0.0,0.0,20255.93,,,False
USR75097,1,5182.59,1,0,0.0,0.0,5182.59,VERIFIED,True,True
USR75099,2,36304.69,2,0,0.0,0.0,18152.345,VERIFIED,True,True
USR75100,1,4084.25,1,0,0.0,0.0,4084.25,VERIFIED,False,True
USR75121,1,15626.81,1,0,0.0,0.0,15626.81,KYC_DONE,True,True
USR75122,1,1840.06,1,0,0.0,0.0,1840.06,VERIFIED,False,True
USR75127,1,17032.5,1,0,0.0,0.0,17032.5,,,False
USR75129,1,10931.23,1,0,0.0,0.0,10931.23,VERIFIED,False,True
USR75130,1,7867.71,0,0,1.0,1034.0,7867.71,,,False
USR75133,1,20067.73,1,0,0.0,0.0,20067.73,,,False
USR75135,1,12668.68,1,0,0.0,0.0,12668.68,,,False
USR75136,1,18479.28,1,0,0.0,0.0,18479.28,,,False
USR75147,1,15872.26,0,0,0.0,0.0,15872.26,,,False
USR75149,1,5251.38,1,0,0.0,0.0,5251.38,VERIFIED,False,True
USR75156,1,23654.88,0,0,0.0,0.0,23654.88,,,False
USR75160,2,42400.7,2,0,1.0,6753.79,21200.35,,,False
USR75168,2,11222.140000000001,2,0,0.0,0.0,5611.070000000001,,,False
USR75171,1,6855.13,1,0,0.0,0.0,6855.13,,,False
USR75172,1,19963.35,1,0,0.0,0.0,19963.35,VERIFIED,False,True
USR75185,1,16993.71,1,0,2.0,96.43999999999994,16993.71,VERIFIED,False,True
USR75188,1,11686.85,1,0,0.0,0.0,11686.85,,,False
USR75198,1,8175.3,1,0,0.0,0.0,8175.3,PENDING,False,True
USR75205,1,668.42,1,0,0.0,0.0,668.42,,,False
USR75208,1,22549.0,1,0,0.0,0.0,22549.0,,,False
USR75215,1,1814.24,1,0,0.0,0.0,1814.24,,,False
USR75223,2,8674.61,1,0,0.0,0.0,4337.305,,,False
USR75228,1,18273.0,1,0,0.0,0.0,18273.0,,,False
USR75231,1,19238.37,0,1,0.0,0.0,19238.37,,,False
USR75234,1,18637.49,1,0,0.0,0.0,18637.49,KYC_DONE,False,True
USR75235,1,10449.23,1,0,0.0,0.0,10449.23,UNDER REVIEW,True,True
USR75237,1,15677.43,1,0,0.0,0.0,15677.43,,,False
USR75241,1,5806.89,1,0,0.0,0.0,5806.89,,,False
USR75242,1,2687.85,1,0,0.0,0.0,2687.85,,,False
USR75251,1,2712.0,1,0,0.0,0.0,2712.0,,,False
USR75252,1,13886.03,1,0,0.0,0.0,13886.03,,,False
USR75269,1,18169.51,0,1,0.0,0.0,18169.51,,,False
USR75271,1,21269.76,1,0,0.0,0.0,21269.76,VERIFIED,False,True
USR75274,1,15406.61,1,0,0.0,0.0,15406.61,VERIFIED,True,True
USR75277,2,37555.520000000004,2,0,0.0,0.0,18777.760000000002,,,False
USR75281,2,22931.2,2,0,1.0,880.82,11465.6,,,False
USR75289,1,13194.21,1,0,0.0,0.0,13194.21,VERIFIED,False,True
USR75300,1,18786.86,1,0,0.0,0.0,18786.86,VERIFIED,False,True
USR75302,1,1378.0,1,0,0.0,0.0,1378.0,KYC_DONE,False,True
USR75308,1,5915.79,1,0,0.0,0.0,5915.79,,,False
USR75311,1,21999.07,1,0,0.0,0.0,21999.07,VERIFIED,False,True
USR75327,1,11843.52,1,0,0.0,0.0,11843.52,,,False
USR75332,1,12884.02,1,0,0.0,0.0,12884.02,,,False
USR75336,1,21774.31,1,0,2.0,2831.77,21774.31,,,False
USR75341,1,18549.25,1,0,0.0,0.0,18549.25,,,False
USR75353,1,7352.11,1,0,0.0,0.0,7352.11,,,False
USR75361,1,2537.12,1,0,0.0,0.0,2537.12,,,False
USR75374,1,23081.41,1,0,1.0,-711.68,23081.41,VERIFIED,False,True
USR75377,1,14888.67,1,0,1.0,1203.18,14888.67,VERIFIED,False,True
USR75388,1,12458.27,1,0,0.0,0.0,12458.27,,,False
USR75391,1,21290.26,1,0,0.0,0.0,21290.26,,,False
USR75392,1,11816.83,1,0,0.0,0.0,11816.83,,,False
USR75398,1,23542.81,1,0,0.0,0.0,23542.81,,,False
USR75401,1,16792.61,1,0,0.0,0.0,16792.61,VERIFIED,False,True
USR75403,1,13445.24,0,1,0.0,0.0,13445.24,VERIFIED,True,True
USR75409,1,1720.58,1,0,1.0,5978.59,1720.58,VERIFIED,False,True
USR75417,1,522.57,1,0,0.0,0.0,522.57,VERIFIED,True,True
USR75422,1,5237.54,1,0,0.0,0.0,5237.54,,,False
USR75433,2,38833.92,2,0,0.0,0.0,19416.96,VERIFIED,False,True
USR75439,1,23395.64,1,0,1.0,0.0,23395.64,,,False
USR75446,1,9593.71,1,0,0.0,0.0,9593.71,,,False
USR75454,1,11408.62,1,0,0.0,0.0,11408.62,,,False
USR75470,1,17006.0,1,0,0.0,0.0,17006.0,,,False
USR75471,1,20833.52,1,0,0.0,0.0,20833.52,,,False
USR75481,1,24519.22,0,1,0.0,0.0,24519.22,PENDING,False,True
USR75482,2,11025.429999999998,2,0,0.0,0.0,5512.714999999999,,,False
USR75491,1,8908.12,0,1,0.0,0.0,8908.12,,,False
USR75494,2,19184.25,1,1,0.0,0.0,9592.125,KYC_DONE,True,True
USR75496,1,19582.13,1,0,0.0,0.0,19582.13,REJECTED,False,True
USR75500,1,18451.39,1,0,0.0,0.0,18451.39,,,False
USR75511,1,15095.08,1,0,0.0,0.0,15095.08,,,False
USR75514,1,15601.16,0,0,0.0,0.0,15601.16,VERIFIED,False,True
USR75518,1,24040.67,1,0,0.0,0.0,24040.67,,,False
USR75529,1,16508.33,1,0,0.0,0.0,16508.33,VERIFIED,True,True
USR75531,1,18224.47,1,0,0.0,0.0,18224.47,,,False
USR75535,1,14886.63,0,0,0.0,0.0,14886.63,,,False
USR75541,1,2216.93,1,0,1.0,2178.0,2216.93,VERIFIED,False,True
USR75548,1,1919.07,1,0,0.0,0.0,1919.07,,,False
USR75550,1,20438.02,1,0,0.0,0.0,20438.02,,,False
USR75561,1,9716.8,1,0,0.0,0.0,9716.8,,,False
USR75562,1,5464.55,1,0,0.0,0.0,5464.55,,,False
USR75563,1,18942.02,0,1,0.0,0.0,18942.02,VERIFIED,False,True
USR75564,1,1305.07,1,0,0.0,0.0,1305.07,VERIFIED,True,True
USR75580,1,15482.6,1,0,0.0,0.0,15482.6,,,False
USR75587,1,18914.53,0,1,0.0,0.0,18914.53,,,False
USR75593,1,4098.77,1,0,0.0,0.0,4098.77,,,False
USR75594,1,2847.73,1,0,0.0,0.0,2847.73,,,False
USR75596,1,19549.0,1,0,0.0,0.0,19549.0,,,False
USR75598,1,20087.55,1,0,0.0,0.0,20087.55,,,False
USR75601,1,14741.74,1,0,0.0,0.0,14741.74,,,False
USR75602,1,19254.52,1,0,0.0,0.0,19254.52,VERIFIED,False,True
USR75612,1,10825.0,1,0,0.0,0.0,10825.0,,,False
USR75614,2,12945.56,2,0,1.0,8611.05,6472.78,VERIFIED,True,True
USR75621,1,17860.81,1,0,1.0,519.74,17860.81,VERIFIED,False,True
USR75625,1,2664.28,1,0,0.0,0.0,2664.28,,,False
USR75640,1,1635.5,1,0,0.0,0.0,1635.5,,,False
USR75648,2,22648.77,2,0,0.0,0.0,11324.385,,,False
USR75655,1,13751.22,0,0,0.0,0.0,13751.22,,,False
USR75661,1,21840.65,1,0,0.0,0.0,21840.65,,,False
USR75663,1,15509.67,1,0,0.0,0.0,15509.67,,,False
USR75664,1,8103.0,0,1,0.0,0.0,8103.0,,,False
USR75670,1,21267.0,1,0,0.0,0.0,21267.0,,,False
USR75677,1,18274.0,1,0,0.0,0.0,18274.0,,,False
USR75678,1,2104.27,1,0,0.0,0.0,2104.27,VERIFIED,False,True
USR75679,1,125.75,1,0,1.0,966.31,125.75,VERIFIED,False,True
USR75691,1,14850.42,1,0,1.0,2302.0,14850.42,,,False
USR75697,1,5571.0,1,0,0.0,0.0,5571.0,,,False
USR75699,1,4325.0,1,0,0.0,0.0,4325.0,,,False
USR75701,1,556.07,1,0,0.0,0.0,556.07,,,False
USR75717,1,9701.77,1,0,0.0,0.0,9701.77,,,False
USR75721,1,4162.96,1,0,0.0,0.0,4162.96,,,False
USR75726,1,24067.0,0,1,0.0,0.0,24067.0,,,False
USR75732,1,10800.0,1,0,0.0,0.0,10800.0,,,False
USR75735,1,3532.0,1,0,0.0,0.0,3532.0,,,False
USR75740,1,1952.59,1,0,0.0,0.0,1952.59,VERIFIED,False,True
USR75745,1,-3857.81,1,0,0.0,0.0,-3857.81,VERIFIED,True,True
USR75761,1,4031.82,1,0,0.0,0.0,4031.82,VERIFIED,False,True
USR75765,1,4915.39,1,0,0.0,0.0,4915.39,,,False
USR75769,1,17213.0,1,0,0.0,0.0,17213.0,,,False
USR75773,1,6361.14,1,0,0.0,0.0,6361.14,,,False
USR75776,1,24059.51,1,0,0.0,0.0,24059.51,,,False
USR75780,1,13654.71,1,0,0.0,0.0,13654.71,,,False
USR75790,1,19672.05,1,0,0.0,0.0,19672.05,,,False
USR75797,1,12295.42,1,0,0.0,0.0,12295.42,REJECTED,False,True
USR75802,1,23720.27,0,0,0.0,0.0,23720.27,,,False
USR75804,1,6270.03,1,0,0.0,0.0,6270.03,,,False
USR75806,1,7053.55,1,0,0.0,0.0,7053.55,,,False
USR75807,1,983.06,1,0,0.0,0.0,983.06,VERIFIED,False,True
USR75808,1,5984.0,1,0,1.0,1624.65,5984.0,VERIFIED,False,True
USR75824,3,29992.17,3,0,0.0,0.0,9997.39,VERIFIED,False,True
USR75835,1,17339.74,1,0,1.0,2412.7,17339.74,VERIFIED,True,True
USR75838,1,18709.01,1,0,0.0,0.0,18709.01,,,False
USR75842,1,12594.22,1,0,0.0,0.0,12594.22,VERIFIED,True,True
USR75844,1,14689.5,1,0,0.0,0.0,14689.5,VERIFIED,False,True
USR75848,2,18310.89,1,1,0.0,0.0,9155.445,,,False
USR75855,1,8946.41,1,0,0.0,0.0,8946.41,,,False
USR75860,1,2733.91,1,0,0.0,0.0,2733.91,,,False
USR75867,1,5428.19,0,1,0.0,0.0,5428.19,VERIFIED,True,True
USR75875,1,13050.47,0,1,0.0,0.0,13050.47,,,False
USR75883,1,11082.47,0,0,1.0,3717.71,11082.47,,,False
USR75888,1,2860.12,1,0,0.0,0.0,2860.12,,,False
USR75900,1,8314.42,1,0,0.0,0.0,8314.42,REJECT,False,True
USR75901,1,9824.45,1,0,1.0,1568.17,9824.45,,,False
USR75902,1,23768.35,1,0,0.0,0.0,23768.35,,,False
USR75921,1,10054.25,1,0,0.0,0.0,10054.25,,,False
USR75929,1,9927.32,1,0,1.0,776.76,9927.32,,,False
USR75934,1,21915.25,0,1,0.0,0.0,21915.25,,,False
USR75937,1,1183.68,0,1,0.0,0.0,1183.68,VERIFIED,True,True
USR75942,1,-13705.06,1,0,0.0,0.0,-13705.06,,,False
USR75946,1,12918.5,1,0,0.0,0.0,12918.5,,,False
USR75947,1,23150.93,1,0,0.0,0.0,23150.93,,,False
USR75949,1,3916.36,1,0,1.0,2255.0,3916.36,,,False
USR75951,1,15694.22,1,0,0.0,0.0,15694.22,VERIFIED,False,True
USR75962,1,16638.47,1,0,0.0,0.0,16638.47,,,False
USR75973,1,1131.58,1,0,0.0,0.0,1131.58,VERIFIED,True,True
USR75976,2,25227.05,2,0,0.0,0.0,12613.525,,,False
USR75978,1,10468.72,0,1,0.0,0.0,10468.72,,,False
USR75979,1,21314.94,0,0,0.0,0.0,21314.94,VERIFIED,False,True
USR75980,1,18775.7,1,0,0.0,0.0,18775.7,VERIFIED,False,True
USR75984,2,36084.72,2,0,0.0,0.0,18042.36,,,False
USR75989,4,51409.99,4,0,0.0,0.0,12852.4975,,,False
USR75997,1,12291.44,1,0,1.0,1889.0,12291.44,,,False
USR76010,1,5995.36,1,0,1.0,401.02,5995.36,,,False
USR76014,1,13812.93,0,1,0.0,0.0,13812.93,,,False
USR76021,1,23066.9,1,0,0.0,0.0,23066.9,,,False
USR76022,2,33846.83,2,0,0.0,0.0,16923.415,,,False
USR76029,1,18208.13,1,0,0.0,0.0,18208.13,,,False
USR76039,1,15792.11,1,0,0.0,0.0,15792.11,VERIFIED,False,True
USR76044,1,23043.97,1,0,0.0,0.0,23043.97,REJECTED,False,True
USR76047,1,5925.64,1,0,1.0,2023.21,5925.64,VERIFIED,False,True
USR76049,1,5740.68,1,0,0.0,0.0,5740.68,,,False
USR76053,1,15938.4,1,0,0.0,0.0,15938.4,,,False
USR76054,1,17503.85,1,0,0.0,0.0,17503.85,KYC_DONE,False,True
USR76056,1,21557.67,1,0,0.0,0.0,21557.67,VERIFIED,False,True
USR76062,2,31975.480000000003,1,1,0.0,0.0,15987.740000000002,,,False
USR76069,1,11812.3,1,0,0.0,0.0,11812.3,,,False
USR76077,1,19141.0,1,0,0.0,0.0,19141.0,,,False
USR76082,1,10268.22,0,1,0.0,0.0,10268.22,,,False
USR76083,1,5036.4,0,1,0.0,0.0,5036.4,,,False
USR76088,1,16464.71,1,0,0.0,0.0,16464.71,,,False
USR76098,1,5205.0,0,1,0.0,0.0,5205.0,,,False
USR76117,1,16152.33,1,0,0.0,0.0,16152.33,,,False
USR76120,1,16716.98,0,0,0.0,0.0,16716.98,VERIFIED,False,True
USR76123,1,12742.63,1,0,0.0,0.0,12742.63,,,False
USR76127,2,2944.74,2,0,0.0,0.0,1472.37,VERIFIED,False,True
USR76132,1,12344.5,1,0,0.0,0.0,12344.5,KYC_DONE,False,True
USR76137,1,14084.32,1,0,0.0,0.0,14084.32,,,False
USR76150,1,11073.97,1,0,0.0,0.0,11073.97,,,False
USR76155,1,9500.85,1,0,0.0,0.0,9500.85,,,False
USR76173,1,6134.97,1,0,0.0,0.0,6134.97,,,False
USR76176,1,6460.11,1,0,0.0,0.0,6460.11,,,False
USR76188,1,17304.34,1,0,0.0,0.0,17304.34,,,False
USR76189,1,13709.92,1,0,0.0,0.0,13709.92,VERIFIED,False,True
USR76211,1,7587.0,1,0,0.0,0.0,7587.0,PENDING,True,True
USR76215,1,24511.74,1,0,0.0,0.0,24511.74,,,False
USR76216,1,9542.21,0,0,0.0,0.0,9542.21,VERIFIED,False,True
USR76219,1,11513.62,1,0,0.0,0.0,11513.62,,,False
USR76222,1,15142.18,1,0,0.0,0.0,15142.18,KYC_DONE,False,True
USR76238,1,21851.25,1,0,0.0,0.0,21851.25,VERIFIED,False,True
USR76252,1,19284.05,1,0,0.0,0.0,19284.05,,,False
USR76254,1,13418.03,1,0,0.0,0.0,13418.03,PENDING,True,True
USR76255,1,24000.7,1,0,0.0,0.0,24000.7,VERIFIED,False,True
USR76260,1,5853.87,1,0,0.0,0.0,5853.87,,,False
USR76265,1,24447.62,1,0,0.0,0.0,24447.62,,,False
USR76268,1,9725.99,1,0,0.0,0.0,9725.99,,,False
USR76269,1,10870.55,1,0,0.0,0.0,10870.55,,,False
USR76273,1,22186.31,1,0,0.0,0.0,22186.31,,,False
USR76277,2,24612.21,2,0,0.0,0.0,12306.105,,,False
USR76278,2,27452.18,2,0,0.0,0.0,13726.09,,,False
USR76281,1,38.64,1,0,0.0,0.0,38.64,,,False
USR76294,1,8323.09,1,0,0.0,0.0,8323.09,,,False
USR76295,1,7642.28,1,0,0.0,0.0,7642.28,,,False
USR76296,1,3793.75,1,0,0.0,0.0,3793.75,VERIFIED,False,True
USR76301,2,31401.37,2,0,0.0,0.0,15700.685,VERIFIED,False,True
USR76303,1,17540.46,1,0,0.0,0.0,17540.46,,,False
USR76311,1,8621.47,1,0,0.0,0.0,8621.47,,,False
USR76315,1,8095.03,1,0,0.0,0.0,8095.03,,,False
USR76326,2,35939.32,1,1,0.0,0.0,17969.66,,,False
USR76333,1,21990.29,1,0,0.0,0.0,21990.29,,,False
USR76338,1,8123.65,0,0,0.0,0.0,8123.65,,,False
USR76352,1,16440.78,1,0,0.0,0.0,16440.78,,,False
USR76353,1,18631.34,0,0,0.0,0.0,18631.34,,,False
USR76361,1,19111.19,1,0,0.0,0.0,19111.19,,,False
USR76366,1,13540.45,1,0,0.0,0.0,13540.45,,,False
USR76368,1,259.37,1,0,0.0,0.0,259.37,,,False
USR76377,1,1105.73,1,0,0.0,0.0,1105.73,VERIFIED,True,True
USR76380,1,2877.4,1,0,0.0,0.0,2877.4,,,False
USR76385,1,13537.97,1,0,0.0,0.0,13537.97,VERIFIED,True,True
USR76396,1,23026.53,1,0,0.0,0.0,23026.53,,,False
USR76408,1,2796.69,1,0,1.0,1214.71,2796.69,,,False
USR76411,1,20582.02,1,0,1.0,1619.1,20582.02,,,False
USR76412,2,14388.41,1,1,0.0,0.0,7194.205,,,False
USR76414,1,19941.0,1,0,0.0,0.0,19941.0,VERIFIED,True,True
USR76416,1,15788.07,1,0,0.0,0.0,15788.07,,,False
USR76417,1,12509.95,1,0,0.0,0.0,12509.95,,,False
USR76433,1,18962.04,0,1,0.0,0.0,18962.04,,,False
USR76441,1,6058.7,1,0,0.0,0.0,6058.7,,,False
USR76448,1,6107.3,1,0,0.0,0.0,6107.3,,,False
USR76449,1,16085.77,1,0,0.0,0.0,16085.77,,,False
USR76452,1,17958.77,0,1,0.0,0.0,17958.77,,,False
USR76462,1,24764.22,1,0,0.0,0.0,24764.22,,,False
USR76468,2,30796.78,1,1,0.0,0.0,15398.39,,,False
USR76470,1,22320.97,1,0,0.0,0.0,22320.97,,,False
USR76472,1,22279.59,1,0,0.0,0.0,22279.59,,,False
USR76476,1,237.26,1,0,1.0,2741.61,237.26,,,False
USR76483,2,11417.369999999999,2,0,0.0,0.0,5708.6849999999995,,,False
USR76487,1,19957.55,1,0,0.0,0.0,19957.55,,,False
USR76489,1,6635.43,1,0,0.0,0.0,6635.43,,,False
USR76491,1,5168.47,1,0,0.0,0.0,5168.47,,,False
USR76496,2,247.54999999999995,2,0,0.0,0.0,123.77499999999998,,,False
USR76500,1,7536.38,1,0,0.0,0.0,7536.38,,,False
USR76505,1,7743.47,1,0,0.0,0.0,7743.47,,,False
USR76508,1,10025.07,1,0,0.0,0.0,10025.07,PENDING,False,True
USR76512,1,20400.51,1,0,0.0,0.0,20400.51,,,False
USR76517,1,371.62,1,0,0.0,0.0,371.62,,,False
USR76520,1,563.14,1,0,0.0,0.0,563.14,,,False
USR76523,1,14841.48,1,0,0.0,0.0,14841.48,,,False
USR76526,1,10447.5,1,0,0.0,0.0,10447.5,,,False
USR76530,1,10418.45,1,0,0.0,0.0,10418.45,PENDING,False,True
USR76532,1,9046.79,1,0,0.0,0.0,9046.79,,,False
USR76537,1,13967.32,0,1,0.0,0.0,13967.32,,,False
USR76549,1,21636.0,1,0,0.0,0.0,21636.0,,,False
USR76561,1,21052.41,1,0,0.0,0.0,21052.41,REJECT,True,True
USR76570,1,17046.39,0,1,0.0,0.0,17046.39,VERIFIED,True,True
USR76573,1,16864.0,1,0,0.0,0.0,16864.0,,,False
USR76574,1,5016.49,1,0,0.0,0.0,5016.49,,,False
USR76578,1,23952.26,1,0,0.0,0.0,23952.26,,,False
USR76590,1,8276.52,0,1,0.0,0.0,8276.52,VERIFIED,False,True
USR76592,1,10652.0,0,0,0.0,0.0,10652.0,,,False
USR76595,1,490.6,1,0,0.0,0.0,490.6,VERIFIED,False,True
USR76597,1,11904.78,1,0,1.0,1852.3,11904.78,,,False
USR76613,2,15871.99,2,0,0.0,0.0,7935.995,VERIFIED,False,True
USR76631,2,27471.09,2,0,1.0,-1337.67,13735.545,VERIFIED,False,True
USR76632,1,19601.46,1,0,0.0,0.0,19601.46,,,False
USR76633,1,22061.59,1,0,0.0,0.0,22061.59,VERIFIED,False,True
USR76639,1,23385.51,1,0,0.0,0.0,23385.51,KYC_DONE,True,True
USR76652,1,24342.57,1,0,0.0,0.0,24342.57,,,False
USR76659,2,17845.92,2,0,0.0,0.0,8922.96,VERIFIED,True,True
USR76662,1,20974.06,1,0,0.0,0.0,20974.06,,,False
USR76670,1,22052.44,1,0,0.0,0.0,22052.44,,,False
USR76672,1,4810.52,1,0,0.0,0.0,4810.52,VERIFIED,False,True
USR76675,1,7757.45,1,0,2.0,3627.95,7757.45,KYC_DONE,False,True
USR76678,1,19431.88,0,1,0.0,0.0,19431.88,,,False
USR76680,1,15457.71,1,0,0.0,0.0,15457.71,,,False
USR76682,1,24178.49,0,0,0.0,0.0,24178.49,,,False
USR76688,1,3580.47,1,0,1.0,-1658.43,3580.47,,,False
USR76694,1,20503.49,1,0,0.0,0.0,20503.49,,,False
USR76699,1,14968.09,1,0,0.0,0.0,14968.09,,,False
USR76700,1,8093.45,1,0,0.0,0.0,8093.45,,,False
USR76711,2,19774.12,2,0,0.0,0.0,9887.06,,,False
USR76719,1,23994.05,1,0,0.0,0.0,23994.05,VERIFIED,False,True
USR76721,1,5297.44,1,0,0.0,0.0,5297.44,VERIFIED,False,True
USR76723,1,20595.0,1,0,0.0,0.0,20595.0,VERIFIED,False,True
USR76724,1,3585.6,1,0,0.0,0.0,3585.6,,,False
USR76725,1,14912.7,1,0,0.0,0.0,14912.7,,,False
USR76727,1,4070.35,1,0,0.0,0.0,4070.35,PENDING,True,True
USR76728,1,20057.51,1,0,0.0,0.0,20057.51,,,False
USR76730,1,587.0,1,0,0.0,0.0,587.0,VERIFIED,False,True
USR76734,1,10094.0,1,0,0.0,0.0,10094.0,,,False
USR76735,1,5141.27,1,0,0.0,0.0,5141.27,VERIFIED,False,True
USR76739,1,15969.25,0,1,0.0,0.0,15969.25,,,False
USR76741,1,19362.22,1,0,0.0,0.0,19362.22,VERIFIED,False,True
USR76746,1,21031.94,1,0,0.0,0.0,21031.94,,,False
USR76747,1,1879.17,1,0,0.0,0.0,1879.17,REJECTED,True,True
USR76757,1,20542.95,1,0,0.0,0.0,20542.95,,,False
USR76766,1,21278.79,1,0,1.0,0.0,21278.79,,,False
USR76773,2,24584.699999999997,2,0,0.0,0.0,12292.349999999999,REJECT,False,True
USR76782,2,35978.91,2,0,0.0,0.0,17989.455,,,False
USR76787,2,21517.96,2,0,1.0,1780.33,10758.98,,,False
USR76790,1,13085.0,0,1,0.0,0.0,13085.0,VERIFIED,False,True
USR76801,1,8184.02,0,1,0.0,0.0,8184.02,,,False
USR76805,1,6036.72,1,0,1.0,1565.13,6036.72,KYC_DONE,False,True
USR76807,1,18600.19,1,0,0.0,0.0,18600.19,VERIFIED,True,True
USR76828,1,3035.82,1,0,0.0,0.0,3035.82,,,False
USR76829,1,19428.46,1,0,0.0,0.0,19428.46,PENDING,False,True
USR76837,1,16727.1,0,0,0.0,0.0,16727.1,VERIFIED,False,True
USR76838,1,1093.21,0,0,0.0,0.0,1093.21,,,False
USR76849,1,24122.43,1,0,0.0,0.0,24122.43,VERIFIED,False,True
USR76856,1,5871.0,1,0,1.0,905.23,5871.0,,,False
USR76872,1,6419.01,1,0,0.0,0.0,6419.01,,,False
USR76874,1,1599.4,1,0,1.0,250.0,1599.4,,,False
USR76879,1,15810.73,1,0,0.0,0.0,15810.73,PENDING,False,True
USR76880,1,11599.88,1,0,0.0,0.0,11599.88,,,False
USR76881,1,24474.0,1,0,0.0,0.0,24474.0,,,False
USR76883,1,16309.89,1,0,0.0,0.0,16309.89,KYC_DONE,False,True
USR76890,1,17340.81,1,0,0.0,0.0,17340.81,,,False
USR76903,1,5096.0,1,0,0.0,0.0,5096.0,,,False
USR76911,1,23576.09,1,0,1.0,1654.89,23576.09,,,False
USR76914,1,20166.0,1,0,0.0,0.0,20166.0,,,False
USR76917,1,4577.52,1,0,0.0,0.0,4577.52,,,False
USR76918,1,5406.3,1,0,0.0,0.0,5406.3,,,False
USR76930,1,16262.64,1,0,1.0,1200.13,16262.64,,,False
USR76941,1,4606.85,0,1,0.0,0.0,4606.85,VERIFIED,False,True
USR76944,1,24834.81,1,0,0.0,0.0,24834.81,VERIFIED,False,True
USR76948,1,24141.32,1,0,0.0,0.0,24141.32,VERIFIED,False,True
USR76962,1,15594.98,1,0,0.0,0.0,15594.98,,,False
USR76964,2,44234.58,1,1,0.0,0.0,22117.29,PENDING,False,True
USR76965,1,11984.76,1,0,0.0,0.0,11984.76,VERIFIED,False,True
USR76968,1,14543.91,1,0,1.0,0.0,14543.91,,,False
USR76972,1,2554.0,1,0,0.0,0.0,2554.0,,,False
USR76978,1,1020.57,1,0,0.0,0.0,1020.57,,,False
USR76982,1,16109.0,1,0,0.0,0.0,16109.0,VERIFIED,False,True
USR76983,1,5637.93,1,0,0.0,0.0,5637.93,,,False
USR76988,1,17804.0,1,0,0.0,0.0,17804.0,REJECTED,True,True
USR76990,1,14740.46,1,0,0.0,0.0,14740.46,VERIFIED,False,True
USR76993,2,-4221.879999999999,2,0,0.0,0.0,-2110.9399999999996,VERIFIED,False,True
USR76999,1,17129.28,1,0,1.0,894.24,17129.28,VERIFIED,False,True
USR77000,1,1479.31,1,0,0.0,0.0,1479.31,,,False
USR77018,1,14260.5,1,0,0.0,0.0,14260.5,,,False
USR77021,1,2810.0,1,0,1.0,2773.41,2810.0,,,False
USR77024,1,17551.6,1,0,0.0,0.0,17551.6,,,False
USR77025,1,6330.27,1,0,0.0,0.0,6330.27,,,False
USR77027,2,24950.489999999998,2,0,0.0,0.0,12475.244999999999,,,False
USR77035,1,2353.48,0,0,0.0,0.0,2353.48,,,False
USR77036,1,6629.01,1,0,0.0,0.0,6629.01,,,False
USR77051,1,21931.0,1,0,1.0,0.0,21931.0,,,False
USR77056,1,17924.94,1,0,0.0,0.0,17924.94,,,False
USR77067,1,23173.42,1,0,0.0,0.0,23173.42,,,False
USR77069,1,24677.63,1,0,0.0,0.0,24677.63,,,False
USR77070,1,23677.8,1,0,0.0,0.0,23677.8,,,False
USR77072,1,18985.5,1,0,0.0,0.0,18985.5,,,False
USR77073,1,15212.0,1,0,0.0,0.0,15212.0,,,False
USR77083,1,14693.77,1,0,0.0,0.0,14693.77,VERIFIED,False,True
USR77088,1,14371.83,1,0,0.0,0.0,14371.83,VERIFIED,False,True
USR77090,1,24991.83,1,0,0.0,0.0,24991.83,,,False
USR77093,1,5593.08,1,0,0.0,0.0,5593.08,,,False
USR77095,1,-10522.85,1,0,0.0,0.0,-10522.85,,,False
USR77102,1,1090.07,1,0,1.0,-734.05,1090.07,,,False
USR77104,1,10641.53,1,0,0.0,0.0,10641.53,VERIFIED,True,True
USR77106,1,9291.71,1,0,0.0,0.0,9291.71,,,False
USR77108,1,10906.87,1,0,0.0,0.0,10906.87,,,False
USR77112,1,6101.8,1,0,0.0,0.0,6101.8,VERIFIED,False,True
USR77127,1,9849.04,1,0,0.0,0.0,9849.04,VERIFIED,False,True
USR77128,1,9302.51,1,0,0.0,0.0,9302.51,VERIFIED,False,True
USR77135,2,21627.190000000002,2,0,0.0,0.0,10813.595000000001,,,False
USR77138,1,-9126.8,1,0,0.0,0.0,-9126.8,,,False
USR77143,1,8701.75,1,0,0.0,0.0,8701.75,,,False
USR77146,1,23891.83,1,0,1.0,1128.27,23891.83,,,False
USR77147,1,15075.09,0,1,1.0,3336.7,15075.09,VERIFIED,False,True
USR77149,1,193.87,1,0,0.0,0.0,193.87,,,False
USR77158,1,12862.0,1,0,0.0,0.0,12862.0,,,False
USR77159,1,17874.61,1,0,0.0,0.0,17874.61,,,False
USR77163,1,21468.87,1,0,0.0,0.0,21468.87,,,False
USR77173,2,37473.05,2,0,0.0,0.0,18736.525,VERIFIED,True,True
USR77182,2,27719.309999999998,2,0,0.0,0.0,13859.654999999999,,,False
USR77185,1,24474.74,1,0,0.0,0.0,24474.74,,,False
USR77191,3,29440.8,2,1,0.0,0.0,9813.6,,,False
USR77194,1,13642.0,0,0,0.0,0.0,13642.0,REJECTED,False,True
USR77199,1,12496.76,1,0,1.0,0.0,12496.76,,,False
USR77211,1,13677.75,1,0,0.0,0.0,13677.75,,,False
USR77234,1,7119.95,1,0,0.0,0.0,7119.95,KYC_DONE,False,True
USR77237,2,23710.780000000002,2,0,1.0,1581.74,11855.390000000001,VERIFIED,False,True
USR77258,1,10760.1,1,0,0.0,0.0,10760.1,KYC_DONE,False,True
USR77263,1,16074.0,1,0,0.0,0.0,16074.0,,,False
USR77271,1,9407.0,0,0,0.0,0.0,9407.0,,,False
USR77272,1,22607.04,1,0,0.0,0.0,22607.04,,,False
USR77275,1,13399.01,1,0,1.0,3086.0,13399.01,VERIFIED,False,True
USR77278,1,1124.26,0,0,0.0,0.0,1124.26,VERIFIED,False,True
USR77284,1,9954.95,1,0,0.0,0.0,9954.95,REJECTED,False,True
USR77290,1,21004.0,0,0,0.0,0.0,21004.0,,,False
USR77291,2,30569.04,2,0,0.0,0.0,15284.52,,,False
USR77295,1,20855.0,1,0,0.0,0.0,20855.0,VERIFIED,True,True
USR77303,1,16767.8,1,0,0.0,0.0,16767.8,VERIFIED,False,True
USR77305,1,18590.27,1,0,0.0,0.0,18590.27,,,False
USR77307,2,18347.91,2,0,0.0,0.0,9173.955,VERIFIED,True,True
USR77313,1,7811.46,1,0,0.0,0.0,7811.46,,,False
USR77321,1,16094.41,0,0,0.0,0.0,16094.41,,,False
USR77330,1,12195.08,1,0,0.0,0.0,12195.08,,,False
USR77331,2,12316.98,1,1,0.0,0.0,6158.49,VERIFIED,False,True
USR77337,1,8818.04,1,0,0.0,0.0,8818.04,,,False
USR77344,1,15330.17,1,0,0.0,0.0,15330.17,,,False
USR77349,1,3414.33,1,0,0.0,0.0,3414.33,,,False
USR77350,1,10642.2,1,0,0.0,0.0,10642.2,,,False
USR77357,1,196.5,0,1,0.0,0.0,196.5,,,False
USR77359,1,-18308.63,0,1,1.0,8276.16,-18308.63,UNDER REVIEW,False,True
USR77367,1,16549.25,1,0,0.0,0.0,16549.25,,,False
USR77376,1,22529.94,1,0,0.0,0.0,22529.94,,,False
USR77378,1,17206.06,1,0,0.0,0.0,17206.06,,,False
USR77385,1,778.52,0,1,0.0,0.0,778.52,,,False
USR77386,1,24275.0,1,0,0.0,0.0,24275.0,,,False
USR77387,1,7434.25,1,0,0.0,0.0,7434.25,,,False
USR77392,1,22542.09,1,0,0.0,0.0,22542.09,,,False
USR77394,1,9426.5,1,0,0.0,0.0,9426.5,,,False
USR77395,2,26286.760000000002,2,0,0.0,0.0,13143.380000000001,PENDING,True,True
USR77397,1,3430.77,0,0,1.0,2075.0,3430.77,VERIFIED,False,True
USR77404,1,6564.24,1,0,0.0,0.0,6564.24,,,False
USR77410,1,24621.8,1,0,0.0,0.0,24621.8,,,False
USR77414,1,2839.95,1,0,0.0,0.0,2839.95,,,False
USR77419,1,18130.15,1,0,0.0,0.0,18130.15,,,False
USR77435,2,22754.059999999998,1,1,0.0,0.0,11377.029999999999,PENDING,False,True
USR77449,1,12116.98,0,1,0.0,0.0,12116.98,UNDER REVIEW,True,True
USR77458,2,28441.17,2,0,0.0,0.0,14220.585,KYC_DONE,False,True
USR77460,1,13249.93,1,0,0.0,0.0,13249.93,,,False
USR77461,1,17415.71,1,0,0.0,0.0,17415.71,VERIFIED,True,True
USR77463,1,-15367.38,1,0,0.0,0.0,-15367.38,,,False
USR77465,1,24760.04,1,0,0.0,0.0,24760.04,,,False
USR77467,1,6225.37,1,0,0.0,0.0,6225.37,VERIFIED,False,True
USR77469,1,19162.46,1,0,0.0,0.0,19162.46,VERIFIED,False,True
USR77471,2,-1835.32,2,0,0.0,0.0,-917.66,VERIFIED,False,True
USR77486,1,6322.96,1,0,0.0,0.0,6322.96,,,False
USR77487,1,22561.06,1,0,0.0,0.0,22561.06,VERIFIED,False,True
USR77488,1,18774.27,1,0,0.0,0.0,18774.27,,,False
USR77503,1,6538.0,1,0,0.0,0.0,6538.0,VERIFIED,False,True
USR77506,1,2307.53,1,0,0.0,0.0,2307.53,VERIFIED,True,True
USR77508,2,25085.57,2,0,0.0,0.0,12542.785,,,False
USR77537,1,-6204.41,1,0,0.0,0.0,-6204.41,PENDING,False,True
USR77541,1,5966.0,0,1,0.0,0.0,5966.0,VERIFIED,False,True
USR77543,2,33481.42,1,1,0.0,0.0,16740.71,,,False
USR77552,1,23311.78,1,0,0.0,0.0,23311.78,,,False
USR77559,1,3699.61,1,0,0.0,0.0,3699.61,,,False
USR77576,1,22807.24,0,0,1.0,4676.01,22807.24,,,False
USR77585,1,12303.59,1,0,0.0,0.0,12303.59,,,False
USR77589,1,15287.43,0,0,1.0,734.0,15287.43,,,False
USR77596,1,11996.0,1,0,0.0,0.0,11996.0,,,False
USR77605,1,14986.0,1,0,0.0,0.0,14986.0,,,False
USR77618,2,35697.71,2,0,0.0,0.0,17848.855,REJECT,False,True
USR77627,1,17436.17,0,0,0.0,0.0,17436.17,,,False
USR77634,1,1179.88,1,0,0.0,0.0,1179.88,VERIFIED,False,True
USR77648,1,2654.07,1,0,0.0,0.0,2654.07,VERIFIED,False,True
USR77653,1,265.74,1,0,0.0,0.0,265.74,,,False
USR77658,1,326.32,1,0,1.0,2311.0,326.32,,,False
USR77667,1,4621.53,1,0,0.0,0.0,4621.53,,,False
USR77668,1,1238.53,1,0,0.0,0.0,1238.53,VERIFIED,False,True
USR77669,1,20421.67,1,0,0.0,0.0,20421.67,,,False
USR77675,1,15216.19,1,0,0.0,0.0,15216.19,VERIFIED,False,True
USR77677,2,26528.2,2,0,0.0,0.0,13264.1,VERIFIED,False,True
USR77678,1,11249.95,1,0,0.0,0.0,11249.95,,,False
USR77679,1,12603.19,1,0,0.0,0.0,12603.19,,,False
USR77694,1,12240.73,1,0,0.0,0.0,12240.73,,,False
USR77696,1,20297.05,1,0,0.0,0.0,20297.05,VERIFIED,False,True
USR77698,1,11385.95,0,1,0.0,0.0,11385.95,,,False
USR77708,1,3748.45,0,1,0.0,0.0,3748.45,KYC_DONE,False,True
USR77709,1,24508.25,1,0,2.0,8215.3,24508.25,,,False
USR77725,1,11513.57,0,1,0.0,0.0,11513.57,,,False
USR77726,1,14775.89,1,0,0.0,0.0,14775.89,UNDER REVIEW,False,True
USR77729,1,9736.87,1,0,0.0,0.0,9736.87,VERIFIED,False,True
USR77733,1,13084.0,0,1,0.0,0.0,13084.0,KYC_DONE,True,True
USR77735,1,6971.28,1,0,0.0,0.0,6971.28,,,False
USR77740,3,11812.86,2,0,0.0,0.0,3937.6200000000003,REJECTED,False,True
USR77744,1,12338.61,0,0,1.0,0.0,12338.61,KYC_DONE,False,True
USR77751,1,23347.54,1,0,0.0,0.0,23347.54,,,False
USR77755,1,9295.93,1,0,0.0,0.0,9295.93,,,False
USR77760,1,20925.0,1,0,0.0,0.0,20925.0,VERIFIED,False,True
USR77763,2,26946.69,2,0,0.0,0.0,13473.345,,,False
USR77765,1,19479.81,1,0,0.0,0.0,19479.81,,,False
USR77767,2,26415.68,2,0,0.0,0.0,13207.84,PENDING,True,True
USR77768,1,424.53,1,0,0.0,0.0,424.53,,,False
USR77771,1,11794.85,1,0,0.0,0.0,11794.85,VERIFIED,False,True
USR77773,1,23400.49,1,0,0.0,0.0,23400.49,,,False
USR77774,1,22345.42,1,0,0.0,0.0,22345.42,,,False
USR77780,1,12112.0,1,0,1.0,1486.0,12112.0,,,False
USR77786,1,14330.32,1,0,0.0,0.0,14330.32,KYC_DONE,True,True
USR77803,1,12696.0,1,0,0.0,0.0,12696.0,,,False
USR77809,1,1142.15,1,0,0.0,0.0,1142.15,,,False
USR77811,1,19528.27,1,0,0.0,0.0,19528.27,,,False
USR77815,1,20311.1,1,0,0.0,0.0,20311.1,,,False
USR77819,1,1882.85,1,0,0.0,0.0,1882.85,VERIFIED,True,True
USR77829,1,5455.13,1,0,0.0,0.0,5455.13,,,False
USR77833,1,5786.2,1,0,0.0,0.0,5786.2,,,False
USR77840,2,26820.87,2,0,1.0,3289.2,13410.435,,,False
USR77852,1,18117.71,1,0,0.0,0.0,18117.71,,,False
USR77865,1,3188.83,1,0,1.0,6623.0,3188.83,,,False
USR77876,1,8036.27,1,0,0.0,0.0,8036.27,VERIFIED,False,True
USR77889,2,26656.75,1,0,0.0,0.0,13328.375,,,False
USR77894,1,14169.38,1,0,0.0,0.0,14169.38,,,False
USR77901,1,6927.59,1,0,0.0,0.0,6927.59,REJECT,False,True
USR77908,1,6062.48,1,0,0.0,0.0,6062.48,,,False
USR77924,1,7045.21,1,0,0.0,0.0,7045.21,,,False
USR77931,1,19398.87,1,0,0.0,0.0,19398.87,,,False
USR77936,1,17812.73,1,0,0.0,0.0,17812.73,,,False
USR77953,1,17997.48,0,1,0.0,0.0,17997.48,,,False
USR77959,1,1315.92,1,0,0.0,0.0,1315.92,,,False
USR77969,2,37991.619999999995,2,0,0.0,0.0,18995.809999999998,VERIFIED,False,True
USR77970,2,47532.53,2,0,0.0,0.0,23766.265,KYC_DONE,False,True
USR77972,1,23338.21,1,0,0.0,0.0,23338.21,VERIFIED,False,True
USR77973,2,34443.94,2,0,0.0,0.0,17221.97,,,False
USR77976,1,20434.27,1,0,0.0,0.0,20434.27,,,False
USR77977,1,5598.0,1,0,0.0,0.0,5598.0,,,False
USR77984,1,1956.2,0,0,0.0,0.0,1956.2,,,False
USR77993,1,13624.58,1,0,0.0,0.0,13624.58,VERIFIED,False,True
USR77995,1,14843.09,0,1,0.0,0.0,14843.09,VERIFIED,True,True
USR78003,1,451.0,1,0,1.0,2591.32,451.0,VERIFIED,True,True
USR78008,1,20208.62,1,0,0.0,0.0,20208.62,,,False
USR78017,1,948.78,1,0,0.0,0.0,948.78,,,False
USR78019,1,22582.81,1,0,2.0,15005.39,22582.81,,,False
USR78022,1,5220.68,0,1,0.0,0.0,5220.68,VERIFIED,False,True
USR78024,1,19421.44,1,0,0.0,0.0,19421.44,,,False
USR78025,1,20257.04,1,0,0.0,0.0,20257.04,,,False
USR78035,1,16693.16,1,0,0.0,0.0,16693.16,,,False
USR78045,1,8242.12,1,0,0.0,0.0,8242.12,KYC_DONE,False,True
USR78066,1,886.84,1,0,0.0,0.0,886.84,VERIFIED,False,True
USR78070,1,20533.27,1,0,0.0,0.0,20533.27,KYC_DONE,False,True
USR78082,1,23404.71,1,0,0.0,0.0,23404.71,,,False
USR78087,1,1605.01,1,0,0.0,0.0,1605.01,,,False
USR78100,1,5094.78,1,0,1.0,991.51,5094.78,,,False
USR78103,1,23879.83,1,0,0.0,0.0,23879.83,REJECTED,False,True
USR78112,1,7439.21,1,0,0.0,0.0,7439.21,,,False
USR78115,1,16559.18,1,0,0.0,0.0,16559.18,VERIFIED,True,True
USR78124,1,3691.06,1,0,0.0,0.0,3691.06,VERIFIED,False,True
USR78126,2,48210.06,2,0,0.0,0.0,24105.03,,,False
USR78132,1,17082.56,1,0,0.0,0.0,17082.56,VERIFIED,True,True
USR78134,1,24414.92,1,0,0.0,0.0,24414.92,,,False
USR78136,1,11563.0,1,0,0.0,0.0,11563.0,VERIFIED,False,True
USR78144,1,17394.05,1,0,0.0,0.0,17394.05,,,False
USR78146,2,15401.880000000001,2,0,0.0,0.0,7700.9400000000005,VERIFIED,False,True
USR78156,1,16310.51,1,0,0.0,0.0,16310.51,VERIFIED,False,True
USR78157,1,8566.12,1,0,0.0,0.0,8566.12,,,False
USR78162,1,24706.67,1,0,0.0,0.0,24706.67,VERIFIED,False,True
USR78163,1,2710.03,1,0,0.0,0.0,2710.03,,,False
USR78168,1,18879.8,1,0,0.0,0.0,18879.8,VERIFIED,True,True
USR78172,1,8633.64,1,0,0.0,0.0,8633.64,,,False
USR78179,1,16738.61,0,0,0.0,0.0,16738.61,KYC_DONE,False,True
USR78184,1,6636.62,0,1,0.0,0.0,6636.62,,,False
USR78186,1,4938.18,1,0,0.0,0.0,4938.18,,,False
USR78191,2,36763.76,2,0,1.0,9968.68,18381.88,VERIFIED,False,True
USR78198,1,13964.0,1,0,0.0,0.0,13964.0,,,False
USR78214,1,3579.83,1,0,0.0,0.0,3579.83,,,False
USR78224,2,22294.100000000002,2,0,0.0,0.0,11147.050000000001,,,False
USR78234,1,8575.08,1,0,0.0,0.0,8575.08,VERIFIED,False,True
USR78235,1,11486.34,1,0,0.0,0.0,11486.34,,,False
USR78238,1,3218.57,1,0,1.0,759.56,3218.57,,,False
USR78241,1,17301.37,1,0,0.0,0.0,17301.37,,,False
USR78244,1,8081.24,1,0,0.0,0.0,8081.24,,,False
USR78254,1,20262.14,1,0,0.0,0.0,20262.14,,,False
USR78256,1,14781.0,1,0,0.0,0.0,14781.0,VERIFIED,False,True
USR78259,1,7921.74,1,0,0.0,0.0,7921.74,,,False
USR78287,1,6887.0,1,0,0.0,0.0,6887.0,,,False
USR78291,1,11307.82,1,0,0.0,0.0,11307.82,,,False
USR78293,1,8789.38,1,0,0.0,0.0,8789.38,,,False
USR78300,2,2307.9300000000003,2,0,1.0,1173.86,1153.9650000000001,VERIFIED,False,True
USR78310,1,16286.48,1,0,0.0,0.0,16286.48,,,False
USR78319,1,15312.0,1,0,0.0,0.0,15312.0,,,False
USR78322,1,7149.83,1,0,0.0,0.0,7149.83,,,False
USR78329,2,27292.300000000003,2,0,0.0,0.0,13646.150000000001,VERIFIED,False,True
USR78332,1,8355.5,1,0,0.0,0.0,8355.5,PENDING,False,True
USR78349,1,14635.67,1,0,0.0,0.0,14635.67,VERIFIED,False,True
USR78359,1,1632.0,1,0,0.0,0.0,1632.0,,,False
USR78376,1,19659.09,1,0,0.0,0.0,19659.09,,,False
USR78383,1,12782.23,1,0,1.0,2597.6,12782.23,VERIFIED,False,True
USR78386,1,2680.85,1,0,0.0,0.0,2680.85,,,False
USR78390,1,5738.99,1,0,0.0,0.0,5738.99,,,False
USR78391,1,655.72,1,0,0.0,0.0,655.72,,,False
USR78394,1,13331.05,1,0,0.0,0.0,13331.05,,,False
USR78406,1,7473.82,1,0,0.0,0.0,7473.82,VERIFIED,False,True
USR78409,1,23913.63,1,0,0.0,0.0,23913.63,VERIFIED,False,True
USR78412,1,595.59,1,0,0.0,0.0,595.59,,,False
USR78416,1,9912.22,1,0,0.0,0.0,9912.22,REJECTED,False,True
USR78417,1,4790.42,1,0,1.0,967.0,4790.42,VERIFIED,False,True
USR78422,1,4049.33,1,0,0.0,0.0,4049.33,,,False
USR78423,1,12231.32,1,0,1.0,18552.59,12231.32,,,False
USR78428,1,23102.7,1,0,0.0,0.0,23102.7,,,False
USR78430,1,23907.73,1,0,0.0,0.0,23907.73,,,False
USR78440,1,16898.02,1,0,0.0,0.0,16898.02,VERIFIED,False,True
USR78447,2,25339.04,2,0,0.0,0.0,12669.52,VERIFIED,False,True
USR78448,1,3235.49,1,0,0.0,0.0,3235.49,,,False
USR78452,1,11359.65,1,0,0.0,0.0,11359.65,,,False
USR78468,1,21180.46,1,0,1.0,6403.5,21180.46,,,False
USR78470,1,3468.08,0,0,0.0,0.0,3468.08,,,False
USR78477,1,15233.28,1,0,0.0,0.0,15233.28,,,False
USR78487,1,17753.47,1,0,0.0,0.0,17753.47,,,False
USR78491,1,8910.61,1,0,1.0,740.0,8910.61,,,False
USR78492,1,9935.62,0,1,0.0,0.0,9935.62,,,False
USR78496,1,16699.83,1,0,0.0,0.0,16699.83,,,False
USR78504,1,17850.73,1,0,0.0,0.0,17850.73,,,False
USR78508,2,23367.989999999998,2,0,2.0,5148.1900000000005,11683.994999999999,,,False
USR78513,2,24965.46,2,0,0.0,0.0,12482.73,VERIFIED,False,True
USR78516,1,3198.51,1,0,0.0,0.0,3198.51,,,False
USR78519,1,12569.13,1,0,0.0,0.0,12569.13,VERIFIED,True,True
USR78521,1,295.34,1,0,0.0,0.0,295.34,,,False
USR78523,1,10377.02,1,0,0.0,0.0,10377.02,,,False
USR78529,2,43999.880000000005,2,0,1.0,2573.59,21999.940000000002,,,False
USR78531,1,11660.11,1,0,0.0,0.0,11660.11,,,False
USR78543,1,644.41,1,0,0.0,0.0,644.41,REJECT,False,True
USR78546,1,10946.93,1,0,0.0,0.0,10946.93,,,False
USR78547,1,7291.11,1,0,0.0,0.0,7291.11,,,False
USR78549,1,1911.47,1,0,0.0,0.0,1911.47,,,False
USR78555,1,8933.08,1,0,0.0,0.0,8933.08,,,False
USR78556,1,-6302.04,1,0,0.0,0.0,-6302.04,KYC_DONE,False,True
USR78558,1,4381.91,1,0,0.0,0.0,4381.91,,,False
USR78560,1,9546.71,1,0,0.0,0.0,9546.71,,,False
USR78566,1,9319.61,0,0,0.0,0.0,9319.61,,,False
USR78579,1,1906.03,0,1,0.0,0.0,1906.03,,,False
USR78584,1,20998.09,1,0,0.0,0.0,20998.09,,,False
USR78592,1,18122.48,1,0,0.0,0.0,18122.48,,,False
USR78594,1,9960.24,1,0,0.0,0.0,9960.24,VERIFIED,False,True
USR78597,1,17553.87,1,0,0.0,0.0,17553.87,,,False
USR78599,1,17963.85,1,0,0.0,0.0,17963.85,,,False
USR78601,1,4126.88,1,0,1.0,0.0,4126.88,PENDING,False,True
USR78612,1,16830.57,1,0,0.0,0.0,16830.57,,,False
USR78616,1,3205.39,1,0,1.0,668.0,3205.39,,,False
USR78623,1,22659.8,1,0,0.0,0.0,22659.8,PENDING,False,True
USR78625,1,18039.52,1,0,0.0,0.0,18039.52,VERIFIED,False,True
USR78627,1,2443.44,1,0,0.0,0.0,2443.44,,,False
USR78629,1,24928.76,1,0,0.0,0.0,24928.76,,,False
USR78645,1,8812.25,1,0,0.0,0.0,8812.25,,,False
USR78652,1,24956.74,1,0,0.0,0.0,24956.74,,,False
USR78654,1,12092.84,1,0,0.0,0.0,12092.84,,,False
USR78664,2,26356.43,2,0,0.0,0.0,13178.215,,,False
USR78666,1,13761.89,1,0,0.0,0.0,13761.89,REJECTED,True,True
USR78671,1,21410.27,1,0,0.0,0.0,21410.27,,,False
USR78673,1,16414.0,1,0,0.0,0.0,16414.0,,,False
USR78679,2,28561.34,2,0,0.0,0.0,14280.67,,,False
USR78683,1,3467.89,1,0,0.0,0.0,3467.89,VERIFIED,True,True
USR78684,1,5842.57,0,0,0.0,0.0,5842.57,,,False
USR78692,1,4436.0,1,0,0.0,0.0,4436.0,KYC_DONE,False,True
USR78697,1,5136.44,0,1,0.0,0.0,5136.44,,,False
USR78705,1,212.89,1,0,0.0,0.0,212.89,PENDING,False,True
USR78706,1,3896.95,1,0,0.0,0.0,3896.95,,,False
USR78713,1,18111.23,1,0,0.0,0.0,18111.23,,,False
USR78718,1,17254.0,1,0,1.0,0.0,17254.0,VERIFIED,False,True
USR78732,1,4370.72,0,0,0.0,0.0,4370.72,,,False
USR78736,1,15481.14,1,0,0.0,0.0,15481.14,,,False
USR78738,2,37025.75,1,1,1.0,3491.72,18512.875,VERIFIED,False,True
USR78743,1,19196.0,1,0,1.0,-4245.22,19196.0,VERIFIED,True,True
USR78746,1,15712.39,1,0,0.0,0.0,15712.39,,,False
USR78747,1,-2808.2,1,0,0.0,0.0,-2808.2,,,False
USR78749,1,17658.75,0,1,0.0,0.0,17658.75,VERIFIED,True,True
USR78750,2,35513.54,2,0,0.0,0.0,17756.77,PENDING,False,True
USR78755,1,1574.0,1,0,0.0,0.0,1574.0,PENDING,True,True
USR78762,1,5042.96,1,0,1.0,11415.12,5042.96,VERIFIED,False,True
USR78770,1,13822.15,1,0,0.0,0.0,13822.15,,,False
USR78775,1,11308.95,1,0,0.0,0.0,11308.95,,,False
USR78780,1,13507.28,1,0,1.0,1677.0,13507.28,,,False
USR78785,1,1317.8,1,0,0.0,0.0,1317.8,,,False
USR78786,1,23546.11,0,0,0.0,0.0,23546.11,PENDING,False,True
USR78788,1,12581.78,1,0,0.0,0.0,12581.78,,,False
USR78790,2,34495.66,2,0,0.0,0.0,17247.83,VERIFIED,True,True
USR78799,1,14658.7,1,0,0.0,0.0,14658.7,,,False
USR78806,1,19628.75,1,0,0.0,0.0,19628.75,,,False
USR78818,1,4902.49,1,0,0.0,0.0,4902.49,VERIFIED,True,True
USR78819,1,6503.11,1,0,0.0,0.0,6503.11,,,False
USR78822,1,19135.25,1,0,0.0,0.0,19135.25,,,False
USR78829,1,12155.23,1,0,0.0,0.0,12155.23,,,False
USR78835,1,14319.45,1,0,0.0,0.0,14319.45,UNDER REVIEW,False,True
USR78837,1,-5123.59,1,0,0.0,0.0,-5123.59,,,False
USR78839,1,14813.0,0,1,0.0,0.0,14813.0,,,False
USR78840,1,8264.89,0,0,1.0,1241.09,8264.89,,,False
USR78843,1,11310.93,0,0,0.0,0.0,11310.93,REJECTED,False,True
USR78846,1,653.98,1,0,0.0,0.0,653.98,,,False
USR78848,1,-22032.43,1,0,0.0,0.0,-22032.43,,,False
USR78856,1,22300.33,0,1,0.0,0.0,22300.33,VERIFIED,False,True
USR78860,1,6024.72,1,0,0.0,0.0,6024.72,,,False
USR78880,1,4114.38,1,0,0.0,0.0,4114.38,,,False
USR78885,1,18647.48,0,1,0.0,0.0,18647.48,,,False
USR78888,1,19124.43,1,0,0.0,0.0,19124.43,,,False
USR78889,1,14023.07,1,0,1.0,1055.53,14023.07,,,False
USR78906,1,24348.78,1,0,0.0,0.0,24348.78,VERIFIED,False,True
USR78907,2,9168.279999999999,2,0,0.0,0.0,4584.139999999999,PENDING,True,True
USR78920,3,9882.31,3,0,0.0,0.0,3294.103333333333,,,False
USR78921,1,22207.92,0,1,0.0,0.0,22207.92,,,False
USR78922,1,7348.97,1,0,0.0,0.0,7348.97,,,False
USR78925,1,11713.42,1,0,0.0,0.0,11713.42,,,False
USR78938,1,8530.64,1,0,0.0,0.0,8530.64,,,False
USR78939,1,2875.88,1,0,0.0,0.0,2875.88,,,False
USR78941,1,16672.23,1,0,0.0,0.0,16672.23,,,False
USR78945,1,9232.0,1,0,0.0,0.0,9232.0,,,False
USR78955,1,561.43,1,0,0.0,0.0,561.43,,,False
USR78969,1,2246.0,1,0,0.0,0.0,2246.0,,,False
USR78971,2,20161.99,2,0,2.0,3011.7,10080.995,,,False
USR78986,1,22001.0,1,0,0.0,0.0,22001.0,,,False
USR78990,1,9991.01,1,0,0.0,0.0,9991.01,PENDING,False,True
USR79001,1,21757.0,1,0,0.0,0.0,21757.0,,,False
USR79017,1,17894.69,0,0,0.0,0.0,17894.69,,,False
USR79019,1,7129.87,1,0,0.0,0.0,7129.87,,,False
USR79026,1,16046.0,0,1,0.0,0.0,16046.0,VERIFIED,False,True
USR79036,1,15431.48,0,0,0.0,0.0,15431.48,,,False
USR79039,1,4675.0,1,0,0.0,0.0,4675.0,VERIFIED,False,True
USR79042,1,-17119.94,1,0,0.0,0.0,-17119.94,UNDER REVIEW,True,True
USR79046,1,10907.4,1,0,0.0,0.0,10907.4,VERIFIED,False,True
USR79050,1,4439.0,1,0,0.0,0.0,4439.0,,,False
USR79054,1,10870.85,1,0,0.0,0.0,10870.85,KYC_DONE,False,True
USR79059,1,16130.66,1,0,0.0,0.0,16130.66,VERIFIED,True,True
USR79070,1,2051.78,1,0,0.0,0.0,2051.78,,,False
USR79074,1,14285.0,1,0,0.0,0.0,14285.0,UNDER REVIEW,False,True
USR79090,1,6594.45,1,0,0.0,0.0,6594.45,,,False
USR79102,1,9765.51,1,0,0.0,0.0,9765.51,,,False
USR79104,1,7886.32,1,0,0.0,0.0,7886.32,VERIFIED,False,True
USR79113,1,821.71,1,0,0.0,0.0,821.71,,,False
USR79119,1,12817.44,1,0,0.0,0.0,12817.44,,,False
USR79147,1,14444.0,1,0,0.0,0.0,14444.0,,,False
USR79165,1,6735.3,1,0,0.0,0.0,6735.3,,,False
USR79167,1,2755.0,1,0,0.0,0.0,2755.0,PENDING,False,True
USR79168,1,23431.0,1,0,0.0,0.0,23431.0,,,False
USR79177,2,37338.2,1,0,0.0,0.0,18669.1,,,False
USR79181,2,26305.96,2,0,0.0,0.0,13152.98,,,False
USR79190,1,3080.66,1,0,1.0,1310.19,3080.66,,,False
USR79191,1,9063.7,1,0,0.0,0.0,9063.7,,,False
USR79200,1,22633.99,1,0,0.0,0.0,22633.99,,,False
USR79216,1,1372.95,1,0,0.0,0.0,1372.95,,,False
USR79222,1,9132.54,1,0,0.0,0.0,9132.54,,,False
USR79227,1,1010.0,1,0,0.0,0.0,1010.0,,,False
USR79236,1,15203.2,1,0,0.0,0.0,15203.2,,,False
USR79248,3,35965.51,2,1,0.0,0.0,11988.503333333334,VERIFIED,False,True
USR79250,1,-15398.59,1,0,0.0,0.0,-15398.59,,,False
USR79252,1,11484.39,1,0,0.0,0.0,11484.39,VERIFIED,False,True
USR79258,1,14814.27,1,0,0.0,0.0,14814.27,,,False
USR79269,1,-2621.64,1,0,0.0,0.0,-2621.64,,,False
USR79272,1,10279.45,1,0,0.0,0.0,10279.45,,,False
USR79275,1,4605.96,1,0,0.0,0.0,4605.96,PENDING,False,True
USR79278,1,16309.08,0,1,0.0,0.0,16309.08,VERIFIED,True,True
USR79281,1,7194.9,1,0,0.0,0.0,7194.9,,,False
USR79285,1,4171.0,1,0,0.0,0.0,4171.0,VERIFIED,True,True
USR79296,1,5052.97,1,0,0.0,0.0,5052.97,VERIFIED,False,True
USR79302,1,10074.46,1,0,0.0,0.0,10074.46,,,False
USR79305,1,29.73,1,0,0.0,0.0,29.73,,,False
USR79306,1,12558.27,1,0,0.0,0.0,12558.27,,,False
USR79313,1,2233.5,0,0,0.0,0.0,2233.5,VERIFIED,True,True
USR79319,1,23789.99,1,0,0.0,0.0,23789.99,VERIFIED,False,True
USR79320,1,18939.48,1,0,0.0,0.0,18939.48,,,False
USR79323,1,16995.63,1,0,0.0,0.0,16995.63,VERIFIED,False,True
USR79327,1,2514.79,0,1,0.0,0.0,2514.79,VERIFIED,False,True
USR79328,1,15388.99,1,0,0.0,0.0,15388.99,,,False
USR79329,1,6186.9,1,0,0.0,0.0,6186.9,,,False
USR79337,1,9103.85,1,0,0.0,0.0,9103.85,,,False
USR79338,1,13279.77,0,0,0.0,0.0,13279.77,,,False
USR79339,1,14071.59,1,0,0.0,0.0,14071.59,VERIFIED,False,True
USR79341,1,10203.04,0,1,1.0,-4153.73,10203.04,,,False
USR79347,1,20304.0,1,0,0.0,0.0,20304.0,,,False
USR79348,3,42678.28,3,0,0.0,0.0,14226.093333333332,,,False
USR79349,1,3369.0,1,0,1.0,624.0,3369.0,,,False
USR79352,2,30262.809999999998,2,0,0.0,0.0,15131.404999999999,,,False
USR79355,1,4971.59,1,0,0.0,0.0,4971.59,,,False
USR79357,1,3921.67,1,0,0.0,0.0,3921.67,,,False
USR79361,1,10279.21,1,0,0.0,0.0,10279.21,,,False
USR79364,1,12807.09,1,0,0.0,0.0,12807.09,PENDING,False,True
USR79367,1,7069.0,1,0,0.0,0.0,7069.0,,,False
USR79374,1,17386.28,1,0,0.0,0.0,17386.28,,,False
USR79375,1,10147.08,1,0,0.0,0.0,10147.08,VERIFIED,False,True
USR79380,1,2643.07,1,0,0.0,0.0,2643.07,PENDING,False,True
USR79388,1,13669.39,1,0,0.0,0.0,13669.39,VERIFIED,False,True
USR79397,1,6362.9,0,1,1.0,4163.19,6362.9,REJECTED,True,True
USR79414,2,17841.99,2,0,1.0,639.26,8920.995,,,False
USR79419,1,2722.8,1,0,0.0,0.0,2722.8,VERIFIED,False,True
USR79420,2,19148.48,2,0,0.0,0.0,9574.24,KYC_DONE,False,True
USR79428,1,7367.83,1,0,0.0,0.0,7367.83,,,False
USR79434,1,23335.99,0,0,0.0,0.0,23335.99,,,False
USR79438,1,15494.0,1,0,0.0,0.0,15494.0,,,False
USR79448,1,16409.43,0,1,0.0,0.0,16409.43,,,False
USR79453,1,24390.29,1,0,0.0,0.0,24390.29,VERIFIED,True,True
USR79457,1,11264.26,1,0,0.0,0.0,11264.26,,,False
USR79459,1,17315.4,1,0,0.0,0.0,17315.4,VERIFIED,False,True
USR79460,1,-19748.72,1,0,0.0,0.0,-19748.72,,,False
USR79472,1,19049.63,0,1,0.0,0.0,19049.63,,,False
USR79478,1,21003.53,1,0,0.0,0.0,21003.53,,,False
USR79482,1,2579.79,1,0,0.0,0.0,2579.79,,,False
USR79514,2,46032.479999999996,1,0,0.0,0.0,23016.239999999998,PENDING,False,True
USR79518,1,14000.43,1,0,0.0,0.0,14000.43,KYC_DONE,False,True
USR79520,2,29156.089999999997,2,0,1.0,4001.57,14578.044999999998,,,False
USR79521,1,20523.0,1,0,0.0,0.0,20523.0,,,False
USR79522,1,21119.28,1,0,0.0,0.0,21119.28,,,False
USR79526,1,2512.58,1,0,1.0,1949.6,2512.58,,,False
USR79533,1,544.51,1,0,0.0,0.0,544.51,,,False
USR79536,1,8572.7,0,0,0.0,0.0,8572.7,VERIFIED,False,True
USR79540,1,3117.97,1,0,0.0,0.0,3117.97,,,False
USR79541,1,465.63,1,0,0.0,0.0,465.63,,,False
USR79545,2,15679.97,1,1,0.0,0.0,7839.985,,,False
USR79546,1,4438.79,1,0,1.0,260.19,4438.79,,,False
USR79548,1,9572.2,1,0,0.0,0.0,9572.2,VERIFIED,True,True
USR79559,1,12266.32,1,0,0.0,0.0,12266.32,,,False
USR79565,1,-7211.73,1,0,0.0,0.0,-7211.73,REJECTED,False,True
USR79569,1,15687.15,1,0,0.0,0.0,15687.15,,,False
USR79575,1,15665.33,1,0,0.0,0.0,15665.33,REJECTED,False,True
USR79576,1,18350.67,1,0,1.0,1922.11,18350.67,,,False
USR79578,1,7761.0,0,1,0.0,0.0,7761.0,VERIFIED,True,True
USR79581,1,410.54,1,0,0.0,0.0,410.54,,,False
USR79582,2,11917.39,2,0,0.0,0.0,5958.695,,,False
USR79583,1,17298.55,1,0,0.0,0.0,17298.55,PENDING,True,True
USR79584,1,12351.24,1,0,0.0,0.0,12351.24,VERIFIED,True,True
USR79586,1,23627.53,1,0,0.0,0.0,23627.53,VERIFIED,True,True
USR79588,1,19104.68,1,0,0.0,0.0,19104.68,VERIFIED,False,True
USR79590,2,17675.34,0,0,0.0,0.0,8837.67,PENDING,True,True
USR79593,1,14288.08,1,0,0.0,0.0,14288.08,VERIFIED,False,True
USR79594,1,8608.85,1,0,1.0,3249.99,8608.85,,,False
USR79601,1,17376.22,1,0,0.0,0.0,17376.22,,,False
USR79602,1,3855.86,1,0,1.0,-1498.49,3855.86,,,False
USR79605,1,11174.84,1,0,0.0,0.0,11174.84,,,False
USR79606,1,17542.97,1,0,1.0,2565.94,17542.97,PENDING,False,True
USR79614,1,2158.48,1,0,0.0,0.0,2158.48,,,False
USR79624,1,19002.33,1,0,0.0,0.0,19002.33,,,False
USR79634,1,1828.35,1,0,1.0,3962.0,1828.35,,,False
USR79637,1,1318.0,1,0,0.0,0.0,1318.0,,,False
USR79665,1,18487.89,1,0,0.0,0.0,18487.89,,,False
USR79667,1,1508.88,1,0,0.0,0.0,1508.88,PENDING,True,True
USR79672,1,1612.74,1,0,0.0,0.0,1612.74,VERIFIED,False,True
USR79674,1,212.62,1,0,0.0,0.0,212.62,,,False
USR79681,1,6821.22,1,0,0.0,0.0,6821.22,,,False
USR79682,1,5108.18,1,0,0.0,0.0,5108.18,VERIFIED,True,True
USR79689,1,4581.24,1,0,0.0,0.0,4581.24,KYC_DONE,False,True
USR79690,1,15225.59,1,0,0.0,0.0,15225.59,UNDER REVIEW,False,True
USR79692,1,18768.0,0,1,1.0,2566.03,18768.0,,,False
USR79695,1,4850.99,1,0,0.0,0.0,4850.99,VERIFIED,True,True
USR79699,1,3230.46,1,0,0.0,0.0,3230.46,,,False
USR79707,1,22331.23,1,0,0.0,0.0,22331.23,VERIFIED,False,True
USR79712,1,24177.0,0,1,0.0,0.0,24177.0,,,False
USR79716,1,6065.34,0,1,0.0,0.0,6065.34,,,False
USR79720,1,1308.39,1,0,0.0,0.0,1308.39,,,False
USR79721,2,25471.88,2,0,0.0,0.0,12735.94,KYC_DONE,False,True
USR79727,1,11597.26,1,0,0.0,0.0,11597.26,KYC_DONE,False,True
USR79731,1,2139.5,1,0,0.0,0.0,2139.5,PENDING,False,True
USR79748,1,14468.31,1,0,0.0,0.0,14468.31,,,False
USR79755,1,16629.27,0,0,0.0,0.0,16629.27,VERIFIED,False,True
USR79756,2,26624.84,1,1,1.0,4556.84,13312.42,,,False
USR79761,1,19310.24,0,1,0.0,0.0,19310.24,,,False
USR79765,1,23168.0,1,0,0.0,0.0,23168.0,,,False
USR79768,1,18401.48,0,1,0.0,0.0,18401.48,,,False
USR79770,1,24101.08,1,0,0.0,0.0,24101.08,,,False
USR79776,1,3554.3,1,0,1.0,17594.04,3554.3,,,False
USR79778,1,19262.48,1,0,0.0,0.0,19262.48,,,False
USR79794,2,13284.79,1,1,0.0,0.0,6642.395,,,False
USR79796,1,5241.64,0,1,0.0,0.0,5241.64,VERIFIED,False,True
USR79797,1,14057.0,1,0,0.0,0.0,14057.0,VERIFIED,False,True
USR79807,1,1757.9,0,0,0.0,0.0,1757.9,,,False
USR79813,1,20802.7,1,0,0.0,0.0,20802.7,VERIFIED,False,True
USR79817,1,2688.23,1,0,0.0,0.0,2688.23,VERIFIED,True,True
USR79822,2,29016.0,2,0,0.0,0.0,14508.0,,,False
USR79827,1,19238.53,0,1,0.0,0.0,19238.53,,,False
USR79833,1,2128.14,1,0,0.0,0.0,2128.14,,,False
USR79838,2,37552.0,2,0,0.0,0.0,18776.0,,,False
USR79841,1,14395.87,1,0,0.0,0.0,14395.87,,,False
USR79844,1,6198.78,1,0,0.0,0.0,6198.78,REJECT,False,True
USR79845,1,9262.0,1,0,0.0,0.0,9262.0,,,False
USR79865,1,7137.29,1,0,0.0,0.0,7137.29,VERIFIED,True,True
USR79866,1,11071.94,0,1,0.0,0.0,11071.94,,,False
USR79867,1,1529.0,0,0,0.0,0.0,1529.0,,,False
USR79878,1,298.79,1,0,0.0,0.0,298.79,VERIFIED,True,True
USR79881,1,16190.39,1,0,0.0,0.0,16190.39,,,False
USR79884,1,4662.26,1,0,0.0,0.0,4662.26,,,False
USR79889,1,15243.12,1,0,0.0,0.0,15243.12,,,False
USR79892,1,15308.03,1,0,0.0,0.0,15308.03,,,False
USR79898,1,22669.49,1,0,0.0,0.0,22669.49,KYC_DONE,True,True
USR79914,1,14828.69,1,0,0.0,0.0,14828.69,,,False
USR79916,1,3784.94,1,0,2.0,10359.87,3784.94,,,False
USR79919,2,22281.98,2,0,0.0,0.0,11140.99,VERIFIED,False,True
USR79924,1,7243.34,1,0,0.0,0.0,7243.34,,,False
USR79931,1,17009.46,1,0,0.0,0.0,17009.46,UNDER REVIEW,False,True
USR79932,1,3267.52,1,0,1.0,5074.67,3267.52,,,False
USR79936,1,4146.73,1,0,0.0,0.0,4146.73,,,False
USR79942,1,6099.09,0,1,0.0,0.0,6099.09,,,False
USR79944,1,13503.31,1,0,0.0,0.0,13503.31,,,False
USR79947,1,14712.92,1,0,0.0,0.0,14712.92,VERIFIED,True,True
USR79948,1,12149.75,1,0,0.0,0.0,12149.75,REJECTED,False,True
USR79953,1,16535.99,1,0,0.0,0.0,16535.99,,,False
USR79963,1,18405.0,1,0,0.0,0.0,18405.0,VERIFIED,False,True
USR79964,1,9250.12,1,0,0.0,0.0,9250.12,,,False
USR79966,1,14696.48,1,0,0.0,0.0,14696.48,,,False
USR79968,1,5404.5,1,0,0.0,0.0,5404.5,,,False
USR79970,1,904.87,0,1,0.0,0.0,904.87,,,False
USR79974,1,3048.47,1,0,1.0,12071.05,3048.47,VERIFIED,False,True
USR79978,1,11730.67,1,0,0.0,0.0,11730.67,,,False
USR79985,1,249.55,1,0,0.0,0.0,249.55,,,False
USR79986,1,9828.45,1,0,1.0,12077.97,9828.45,,,False
USR79990,1,12300.36,0,1,0.0,0.0,12300.36,,,False
USR80004,1,22826.91,1,0,0.0,0.0,22826.91,,,False
USR80007,1,2142.83,1,0,0.0,0.0,2142.83,,,False
USR80009,1,19045.95,1,0,0.0,0.0,19045.95,,,False
USR80013,1,15437.68,1,0,0.0,0.0,15437.68,VERIFIED,True,True
USR80014,1,21047.3,0,1,0.0,0.0,21047.3,,,False
USR80015,1,2365.0,1,0,0.0,0.0,2365.0,,,False
USR80016,2,-4901.76,2,0,0.0,0.0,-2450.88,VERIFIED,False,True
USR80026,1,15938.69,1,0,0.0,0.0,15938.69,,,False
USR80028,1,24288.6,1,0,0.0,0.0,24288.6,PENDING,False,True
USR80030,1,6929.84,1,0,0.0,0.0,6929.84,VERIFIED,False,True
USR80031,1,16521.58,1,0,0.0,0.0,16521.58,VERIFIED,False,True
USR80033,1,3205.0,1,0,0.0,0.0,3205.0,,,False
USR80041,1,17906.03,1,0,0.0,0.0,17906.03,,,False
USR80042,1,5281.71,1,0,0.0,0.0,5281.71,PENDING,False,True
USR80046,1,6484.86,1,0,0.0,0.0,6484.86,,,False
USR80049,1,20787.1,1,0,0.0,0.0,20787.1,,,False
USR80054,1,15287.71,0,0,0.0,0.0,15287.71,VERIFIED,False,True
USR80059,1,24587.5,1,0,0.0,0.0,24587.5,,,False
USR80062,1,15454.76,1,0,0.0,0.0,15454.76,KYC_DONE,False,True
USR80063,1,8156.22,1,0,0.0,0.0,8156.22,,,False
USR80068,1,14458.0,0,0,0.0,0.0,14458.0,,,False
USR80070,1,19148.81,0,1,0.0,0.0,19148.81,,,False
USR80073,2,18103.940000000002,2,0,0.0,0.0,9051.970000000001,VERIFIED,False,True
USR80076,1,9107.05,1,0,0.0,0.0,9107.05,,,False
USR80080,1,1698.2,1,0,1.0,1339.61,1698.2,REJECTED,False,True
USR80091,2,32538.940000000002,1,1,0.0,0.0,16269.470000000001,VERIFIED,False,True
USR80092,1,10465.4,1,0,0.0,0.0,10465.4,,,False
USR80098,1,9423.14,0,0,1.0,5879.13,9423.14,VERIFIED,False,True
USR80105,1,8545.29,1,0,0.0,0.0,8545.29,,,False
USR80112,1,22131.87,1,0,0.0,0.0,22131.87,,,False
USR80116,1,6879.96,0,0,2.0,5841.83,6879.96,,,False
USR80120,2,14890.21,2,0,0.0,0.0,7445.105,UNDER REVIEW,True,True
USR80121,1,24666.12,1,0,1.0,3270.0,24666.12,PENDING,True,True
USR80122,1,16982.5,1,0,0.0,0.0,16982.5,VERIFIED,False,True
USR80125,1,17953.0,0,0,0.0,0.0,17953.0,,,False
USR80126,1,21938.0,1,0,0.0,0.0,21938.0,VERIFIED,False,True
USR80127,1,13435.93,1,0,0.0,0.0,13435.93,,,False
USR80134,1,8952.45,1,0,0.0,0.0,8952.45,,,False
USR80137,1,9662.0,1,0,0.0,0.0,9662.0,,,False
USR80145,1,9710.15,0,1,0.0,0.0,9710.15,,,False
USR80151,1,23916.0,1,0,0.0,0.0,23916.0,,,False
USR80152,1,3006.08,1,0,0.0,0.0,3006.08,,,False
USR80157,1,13768.0,1,0,0.0,0.0,13768.0,,,False
USR80158,1,8858.07,1,0,0.0,0.0,8858.07,VERIFIED,False,True
USR80161,1,15686.95,1,0,0.0,0.0,15686.95,VERIFIED,False,True
USR80170,1,21164.39,1,0,0.0,0.0,21164.39,KYC_DONE,False,True
USR80172,1,18352.77,1,0,0.0,0.0,18352.77,REJECT,False,True
USR80177,1,19036.13,0,0,0.0,0.0,19036.13,KYC_DONE,False,True
USR80178,1,8281.8,1,0,0.0,0.0,8281.8,VERIFIED,False,True
USR80182,1,5652.0,1,0,0.0,0.0,5652.0,,,False
USR80183,1,23937.71,1,0,0.0,0.0,23937.71,,,False
USR80185,1,24746.79,1,0,0.0,0.0,24746.79,,,False
USR80187,1,19606.84,1,0,0.0,0.0,19606.84,,,False
USR80193,1,2604.95,1,0,0.0,0.0,2604.95,VERIFIED,False,True
USR80195,1,5464.04,1,0,0.0,0.0,5464.04,,,False
USR80197,1,5418.91,1,0,0.0,0.0,5418.91,,,False
USR80198,1,1920.34,1,0,0.0,0.0,1920.34,,,False
USR80205,1,4621.18,1,0,0.0,0.0,4621.18,,,False
USR80210,1,14678.0,1,0,0.0,0.0,14678.0,VERIFIED,True,True
USR80222,1,3795.54,1,0,0.0,0.0,3795.54,,,False
USR80226,1,17041.0,1,0,0.0,0.0,17041.0,VERIFIED,False,True
USR80236,1,19545.83,0,1,0.0,0.0,19545.83,,,False
USR80243,1,22443.65,1,0,0.0,0.0,22443.65,KYC_DONE,False,True
USR80247,1,502.8,1,0,0.0,0.0,502.8,,,False
USR80256,1,4183.0,1,0,0.0,0.0,4183.0,,,False
USR80261,1,7558.2,1,0,0.0,0.0,7558.2,,,False
USR80263,2,16788.55,2,0,0.0,0.0,8394.275,,,False
USR80268,1,17886.0,1,0,0.0,0.0,17886.0,,,False
USR80274,1,1802.67,1,0,0.0,0.0,1802.67,,,False
USR80284,1,24213.75,1,0,0.0,0.0,24213.75,VERIFIED,False,True
USR80286,1,4029.9,1,0,0.0,0.0,4029.9,,,False
USR80288,1,1060.2,1,0,1.0,455.59,1060.2,,,False
USR80293,1,2064.22,1,0,0.0,0.0,2064.22,,,False
USR80294,1,16140.0,1,0,0.0,0.0,16140.0,VERIFIED,False,True
USR80295,2,25357.0,1,0,0.0,0.0,12678.5,,,False
USR80303,1,17507.69,0,0,0.0,0.0,17507.69,,,False
USR80311,1,13698.02,1,0,0.0,0.0,13698.02,VERIFIED,False,True
USR80314,2,38283.34,2,0,0.0,0.0,19141.67,VERIFIED,True,True
USR80316,2,27909.78,2,0,0.0,0.0,13954.89,VERIFIED,False,True
USR80317,1,20472.63,0,1,0.0,0.0,20472.63,VERIFIED,False,True
USR80321,1,20780.06,1,0,0.0,0.0,20780.06,,,False
USR80328,1,16838.05,1,0,0.0,0.0,16838.05,,,False
USR80330,1,7823.28,1,0,0.0,0.0,7823.28,,,False
USR80337,1,10010.0,1,0,0.0,0.0,10010.0,,,False
USR80340,1,11920.75,1,0,0.0,0.0,11920.75,,,False
USR80349,1,12312.02,1,0,0.0,0.0,12312.02,,,False
USR80362,1,21643.87,1,0,0.0,0.0,21643.87,VERIFIED,False,True
USR80364,1,16757.93,1,0,0.0,0.0,16757.93,,,False
USR80366,1,6938.69,1,0,0.0,0.0,6938.69,,,False
USR80371,1,15065.7,1,0,0.0,0.0,15065.7,VERIFIED,True,True
USR80376,1,10541.4,0,1,0.0,0.0,10541.4,PENDING,False,True
USR80377,1,11514.35,1,0,0.0,0.0,11514.35,VERIFIED,False,True
USR80386,1,14579.64,1,0,0.0,0.0,14579.64,,,False
USR80388,1,15221.1,1,0,0.0,0.0,15221.1,VERIFIED,False,True
USR80393,1,18263.6,1,0,0.0,0.0,18263.6,,,False
USR80396,1,1189.45,1,0,0.0,0.0,1189.45,,,False
USR80400,1,22211.91,1,0,0.0,0.0,22211.91,,,False
USR80414,1,14123.0,1,0,0.0,0.0,14123.0,,,False
USR80416,2,31414.62,2,0,0.0,0.0,15707.31,VERIFIED,False,True
USR80419,1,17892.0,1,0,0.0,0.0,17892.0,,,False
USR80420,2,29027.08,2,0,0.0,0.0,14513.54,,,False
USR80421,1,19194.21,1,0,0.0,0.0,19194.21,,,False
USR80430,1,4539.01,1,0,0.0,0.0,4539.01,,,False
USR80437,1,13241.78,1,0,0.0,0.0,13241.78,,,False
USR80438,1,1893.12,1,0,0.0,0.0,1893.12,,,False
USR80439,1,24752.82,1,0,0.0,0.0,24752.82,,,False
USR80447,1,24854.4,1,0,0.0,0.0,24854.4,,,False
USR80451,1,8023.36,1,0,0.0,0.0,8023.36,,,False
USR80453,1,11016.46,1,0,1.0,3211.77,11016.46,,,False
USR80456,1,11972.77,1,0,0.0,0.0,11972.77,PENDING,False,True
USR80459,1,23235.79,1,0,0.0,0.0,23235.79,,,False
USR80462,1,13315.19,1,0,1.0,2615.98,13315.19,VERIFIED,False,True
USR80463,1,3806.0,1,0,0.0,0.0,3806.0,,,False
USR80469,1,3631.02,1,0,0.0,0.0,3631.02,,,False
USR80480,1,14891.61,0,1,0.0,0.0,14891.61,,,False
USR80481,1,23653.43,1,0,0.0,0.0,23653.43,,,False
USR80485,1,3811.09,0,0,0.0,0.0,3811.09,,,False
USR80487,1,4168.82,1,0,0.0,0.0,4168.82,,,False
USR80492,1,20517.83,1,0,0.0,0.0,20517.83,,,False
USR80493,1,5394.18,1,0,0.0,0.0,5394.18,VERIFIED,False,True
USR80500,1,3427.51,1,0,0.0,0.0,3427.51,,,False
USR80503,1,21979.17,0,1,0.0,0.0,21979.17,,,False
USR80510,1,6973.38,0,1,0.0,0.0,6973.38,,,False
USR80512,1,17872.0,1,0,0.0,0.0,17872.0,VERIFIED,False,True
USR80521,1,12778.16,1,0,0.0,0.0,12778.16,,,False
USR80540,1,6996.48,0,0,0.0,0.0,6996.48,,,False
USR80542,1,7046.03,1,0,0.0,0.0,7046.03,,,False
USR80544,1,18380.54,1,0,0.0,0.0,18380.54,,,False
USR80546,1,3314.0,1,0,0.0,0.0,3314.0,,,False
USR80547,1,11250.12,1,0,0.0,0.0,11250.12,,,False
USR80548,1,8427.82,1,0,0.0,0.0,8427.82,VERIFIED,False,True
USR80550,1,11491.57,1,0,0.0,0.0,11491.57,,,False
USR80552,1,-4944.79,1,0,0.0,0.0,-4944.79,,,False
USR80557,1,11849.27,1,0,0.0,0.0,11849.27,,,False
USR80559,1,304.01,1,0,0.0,0.0,304.01,,,False
USR80564,1,16660.97,1,0,0.0,0.0,16660.97,,,False
USR80566,1,22457.84,1,0,0.0,0.0,22457.84,VERIFIED,False,True
USR80568,1,13860.12,1,0,0.0,0.0,13860.12,,,False
USR80569,2,9499.37,1,1,0.0,0.0,4749.685,,,False
USR80571,1,11570.86,1,0,0.0,0.0,11570.86,,,False
USR80577,1,4064.12,1,0,1.0,0.0,4064.12,PENDING,True,True
USR80594,1,14925.1,1,0,0.0,0.0,14925.1,,,False
USR80596,1,24217.0,1,0,0.0,0.0,24217.0,,,False
USR80601,1,23044.66,1,0,0.0,0.0,23044.66,,,False
USR80611,1,5976.07,1,0,0.0,0.0,5976.07,REJECTED,True,True
USR80614,1,13445.84,1,0,0.0,0.0,13445.84,,,False
USR80617,1,9060.85,0,1,0.0,0.0,9060.85,,,False
USR80618,1,23481.21,0,0,0.0,0.0,23481.21,,,False
USR80620,1,24788.4,0,1,1.0,0.0,24788.4,,,False
USR80621,1,14347.87,0,1,0.0,0.0,14347.87,VERIFIED,False,True
USR80622,1,21683.68,1,0,0.0,0.0,21683.68,VERIFIED,False,True
USR80623,1,20059.2,1,0,0.0,0.0,20059.2,VERIFIED,False,True
USR80630,1,21220.7,1,0,0.0,0.0,21220.7,,,False
USR80633,1,10418.1,1,0,0.0,0.0,10418.1,VERIFIED,False,True
USR80634,1,21365.67,1,0,0.0,0.0,21365.67,VERIFIED,True,True
USR80636,2,20103.17,1,1,1.0,439.77,10051.585,VERIFIED,False,True
USR80648,1,23455.0,1,0,0.0,0.0,23455.0,,,False
USR80650,1,2218.74,1,0,1.0,5587.77,2218.74,,,False
USR80651,2,26017.620000000003,2,0,0.0,0.0,13008.810000000001,,,False
USR80657,2,20727.35,2,0,1.0,3964.0,10363.675,,,False
USR80660,1,3521.07,1,0,0.0,0.0,3521.07,VERIFIED,False,True
USR80663,1,18034.14,1,0,0.0,0.0,18034.14,,,False
USR80667,2,21312.42,2,0,0.0,0.0,10656.21,,,False
USR80668,1,1145.71,1,0,0.0,0.0,1145.71,,,False
USR80675,1,11861.63,1,0,0.0,0.0,11861.63,VERIFIED,False,True
USR80677,1,625.86,1,0,0.0,0.0,625.86,REJECTED,False,True
USR80679,1,9162.66,1,0,0.0,0.0,9162.66,VERIFIED,False,True
USR80683,1,3904.73,0,1,0.0,0.0,3904.73,,,False
USR80694,1,8339.16,1,0,0.0,0.0,8339.16,,,False
USR80703,2,18971.1,2,0,0.0,0.0,9485.55,,,False
USR80707,1,6094.62,1,0,0.0,0.0,6094.62,,,False
USR80710,1,22519.0,1,0,0.0,0.0,22519.0,,,False
USR80723,2,20187.239999999998,2,0,0.0,0.0,10093.619999999999,VERIFIED,False,True
USR80728,1,3730.71,1,0,0.0,0.0,3730.71,,,False
USR80729,1,11885.19,1,0,0.0,0.0,11885.19,,,False
USR80730,1,395.22,1,0,0.0,0.0,395.22,KYC_DONE,False,True
USR80731,1,5022.11,1,0,0.0,0.0,5022.11,,,False
USR80739,1,15972.0,1,0,0.0,0.0,15972.0,VERIFIED,False,True
USR80757,1,19860.86,1,0,0.0,0.0,19860.86,,,False
USR80759,1,16367.87,1,0,0.0,0.0,16367.87,KYC_DONE,False,True
USR80769,1,20715.18,1,0,0.0,0.0,20715.18,VERIFIED,False,True
USR80770,1,-4784.39,1,0,1.0,-488.38,-4784.39,,,False
USR80777,1,19339.09,1,0,0.0,0.0,19339.09,,,False
USR80780,1,11740.0,1,0,0.0,0.0,11740.0,VERIFIED,False,True
USR80781,1,16349.42,1,0,0.0,0.0,16349.42,,,False
USR80785,1,18185.04,0,1,0.0,0.0,18185.04,PENDING,False,True
USR80788,1,15966.76,0,0,0.0,0.0,15966.76,,,False
USR80791,1,7094.84,1,0,1.0,320.6,7094.84,,,False
USR80798,1,22941.65,1,0,0.0,0.0,22941.65,,,False
USR80800,1,6287.29,1,0,0.0,0.0,6287.29,,,False
USR80802,1,12299.85,1,0,0.0,0.0,12299.85,,,False
USR80804,1,17606.0,1,0,0.0,0.0,17606.0,,,False
USR80806,1,21084.72,1,0,0.0,0.0,21084.72,,,False
USR80812,1,8874.58,1,0,0.0,0.0,8874.58,VERIFIED,False,True
USR80814,1,21577.09,1,0,0.0,0.0,21577.09,REJECT,True,True
USR80818,1,16896.91,1,0,0.0,0.0,16896.91,,,False
USR80822,1,6326.04,1,0,0.0,0.0,6326.04,,,False
USR80827,2,32606.71,2,0,0.0,0.0,16303.355,KYC_DONE,False,True
USR80837,3,61040.44,1,1,1.0,3670.72,20346.813333333335,,,False
USR80842,1,7886.53,1,0,0.0,0.0,7886.53,,,False
USR80843,1,21460.32,1,0,0.0,0.0,21460.32,,,False
USR80849,1,16981.0,1,0,0.0,0.0,16981.0,,,False
USR80851,2,18729.54,2,0,0.0,0.0,9364.77,,,False
USR80852,1,16930.28,1,0,1.0,-387.13,16930.28,,,False
USR80860,1,21315.04,0,1,0.0,0.0,21315.04,,,False
USR80879,1,5496.65,1,0,0.0,0.0,5496.65,,,False
USR80882,1,24850.0,1,0,0.0,0.0,24850.0,REJECTED,False,True
USR80886,1,17906.61,1,0,0.0,0.0,17906.61,,,False
USR80889,1,14300.0,1,0,1.0,964.56,14300.0,VERIFIED,False,True
USR80890,1,229.28,1,0,0.0,0.0,229.28,KYC_DONE,False,True
USR80891,1,21112.21,1,0,0.0,0.0,21112.21,,,False
USR80894,1,23787.97,1,0,1.0,381.32,23787.97,,,False
USR80895,1,7987.08,1,0,0.0,0.0,7987.08,,,False
USR80899,1,-3435.33,1,0,0.0,0.0,-3435.33,VERIFIED,False,True
USR80911,1,9292.87,0,1,0.0,0.0,9292.87,KYC_DONE,False,True
USR80912,1,14757.01,1,0,0.0,0.0,14757.01,,,False
USR80915,1,5329.12,0,0,0.0,0.0,5329.12,,,False
USR80919,1,20131.31,1,0,0.0,0.0,20131.31,VERIFIED,True,True
USR80934,1,155.04,1,0,0.0,0.0,155.04,,,False
USR80937,1,23584.5,1,0,0.0,0.0,23584.5,,,False
USR80943,1,1744.9,1,0,0.0,0.0,1744.9,,,False
USR80944,1,17099.82,1,0,0.0,0.0,17099.82,,,False
USR80947,1,12507.0,1,0,0.0,0.0,12507.0,VERIFIED,False,True
USR80950,1,21098.55,0,1,0.0,0.0,21098.55,VERIFIED,False,True
USR80955,1,10764.28,0,1,0.0,0.0,10764.28,VERIFIED,False,True
USR80957,1,22069.72,1,0,0.0,0.0,22069.72,,,False
USR80962,1,10471.0,0,1,0.0,0.0,10471.0,,,False
USR80969,1,23620.0,1,0,0.0,0.0,23620.0,,,False
USR80971,2,10139.5,2,0,1.0,4940.23,5069.75,,,False
USR80973,1,19915.75,1,0,0.0,0.0,19915.75,,,False
USR80974,1,18238.81,1,0,2.0,13428.48,18238.81,,,False
USR80975,1,22833.04,0,1,0.0,0.0,22833.04,,,False
USR80985,2,5411.469999999999,1,1,0.0,0.0,2705.7349999999997,,,False
USR80991,1,15185.59,1,0,0.0,0.0,15185.59,,,False
USR80995,1,6435.39,1,0,0.0,0.0,6435.39,VERIFIED,False,True
USR80999,1,6636.07,1,0,0.0,0.0,6636.07,,,False
USR81002,1,19248.75,1,0,0.0,0.0,19248.75,VERIFIED,False,True
USR81003,1,13312.0,1,0,0.0,0.0,13312.0,,,False
USR81009,1,4883.81,1,0,0.0,0.0,4883.81,VERIFIED,True,True
USR81010,2,2818.2699999999995,2,0,0.0,0.0,1409.1349999999998,,,False
USR81011,1,4436.62,1,0,0.0,0.0,4436.62,VERIFIED,False,True
USR81016,1,20402.68,1,0,0.0,0.0,20402.68,,,False
USR81018,1,7127.16,1,0,0.0,0.0,7127.16,,,False
USR81022,1,4211.27,1,0,0.0,0.0,4211.27,VERIFIED,False,True
USR81033,1,16576.03,1,0,0.0,0.0,16576.03,PENDING,False,True
USR81036,2,38012.29,2,0,0.0,0.0,19006.145,,,False
USR81037,1,19323.27,1,0,0.0,0.0,19323.27,PENDING,True,True
USR81040,1,5401.36,1,0,0.0,0.0,5401.36,,,False
USR81041,1,22542.71,1,0,0.0,0.0,22542.71,,,False
USR81046,1,8831.59,1,0,0.0,0.0,8831.59,,,False
USR81049,1,3735.75,1,0,1.0,2311.12,3735.75,,,False
USR81061,1,13490.27,0,0,1.0,2997.0,13490.27,,,False
USR81068,1,8971.95,1,0,0.0,0.0,8971.95,PENDING,False,True
USR81069,1,3679.74,1,0,0.0,0.0,3679.74,,,False
USR81071,1,6186.16,1,0,0.0,0.0,6186.16,,,False
USR81073,1,15346.56,1,0,0.0,0.0,15346.56,,,False
USR81076,1,2938.93,1,0,0.0,0.0,2938.93,,,False
USR81078,1,18086.02,1,0,0.0,0.0,18086.02,,,False
USR81082,1,-6412.23,1,0,0.0,0.0,-6412.23,,,False
USR81084,1,8191.0,1,0,0.0,0.0,8191.0,,,False
USR81089,1,23711.85,1,0,0.0,0.0,23711.85,,,False
USR81122,1,17268.48,1,0,0.0,0.0,17268.48,,,False
USR81131,1,21219.94,1,0,0.0,0.0,21219.94,,,False
USR81136,1,21673.17,1,0,0.0,0.0,21673.17,VERIFIED,False,True
USR81137,1,4616.44,1,0,0.0,0.0,4616.44,,,False
USR81139,2,39084.86,2,0,0.0,0.0,19542.43,,,False
USR81140,1,21954.1,1,0,0.0,0.0,21954.1,,,False
USR81142,1,1663.47,1,0,0.0,0.0,1663.47,,,False
USR81144,1,17400.52,1,0,0.0,0.0,17400.52,,,False
USR81146,1,15424.79,0,0,0.0,0.0,15424.79,,,False
USR81148,1,24641.79,1,0,0.0,0.0,24641.79,VERIFIED,True,True
USR81149,1,3573.43,1,0,0.0,0.0,3573.43,,,False
USR81159,2,10779.810000000001,2,0,0.0,0.0,5389.905000000001,,,False
USR81172,1,20225.09,1,0,0.0,0.0,20225.09,,,False
USR81176,1,13347.8,0,0,1.0,1294.7,13347.8,VERIFIED,True,True
USR81190,1,11708.0,1,0,0.0,0.0,11708.0,VERIFIED,False,True
USR81197,1,4504.31,1,0,0.0,0.0,4504.31,,,False
USR81200,1,14874.81,1,0,0.0,0.0,14874.81,VERIFIED,False,True
USR81201,1,8969.73,1,0,1.0,1142.0,8969.73,UNDER REVIEW,False,True
USR81212,1,20863.5,0,0,0.0,0.0,20863.5,,,False
USR81213,1,13616.78,1,0,0.0,0.0,13616.78,,,False
USR81214,1,24829.34,1,0,0.0,0.0,24829.34,,,False
USR81219,1,4720.61,1,0,0.0,0.0,4720.61,KYC_DONE,False,True
USR81229,1,21835.87,1,0,0.0,0.0,21835.87,KYC_DONE,False,True
USR81233,1,10284.0,1,0,0.0,0.0,10284.0,,,False
USR81235,1,14583.94,1,0,1.0,485.1,14583.94,VERIFIED,False,True
USR81239,1,12167.2,0,0,0.0,0.0,12167.2,,,False
USR81243,1,20204.68,1,0,0.0,0.0,20204.68,,,False
USR81246,1,21542.2,0,1,0.0,0.0,21542.2,,,False
USR81259,1,23533.95,1,0,0.0,0.0,23533.95,,,False
USR81264,1,17149.5,1,0,0.0,0.0,17149.5,,,False
USR81268,1,8139.0,1,0,0.0,0.0,8139.0,,,False
USR81271,1,15364.7,0,0,0.0,0.0,15364.7,REJECTED,False,True
USR81279,1,2471.89,1,0,0.0,0.0,2471.89,VERIFIED,False,True
USR81287,1,12166.0,1,0,0.0,0.0,12166.0,,,False
USR81290,1,19678.87,1,0,0.0,0.0,19678.87,,,False
USR81299,2,12781.26,2,0,0.0,0.0,6390.63,VERIFIED,False,True
USR81301,2,25419.25,2,0,2.0,-2844.19,12709.625,,,False
USR81302,1,20090.41,1,0,0.0,0.0,20090.41,,,False
USR81314,1,6476.91,1,0,1.0,1101.8,6476.91,VERIFIED,False,True
USR81331,1,-20139.52,1,0,0.0,0.0,-20139.52,,,False
USR81339,1,12096.42,1,0,0.0,0.0,12096.42,VERIFIED,False,True
USR81341,1,1158.0,1,0,0.0,0.0,1158.0,VERIFIED,True,True
USR81350,1,18564.01,1,0,0.0,0.0,18564.01,,,False
USR81351,1,13192.87,1,0,0.0,0.0,13192.87,,,False
USR81352,2,44502.979999999996,1,1,1.0,1288.0,22251.489999999998,,,False
USR81356,1,1152.71,1,0,0.0,0.0,1152.71,KYC_DONE,False,True
USR81363,1,15074.16,1,0,0.0,0.0,15074.16,VERIFIED,False,True
USR81364,1,3077.26,1,0,0.0,0.0,3077.26,,,False
USR81368,1,20523.02,1,0,1.0,1708.0,20523.02,,,False
USR81375,1,3547.31,1,0,0.0,0.0,3547.31,,,False
USR81380,1,12985.42,1,0,0.0,0.0,12985.42,,,False
USR81381,1,13797.29,1,0,0.0,0.0,13797.29,VERIFIED,False,True
USR81382,1,798.05,0,1,0.0,0.0,798.05,,,False
USR81387,1,443.47,1,0,0.0,0.0,443.47,,,False
USR81393,1,22694.95,1,0,0.0,0.0,22694.95,,,False
USR81394,1,854.39,1,0,0.0,0.0,854.39,,,False
USR81395,1,17949.52,1,0,0.0,0.0,17949.52,,,False
USR81399,1,15157.0,1,0,0.0,0.0,15157.0,VERIFIED,False,True
USR81401,1,-10772.53,1,0,0.0,0.0,-10772.53,,,False
USR81402,1,6580.48,0,0,0.0,0.0,6580.48,VERIFIED,True,True
USR81404,1,13190.63,1,0,0.0,0.0,13190.63,,,False
USR81427,1,20990.77,1,0,0.0,0.0,20990.77,,,False
USR81436,1,6799.65,1,0,0.0,0.0,6799.65,VERIFIED,True,True
USR81442,2,21046.370000000003,2,0,0.0,0.0,10523.185000000001,,,False
USR81448,1,4489.6,1,0,0.0,0.0,4489.6,,,False
USR81458,1,3743.05,1,0,0.0,0.0,3743.05,VERIFIED,False,True
USR81460,1,21069.55,1,0,0.0,0.0,21069.55,VERIFIED,False,True
USR81467,1,4539.38,1,0,0.0,0.0,4539.38,,,False
USR81474,1,10139.0,1,0,0.0,0.0,10139.0,KYC_DONE,False,True
USR81476,1,5163.01,1,0,0.0,0.0,5163.01,PENDING,False,True
USR81490,1,19486.29,1,0,0.0,0.0,19486.29,,,False
USR81492,1,22865.0,1,0,0.0,0.0,22865.0,KYC_DONE,False,True
USR81498,1,5729.0,1,0,0.0,0.0,5729.0,VERIFIED,False,True
USR81499,1,12448.69,1,0,0.0,0.0,12448.69,,,False
USR81509,1,3223.15,1,0,0.0,0.0,3223.15,,,False
USR81510,1,8637.13,1,0,0.0,0.0,8637.13,,,False
USR81511,1,4999.85,1,0,0.0,0.0,4999.85,,,False
USR81518,1,17409.62,1,0,0.0,0.0,17409.62,,,False
USR81522,1,10931.47,1,0,0.0,0.0,10931.47,UNDER REVIEW,False,True
USR81524,1,7977.24,1,0,0.0,0.0,7977.24,,,False
USR81532,1,21721.34,1,0,0.0,0.0,21721.34,,,False
USR81535,1,13946.64,1,0,0.0,0.0,13946.64,KYC_DONE,False,True
USR81536,1,6951.32,1,0,0.0,0.0,6951.32,REJECTED,False,True
USR81549,1,16916.07,1,0,0.0,0.0,16916.07,,,False
USR81554,3,22976.170000000002,3,0,0.0,0.0,7658.723333333334,,,False
USR81556,1,20814.0,1,0,0.0,0.0,20814.0,,,False
USR81566,1,22164.4,1,0,0.0,0.0,22164.4,,,False
USR81570,1,12605.91,1,0,0.0,0.0,12605.91,,,False
USR81573,1,1699.44,1,0,0.0,0.0,1699.44,VERIFIED,False,True
USR81578,1,13233.79,1,0,0.0,0.0,13233.79,,,False
USR81580,1,20568.21,1,0,0.0,0.0,20568.21,,,False
USR81581,1,9860.82,1,0,0.0,0.0,9860.82,,,False
USR81582,1,4367.17,1,0,0.0,0.0,4367.17,VERIFIED,False,True
USR81585,1,7715.79,1,0,0.0,0.0,7715.79,,,False
USR81589,1,11310.86,1,0,1.0,0.0,11310.86,,,False
USR81602,1,6552.13,1,0,0.0,0.0,6552.13,,,False
USR81613,1,17072.1,1,0,0.0,0.0,17072.1,PENDING,False,True
USR81614,1,1588.56,1,0,1.0,2123.39,1588.56,,,False
USR81615,1,6472.93,0,1,0.0,0.0,6472.93,,,False
USR81626,1,21761.31,1,0,1.0,4262.78,21761.31,,,False
USR81636,1,10190.0,1,0,0.0,0.0,10190.0,,,False
USR81642,1,4355.64,1,0,0.0,0.0,4355.64,,,False
USR81646,2,21549.26,2,0,1.0,1520.0,10774.63,,,False
USR81651,1,3089.63,1,0,0.0,0.0,3089.63,,,False
USR81657,2,33090.59,2,0,0.0,0.0,16545.295,,,False
USR81658,1,14314.47,1,0,0.0,0.0,14314.47,,,False
USR81660,2,23309.39,2,0,0.0,0.0,11654.695,,,False
USR81661,1,8619.2,1,0,0.0,0.0,8619.2,,,False
USR81667,1,22464.87,1,0,0.0,0.0,22464.87,,,False
USR81668,1,14538.81,1,0,0.0,0.0,14538.81,,,False
USR81669,1,3032.81,1,0,1.0,4608.0,3032.81,,,False
USR81673,1,9809.45,1,0,1.0,753.9,9809.45,,,False
USR81678,1,7955.3,0,1,0.0,0.0,7955.3,,,False
USR81683,1,12783.9,0,1,1.0,1257.97,12783.9,VERIFIED,False,True
USR81688,1,10183.23,1,0,1.0,13308.54,10183.23,VERIFIED,False,True
USR81700,2,8483.869999999999,2,0,0.0,0.0,4241.9349999999995,,,False
USR81703,2,5132.03,1,1,0.0,0.0,2566.015,,,False
USR81708,1,23957.56,1,0,0.0,0.0,23957.56,VERIFIED,False,True
USR81712,3,59948.600000000006,3,0,0.0,0.0,19982.86666666667,,,False
USR81717,2,28475.46,1,0,0.0,0.0,14237.73,,,False
USR81720,1,15641.17,1,0,0.0,0.0,15641.17,,,False
USR81732,1,1566.67,1,0,0.0,0.0,1566.67,VERIFIED,False,True
USR81754,1,4176.97,0,1,0.0,0.0,4176.97,,,False
USR81758,1,13599.24,1,0,0.0,0.0,13599.24,UNDER REVIEW,False,True
USR81760,1,13910.35,1,0,0.0,0.0,13910.35,VERIFIED,False,True
USR81761,1,1756.0,1,0,0.0,0.0,1756.0,,,False
USR81769,1,13274.0,1,0,0.0,0.0,13274.0,VERIFIED,True,True
USR81770,1,12328.99,1,0,0.0,0.0,12328.99,,,False
USR81771,1,15550.86,1,0,0.0,0.0,15550.86,,,False
USR81776,1,2878.51,1,0,0.0,0.0,2878.51,,,False
USR81777,1,14960.34,1,0,0.0,0.0,14960.34,,,False
USR81786,1,14158.99,1,0,0.0,0.0,14158.99,,,False
USR81792,1,23663.24,1,0,0.0,0.0,23663.24,VERIFIED,False,True
USR81793,1,16372.85,1,0,0.0,0.0,16372.85,VERIFIED,False,True
USR81810,1,10338.68,0,0,0.0,0.0,10338.68,,,False
USR81816,1,16995.1,1,0,0.0,0.0,16995.1,,,False
USR81817,1,15483.13,0,0,0.0,0.0,15483.13,KYC_DONE,False,True
USR81819,1,4083.85,1,0,0.0,0.0,4083.85,,,False
USR81821,1,14391.77,1,0,0.0,0.0,14391.77,KYC_DONE,False,True
USR81824,2,34525.97,0,2,0.0,0.0,17262.985,VERIFIED,False,True
USR81825,1,312.59,1,0,0.0,0.0,312.59,,,False
USR81826,2,19111.92,2,0,0.0,0.0,9555.96,REJECTED,False,True
USR81830,1,16802.18,1,0,0.0,0.0,16802.18,,,False
USR81834,2,37648.88,2,0,0.0,0.0,18824.44,,,False
USR81840,1,7751.6,0,1,0.0,0.0,7751.6,,,False
USR81848,2,7610.87,2,0,0.0,0.0,3805.435,REJECTED,False,True
USR81854,1,10780.32,0,0,0.0,0.0,10780.32,,,False
USR81858,1,12156.58,0,0,0.0,0.0,12156.58,,,False
USR81876,1,11258.61,1,0,0.0,0.0,11258.61,,,False
USR81886,1,5510.58,1,0,0.0,0.0,5510.58,VERIFIED,False,True
USR81890,1,17936.02,0,1,0.0,0.0,17936.02,,,False
USR81891,2,35918.619999999995,2,0,0.0,0.0,17959.309999999998,,,False
USR81893,2,28899.030000000002,2,0,0.0,0.0,14449.515000000001,,,False
USR81896,1,14178.09,1,0,0.0,0.0,14178.09,VERIFIED,False,True
USR81898,1,12702.28,1,0,0.0,0.0,12702.28,VERIFIED,True,True
USR81901,1,13998.02,0,1,0.0,0.0,13998.02,,,False
USR81910,1,24986.48,1,0,0.0,0.0,24986.48,,,False
USR81916,1,5524.07,0,0,0.0,0.0,5524.07,,,False
USR81926,1,10598.02,1,0,0.0,0.0,10598.02,VERIFIED,False,True
USR81931,1,22009.9,0,1,1.0,5976.69,22009.9,,,False
USR81945,1,19561.81,1,0,0.0,0.0,19561.81,,,False
USR81946,1,9686.71,1,0,1.0,2351.11,9686.71,PENDING,False,True
USR81947,1,20107.8,1,0,0.0,0.0,20107.8,REJECTED,False,True
USR81950,1,4203.69,1,0,0.0,0.0,4203.69,REJECT,False,True
USR81952,1,5975.48,1,0,0.0,0.0,5975.48,VERIFIED,False,True
USR81954,1,1537.0,1,0,0.0,0.0,1537.0,,,False
USR81956,1,12433.87,1,0,0.0,0.0,12433.87,KYC_DONE,True,True
USR81962,1,9033.65,1,0,0.0,0.0,9033.65,KYC_DONE,False,True
USR81963,1,14983.4,1,0,0.0,0.0,14983.4,REJECT,True,True
USR81964,1,19522.84,1,0,0.0,0.0,19522.84,VERIFIED,False,True
USR81991,1,-24534.77,1,0,0.0,0.0,-24534.77,,,False
USR81994,1,12693.38,1,0,1.0,-756.59,12693.38,PENDING,False,True
USR82001,2,13458.86,2,0,0.0,0.0,6729.43,,,False
USR82007,1,7715.72,1,0,0.0,0.0,7715.72,,,False
USR82017,1,3680.39,1,0,0.0,0.0,3680.39,,,False
USR82018,1,11554.9,1,0,0.0,0.0,11554.9,PENDING,True,True
USR82030,2,555.6500000000001,2,0,0.0,0.0,277.82500000000005,,,False
USR82035,1,13610.8,1,0,0.0,0.0,13610.8,,,False
USR82036,1,7365.76,1,0,0.0,0.0,7365.76,,,False
USR82049,1,10407.61,1,0,0.0,0.0,10407.61,,,False
USR82051,1,15627.34,1,0,0.0,0.0,15627.34,,,False
USR82055,1,7323.45,1,0,0.0,0.0,7323.45,,,False
USR82067,2,42234.01,2,0,0.0,0.0,21117.005,VERIFIED,False,True
USR82080,1,4573.1,0,0,0.0,0.0,4573.1,,,False
USR82082,1,17168.0,1,0,0.0,0.0,17168.0,VERIFIED,False,True
USR82083,2,19083.16,1,1,0.0,0.0,9541.58,VERIFIED,False,True
USR82088,1,16573.45,1,0,0.0,0.0,16573.45,,,False
USR82093,1,6915.21,1,0,0.0,0.0,6915.21,KYC_DONE,False,True
USR82095,1,18704.75,1,0,0.0,0.0,18704.75,,,False
USR82096,1,15007.0,1,0,0.0,0.0,15007.0,VERIFIED,False,True
USR82098,1,3024.69,1,0,0.0,0.0,3024.69,,,False
USR82103,1,-20037.75,1,0,0.0,0.0,-20037.75,VERIFIED,False,True
USR82106,1,17433.26,1,0,0.0,0.0,17433.26,VERIFIED,False,True
USR82108,1,13892.13,1,0,0.0,0.0,13892.13,PENDING,False,True
USR82112,1,24079.31,1,0,0.0,0.0,24079.31,,,False
USR82116,1,22875.89,1,0,0.0,0.0,22875.89,,,False
USR82120,1,15246.61,1,0,0.0,0.0,15246.61,KYC_DONE,True,True
USR82124,1,15226.53,1,0,0.0,0.0,15226.53,,,False
USR82127,2,21361.6,1,1,0.0,0.0,10680.8,,,False
USR82128,1,17514.93,1,0,0.0,0.0,17514.93,VERIFIED,False,True
USR82130,1,17432.12,1,0,0.0,0.0,17432.12,,,False
USR82133,1,5538.73,0,1,0.0,0.0,5538.73,,,False
USR82139,1,9869.87,1,0,0.0,0.0,9869.87,,,False
USR82146,1,20053.54,1,0,0.0,0.0,20053.54,,,False
USR82148,1,24201.96,0,1,0.0,0.0,24201.96,,,False
USR82150,1,11222.85,1,0,0.0,0.0,11222.85,,,False
USR82152,2,37411.06,2,0,0.0,0.0,18705.53,,,False
USR82154,1,23.85,1,0,0.0,0.0,23.85,,,False
USR82159,1,20080.07,1,0,1.0,728.14,20080.07,,,False
USR82168,2,25368.769999999997,2,0,0.0,0.0,12684.384999999998,PENDING,False,True
USR82170,1,12423.62,1,0,0.0,0.0,12423.62,,,False
USR82174,1,24202.23,1,0,1.0,5678.98,24202.23,,,False
USR82175,1,22407.46,1,0,0.0,0.0,22407.46,,,False
USR82179,1,4651.47,0,1,0.0,0.0,4651.47,,,False
USR82181,1,16243.03,1,0,0.0,0.0,16243.03,PENDING,False,True
USR82185,2,37997.86,1,1,0.0,0.0,18998.93,VERIFIED,False,True
USR82187,1,24306.02,0,1,2.0,892.19,24306.02,,,False
USR82189,1,12761.46,1,0,0.0,0.0,12761.46,KYC_DONE,False,True
USR82199,1,13629.76,1,0,0.0,0.0,13629.76,,,False
USR82223,1,5862.74,1,0,0.0,0.0,5862.74,,,False
USR82229,1,14232.85,1,0,0.0,0.0,14232.85,PENDING,False,True
USR82235,1,9761.0,0,1,1.0,1969.23,9761.0,VERIFIED,True,True
USR82240,1,3135.97,0,1,0.0,0.0,3135.97,,,False
USR82246,1,10094.68,1,0,0.0,0.0,10094.68,,,False
USR82247,1,5478.83,1,0,0.0,0.0,5478.83,,,False
USR82250,3,47321.01,3,0,0.0,0.0,15773.67,VERIFIED,False,True
USR82255,1,10363.37,1,0,0.0,0.0,10363.37,VERIFIED,False,True
USR82256,1,7496.15,1,0,0.0,0.0,7496.15,,,False
USR82262,1,351.31,1,0,0.0,0.0,351.31,,,False
USR82267,1,16770.49,1,0,0.0,0.0,16770.49,,,False
USR82276,1,7468.28,0,0,0.0,0.0,7468.28,,,False
USR82277,1,11871.46,1,0,1.0,2185.09,11871.46,PENDING,False,True
USR82278,1,24834.25,0,1,0.0,0.0,24834.25,,,False
USR82284,1,14688.3,1,0,0.0,0.0,14688.3,,,False
USR82299,1,20972.96,1,0,1.0,0.0,20972.96,,,False
USR82300,2,17740.55,2,0,0.0,0.0,8870.275,REJECTED,False,True
USR82307,1,113.14,1,0,0.0,0.0,113.14,,,False
USR82311,1,7787.33,1,0,0.0,0.0,7787.33,KYC_DONE,False,True
USR82318,1,5682.19,1,0,0.0,0.0,5682.19,,,False
USR82320,1,6387.5,1,0,0.0,0.0,6387.5,,,False
USR82326,1,14844.0,1,0,0.0,0.0,14844.0,,,False
USR82327,1,7677.88,1,0,0.0,0.0,7677.88,REJECTED,False,True
USR82330,1,731.33,1,0,0.0,0.0,731.33,,,False
USR82331,1,12238.18,0,1,0.0,0.0,12238.18,PENDING,False,True
USR82348,1,5962.19,1,0,0.0,0.0,5962.19,VERIFIED,False,True
USR82356,1,18466.09,0,1,1.0,6758.4,18466.09,KYC_DONE,False,True
USR82359,1,24559.64,1,0,0.0,0.0,24559.64,,,False
USR82367,1,1111.0,0,1,0.0,0.0,1111.0,VERIFIED,True,True
USR82371,1,2082.35,1,0,0.0,0.0,2082.35,,,False
USR82373,1,14017.88,1,0,0.0,0.0,14017.88,VERIFIED,True,True
USR82376,1,23472.69,1,0,0.0,0.0,23472.69,VERIFIED,False,True
USR82379,1,9884.17,0,1,1.0,1664.55,9884.17,VERIFIED,False,True
USR82388,1,6896.41,1,0,0.0,0.0,6896.41,,,False
USR82393,1,3275.0,1,0,0.0,0.0,3275.0,,,False
USR82398,1,4527.82,0,0,0.0,0.0,4527.82,,,False
USR82399,1,23220.91,1,0,0.0,0.0,23220.91,,,False
USR82401,1,11239.0,1,0,0.0,0.0,11239.0,VERIFIED,False,True
USR82413,2,34165.229999999996,1,0,1.0,0.0,17082.614999999998,VERIFIED,True,True
USR82415,1,18402.25,1,0,0.0,0.0,18402.25,,,False
USR82420,1,19423.02,1,0,0.0,0.0,19423.02,VERIFIED,False,True
USR82422,1,1384.0,1,0,0.0,0.0,1384.0,,,False
USR82423,3,55444.259999999995,1,1,1.0,818.66,18481.42,VERIFIED,True,True
USR82427,1,2571.87,0,1,0.0,0.0,2571.87,,,False
USR82432,1,20026.51,1,0,0.0,0.0,20026.51,,,False
USR82433,1,6045.0,1,0,0.0,0.0,6045.0,,,False
USR82443,1,2625.46,1,0,0.0,0.0,2625.46,VERIFIED,True,True
USR82449,2,39886.119999999995,2,0,0.0,0.0,19943.059999999998,KYC_DONE,False,True
USR82456,2,39030.93,2,0,1.0,6170.83,19515.465,,,False
USR82459,1,10011.3,1,0,0.0,0.0,10011.3,PENDING,False,True
USR82462,1,7738.31,1,0,0.0,0.0,7738.31,,,False
USR82466,1,13134.8,1,0,0.0,0.0,13134.8,PENDING,False,True
USR82468,1,22466.31,1,0,0.0,0.0,22466.31,,,False
USR82470,1,488.7,1,0,0.0,0.0,488.7,PENDING,False,True
USR82478,1,10490.55,1,0,0.0,0.0,10490.55,REJECTED,False,True
USR82479,1,11709.92,0,0,1.0,2231.66,11709.92,,,False
USR82487,2,25678.02,1,0,0.0,0.0,12839.01,VERIFIED,False,True
USR82488,1,13413.38,1,0,0.0,0.0,13413.38,,,False
USR82500,1,22465.94,1,0,0.0,0.0,22465.94,,,False
USR82502,1,24390.37,1,0,0.0,0.0,24390.37,PENDING,False,True
USR82510,1,8239.74,1,0,0.0,0.0,8239.74,,,False
USR82515,1,2284.39,1,0,0.0,0.0,2284.39,KYC_DONE,False,True
USR82519,1,14660.83,1,0,0.0,0.0,14660.83,KYC_DONE,False,True
USR82520,1,4556.38,0,1,0.0,0.0,4556.38,,,False
USR82521,2,39265.08,2,0,0.0,0.0,19632.54,KYC_DONE,True,True
USR82526,1,11767.92,0,1,0.0,0.0,11767.92,,,False
USR82540,1,292.45,0,1,0.0,0.0,292.45,,,False
USR82542,2,31000.9,2,0,0.0,0.0,15500.45,,,False
USR82550,1,4685.84,1,0,0.0,0.0,4685.84,,,False
USR82553,1,1330.12,1,0,0.0,0.0,1330.12,PENDING,False,True
USR82554,1,10839.84,1,0,0.0,0.0,10839.84,VERIFIED,False,True
USR82555,1,1656.65,0,1,0.0,0.0,1656.65,PENDING,True,True
USR82559,1,2643.98,1,0,0.0,0.0,2643.98,VERIFIED,False,True
USR82564,1,17394.98,1,0,0.0,0.0,17394.98,,,False
USR82575,1,24514.4,1,0,0.0,0.0,24514.4,,,False
USR82578,2,29224.969999999998,2,0,0.0,0.0,14612.484999999999,,,False
USR82580,1,19735.18,1,0,1.0,0.0,19735.18,,,False
USR82584,1,19888.32,1,0,0.0,0.0,19888.32,,,False
USR82587,1,13086.92,1,0,0.0,0.0,13086.92,,,False
USR82593,1,20149.59,1,0,1.0,1064.0,20149.59,KYC_DONE,False,True
USR82597,1,18717.73,0,1,0.0,0.0,18717.73,,,False
USR82599,1,19465.6,1,0,0.0,0.0,19465.6,,,False
USR82608,1,5352.89,1,0,1.0,2354.56,5352.89,UNDER REVIEW,False,True
USR82613,1,15570.97,0,1,0.0,0.0,15570.97,,,False
USR82614,1,14337.11,1,0,0.0,0.0,14337.11,,,False
USR82623,1,19413.0,1,0,0.0,0.0,19413.0,,,False
USR82627,2,21426.63,2,0,0.0,0.0,10713.315,,,False
USR82628,1,24257.64,1,0,0.0,0.0,24257.64,,,False
USR82632,1,3049.36,1,0,1.0,1882.0,3049.36,,,False
USR82641,1,8440.6,1,0,0.0,0.0,8440.6,,,False
USR82645,1,23115.78,1,0,0.0,0.0,23115.78,,,False
USR82649,1,23309.47,0,1,0.0,0.0,23309.47,VERIFIED,False,True
USR82664,1,20010.12,0,0,0.0,0.0,20010.12,,,False
USR82674,1,6281.66,1,0,0.0,0.0,6281.66,,,False
USR82677,1,12687.89,1,0,0.0,0.0,12687.89,,,False
USR82683,1,17585.0,1,0,0.0,0.0,17585.0,,,False
USR82703,1,16827.03,1,0,0.0,0.0,16827.03,,,False
USR82712,1,24071.0,1,0,0.0,0.0,24071.0,,,False
USR82715,1,5822.54,1,0,1.0,1467.32,5822.54,,,False
USR82719,1,16097.83,1,0,0.0,0.0,16097.83,VERIFIED,True,True
USR82723,1,12209.02,1,0,0.0,0.0,12209.02,,,False
USR82725,1,9294.27,1,0,0.0,0.0,9294.27,VERIFIED,False,True
USR82726,1,4265.69,0,1,0.0,0.0,4265.69,VERIFIED,True,True
USR82737,1,20782.83,0,1,0.0,0.0,20782.83,,,False
USR82738,1,6075.0,1,0,0.0,0.0,6075.0,,,False
USR82744,2,35862.41,1,1,0.0,0.0,17931.205,VERIFIED,False,True
USR82745,1,14796.0,0,1,0.0,0.0,14796.0,,,False
USR82746,1,18258.24,1,0,0.0,0.0,18258.24,VERIFIED,False,True
USR82756,1,17989.3,1,0,0.0,0.0,17989.3,,,False
USR82772,1,23155.46,1,0,1.0,360.49,23155.46,,,False
USR82776,2,21136.84,1,1,0.0,0.0,10568.42,,,False
USR82779,1,9280.0,1,0,0.0,0.0,9280.0,,,False
USR82783,1,13334.68,1,0,0.0,0.0,13334.68,,,False
USR82788,1,12380.0,1,0,0.0,0.0,12380.0,VERIFIED,True,True
USR82790,1,20254.73,1,0,1.0,9250.0,20254.73,,,False
USR82794,1,23259.0,1,0,0.0,0.0,23259.0,VERIFIED,True,True
USR82800,1,20407.53,1,0,0.0,0.0,20407.53,,,False
USR82803,1,24221.79,1,0,0.0,0.0,24221.79,,,False
USR82805,2,15718.64,2,0,0.0,0.0,7859.32,VERIFIED,False,True
USR82810,1,22457.83,1,0,0.0,0.0,22457.83,,,False
USR82813,1,15712.13,1,0,1.0,8749.79,15712.13,,,False
USR82816,2,17235.89,2,0,0.0,0.0,8617.945,PENDING,False,True
USR82819,1,487.97,1,0,0.0,0.0,487.97,,,False
USR82829,1,7345.26,1,0,0.0,0.0,7345.26,,,False
USR82832,1,21264.55,1,0,0.0,0.0,21264.55,,,False
USR82834,1,23119.44,0,1,0.0,0.0,23119.44,,,False
USR82844,1,15044.28,1,0,0.0,0.0,15044.28,,,False
USR82847,1,11228.3,1,0,0.0,0.0,11228.3,VERIFIED,True,True
USR82848,1,13337.76,1,0,0.0,0.0,13337.76,,,False
USR82851,1,14768.84,1,0,0.0,0.0,14768.84,,,False
USR82867,1,11805.47,1,0,1.0,800.72,11805.47,,,False
USR82868,1,7411.46,1,0,0.0,0.0,7411.46,,,False
USR82870,1,1291.07,0,1,0.0,0.0,1291.07,PENDING,False,True
USR82873,1,10059.74,1,0,0.0,0.0,10059.74,,,False
USR82876,1,17205.97,1,0,1.0,19475.24,17205.97,,,False
USR82877,1,16787.49,1,0,0.0,0.0,16787.49,,,False
USR82883,1,4015.06,1,0,0.0,0.0,4015.06,,,False
USR82884,1,8459.51,1,0,1.0,3794.91,8459.51,,,False
USR82887,1,8702.08,1,0,0.0,0.0,8702.08,,,False
USR82892,1,6290.18,1,0,0.0,0.0,6290.18,VERIFIED,False,True
USR82910,1,2310.75,1,0,0.0,0.0,2310.75,,,False
USR82911,1,10814.02,1,0,0.0,0.0,10814.02,,,False
USR82912,1,22358.63,1,0,0.0,0.0,22358.63,VERIFIED,False,True
USR82913,1,18519.18,1,0,0.0,0.0,18519.18,,,False
USR82914,1,10123.6,1,0,0.0,0.0,10123.6,,,False
USR82916,1,1880.32,1,0,1.0,291.0,1880.32,VERIFIED,False,True
USR82918,1,3043.45,1,0,0.0,0.0,3043.45,,,False
USR82933,1,6011.24,0,1,0.0,0.0,6011.24,,,False
USR82939,1,17751.23,1,0,0.0,0.0,17751.23,,,False
USR82941,1,2259.3,0,0,0.0,0.0,2259.3,,,False
USR82944,1,12281.21,1,0,0.0,0.0,12281.21,,,False
USR82947,1,24792.24,0,1,2.0,3812.24,24792.24,,,False
USR82964,1,17403.56,1,0,0.0,0.0,17403.56,,,False
USR82973,1,19233.57,1,0,0.0,0.0,19233.57,KYC_DONE,False,True
USR82974,1,8417.89,1,0,0.0,0.0,8417.89,REJECTED,False,True
USR82983,1,14876.95,1,0,0.0,0.0,14876.95,,,False
USR82985,1,20154.73,1,0,0.0,0.0,20154.73,,,False
USR82987,1,15020.27,1,0,0.0,0.0,15020.27,,,False
USR83004,1,4235.91,1,0,0.0,0.0,4235.91,,,False
USR83012,1,8861.97,1,0,1.0,3343.99,8861.97,VERIFIED,False,True
USR83013,1,3766.26,1,0,0.0,0.0,3766.26,,,False
USR83023,1,6834.04,0,0,0.0,0.0,6834.04,,,False
USR83030,1,11100.0,1,0,0.0,0.0,11100.0,KYC_DONE,False,True
USR83032,1,9533.92,0,0,0.0,0.0,9533.92,,,False
USR83044,1,15175.11,1,0,0.0,0.0,15175.11,,,False
USR83054,1,17368.24,0,1,0.0,0.0,17368.24,,,False
USR83055,1,2136.74,1,0,0.0,0.0,2136.74,,,False
USR83060,1,23532.56,1,0,0.0,0.0,23532.56,VERIFIED,False,True
USR83064,1,15525.65,1,0,1.0,1393.43,15525.65,,,False
USR83065,1,20355.0,1,0,0.0,0.0,20355.0,,,False
USR83067,1,20061.88,1,0,0.0,0.0,20061.88,,,False
USR83068,1,11873.45,1,0,0.0,0.0,11873.45,,,False
USR83071,2,29041.18,2,0,1.0,1550.0,14520.59,,,False
USR83076,2,13495.93,2,0,0.0,0.0,6747.965,,,False
USR83080,1,17907.19,1,0,0.0,0.0,17907.19,UNDER REVIEW,False,True
USR83082,1,16641.69,0,1,0.0,0.0,16641.69,,,False
USR83092,1,10271.0,1,0,1.0,2326.89,10271.0,,,False
USR83093,1,11269.1,1,0,0.0,0.0,11269.1,VERIFIED,False,True
USR83096,1,1305.38,0,1,0.0,0.0,1305.38,,,False
USR83098,1,11683.41,1,0,0.0,0.0,11683.41,,,False
USR83112,1,3931.0,1,0,0.0,0.0,3931.0,VERIFIED,False,True
USR83115,2,36089.94,2,0,2.0,6385.46,18044.97,,,False
USR83126,1,21869.84,1,0,0.0,0.0,21869.84,VERIFIED,False,True
USR83132,1,6090.12,1,0,0.0,0.0,6090.12,,,False
USR83140,1,22628.15,1,0,0.0,0.0,22628.15,VERIFIED,True,True
USR83142,1,14623.0,1,0,0.0,0.0,14623.0,,,False
USR83147,1,23477.3,1,0,0.0,0.0,23477.3,,,False
USR83152,2,-10133.39,1,1,0.0,0.0,-5066.695,,,False
USR83162,1,1064.59,1,0,0.0,0.0,1064.59,,,False
USR83163,1,13438.0,1,0,0.0,0.0,13438.0,,,False
USR83172,1,23618.24,1,0,0.0,0.0,23618.24,,,False
USR83174,1,11035.62,1,0,0.0,0.0,11035.62,UNDER REVIEW,False,True
USR83176,1,740.89,1,0,1.0,2273.54,740.89,PENDING,True,True
USR83178,1,5386.1,1,0,0.0,0.0,5386.1,VERIFIED,False,True
USR83179,1,16540.0,1,0,0.0,0.0,16540.0,VERIFIED,False,True
USR83181,1,1779.66,1,0,0.0,0.0,1779.66,,,False
USR83183,1,13555.46,1,0,0.0,0.0,13555.46,,,False
USR83185,1,1584.0,0,1,0.0,0.0,1584.0,VERIFIED,False,True
USR83188,1,9827.05,1,0,0.0,0.0,9827.05,VERIFIED,True,True
USR83189,1,2020.28,1,0,0.0,0.0,2020.28,VERIFIED,True,True
USR83200,1,17307.11,1,0,0.0,0.0,17307.11,,,False
USR83205,1,14345.93,1,0,0.0,0.0,14345.93,,,False
USR83212,1,18258.93,1,0,0.0,0.0,18258.93,,,False
USR83220,1,5256.2,1,0,0.0,0.0,5256.2,VERIFIED,False,True
USR83227,1,12723.0,1,0,1.0,-1206.9,12723.0,,,False
USR83229,1,14996.16,1,0,0.0,0.0,14996.16,,,False
USR83234,1,12593.93,1,0,0.0,0.0,12593.93,VERIFIED,False,True
USR83237,1,5004.51,1,0,0.0,0.0,5004.51,,,False
USR83246,1,13439.11,1,0,0.0,0.0,13439.11,,,False
USR83250,1,20380.46,1,0,0.0,0.0,20380.46,,,False
USR83254,1,-12715.07,1,0,0.0,0.0,-12715.07,,,False
USR83261,1,18312.7,1,0,0.0,0.0,18312.7,,,False
USR83268,1,12713.93,1,0,1.0,3834.0,12713.93,,,False
USR83278,1,13479.13,1,0,0.0,0.0,13479.13,,,False
USR83280,1,17929.03,0,1,0.0,0.0,17929.03,,,False
USR83281,1,8180.69,1,0,1.0,2197.15,8180.69,VERIFIED,False,True
USR83288,1,15753.88,1,0,0.0,0.0,15753.88,,,False
USR83296,1,12469.67,0,1,0.0,0.0,12469.67,,,False
USR83301,1,16037.76,1,0,0.0,0.0,16037.76,VERIFIED,True,True
USR83306,1,15261.59,0,1,0.0,0.0,15261.59,VERIFIED,False,True
USR83323,1,7650.93,0,0,0.0,0.0,7650.93,,,False
USR83327,1,12581.68,1,0,0.0,0.0,12581.68,,,False
USR83331,1,12680.0,0,1,0.0,0.0,12680.0,,,False
USR83342,2,29864.02,2,0,0.0,0.0,14932.01,KYC_DONE,True,True
USR83343,1,19022.58,0,0,0.0,0.0,19022.58,,,False
USR83346,1,-11388.41,1,0,0.0,0.0,-11388.41,,,False
USR83355,1,295.7,0,0,0.0,0.0,295.7,,,False
USR83356,1,3690.42,1,0,0.0,0.0,3690.42,,,False
USR83359,1,16376.0,1,0,0.0,0.0,16376.0,VERIFIED,True,True
USR83361,1,14492.61,1,0,0.0,0.0,14492.61,,,False
USR83380,1,7766.17,1,0,1.0,0.0,7766.17,,,False
USR83389,1,9867.96,1,0,0.0,0.0,9867.96,,,False
USR83391,1,8992.0,1,0,0.0,0.0,8992.0,,,False
USR83393,1,-14748.59,1,0,0.0,0.0,-14748.59,VERIFIED,False,True
USR83394,1,13560.51,1,0,0.0,0.0,13560.51,VERIFIED,False,True
USR83396,1,19971.59,1,0,0.0,0.0,19971.59,,,False
USR83399,1,19819.66,1,0,0.0,0.0,19819.66,,,False
USR83402,1,7407.65,1,0,0.0,0.0,7407.65,,,False
USR83408,1,19228.84,1,0,0.0,0.0,19228.84,UNDER REVIEW,True,True
USR83418,1,15363.4,1,0,0.0,0.0,15363.4,,,False
USR83423,1,10160.24,1,0,2.0,1311.0,10160.24,VERIFIED,False,True
USR83424,1,7294.0,1,0,0.0,0.0,7294.0,REJECTED,False,True
USR83428,2,34837.31,2,0,1.0,2931.23,17418.655,,,False
USR83429,1,9668.48,1,0,0.0,0.0,9668.48,,,False
USR83434,1,15616.71,1,0,0.0,0.0,15616.71,,,False
USR83436,1,15859.0,1,0,0.0,0.0,15859.0,,,False
USR83447,1,21351.85,1,0,0.0,0.0,21351.85,UNDER REVIEW,False,True
USR83460,1,2725.13,1,0,0.0,0.0,2725.13,,,False
USR83463,1,11906.0,1,0,0.0,0.0,11906.0,VERIFIED,False,True
USR83469,1,2914.98,1,0,1.0,819.3,2914.98,KYC_DONE,True,True
USR83472,1,7883.5,1,0,0.0,0.0,7883.5,VERIFIED,False,True
USR83473,1,1598.32,1,0,1.0,958.61,1598.32,,,False
USR83482,1,9153.13,1,0,0.0,0.0,9153.13,,,False
USR83488,2,33774.23,1,0,0.0,0.0,16887.115,,,False
USR83499,1,13882.79,1,0,0.0,0.0,13882.79,,,False
USR83504,1,11989.01,0,1,0.0,0.0,11989.01,REJECTED,False,True
USR83509,2,-4571.26,2,0,0.0,0.0,-2285.63,,,False
USR83512,1,24277.93,1,0,0.0,0.0,24277.93,VERIFIED,False,True
USR83515,1,2448.5,1,0,0.0,0.0,2448.5,,,False
USR83530,1,8078.27,1,0,0.0,0.0,8078.27,,,False
USR83535,1,2370.48,1,0,1.0,469.12,2370.48,,,False
USR83536,1,19971.31,1,0,0.0,0.0,19971.31,VERIFIED,False,True
USR83539,1,23777.76,1,0,0.0,0.0,23777.76,,,False
USR83551,1,22896.2,1,0,0.0,0.0,22896.2,,,False
USR83554,1,21977.0,1,0,0.0,0.0,21977.0,VERIFIED,False,True
USR83556,2,28658.68,2,0,1.0,2865.75,14329.34,,,False
USR83564,1,16422.93,0,1,0.0,0.0,16422.93,,,False
USR83565,2,30602.04,1,0,0.0,0.0,15301.02,,,False
USR83566,1,12977.75,1,0,0.0,0.0,12977.75,,,False
USR83574,1,5331.97,1,0,0.0,0.0,5331.97,VERIFIED,False,True
USR83578,1,5668.48,1,0,1.0,807.62,5668.48,,,False
USR83580,1,3161.49,1,0,1.0,5976.8,3161.49,,,False
USR83585,2,18718.73,2,0,0.0,0.0,9359.365,,,False
USR83594,1,11701.81,1,0,0.0,0.0,11701.81,PENDING,False,True
USR83595,1,9907.4,1,0,0.0,0.0,9907.4,VERIFIED,True,True
USR83604,1,22846.23,1,0,0.0,0.0,22846.23,,,False
USR83605,1,16688.29,1,0,0.0,0.0,16688.29,PENDING,False,True
USR83608,1,16598.97,1,0,0.0,0.0,16598.97,VERIFIED,False,True
USR83617,1,20576.86,1,0,0.0,0.0,20576.86,,,False
USR83618,1,21750.53,1,0,0.0,0.0,21750.53,,,False
USR83621,2,16692.8,2,0,0.0,0.0,8346.4,VERIFIED,False,True
USR83622,1,6256.47,1,0,0.0,0.0,6256.47,,,False
USR83632,1,10467.05,1,0,0.0,0.0,10467.05,,,False
USR83635,1,13374.64,1,0,0.0,0.0,13374.64,,,False
USR83639,1,13568.83,1,0,0.0,0.0,13568.83,,,False
USR83641,1,8759.63,1,0,0.0,0.0,8759.63,,,False
USR83643,1,22882.14,0,0,1.0,2390.0,22882.14,,,False
USR83646,1,1788.25,0,1,0.0,0.0,1788.25,VERIFIED,False,True
USR83647,1,5040.79,1,0,1.0,3099.92,5040.79,,,False
USR83665,1,23760.1,1,0,0.0,0.0,23760.1,,,False
USR83667,1,11772.82,1,0,0.0,0.0,11772.82,,,False
USR83675,1,3047.7,0,1,0.0,0.0,3047.7,,,False
USR83692,1,7739.6,1,0,0.0,0.0,7739.6,,,False
USR83700,1,19405.49,0,0,0.0,0.0,19405.49,,,False
USR83705,1,18296.18,1,0,0.0,0.0,18296.18,,,False
USR83712,1,13057.16,1,0,0.0,0.0,13057.16,,,False
USR83715,1,9673.42,1,0,0.0,0.0,9673.42,KYC_DONE,True,True
USR83719,2,24320.46,2,0,1.0,865.55,12160.23,,,False
USR83721,1,5839.03,0,1,0.0,0.0,5839.03,,,False
USR83722,1,358.59,1,0,0.0,0.0,358.59,,,False
USR83737,1,3600.75,1,0,0.0,0.0,3600.75,KYC_DONE,False,True
USR83744,1,19823.18,1,0,0.0,0.0,19823.18,PENDING,True,True
USR83755,1,20066.62,1,0,1.0,769.17,20066.62,,,False
USR83756,1,20876.0,1,0,0.0,0.0,20876.0,KYC_DONE,False,True
USR83763,1,20955.49,1,0,0.0,0.0,20955.49,,,False
USR83765,1,-22832.01,1,0,0.0,0.0,-22832.01,,,False
USR83770,1,7658.42,1,0,0.0,0.0,7658.42,,,False
USR83778,1,23888.54,1,0,0.0,0.0,23888.54,,,False
USR83783,1,15660.22,1,0,0.0,0.0,15660.22,VERIFIED,False,True
USR83790,1,1899.28,0,0,0.0,0.0,1899.28,,,False
USR83793,2,32092.03,2,0,1.0,0.0,16046.015,,,False
USR83798,1,5535.87,1,0,0.0,0.0,5535.87,,,False
USR83804,1,22657.29,1,0,0.0,0.0,22657.29,,,False
USR83806,1,12926.29,1,0,0.0,0.0,12926.29,,,False
USR83810,1,19370.34,1,0,1.0,4195.81,19370.34,VERIFIED,False,True
USR83819,1,14011.15,1,0,0.0,0.0,14011.15,,,False
USR83821,2,10562.320000000002,2,0,0.0,0.0,5281.160000000001,,,False
USR83823,1,7752.07,1,0,0.0,0.0,7752.07,,,False
USR83831,1,7984.32,1,0,0.0,0.0,7984.32,,,False
USR83832,1,16419.0,1,0,0.0,0.0,16419.0,,,False
USR83834,1,13930.44,1,0,1.0,-2999.94,13930.44,VERIFIED,True,True
USR83839,1,2546.58,1,0,0.0,0.0,2546.58,VERIFIED,False,True
USR83841,2,22122.35,2,0,0.0,0.0,11061.175,KYC_DONE,False,True
USR83849,1,-9109.39,0,1,0.0,0.0,-9109.39,,,False
USR83861,1,11652.13,0,1,0.0,0.0,11652.13,,,False
USR83864,1,13572.68,1,0,0.0,0.0,13572.68,VERIFIED,False,True
USR83877,1,2854.82,0,0,0.0,0.0,2854.82,,,False
USR83880,1,23535.87,1,0,0.0,0.0,23535.87,VERIFIED,True,True
USR83882,1,10662.76,1,0,0.0,0.0,10662.76,VERIFIED,True,True
USR83887,1,7914.15,1,0,0.0,0.0,7914.15,,,False
USR83894,1,2845.7,1,0,1.0,17413.88,2845.7,,,False
USR83913,1,10949.75,1,0,0.0,0.0,10949.75,,,False
USR83914,1,14867.87,0,1,0.0,0.0,14867.87,REJECTED,False,True
USR83927,2,21962.05,1,1,1.0,1369.23,10981.025,VERIFIED,False,True
USR83964,1,3652.07,1,0,0.0,0.0,3652.07,VERIFIED,False,True
USR83966,1,5716.61,1,0,0.0,0.0,5716.61,PENDING,False,True
USR83967,1,15585.0,0,1,0.0,0.0,15585.0,KYC_DONE,False,True
USR83980,1,13669.91,1,0,0.0,0.0,13669.91,VERIFIED,False,True
USR83985,2,22256.47,2,0,0.0,0.0,11128.235,,,False
USR83988,1,12131.97,1,0,1.0,1154.99,12131.97,,,False
USR83993,1,2030.36,1,0,0.0,0.0,2030.36,VERIFIED,False,True
USR83995,1,12283.55,1,0,0.0,0.0,12283.55,,,False
USR83997,2,32944.71,2,0,0.0,0.0,16472.355,VERIFIED,False,True
USR83999,1,1208.46,1,0,0.0,0.0,1208.46,,,False
USR84000,1,2012.07,1,0,0.0,0.0,2012.07,,,False
USR84003,2,-2080.9000000000015,1,1,0.0,0.0,-1040.4500000000007,,,False
USR84007,1,8177.24,1,0,0.0,0.0,8177.24,,,False
USR84039,1,19451.87,1,0,0.0,0.0,19451.87,VERIFIED,True,True
USR84041,1,11483.8,1,0,0.0,0.0,11483.8,,,False
USR84047,1,1941.02,1,0,0.0,0.0,1941.02,,,False
USR84048,1,7887.81,1,0,0.0,0.0,7887.81,,,False
USR84059,1,12699.53,1,0,0.0,0.0,12699.53,,,False
USR84060,1,7956.91,0,0,1.0,4808.45,7956.91,,,False
USR84061,2,27740.95,2,0,1.0,122.0,13870.475,,,False
USR84062,1,15619.11,1,0,0.0,0.0,15619.11,,,False
USR84072,1,15027.92,1,0,0.0,0.0,15027.92,,,False
USR84076,1,19422.19,1,0,0.0,0.0,19422.19,VERIFIED,False,True
USR84083,1,16586.13,1,0,0.0,0.0,16586.13,VERIFIED,False,True
USR84095,1,22022.96,1,0,1.0,461.85,22022.96,,,False
USR84098,1,23155.59,1,0,1.0,4707.47,23155.59,KYC_DONE,False,True
USR84099,1,1718.0,1,0,0.0,0.0,1718.0,,,False
USR84100,2,25063.559999999998,2,0,0.0,0.0,12531.779999999999,KYC_DONE,False,True
USR84105,1,23152.27,1,0,0.0,0.0,23152.27,KYC_DONE,False,True
USR84110,1,10284.07,1,0,1.0,8630.24,10284.07,,,False
USR84112,1,23409.45,1,0,0.0,0.0,23409.45,VERIFIED,False,True
USR84117,1,4299.16,0,1,0.0,0.0,4299.16,VERIFIED,True,True
USR84121,1,19108.5,1,0,0.0,0.0,19108.5,,,False
USR84122,1,3044.85,1,0,0.0,0.0,3044.85,REJECT,False,True
USR84124,1,2251.59,1,0,0.0,0.0,2251.59,,,False
USR84126,1,14772.94,1,0,0.0,0.0,14772.94,VERIFIED,False,True
USR84131,1,11402.51,1,0,0.0,0.0,11402.51,VERIFIED,True,True
USR84133,1,20205.84,1,0,1.0,5944.75,20205.84,,,False
USR84134,1,1129.96,0,1,2.0,5375.87,1129.96,,,False
USR84136,2,29961.35,2,0,0.0,0.0,14980.675,,,False
USR84137,1,23945.9,0,0,0.0,0.0,23945.9,,,False
USR84149,1,6683.04,1,0,0.0,0.0,6683.04,VERIFIED,False,True
USR84154,1,1194.92,1,0,0.0,0.0,1194.92,,,False
USR84172,1,391.47,1,0,0.0,0.0,391.47,VERIFIED,False,True
USR84188,1,20981.12,1,0,0.0,0.0,20981.12,,,False
USR84196,1,14538.35,1,0,0.0,0.0,14538.35,,,False
USR84207,1,22239.09,0,1,1.0,-1311.04,22239.09,,,False
USR84211,1,2998.66,1,0,0.0,0.0,2998.66,,,False
USR84216,1,6413.81,1,0,1.0,3537.13,6413.81,,,False
USR84221,1,6800.22,1,0,0.0,0.0,6800.22,REJECTED,False,True
USR84232,1,18222.16,1,0,0.0,0.0,18222.16,,,False
USR84233,1,21773.56,1,0,0.0,0.0,21773.56,,,False
USR84235,1,14124.67,1,0,0.0,0.0,14124.67,,,False
USR84237,1,6420.75,1,0,0.0,0.0,6420.75,,,False
USR84238,1,13312.43,1,0,0.0,0.0,13312.43,,,False
USR84244,1,20568.18,1,0,0.0,0.0,20568.18,VERIFIED,False,True
USR84256,1,2222.17,1,0,0.0,0.0,2222.17,,,False
USR84261,5,65457.39,1,2,0.0,0.0,13091.478,VERIFIED,True,True
USR84262,1,1590.93,1,0,0.0,0.0,1590.93,VERIFIED,False,True
USR84271,1,21535.45,1,0,1.0,1210.19,21535.45,VERIFIED,False,True
USR84276,1,19024.68,1,0,2.0,7417.98,19024.68,,,False
USR84278,1,10224.27,1,0,0.0,0.0,10224.27,PENDING,True,True
USR84289,1,5019.86,1,0,0.0,0.0,5019.86,,,False
USR84297,1,10865.74,1,0,0.0,0.0,10865.74,VERIFIED,False,True
USR84301,1,16647.47,1,0,0.0,0.0,16647.47,,,False
USR84308,1,13742.74,0,1,0.0,0.0,13742.74,VERIFIED,True,True
USR84310,1,9972.5,1,0,0.0,0.0,9972.5,,,False
USR84311,1,7344.29,1,0,0.0,0.0,7344.29,,,False
USR84327,1,5715.72,1,0,0.0,0.0,5715.72,,,False
USR84328,1,-1686.67,1,0,1.0,752.0,-1686.67,VERIFIED,False,True
USR84336,1,9141.99,1,0,0.0,0.0,9141.99,,,False
USR84338,2,24804.829999999998,2,0,1.0,604.17,12402.414999999999,VERIFIED,False,True
USR84339,1,23354.54,1,0,0.0,0.0,23354.54,,,False
USR84344,1,14966.6,0,1,0.0,0.0,14966.6,,,False
USR84346,2,21000.08,2,0,0.0,0.0,10500.04,,,False
USR84348,1,21233.0,1,0,0.0,0.0,21233.0,,,False
USR84349,1,8620.6,0,1,0.0,0.0,8620.6,,,False
USR84351,1,2256.06,1,0,1.0,14999.55,2256.06,,,False
USR84356,1,14547.22,1,0,0.0,0.0,14547.22,KYC_DONE,False,True
USR84366,1,11702.63,1,0,0.0,0.0,11702.63,PENDING,False,True
USR84368,1,4709.34,1,0,0.0,0.0,4709.34,,,False
USR84369,1,12641.32,0,0,0.0,0.0,12641.32,,,False
USR84377,1,11779.3,1,0,0.0,0.0,11779.3,,,False
USR84379,1,23765.65,1,0,0.0,0.0,23765.65,,,False
USR84381,3,48963.509999999995,3,0,0.0,0.0,16321.169999999998,KYC_DONE,False,True
USR84390,1,20604.12,1,0,0.0,0.0,20604.12,,,False
USR84397,1,22778.02,1,0,0.0,0.0,22778.02,,,False
USR84401,1,14588.96,1,0,0.0,0.0,14588.96,,,False
USR84407,1,22739.37,1,0,1.0,1305.41,22739.37,,,False
USR84409,1,17510.64,1,0,0.0,0.0,17510.64,,,False
USR84411,1,17874.25,1,0,0.0,0.0,17874.25,,,False
USR84422,1,2383.72,0,1,0.0,0.0,2383.72,,,False
USR84425,1,11495.0,1,0,0.0,0.0,11495.0,,,False
USR84431,1,-18910.19,1,0,0.0,0.0,-18910.19,VERIFIED,False,True
USR84435,1,6449.81,1,0,0.0,0.0,6449.81,,,False
USR84442,1,5408.63,1,0,0.0,0.0,5408.63,KYC_DONE,False,True
USR84447,1,23848.68,1,0,0.0,0.0,23848.68,,,False
USR84450,1,9094.23,1,0,1.0,-15519.36,9094.23,VERIFIED,False,True
USR84459,1,18201.2,0,1,0.0,0.0,18201.2,,,False
USR84460,1,19368.1,1,0,0.0,0.0,19368.1,,,False
USR84461,1,6683.85,0,1,0.0,0.0,6683.85,,,False
USR84463,1,13462.92,0,1,0.0,0.0,13462.92,VERIFIED,True,True
USR84465,1,2767.77,1,0,0.0,0.0,2767.77,,,False
USR84471,1,22181.45,1,0,0.0,0.0,22181.45,KYC_DONE,True,True
USR84473,2,25538.9,1,0,1.0,13744.99,12769.45,,,False
USR84479,1,2774.69,1,0,0.0,0.0,2774.69,,,False
USR84482,1,7819.93,0,0,0.0,0.0,7819.93,,,False
USR84494,1,5686.46,1,0,0.0,0.0,5686.46,,,False
USR84495,1,14503.25,1,0,0.0,0.0,14503.25,VERIFIED,True,True
USR84499,2,22566.120000000003,1,0,0.0,0.0,11283.060000000001,,,False
USR84500,1,-3436.21,1,0,0.0,0.0,-3436.21,,,False
USR84504,1,16828.5,1,0,0.0,0.0,16828.5,VERIFIED,False,True
USR84509,1,23350.35,1,0,0.0,0.0,23350.35,PENDING,False,True
USR84511,1,18442.9,1,0,1.0,-2640.42,18442.9,,,False
USR84518,1,18179.15,1,0,0.0,0.0,18179.15,,,False
USR84532,1,18832.46,1,0,0.0,0.0,18832.46,KYC_DONE,False,True
USR84537,1,9503.71,1,0,1.0,855.85,9503.71,KYC_DONE,False,True
USR84538,1,23963.38,1,0,0.0,0.0,23963.38,VERIFIED,False,True
USR84541,1,4085.02,1,0,0.0,0.0,4085.02,UNDER REVIEW,False,True
USR84542,1,22707.56,1,0,0.0,0.0,22707.56,,,False
USR84547,1,6707.23,1,0,0.0,0.0,6707.23,,,False
USR84548,1,15722.06,1,0,0.0,0.0,15722.06,,,False
USR84553,1,21393.85,1,0,0.0,0.0,21393.85,VERIFIED,False,True
USR84562,1,12298.53,1,0,0.0,0.0,12298.53,PENDING,False,True
USR84569,1,4033.0,1,0,0.0,0.0,4033.0,REJECTED,True,True
USR84576,1,21366.89,1,0,0.0,0.0,21366.89,,,False
USR84581,1,8646.03,0,0,0.0,0.0,8646.03,VERIFIED,True,True
USR84588,1,2788.83,1,0,0.0,0.0,2788.83,UNDER REVIEW,False,True
USR84590,1,13045.0,1,0,0.0,0.0,13045.0,,,False
USR84602,1,14845.94,0,1,0.0,0.0,14845.94,,,False
USR84605,2,2877.15,1,1,0.0,0.0,1438.575,,,False
USR84606,1,43.83,1,0,1.0,0.0,43.83,,,False
USR84618,1,13726.0,1,0,0.0,0.0,13726.0,VERIFIED,False,True
USR84620,2,15924.99,2,0,0.0,0.0,7962.495,,,False
USR84621,1,3482.26,1,0,0.0,0.0,3482.26,PENDING,False,True
USR84623,1,19998.0,1,0,0.0,0.0,19998.0,,,False
USR84625,1,2957.29,1,0,0.0,0.0,2957.29,,,False
USR84630,1,21165.3,1,0,0.0,0.0,21165.3,,,False
USR84631,1,22498.74,1,0,0.0,0.0,22498.74,,,False
USR84633,1,18752.0,1,0,0.0,0.0,18752.0,,,False
USR84636,1,-2850.01,1,0,0.0,0.0,-2850.01,,,False
USR84642,1,19539.44,0,0,0.0,0.0,19539.44,,,False
USR84643,2,26135.059999999998,2,0,1.0,393.01,13067.529999999999,,,False
USR84647,1,1872.02,1,0,0.0,0.0,1872.02,KYC_DONE,False,True
USR84655,1,18393.71,1,0,0.0,0.0,18393.71,REJECTED,False,True
USR84667,1,22165.24,1,0,0.0,0.0,22165.24,,,False
USR84675,1,5158.37,1,0,0.0,0.0,5158.37,,,False
USR84678,1,18164.28,0,1,0.0,0.0,18164.28,,,False
USR84684,1,17590.09,0,0,0.0,0.0,17590.09,,,False
USR84691,1,22255.01,1,0,0.0,0.0,22255.01,,,False
USR84692,1,5069.99,1,0,0.0,0.0,5069.99,PENDING,False,True
USR84694,2,-7449.25,2,0,1.0,306.11,-3724.625,,,False
USR84700,1,17454.88,0,1,1.0,478.93,17454.88,REJECTED,False,True
USR84705,1,300.55,1,0,0.0,0.0,300.55,VERIFIED,False,True
USR84713,1,20724.96,1,0,0.0,0.0,20724.96,,,False
USR84725,2,19818.13,2,0,1.0,-326.69,9909.065,VERIFIED,False,True
USR84727,1,12912.75,1,0,0.0,0.0,12912.75,,,False
USR84728,1,12109.26,1,0,0.0,0.0,12109.26,,,False
USR84738,2,42981.009999999995,1,1,0.0,0.0,21490.504999999997,,,False
USR84740,1,19058.19,1,0,0.0,0.0,19058.19,,,False
USR84746,1,2330.2,1,0,0.0,0.0,2330.2,,,False
USR84747,1,22682.01,1,0,0.0,0.0,22682.01,VERIFIED,False,True
USR84754,1,24501.5,1,0,0.0,0.0,24501.5,UNDER REVIEW,False,True
USR84766,1,21186.22,1,0,0.0,0.0,21186.22,,,False
USR84770,1,15202.85,1,0,0.0,0.0,15202.85,,,False
USR84778,1,5814.92,1,0,0.0,0.0,5814.92,PENDING,False,True
USR84781,1,11787.47,1,0,1.0,1048.77,11787.47,UNDER REVIEW,False,True
USR84783,1,19270.51,1,0,0.0,0.0,19270.51,,,False
USR84787,1,16151.47,1,0,0.0,0.0,16151.47,PENDING,True,True
USR84791,1,280.17,1,0,0.0,0.0,280.17,,,False
USR84792,2,18094.17,2,0,1.0,2150.0,9047.085,,,False
USR84807,1,11807.0,1,0,0.0,0.0,11807.0,,,False
USR84808,1,1031.31,0,0,0.0,0.0,1031.31,KYC_DONE,False,True
USR84828,2,28303.61,2,0,0.0,0.0,14151.805,KYC_DONE,False,True
USR84830,1,20573.97,1,0,0.0,0.0,20573.97,,,False
USR84834,1,17628.97,1,0,0.0,0.0,17628.97,,,False
USR84838,1,278.37,1,0,0.0,0.0,278.37,VERIFIED,False,True
USR84839,1,22649.74,1,0,0.0,0.0,22649.74,,,False
USR84842,1,10945.57,1,0,0.0,0.0,10945.57,,,False
USR84843,2,30734.989999999998,2,0,0.0,0.0,15367.494999999999,VERIFIED,False,True
USR84844,3,55934.759999999995,2,1,0.0,0.0,18644.92,VERIFIED,False,True
USR84847,2,5129.1,1,0,0.0,0.0,2564.55,UNDER REVIEW,False,True
USR84852,2,1494.54,1,1,0.0,0.0,747.27,,,False
USR84853,1,7543.0,1,0,0.0,0.0,7543.0,,,False
USR84861,1,-1994.37,1,0,0.0,0.0,-1994.37,,,False
USR84867,1,6722.0,1,0,0.0,0.0,6722.0,VERIFIED,False,True
USR84869,1,18769.22,1,0,1.0,963.14,18769.22,VERIFIED,True,True
USR84870,2,32608.48,2,0,0.0,0.0,16304.24,,,False
USR84873,3,45855.119999999995,3,0,0.0,0.0,15285.039999999999,,,False
USR84875,1,1383.29,1,0,1.0,6485.64,1383.29,,,False
USR84878,2,28875.670000000002,2,0,0.0,0.0,14437.835000000001,,,False
USR84879,1,9835.49,1,0,0.0,0.0,9835.49,,,False
USR84883,2,14138.730000000001,2,0,2.0,1942.2199999999998,7069.365000000001,,,False
USR84897,1,11143.49,1,0,0.0,0.0,11143.49,PENDING,True,True
USR84900,1,9727.02,1,0,0.0,0.0,9727.02,VERIFIED,False,True
USR84906,1,24820.0,0,0,0.0,0.0,24820.0,,,False
USR84908,1,15754.17,1,0,0.0,0.0,15754.17,VERIFIED,False,True
USR84915,1,13303.01,0,0,1.0,3040.89,13303.01,VERIFIED,False,True
USR84917,1,5376.23,1,0,0.0,0.0,5376.23,VERIFIED,False,True
USR84923,1,10751.85,1,0,1.0,2501.0,10751.85,,,False
USR84925,1,7600.0,0,1,0.0,0.0,7600.0,,,False
USR84928,2,34068.369999999995,1,1,0.0,0.0,17034.184999999998,VERIFIED,False,True
USR84929,1,3649.26,1,0,0.0,0.0,3649.26,,,False
USR84934,1,15358.51,0,0,0.0,0.0,15358.51,,,False
USR84938,1,218.66,1,0,0.0,0.0,218.66,VERIFIED,False,True
USR84949,1,20961.59,1,0,0.0,0.0,20961.59,,,False
USR84956,1,12178.65,1,0,0.0,0.0,12178.65,KYC_DONE,False,True
USR84957,1,2144.36,1,0,0.0,0.0,2144.36,,,False
USR84958,1,6535.57,1,0,0.0,0.0,6535.57,,,False
USR84959,1,18559.36,0,1,0.0,0.0,18559.36,,,False
USR84961,2,37301.8,0,0,0.0,0.0,18650.9,VERIFIED,False,True
USR84965,1,21558.69,0,1,0.0,0.0,21558.69,,,False
USR84972,1,20712.68,1,0,0.0,0.0,20712.68,,,False
USR84978,1,15645.0,0,1,0.0,0.0,15645.0,,,False
USR84983,2,27897.71,2,0,0.0,0.0,13948.855,PENDING,False,True
USR84984,1,21704.87,1,0,0.0,0.0,21704.87,,,False
USR84994,1,14170.74,1,0,0.0,0.0,14170.74,,,False
USR84996,1,7613.0,1,0,0.0,0.0,7613.0,VERIFIED,True,True
USR85009,1,23773.71,1,0,0.0,0.0,23773.71,VERIFIED,False,True
USR85011,1,1638.0,1,0,0.0,0.0,1638.0,VERIFIED,True,True
USR85012,1,19941.16,1,0,0.0,0.0,19941.16,,,False
USR85025,2,3436.8900000000003,2,0,1.0,1638.0,1718.4450000000002,,,False
USR85028,2,25302.48,2,0,0.0,0.0,12651.24,UNDER REVIEW,False,True
USR85031,1,130.0,1,0,0.0,0.0,130.0,,,False
USR85041,1,13396.87,1,0,0.0,0.0,13396.87,,,False
USR85050,1,16419.86,1,0,0.0,0.0,16419.86,PENDING,False,True
USR85051,2,27858.969999999998,2,0,0.0,0.0,13929.484999999999,,,False
USR85053,1,2515.14,1,0,0.0,0.0,2515.14,,,False
USR85057,1,3894.75,1,0,0.0,0.0,3894.75,,,False
USR85059,1,17431.56,1,0,0.0,0.0,17431.56,,,False
USR85060,3,44031.119999999995,2,0,0.0,0.0,14677.039999999999,,,False
USR85062,1,7236.94,1,0,0.0,0.0,7236.94,VERIFIED,False,True
USR85063,1,18068.07,1,0,0.0,0.0,18068.07,VERIFIED,False,True
USR85065,1,9703.58,1,0,0.0,0.0,9703.58,VERIFIED,False,True
USR85066,1,4715.68,1,0,1.0,2449.38,4715.68,,,False
USR85069,1,24872.75,1,0,1.0,310.15,24872.75,VERIFIED,False,True
USR85076,1,24208.49,1,0,0.0,0.0,24208.49,,,False
USR85084,2,11150.64,2,0,0.0,0.0,5575.32,,,False
USR85085,1,769.63,1,0,0.0,0.0,769.63,,,False
USR85092,1,11152.71,1,0,0.0,0.0,11152.71,VERIFIED,True,True
USR85095,1,24452.67,0,1,1.0,728.13,24452.67,,,False
USR85100,1,22379.73,1,0,0.0,0.0,22379.73,,,False
USR85109,2,5820.67,2,0,0.0,0.0,2910.335,,,False
USR85115,1,3281.97,1,0,2.0,1235.1,3281.97,,,False
USR85121,1,23628.49,1,0,0.0,0.0,23628.49,,,False
USR85131,1,2222.09,1,0,0.0,0.0,2222.09,,,False
USR85135,1,14241.36,1,0,0.0,0.0,14241.36,,,False
USR85147,1,14845.38,1,0,0.0,0.0,14845.38,,,False
USR85148,1,11396.86,0,0,1.0,929.69,11396.86,,,False
USR85149,1,4379.22,0,1,1.0,875.81,4379.22,,,False
USR85156,1,16374.24,0,1,0.0,0.0,16374.24,UNDER REVIEW,False,True
USR85157,1,8626.23,1,0,0.0,0.0,8626.23,,,False
USR85161,1,341.9,1,0,0.0,0.0,341.9,,,False
USR85170,1,23576.79,1,0,1.0,-2138.06,23576.79,,,False
USR85185,1,15164.18,1,0,0.0,0.0,15164.18,VERIFIED,False,True
USR85189,1,1265.15,0,1,0.0,0.0,1265.15,,,False
USR85191,2,15690.27,2,0,0.0,0.0,7845.135,,,False
USR85192,1,635.38,1,0,0.0,0.0,635.38,,,False
USR85195,1,19791.04,1,0,0.0,0.0,19791.04,,,False
USR85214,1,9955.03,1,0,0.0,0.0,9955.03,,,False
USR85215,1,7178.3,1,0,0.0,0.0,7178.3,,,False
USR85217,1,2097.29,1,0,0.0,0.0,2097.29,,,False
USR85218,1,16743.59,1,0,0.0,0.0,16743.59,,,False
USR85221,1,8323.5,1,0,1.0,581.0,8323.5,,,False
USR85225,1,20451.0,1,0,0.0,0.0,20451.0,VERIFIED,False,True
USR85226,1,12668.78,1,0,0.0,0.0,12668.78,,,False
USR85229,1,1475.13,1,0,0.0,0.0,1475.13,,,False
USR85231,1,5226.56,1,0,1.0,5239.53,5226.56,VERIFIED,False,True
USR85233,2,18468.84,2,0,0.0,0.0,9234.42,,,False
USR85235,2,16935.41,2,0,0.0,0.0,8467.705,,,False
USR85246,3,21394.11,3,0,0.0,0.0,7131.37,VERIFIED,True,True
USR85247,1,12752.15,1,0,0.0,0.0,12752.15,VERIFIED,False,True
USR85257,1,23644.95,1,0,0.0,0.0,23644.95,,,False
USR85263,1,17920.95,1,0,0.0,0.0,17920.95,,,False
USR85265,1,8977.13,1,0,0.0,0.0,8977.13,VERIFIED,False,True
USR85268,1,15733.71,0,1,0.0,0.0,15733.71,VERIFIED,False,True
USR85269,1,24617.0,1,0,0.0,0.0,24617.0,,,False
USR85276,1,18467.0,0,0,0.0,0.0,18467.0,,,False
USR85279,1,8415.85,1,0,0.0,0.0,8415.85,,,False
USR85282,1,8568.46,1,0,0.0,0.0,8568.46,VERIFIED,False,True
USR85289,1,16847.0,1,0,0.0,0.0,16847.0,,,False
USR85292,1,10660.27,1,0,0.0,0.0,10660.27,KYC_DONE,False,True
USR85297,1,3736.89,1,0,0.0,0.0,3736.89,,,False
USR85301,1,7792.0,1,0,0.0,0.0,7792.0,,,False
USR85303,1,7841.06,1,0,0.0,0.0,7841.06,,,False
USR85310,1,23841.28,1,0,0.0,0.0,23841.28,REJECTED,False,True
USR85311,1,6376.42,0,1,0.0,0.0,6376.42,,,False
USR85313,1,9170.11,1,0,0.0,0.0,9170.11,,,False
USR85318,1,20787.58,1,0,0.0,0.0,20787.58,VERIFIED,False,True
USR85324,1,9710.37,0,0,0.0,0.0,9710.37,,,False
USR85332,1,17707.22,0,1,0.0,0.0,17707.22,REJECTED,False,True
USR85333,1,12358.2,1,0,0.0,0.0,12358.2,,,False
USR85334,1,20229.0,1,0,0.0,0.0,20229.0,,,False
USR85342,1,17439.81,1,0,0.0,0.0,17439.81,REJECTED,False,True
USR85344,1,6556.77,1,0,0.0,0.0,6556.77,,,False
USR85354,1,15411.13,1,0,1.0,1513.85,15411.13,,,False
USR85355,1,4324.0,0,1,0.0,0.0,4324.0,,,False
USR85356,1,1567.0,1,0,0.0,0.0,1567.0,UNDER REVIEW,True,True
USR85360,1,17158.97,1,0,0.0,0.0,17158.97,,,False
USR85362,1,14514.65,1,0,0.0,0.0,14514.65,,,False
USR85370,1,6596.15,1,0,0.0,0.0,6596.15,,,False
USR85375,1,11468.49,1,0,0.0,0.0,11468.49,VERIFIED,False,True
USR85377,1,11486.4,1,0,0.0,0.0,11486.4,KYC_DONE,True,True
USR85381,1,16516.71,1,0,0.0,0.0,16516.71,KYC_DONE,False,True
USR85383,1,5805.21,1,0,0.0,0.0,5805.21,VERIFIED,False,True
USR85384,1,9920.13,1,0,0.0,0.0,9920.13,,,False
USR85395,1,15819.22,1,0,0.0,0.0,15819.22,,,False
USR85396,1,12907.95,1,0,0.0,0.0,12907.95,,,False
USR85411,1,15076.69,1,0,0.0,0.0,15076.69,,,False
USR85414,1,22627.9,1,0,0.0,0.0,22627.9,KYC_DONE,False,True
USR85423,1,16948.55,1,0,0.0,0.0,16948.55,,,False
USR85424,1,13153.4,1,0,0.0,0.0,13153.4,VERIFIED,False,True
USR85426,1,15051.02,1,0,0.0,0.0,15051.02,,,False
USR85427,1,21935.0,1,0,0.0,0.0,21935.0,,,False
USR85429,1,14412.0,1,0,0.0,0.0,14412.0,KYC_DONE,False,True
USR85431,1,6690.77,1,0,0.0,0.0,6690.77,VERIFIED,False,True
USR85435,1,14350.83,1,0,0.0,0.0,14350.83,,,False
USR85436,1,9614.63,0,1,0.0,0.0,9614.63,,,False
USR85442,1,24561.36,1,0,1.0,4825.86,24561.36,VERIFIED,True,True
USR85443,1,17318.41,1,0,0.0,0.0,17318.41,,,False
USR85444,1,4750.51,0,0,0.0,0.0,4750.51,,,False
USR85446,1,15835.75,1,0,0.0,0.0,15835.75,,,False
USR85447,1,20528.0,1,0,0.0,0.0,20528.0,UNDER REVIEW,False,True
USR85448,1,7623.93,0,1,0.0,0.0,7623.93,,,False
USR85454,2,39992.42,2,0,0.0,0.0,19996.21,,,False
USR85459,2,2010.05,2,0,0.0,0.0,1005.025,VERIFIED,False,True
USR85460,1,1784.9,0,1,0.0,0.0,1784.9,,,False
USR85464,1,9199.04,1,0,0.0,0.0,9199.04,,,False
USR85478,1,9163.92,0,0,0.0,0.0,9163.92,VERIFIED,True,True
USR85481,1,4903.67,0,1,0.0,0.0,4903.67,VERIFIED,True,True
USR85486,1,-9896.48,1,0,0.0,0.0,-9896.48,,,False
USR85491,1,927.84,1,0,1.0,11124.0,927.84,,,False
USR85492,1,-13722.86,1,0,0.0,0.0,-13722.86,,,False
USR85504,1,5195.71,1,0,0.0,0.0,5195.71,,,False
USR85511,1,4115.27,0,1,0.0,0.0,4115.27,,,False
USR85526,1,4638.73,1,0,0.0,0.0,4638.73,,,False
USR85527,1,23866.39,1,0,1.0,11523.08,23866.39,,,False
USR85531,1,17368.61,1,0,0.0,0.0,17368.61,,,False
USR85547,1,7279.01,1,0,0.0,0.0,7279.01,,,False
USR85551,1,10887.2,1,0,0.0,0.0,10887.2,,,False
USR85553,1,21399.57,1,0,0.0,0.0,21399.57,,,False
USR85554,1,13313.0,1,0,0.0,0.0,13313.0,,,False
USR85557,1,18060.68,0,0,0.0,0.0,18060.68,REJECTED,False,True
USR85569,2,3801.2599999999984,2,0,0.0,0.0,1900.6299999999992,,,False
USR85573,1,20342.76,1,0,0.0,0.0,20342.76,,,False
USR85574,1,19802.56,1,0,0.0,0.0,19802.56,,,False
USR85577,1,24930.9,1,0,0.0,0.0,24930.9,VERIFIED,False,True
USR85578,1,9432.58,1,0,0.0,0.0,9432.58,,,False
USR85582,1,3468.56,1,0,1.0,4124.85,3468.56,VERIFIED,False,True
USR85583,1,22497.2,1,0,0.0,0.0,22497.2,,,False
USR85588,1,9427.9,1,0,0.0,0.0,9427.9,REJECTED,False,True
USR85597,1,9824.34,1,0,0.0,0.0,9824.34,,,False
USR85599,1,-9084.68,1,0,0.0,0.0,-9084.68,,,False
USR85602,1,15708.88,1,0,0.0,0.0,15708.88,,,False
USR85605,1,6982.42,1,0,0.0,0.0,6982.42,,,False
USR85609,1,4098.96,1,0,0.0,0.0,4098.96,,,False
USR85610,1,16474.28,1,0,0.0,0.0,16474.28,,,False
USR85623,1,12959.96,1,0,0.0,0.0,12959.96,,,False
USR85631,1,18071.22,1,0,0.0,0.0,18071.22,,,False
USR85634,1,12503.98,1,0,0.0,0.0,12503.98,VERIFIED,False,True
USR85638,1,9067.87,1,0,0.0,0.0,9067.87,VERIFIED,False,True
USR85640,1,18848.0,1,0,0.0,0.0,18848.0,,,False
USR85644,1,13485.37,1,0,0.0,0.0,13485.37,,,False
USR85650,2,19672.52,2,0,0.0,0.0,9836.26,,,False
USR85653,1,15906.0,0,1,0.0,0.0,15906.0,,,False
USR85654,1,12434.4,0,1,0.0,0.0,12434.4,VERIFIED,False,True
USR85657,1,1132.33,1,0,0.0,0.0,1132.33,,,False
USR85664,1,24820.17,0,1,0.0,0.0,24820.17,,,False
USR85668,1,22600.5,1,0,0.0,0.0,22600.5,,,False
USR85669,1,24096.0,1,0,0.0,0.0,24096.0,,,False
USR85672,1,24712.69,1,0,0.0,0.0,24712.69,,,False
USR85675,1,3017.89,1,0,1.0,1385.0,3017.89,VERIFIED,False,True
USR85686,1,14785.0,1,0,0.0,0.0,14785.0,,,False
USR85690,1,6020.88,1,0,0.0,0.0,6020.88,,,False
USR85692,1,19872.33,1,0,0.0,0.0,19872.33,VERIFIED,True,True
USR85703,1,2826.32,1,0,0.0,0.0,2826.32,,,False
USR85706,1,9005.74,1,0,0.0,0.0,9005.74,,,False
USR85707,2,21096.690000000002,1,1,0.0,0.0,10548.345000000001,,,False
USR85708,2,25096.38,2,0,0.0,0.0,12548.19,VERIFIED,True,True
USR85709,1,24049.68,1,0,0.0,0.0,24049.68,KYC_DONE,False,True
USR85721,1,6596.69,1,0,0.0,0.0,6596.69,,,False
USR85726,1,21027.28,1,0,1.0,509.0,21027.28,,,False
USR85727,1,16074.16,1,0,0.0,0.0,16074.16,,,False
USR85738,1,11187.35,1,0,0.0,0.0,11187.35,VERIFIED,True,True
USR85743,1,18266.26,1,0,0.0,0.0,18266.26,,,False
USR85744,1,1263.1,1,0,0.0,0.0,1263.1,,,False
USR85747,1,6015.24,1,0,0.0,0.0,6015.24,,,False
USR85756,1,19021.38,1,0,0.0,0.0,19021.38,VERIFIED,True,True
USR85768,1,8096.2,1,0,0.0,0.0,8096.2,,,False
USR85769,1,20791.03,1,0,0.0,0.0,20791.03,REJECT,False,True
USR85773,1,8560.11,1,0,0.0,0.0,8560.11,VERIFIED,False,True
USR85775,1,24733.44,1,0,0.0,0.0,24733.44,,,False
USR85779,1,9520.35,1,0,0.0,0.0,9520.35,REJECTED,True,True
USR85783,1,19826.91,1,0,0.0,0.0,19826.91,,,False
USR85784,1,1722.46,1,0,0.0,0.0,1722.46,,,False
USR85788,1,20821.15,1,0,0.0,0.0,20821.15,,,False
USR85799,1,7765.95,0,1,0.0,0.0,7765.95,,,False
USR85801,1,5382.97,1,0,0.0,0.0,5382.97,,,False
USR85803,1,20533.04,1,0,0.0,0.0,20533.04,,,False
USR85804,1,-3807.54,0,0,0.0,0.0,-3807.54,,,False
USR85810,1,17213.0,1,0,0.0,0.0,17213.0,VERIFIED,False,True
USR85811,1,11929.43,1,0,0.0,0.0,11929.43,,,False
USR85825,1,10206.27,1,0,0.0,0.0,10206.27,KYC_DONE,False,True
USR85836,1,20899.74,1,0,0.0,0.0,20899.74,UNDER REVIEW,True,True
USR85837,2,19585.5,1,1,0.0,0.0,9792.75,,,False
USR85850,1,17578.44,1,0,0.0,0.0,17578.44,,,False
USR85861,1,22017.46,1,0,0.0,0.0,22017.46,,,False
USR85865,1,12963.95,1,0,0.0,0.0,12963.95,VERIFIED,False,True
USR85885,1,22174.25,1,0,0.0,0.0,22174.25,,,False
USR85887,1,13440.05,1,0,1.0,1760.95,13440.05,,,False
USR85891,1,8457.68,1,0,0.0,0.0,8457.68,,,False
USR85892,1,23621.44,0,1,0.0,0.0,23621.44,,,False
USR85909,1,14141.15,1,0,1.0,1755.45,14141.15,,,False
USR85925,1,16797.76,0,1,0.0,0.0,16797.76,VERIFIED,True,True
USR85926,2,12417.99,2,0,0.0,0.0,6208.995,PENDING,False,True
USR85927,2,35560.84,1,1,0.0,0.0,17780.42,,,False
USR85929,1,387.54,1,0,0.0,0.0,387.54,,,False
USR85934,1,2622.82,0,1,0.0,0.0,2622.82,,,False
USR85938,2,29011.45,2,0,1.0,-570.66,14505.725,,,False
USR85941,1,14983.94,0,0,0.0,0.0,14983.94,PENDING,False,True
USR85949,1,14781.47,1,0,0.0,0.0,14781.47,,,False
USR85950,2,38246.42,2,0,0.0,0.0,19123.21,,,False
USR85963,1,3451.83,1,0,0.0,0.0,3451.83,VERIFIED,False,True
USR85964,1,3338.22,0,0,0.0,0.0,3338.22,VERIFIED,True,True
USR85966,1,13631.63,1,0,0.0,0.0,13631.63,VERIFIED,False,True
USR85972,1,18486.01,1,0,0.0,0.0,18486.01,PENDING,True,True
USR85974,1,8211.21,1,0,0.0,0.0,8211.21,VERIFIED,False,True
USR85975,1,16954.73,1,0,0.0,0.0,16954.73,,,False
USR85992,1,22043.0,1,0,0.0,0.0,22043.0,VERIFIED,True,True
USR85993,1,8495.73,1,0,0.0,0.0,8495.73,,,False
USR85997,1,5813.0,1,0,0.0,0.0,5813.0,,,False
USR86008,1,10622.84,1,0,0.0,0.0,10622.84,VERIFIED,False,True
USR86021,1,4070.84,1,0,0.0,0.0,4070.84,,,False
USR86036,1,17966.0,1,0,0.0,0.0,17966.0,,,False
USR86037,1,8659.03,1,0,0.0,0.0,8659.03,PENDING,True,True
USR86042,1,5294.09,1,0,0.0,0.0,5294.09,VERIFIED,False,True
USR86044,1,10747.54,1,0,0.0,0.0,10747.54,,,False
USR86048,1,4005.4,1,0,0.0,0.0,4005.4,,,False
USR86049,1,17413.78,0,0,0.0,0.0,17413.78,,,False
USR86050,1,6440.98,1,0,1.0,4980.8,6440.98,KYC_DONE,False,True
USR86055,1,12661.23,1,0,0.0,0.0,12661.23,,,False
USR86069,1,7034.04,1,0,0.0,0.0,7034.04,,,False
USR86095,1,24748.14,1,0,0.0,0.0,24748.14,,,False
USR86097,1,12846.18,1,0,0.0,0.0,12846.18,,,False
USR86100,1,22790.81,1,0,0.0,0.0,22790.81,VERIFIED,True,True
USR86108,1,870.44,1,0,1.0,1679.19,870.44,,,False
USR86115,1,1671.6,1,0,0.0,0.0,1671.6,VERIFIED,False,True
USR86118,1,5994.22,1,0,0.0,0.0,5994.22,,,False
USR86121,1,19826.63,1,0,1.0,180.66,19826.63,,,False
USR86124,1,2049.97,1,0,0.0,0.0,2049.97,,,False
USR86132,1,24602.4,1,0,0.0,0.0,24602.4,VERIFIED,False,True
USR86139,2,28331.91,2,0,1.0,3042.0,14165.955,,,False
USR86142,2,16260.07,2,0,0.0,0.0,8130.035,,,False
USR86149,1,1254.03,1,0,0.0,0.0,1254.03,,,False
USR86156,1,4527.59,1,0,0.0,0.0,4527.59,VERIFIED,False,True
USR86157,1,4935.68,1,0,0.0,0.0,4935.68,VERIFIED,True,True
USR86159,1,13245.82,1,0,0.0,0.0,13245.82,VERIFIED,False,True
USR86180,1,2209.27,1,0,0.0,0.0,2209.27,,,False
USR86188,1,5205.08,1,0,0.0,0.0,5205.08,,,False
USR86199,1,6753.14,0,1,0.0,0.0,6753.14,VERIFIED,False,True
USR86205,1,8160.99,1,0,0.0,0.0,8160.99,VERIFIED,True,True
USR86210,1,23757.6,1,0,0.0,0.0,23757.6,,,False
USR86215,1,878.21,1,0,0.0,0.0,878.21,PENDING,False,True
USR86221,2,36250.850000000006,2,0,0.0,0.0,18125.425000000003,,,False
USR86225,1,16988.42,1,0,0.0,0.0,16988.42,VERIFIED,False,True
USR86226,1,5044.52,0,1,1.0,3450.0,5044.52,KYC_DONE,False,True
USR86229,1,9946.0,1,0,0.0,0.0,9946.0,UNDER REVIEW,True,True
USR86232,1,22625.37,1,0,0.0,0.0,22625.37,,,False
USR86236,1,10687.77,1,0,0.0,0.0,10687.77,VERIFIED,True,True
USR86246,1,571.51,0,1,1.0,486.0,571.51,VERIFIED,False,True
USR86247,1,9684.39,1,0,0.0,0.0,9684.39,VERIFIED,False,True
USR86251,1,5868.3,0,0,0.0,0.0,5868.3,,,False
USR86253,2,37564.82,2,0,0.0,0.0,18782.41,KYC_DONE,False,True
USR86262,1,12136.48,1,0,0.0,0.0,12136.48,,,False
USR86263,1,12211.15,1,0,0.0,0.0,12211.15,,,False
USR86268,1,5774.0,1,0,0.0,0.0,5774.0,,,False
USR86269,1,22704.22,1,0,0.0,0.0,22704.22,,,False
USR86280,2,6164.97,2,0,0.0,0.0,3082.485,,,False
USR86284,2,-12574.78,1,1,1.0,1080.46,-6287.39,,,False
USR86289,1,24511.97,1,0,1.0,2546.9,24511.97,,,False
USR86298,1,17172.03,1,0,0.0,0.0,17172.03,,,False
USR86299,1,6721.37,0,1,0.0,0.0,6721.37,,,False
USR86313,1,8632.0,1,0,0.0,0.0,8632.0,,,False
USR86318,1,412.95,1,0,0.0,0.0,412.95,VERIFIED,False,True
USR86322,2,45831.88,2,0,1.0,1404.29,22915.94,,,False
USR86329,1,6621.01,1,0,0.0,0.0,6621.01,,,False
USR86344,1,13578.08,1,0,0.0,0.0,13578.08,,,False
USR86356,1,20460.83,1,0,0.0,0.0,20460.83,,,False
USR86357,1,13532.16,1,0,0.0,0.0,13532.16,PENDING,False,True
USR86358,1,17327.37,0,0,0.0,0.0,17327.37,,,False
USR86367,1,18706.56,1,0,0.0,0.0,18706.56,,,False
USR86368,1,18995.19,1,0,0.0,0.0,18995.19,,,False
USR86377,1,23279.64,1,0,0.0,0.0,23279.64,,,False
USR86380,1,10095.99,1,0,0.0,0.0,10095.99,VERIFIED,False,True
USR86382,1,2556.29,1,0,0.0,0.0,2556.29,VERIFIED,False,True
USR86386,1,15289.74,1,0,1.0,1089.6,15289.74,,,False
USR86393,1,6830.2,1,0,0.0,0.0,6830.2,,,False
USR86395,1,11782.36,1,0,0.0,0.0,11782.36,,,False
USR86397,2,5941.5,2,0,1.0,-4713.91,2970.75,VERIFIED,False,True
USR86399,1,12564.27,1,0,0.0,0.0,12564.27,,,False
USR86401,1,2595.84,1,0,0.0,0.0,2595.84,,,False
USR86410,1,8147.86,0,1,0.0,0.0,8147.86,,,False
USR86425,1,7307.43,1,0,0.0,0.0,7307.43,,,False
USR86426,1,17916.01,1,0,0.0,0.0,17916.01,,,False
USR86436,1,22738.0,1,0,0.0,0.0,22738.0,,,False
USR86439,1,839.36,0,1,0.0,0.0,839.36,,,False
USR86445,1,10609.03,1,0,0.0,0.0,10609.03,,,False
USR86454,1,21926.91,1,0,0.0,0.0,21926.91,PENDING,False,True
USR86459,2,17825.9,2,0,0.0,0.0,8912.95,,,False
USR86465,1,3612.56,0,1,0.0,0.0,3612.56,,,False
USR86466,1,456.78,1,0,1.0,1768.79,456.78,VERIFIED,True,True
USR86468,1,7150.0,1,0,0.0,0.0,7150.0,KYC_DONE,False,True
USR86473,1,15659.6,0,1,0.0,0.0,15659.6,,,False
USR86475,1,8008.29,1,0,0.0,0.0,8008.29,VERIFIED,True,True
USR86483,2,48198.270000000004,2,0,1.0,1098.78,24099.135000000002,,,False
USR86487,1,4827.83,1,0,0.0,0.0,4827.83,,,False
USR86489,2,18314.18,2,0,0.0,0.0,9157.09,,,False
USR86491,1,11173.4,1,0,1.0,0.0,11173.4,,,False
USR86500,1,21941.18,1,0,0.0,0.0,21941.18,PENDING,True,True
USR86510,1,7469.37,0,1,0.0,0.0,7469.37,,,False
USR86513,1,7740.0,1,0,0.0,0.0,7740.0,,,False
USR86520,1,3343.2,1,0,0.0,0.0,3343.2,,,False
USR86523,1,9616.0,0,1,0.0,0.0,9616.0,,,False
USR86530,1,20803.23,1,0,0.0,0.0,20803.23,,,False
USR86561,1,5375.25,1,0,0.0,0.0,5375.25,VERIFIED,False,True
USR86564,1,13271.9,1,0,0.0,0.0,13271.9,REJECT,False,True
USR86576,1,23139.96,1,0,0.0,0.0,23139.96,,,False
USR86577,1,20065.14,1,0,0.0,0.0,20065.14,,,False
USR86582,1,5217.51,0,1,0.0,0.0,5217.51,,,False
USR86586,1,7274.71,1,0,0.0,0.0,7274.71,,,False
USR86591,1,10880.16,1,0,0.0,0.0,10880.16,VERIFIED,False,True
USR86595,1,562.87,0,1,0.0,0.0,562.87,VERIFIED,False,True
USR86605,1,24161.0,1,0,0.0,0.0,24161.0,,,False
USR86608,1,15447.34,1,0,0.0,0.0,15447.34,VERIFIED,False,True
USR86610,1,567.32,1,0,0.0,0.0,567.32,,,False
USR86611,1,15638.69,1,0,0.0,0.0,15638.69,,,False
USR86613,1,2584.45,1,0,0.0,0.0,2584.45,,,False
USR86615,1,9809.28,1,0,0.0,0.0,9809.28,VERIFIED,True,True
USR86617,1,15086.03,1,0,0.0,0.0,15086.03,,,False
USR86618,1,20329.04,1,0,0.0,0.0,20329.04,,,False
USR86619,1,8762.41,0,0,1.0,4628.47,8762.41,,,False
USR86624,1,19351.78,1,0,0.0,0.0,19351.78,,,False
USR86631,1,6166.82,1,0,0.0,0.0,6166.82,VERIFIED,False,True
USR86639,1,21570.64,1,0,0.0,0.0,21570.64,PENDING,False,True
USR86648,2,32853.25,2,0,0.0,0.0,16426.625,KYC_DONE,True,True
USR86662,1,21640.77,0,0,0.0,0.0,21640.77,,,False
USR86665,1,8004.64,0,0,0.0,0.0,8004.64,,,False
USR86668,2,8119.68,1,0,0.0,0.0,4059.84,KYC_DONE,False,True
USR86671,1,22925.42,1,0,1.0,15548.64,22925.42,,,False
USR86674,1,13949.0,1,0,0.0,0.0,13949.0,,,False
USR86682,1,734.38,1,0,0.0,0.0,734.38,VERIFIED,False,True
USR86687,2,6589.470000000001,2,0,0.0,0.0,3294.7350000000006,,,False
USR86690,1,13989.46,1,0,0.0,0.0,13989.46,VERIFIED,False,True
USR86695,1,805.73,1,0,0.0,0.0,805.73,,,False
USR86696,1,22244.83,1,0,0.0,0.0,22244.83,,,False
USR86700,1,19855.42,1,0,0.0,0.0,19855.42,,,False
USR86701,1,13796.47,1,0,0.0,0.0,13796.47,,,False
USR86703,1,20890.03,1,0,0.0,0.0,20890.03,,,False
USR86704,1,10866.16,1,0,0.0,0.0,10866.16,VERIFIED,False,True
USR86706,1,15243.01,0,1,0.0,0.0,15243.01,,,False
USR86709,1,2341.6,0,1,0.0,0.0,2341.6,,,False
USR86710,1,13363.77,1,0,0.0,0.0,13363.77,KYC_DONE,False,True
USR86717,1,14979.0,1,0,0.0,0.0,14979.0,,,False
USR86741,1,12857.25,1,0,0.0,0.0,12857.25,,,False
USR86751,2,23715.670000000002,2,0,1.0,1283.33,11857.835000000001,,,False
USR86752,1,3681.58,1,0,1.0,15742.98,3681.58,,,False
USR86756,2,10630.51,2,0,0.0,0.0,5315.255,,,False
USR86758,2,33079.54,2,0,1.0,1719.63,16539.77,VERIFIED,False,True
USR86763,1,11062.92,1,0,0.0,0.0,11062.92,,,False
USR86765,1,2146.86,1,0,0.0,0.0,2146.86,,,False
USR86771,1,6377.26,1,0,0.0,0.0,6377.26,PENDING,True,True
USR86778,1,7376.84,1,0,0.0,0.0,7376.84,,,False
USR86779,1,6585.18,1,0,1.0,4022.0,6585.18,,,False
USR86786,1,15369.92,0,0,0.0,0.0,15369.92,VERIFIED,False,True
USR86787,1,193.75,1,0,0.0,0.0,193.75,,,False
USR86798,1,5806.36,0,1,0.0,0.0,5806.36,KYC_DONE,False,True
USR86802,1,11019.01,0,1,1.0,10469.4,11019.01,KYC_DONE,False,True
USR86807,1,17067.63,1,0,0.0,0.0,17067.63,,,False
USR86820,2,23281.89,1,1,0.0,0.0,11640.945,,,False
USR86823,1,10700.05,1,0,0.0,0.0,10700.05,VERIFIED,True,True
USR86826,1,22313.86,0,0,0.0,0.0,22313.86,VERIFIED,True,True
USR86830,1,17282.52,1,0,0.0,0.0,17282.52,KYC_DONE,False,True
USR86831,1,12786.77,1,0,0.0,0.0,12786.77,VERIFIED,False,True
USR86833,1,3095.01,1,0,0.0,0.0,3095.01,VERIFIED,True,True
USR86834,1,11473.63,1,0,0.0,0.0,11473.63,,,False
USR86850,1,5536.48,1,0,1.0,5099.0,5536.48,VERIFIED,False,True
USR86851,1,14816.41,0,0,0.0,0.0,14816.41,,,False
USR86854,1,12519.48,1,0,0.0,0.0,12519.48,,,False
USR86856,1,1565.47,1,0,0.0,0.0,1565.47,KYC_DONE,False,True
USR86858,1,19977.27,1,0,0.0,0.0,19977.27,,,False
USR86864,1,18155.02,1,0,0.0,0.0,18155.02,,,False
USR86865,1,12716.89,1,0,0.0,0.0,12716.89,UNDER REVIEW,False,True
USR86871,2,46958.25,1,1,0.0,0.0,23479.125,,,False
USR86873,1,5275.56,1,0,2.0,420.8499999999999,5275.56,,,False
USR86881,1,-16187.08,1,0,1.0,1946.37,-16187.08,,,False
USR86892,1,8227.54,0,1,0.0,0.0,8227.54,VERIFIED,False,True
USR86898,1,15038.18,1,0,0.0,0.0,15038.18,KYC_DONE,False,True
USR86899,1,6974.9,1,0,0.0,0.0,6974.9,,,False
USR86905,1,18278.58,1,0,0.0,0.0,18278.58,,,False
USR86907,1,6820.55,1,0,0.0,0.0,6820.55,,,False
USR86915,1,23419.0,1,0,0.0,0.0,23419.0,,,False
USR86916,1,23829.0,1,0,0.0,0.0,23829.0,,,False
USR86919,1,14951.52,1,0,0.0,0.0,14951.52,VERIFIED,True,True
USR86922,1,21917.5,1,0,0.0,0.0,21917.5,,,False
USR86923,1,10751.48,1,0,0.0,0.0,10751.48,UNDER REVIEW,False,True
USR86949,1,21712.95,1,0,0.0,0.0,21712.95,,,False
USR86953,1,-12576.06,1,0,0.0,0.0,-12576.06,KYC_DONE,False,True
USR86955,2,18642.059999999998,2,0,0.0,0.0,9321.029999999999,,,False
USR86957,1,20073.31,0,1,0.0,0.0,20073.31,,,False
USR86958,1,21510.15,1,0,0.0,0.0,21510.15,,,False
USR86969,1,6172.62,1,0,1.0,1526.62,6172.62,,,False
USR86980,1,13827.99,1,0,0.0,0.0,13827.99,PENDING,False,True
USR86989,1,7685.68,1,0,0.0,0.0,7685.68,,,False
USR86996,1,22234.55,1,0,0.0,0.0,22234.55,,,False
USR86997,1,14830.18,0,1,0.0,0.0,14830.18,,,False
USR87000,1,13330.39,1,0,0.0,0.0,13330.39,VERIFIED,False,True
USR87004,1,3041.36,1,0,0.0,0.0,3041.36,,,False
USR87010,1,16963.04,0,1,0.0,0.0,16963.04,,,False
USR87017,1,15175.0,1,0,0.0,0.0,15175.0,KYC_DONE,False,True
USR87019,1,12656.06,1,0,0.0,0.0,12656.06,,,False
USR87021,1,23461.16,1,0,0.0,0.0,23461.16,,,False
USR87022,1,21836.05,1,0,0.0,0.0,21836.05,VERIFIED,False,True
USR87024,1,1106.59,1,0,0.0,0.0,1106.59,VERIFIED,True,True
USR87025,1,11454.0,1,0,0.0,0.0,11454.0,VERIFIED,False,True
USR87027,1,4640.07,1,0,0.0,0.0,4640.07,KYC_DONE,False,True
USR87028,1,4619.63,1,0,1.0,733.59,4619.63,PENDING,False,True
USR87032,1,23749.38,1,0,0.0,0.0,23749.38,KYC_DONE,False,True
USR87037,1,8546.99,1,0,0.0,0.0,8546.99,PENDING,False,True
USR87038,1,18806.35,1,0,1.0,2128.78,18806.35,PENDING,False,True
USR87039,1,8804.11,1,0,0.0,0.0,8804.11,VERIFIED,False,True
USR87047,1,17468.0,1,0,0.0,0.0,17468.0,,,False
USR87048,1,11736.43,1,0,0.0,0.0,11736.43,KYC_DONE,False,True
USR87059,1,20324.4,1,0,0.0,0.0,20324.4,,,False
USR87068,1,16746.0,1,0,1.0,-3952.26,16746.0,,,False
USR87070,1,19659.88,1,0,0.0,0.0,19659.88,VERIFIED,False,True
USR87078,1,5532.74,1,0,0.0,0.0,5532.74,,,False
USR87080,1,8249.51,1,0,0.0,0.0,8249.51,VERIFIED,False,True
USR87085,1,17004.73,1,0,0.0,0.0,17004.73,KYC_DONE,False,True
USR87087,1,21471.76,1,0,1.0,8382.0,21471.76,,,False
USR87088,1,449.0,1,0,0.0,0.0,449.0,,,False
USR87096,1,2296.16,1,0,0.0,0.0,2296.16,,,False
USR87107,1,5678.66,0,1,0.0,0.0,5678.66,KYC_DONE,False,True
USR87110,1,20062.02,0,0,0.0,0.0,20062.02,,,False
USR87112,1,4789.0,1,0,0.0,0.0,4789.0,,,False
USR87113,1,2483.23,1,0,0.0,0.0,2483.23,VERIFIED,False,True
USR87116,1,4804.91,1,0,0.0,0.0,4804.91,,,False
USR87117,2,33085.18,2,0,0.0,0.0,16542.59,,,False
USR87120,1,21066.28,0,1,0.0,0.0,21066.28,VERIFIED,False,True
USR87121,1,6455.96,1,0,0.0,0.0,6455.96,,,False
USR87125,1,11056.42,1,0,0.0,0.0,11056.42,VERIFIED,False,True
USR87136,1,7289.43,1,0,1.0,1104.0,7289.43,,,False
USR87137,1,13355.56,1,0,0.0,0.0,13355.56,,,False
USR87141,1,4347.57,1,0,0.0,0.0,4347.57,VERIFIED,True,True
USR87144,1,1748.85,1,0,0.0,0.0,1748.85,VERIFIED,False,True
USR87150,1,13607.27,1,0,0.0,0.0,13607.27,,,False
USR87152,1,4164.72,1,0,0.0,0.0,4164.72,,,False
USR87153,1,4818.35,1,0,0.0,0.0,4818.35,,,False
USR87154,1,3522.0,1,0,0.0,0.0,3522.0,,,False
USR87159,1,3592.96,1,0,0.0,0.0,3592.96,VERIFIED,False,True
USR87162,2,22534.86,1,0,0.0,0.0,11267.43,,,False
USR87165,1,24995.13,0,0,0.0,0.0,24995.13,,,False
USR87167,1,15097.84,0,1,0.0,0.0,15097.84,,,False
USR87176,1,8888.69,1,0,1.0,1568.0,8888.69,,,False
USR87178,1,14706.91,1,0,0.0,0.0,14706.91,VERIFIED,False,True
USR87180,1,5388.94,1,0,0.0,0.0,5388.94,PENDING,False,True
USR87181,1,23664.63,1,0,0.0,0.0,23664.63,,,False
USR87183,1,9667.22,1,0,0.0,0.0,9667.22,VERIFIED,False,True
USR87189,1,1068.62,0,1,0.0,0.0,1068.62,VERIFIED,False,True
USR87193,1,20874.91,1,0,0.0,0.0,20874.91,,,False
USR87199,1,22726.93,1,0,0.0,0.0,22726.93,,,False
USR87200,1,10694.27,1,0,0.0,0.0,10694.27,,,False
USR87207,1,10202.5,0,1,0.0,0.0,10202.5,,,False
USR87212,1,13804.93,1,0,0.0,0.0,13804.93,,,False
USR87217,1,13111.13,1,0,0.0,0.0,13111.13,,,False
USR87221,1,23815.12,1,0,0.0,0.0,23815.12,,,False
USR87231,1,15666.32,1,0,0.0,0.0,15666.32,,,False
USR87237,1,19373.5,1,0,0.0,0.0,19373.5,,,False
USR87242,1,20111.0,0,1,0.0,0.0,20111.0,,,False
USR87243,1,14848.58,1,0,0.0,0.0,14848.58,,,False
USR87245,1,-18396.15,1,0,0.0,0.0,-18396.15,VERIFIED,False,True
USR87250,1,19092.51,1,0,0.0,0.0,19092.51,PENDING,False,True
USR87264,1,24406.02,1,0,0.0,0.0,24406.02,,,False
USR87265,1,12893.52,1,0,0.0,0.0,12893.52,,,False
USR87274,1,1011.08,1,0,0.0,0.0,1011.08,,,False
USR87275,1,16851.87,1,0,0.0,0.0,16851.87,,,False
USR87284,1,6441.56,0,1,0.0,0.0,6441.56,VERIFIED,False,True
USR87286,3,41820.350000000006,3,0,0.0,0.0,13940.116666666669,,,False
USR87289,1,12972.34,0,1,0.0,0.0,12972.34,VERIFIED,True,True
USR87291,1,17312.05,1,0,0.0,0.0,17312.05,,,False
USR87292,1,22456.61,0,1,0.0,0.0,22456.61,,,False
USR87303,1,24087.36,1,0,0.0,0.0,24087.36,,,False
USR87307,1,4421.44,1,0,0.0,0.0,4421.44,,,False
USR87317,1,20.25,1,0,0.0,0.0,20.25,,,False
USR87328,1,8920.34,1,0,0.0,0.0,8920.34,VERIFIED,False,True
USR87329,1,4670.65,0,1,0.0,0.0,4670.65,,,False
USR87333,1,7434.96,1,0,0.0,0.0,7434.96,,,False
USR87346,1,23421.19,1,0,0.0,0.0,23421.19,,,False
USR87348,1,21064.94,1,0,0.0,0.0,21064.94,,,False
USR87352,1,23270.0,1,0,0.0,0.0,23270.0,,,False
USR87355,1,10498.18,1,0,0.0,0.0,10498.18,VERIFIED,False,True
USR87360,1,-12294.95,1,0,0.0,0.0,-12294.95,,,False
USR87362,1,4223.36,1,0,0.0,0.0,4223.36,,,False
USR87363,1,1343.85,1,0,0.0,0.0,1343.85,,,False
USR87367,1,10053.45,0,0,0.0,0.0,10053.45,,,False
USR87370,1,10804.02,1,0,0.0,0.0,10804.02,KYC_DONE,True,True
USR87373,1,17990.04,1,0,0.0,0.0,17990.04,,,False
USR87374,2,30997.24,2,0,1.0,468.0,15498.62,,,False
USR87377,2,39204.73,2,0,0.0,0.0,19602.365,,,False
USR87379,1,12335.0,1,0,0.0,0.0,12335.0,,,False
USR87388,2,27078.82,2,0,0.0,0.0,13539.41,VERIFIED,False,True
USR87394,1,15759.67,1,0,0.0,0.0,15759.67,REJECTED,False,True
USR87395,1,23509.31,1,0,0.0,0.0,23509.31,,,False
USR87396,1,12995.1,1,0,0.0,0.0,12995.1,,,False
USR87399,1,4171.8,1,0,1.0,636.43,4171.8,VERIFIED,True,True
USR87402,1,19730.71,1,0,0.0,0.0,19730.71,,,False
USR87415,1,23330.49,1,0,1.0,486.96,23330.49,,,False
USR87417,1,8743.63,1,0,0.0,0.0,8743.63,,,False
USR87424,1,13506.24,1,0,0.0,0.0,13506.24,,,False
USR87428,1,22133.22,0,1,0.0,0.0,22133.22,,,False
USR87429,1,22205.9,1,0,0.0,0.0,22205.9,VERIFIED,False,True
USR87433,1,22736.64,1,0,0.0,0.0,22736.64,VERIFIED,True,True
USR87434,1,15017.94,1,0,0.0,0.0,15017.94,,,False
USR87435,2,8656.76,0,1,0.0,0.0,4328.38,,,False
USR87437,1,5350.69,0,0,0.0,0.0,5350.69,,,False
USR87438,1,19085.0,1,0,0.0,0.0,19085.0,,,False
USR87443,1,16303.85,1,0,0.0,0.0,16303.85,,,False
USR87444,1,24672.53,1,0,0.0,0.0,24672.53,,,False
USR87449,1,19507.51,1,0,0.0,0.0,19507.51,,,False
USR87454,1,9009.95,1,0,0.0,0.0,9009.95,VERIFIED,False,True
USR87460,2,-14500.580000000002,2,0,0.0,0.0,-7250.290000000001,,,False
USR87462,1,8363.24,1,0,0.0,0.0,8363.24,,,False
USR87465,1,18273.99,1,0,0.0,0.0,18273.99,UNDER REVIEW,True,True
USR87470,1,2920.4,0,1,0.0,0.0,2920.4,,,False
USR87471,1,20446.0,1,0,0.0,0.0,20446.0,,,False
USR87474,1,23424.58,1,0,0.0,0.0,23424.58,,,False
USR87477,1,8450.52,1,0,1.0,1912.26,8450.52,,,False
USR87481,1,21250.88,1,0,0.0,0.0,21250.88,PENDING,False,True
USR87483,1,2706.21,1,0,0.0,0.0,2706.21,,,False
USR87500,1,23506.45,1,0,0.0,0.0,23506.45,,,False
USR87505,1,14541.89,1,0,0.0,0.0,14541.89,,,False
USR87510,2,38564.369999999995,2,0,0.0,0.0,19282.184999999998,,,False
USR87516,1,23580.46,1,0,0.0,0.0,23580.46,,,False
USR87517,1,5680.25,1,0,0.0,0.0,5680.25,,,False
USR87518,1,14669.35,1,0,0.0,0.0,14669.35,,,False
USR87520,1,5279.84,1,0,0.0,0.0,5279.84,,,False
USR87526,1,12033.33,1,0,1.0,14279.05,12033.33,,,False
USR87527,1,21959.61,1,0,0.0,0.0,21959.61,,,False
USR87537,1,24485.7,1,0,0.0,0.0,24485.7,UNDER REVIEW,True,True
USR87538,1,24956.31,1,0,0.0,0.0,24956.31,PENDING,True,True
USR87539,1,10698.25,1,0,0.0,0.0,10698.25,,,False
USR87552,1,15878.53,0,1,0.0,0.0,15878.53,,,False
USR87553,1,24092.49,1,0,0.0,0.0,24092.49,,,False
USR87554,1,7701.0,1,0,0.0,0.0,7701.0,,,False
USR87559,1,1204.06,1,0,0.0,0.0,1204.06,,,False
USR87569,1,9223.99,1,0,0.0,0.0,9223.99,,,False
USR87579,1,17323.28,1,0,0.0,0.0,17323.28,VERIFIED,False,True
USR87583,1,3136.65,1,0,0.0,0.0,3136.65,VERIFIED,True,True
USR87591,1,15057.0,1,0,0.0,0.0,15057.0,,,False
USR87601,1,15336.03,1,0,0.0,0.0,15336.03,,,False
USR87607,1,16633.45,0,0,0.0,0.0,16633.45,,,False
USR87610,1,10737.1,0,1,1.0,-1201.31,10737.1,VERIFIED,False,True
USR87612,1,8668.91,1,0,0.0,0.0,8668.91,,,False
USR87614,1,7433.95,1,0,0.0,0.0,7433.95,,,False
USR87617,1,7139.1,1,0,0.0,0.0,7139.1,,,False
USR87623,1,1017.73,1,0,0.0,0.0,1017.73,,,False
USR87624,1,10850.27,1,0,0.0,0.0,10850.27,,,False
USR87626,1,4821.05,1,0,0.0,0.0,4821.05,,,False
USR87630,1,20822.9,1,0,0.0,0.0,20822.9,,,False
USR87635,1,22256.47,1,0,0.0,0.0,22256.47,VERIFIED,True,True
USR87638,2,36906.57,1,1,1.0,1899.73,18453.285,VERIFIED,False,True
USR87641,1,18334.62,1,0,0.0,0.0,18334.62,,,False
USR87642,1,21081.55,1,0,0.0,0.0,21081.55,,,False
USR87645,1,17570.45,0,0,0.0,0.0,17570.45,,,False
USR87646,1,6570.09,1,0,0.0,0.0,6570.09,VERIFIED,True,True
USR87650,1,22732.53,1,0,0.0,0.0,22732.53,,,False
USR87658,1,4873.54,1,0,0.0,0.0,4873.54,VERIFIED,True,True
USR87661,1,12681.02,1,0,0.0,0.0,12681.02,VERIFIED,False,True
USR87663,2,24419.82,2,0,0.0,0.0,12209.91,,,False
USR87667,1,15331.77,1,0,0.0,0.0,15331.77,KYC_DONE,False,True
USR87692,1,14648.6,1,0,0.0,0.0,14648.6,,,False
USR87704,1,8934.46,1,0,0.0,0.0,8934.46,,,False
USR87710,1,11527.85,1,0,0.0,0.0,11527.85,,,False
USR87717,2,28231.670000000002,1,0,0.0,0.0,14115.835000000001,,,False
USR87735,1,14426.83,1,0,0.0,0.0,14426.83,,,False
USR87736,1,4281.91,1,0,0.0,0.0,4281.91,,,False
USR87737,2,7967.84,2,0,0.0,0.0,3983.92,VERIFIED,False,True
USR87738,1,-21445.56,1,0,1.0,0.0,-21445.56,REJECTED,True,True
USR87746,1,24545.0,1,0,0.0,0.0,24545.0,,,False
USR87748,1,10325.0,1,0,0.0,0.0,10325.0,,,False
USR87759,1,2556.0,1,0,0.0,0.0,2556.0,,,False
USR87760,1,9496.05,1,0,0.0,0.0,9496.05,KYC_DONE,False,True
USR87767,2,8168.42,2,0,0.0,0.0,4084.21,,,False
USR87769,1,8119.55,1,0,0.0,0.0,8119.55,,,False
USR87771,1,9401.11,1,0,0.0,0.0,9401.11,,,False
USR87774,1,12037.14,1,0,0.0,0.0,12037.14,,,False
USR87780,2,14876.34,2,0,1.0,-969.45,7438.17,,,False
USR87781,1,16362.0,0,0,0.0,0.0,16362.0,VERIFIED,False,True
USR87784,1,-3179.33,1,0,0.0,0.0,-3179.33,,,False
USR87789,1,7146.63,1,0,0.0,0.0,7146.63,PENDING,False,True
USR87799,1,13273.46,1,0,0.0,0.0,13273.46,,,False
USR87801,1,4028.59,1,0,0.0,0.0,4028.59,,,False
USR87803,2,16654.85,2,0,0.0,0.0,8327.425,KYC_DONE,False,True
USR87808,1,15954.82,1,0,0.0,0.0,15954.82,,,False
USR87810,1,15446.19,1,0,0.0,0.0,15446.19,,,False
USR87814,1,18554.89,1,0,0.0,0.0,18554.89,REJECT,False,True
USR87817,1,14939.0,1,0,1.0,1074.0,14939.0,,,False
USR87820,1,12776.2,1,0,0.0,0.0,12776.2,,,False
USR87822,1,19200.76,1,0,0.0,0.0,19200.76,,,False
USR87823,1,6224.81,0,1,0.0,0.0,6224.81,,,False
USR87836,1,20169.0,1,0,0.0,0.0,20169.0,,,False
USR87837,1,13538.95,1,0,0.0,0.0,13538.95,,,False
USR87838,1,4223.48,1,0,0.0,0.0,4223.48,PENDING,False,True
USR87854,1,15278.41,1,0,0.0,0.0,15278.41,,,False
USR87856,1,22900.64,1,0,0.0,0.0,22900.64,,,False
USR87859,1,1669.75,1,0,0.0,0.0,1669.75,VERIFIED,True,True
USR87864,1,14145.47,0,1,0.0,0.0,14145.47,,,False
USR87865,1,19020.01,1,0,0.0,0.0,19020.01,UNDER REVIEW,False,True
USR87872,2,26102.9,1,0,0.0,0.0,13051.45,,,False
USR87879,1,460.54,1,0,0.0,0.0,460.54,,,False
USR87892,1,23314.84,0,1,0.0,0.0,23314.84,,,False
USR87904,1,21018.63,1,0,0.0,0.0,21018.63,REJECTED,False,True
USR87912,1,3195.94,1,0,0.0,0.0,3195.94,PENDING,False,True
USR87913,1,12751.25,1,0,0.0,0.0,12751.25,,,False
USR87915,2,39203.71,2,0,0.0,0.0,19601.855,,,False
USR87922,1,22426.99,1,0,0.0,0.0,22426.99,,,False
USR87928,1,9938.31,0,1,2.0,4032.1400000000003,9938.31,,,False
USR87929,1,8387.23,1,0,1.0,7271.24,8387.23,VERIFIED,True,True
USR87941,2,24112.0,2,0,1.0,91.6,12056.0,,,False
USR87945,1,17574.24,1,0,0.0,0.0,17574.24,,,False
USR87948,1,3182.13,1,0,0.0,0.0,3182.13,,,False
USR87969,2,34935.69,2,0,0.0,0.0,17467.845,VERIFIED,True,True
USR87970,1,21527.0,1,0,0.0,0.0,21527.0,,,False
USR87975,1,510.09,1,0,2.0,2111.05,510.09,,,False
USR87982,1,7023.08,1,0,0.0,0.0,7023.08,,,False
USR87988,1,-10808.61,1,0,0.0,0.0,-10808.61,VERIFIED,False,True
USR87989,1,10135.5,1,0,0.0,0.0,10135.5,,,False
USR87990,1,12037.95,1,0,0.0,0.0,12037.95,,,False
USR88003,1,3396.57,1,0,0.0,0.0,3396.57,VERIFIED,False,True
USR88005,1,10774.0,1,0,0.0,0.0,10774.0,VERIFIED,True,True
USR88011,1,20634.46,1,0,0.0,0.0,20634.46,,,False
USR88012,1,2529.11,1,0,0.0,0.0,2529.11,PENDING,False,True
USR88017,1,-23602.04,1,0,0.0,0.0,-23602.04,,,False
USR88018,1,13890.0,1,0,1.0,1352.13,13890.0,VERIFIED,True,True
USR88019,1,2495.55,1,0,0.0,0.0,2495.55,VERIFIED,False,True
USR88023,1,1399.58,1,0,0.0,0.0,1399.58,,,False
USR88025,1,5783.59,1,0,0.0,0.0,5783.59,,,False
USR88026,1,9695.28,1,0,0.0,0.0,9695.28,,,False
USR88027,1,11398.84,1,0,0.0,0.0,11398.84,,,False
USR88037,1,20518.68,0,1,0.0,0.0,20518.68,VERIFIED,False,True
USR88049,1,1186.06,1,0,0.0,0.0,1186.06,,,False
USR88052,1,21995.38,1,0,0.0,0.0,21995.38,,,False
USR88056,1,1818.69,1,0,0.0,0.0,1818.69,,,False
USR88063,1,17469.44,1,0,2.0,2641.73,17469.44,,,False
USR88069,1,16481.66,1,0,0.0,0.0,16481.66,VERIFIED,False,True
USR88077,1,10763.61,1,0,0.0,0.0,10763.61,,,False
USR88082,1,17681.37,1,0,0.0,0.0,17681.37,,,False
USR88086,1,5259.08,1,0,0.0,0.0,5259.08,,,False
USR88089,1,15459.27,1,0,1.0,979.0,15459.27,KYC_DONE,False,True
USR88091,1,20517.48,1,0,0.0,0.0,20517.48,,,False
USR88097,1,18092.28,1,0,0.0,0.0,18092.28,,,False
USR88103,1,3994.91,1,0,0.0,0.0,3994.91,,,False
USR88105,1,20223.37,1,0,0.0,0.0,20223.37,VERIFIED,False,True
USR88110,1,20932.63,1,0,0.0,0.0,20932.63,,,False
USR88111,1,24498.06,1,0,0.0,0.0,24498.06,,,False
USR88117,1,18935.0,1,0,0.0,0.0,18935.0,,,False
USR88119,1,1388.36,1,0,0.0,0.0,1388.36,,,False
USR88128,1,21701.0,1,0,1.0,1362.67,21701.0,,,False
USR88139,1,14353.64,1,0,0.0,0.0,14353.64,VERIFIED,False,True
USR88142,1,17923.76,1,0,1.0,8645.0,17923.76,,,False
USR88145,2,23925.14,2,0,0.0,0.0,11962.57,,,False
USR88153,1,8105.15,0,1,0.0,0.0,8105.15,,,False
USR88159,1,15366.34,1,0,0.0,0.0,15366.34,,,False
USR88161,1,6647.03,1,0,0.0,0.0,6647.03,,,False
USR88168,2,-2267.2300000000014,2,0,1.0,6620.7,-1133.6150000000007,VERIFIED,False,True
USR88176,1,11903.41,1,0,0.0,0.0,11903.41,,,False
USR88179,1,1400.41,1,0,0.0,0.0,1400.41,,,False
USR88195,1,12218.07,1,0,0.0,0.0,12218.07,KYC_DONE,False,True
USR88200,1,17342.13,1,0,0.0,0.0,17342.13,,,False
USR88206,1,5330.8,1,0,0.0,0.0,5330.8,VERIFIED,False,True
USR88208,1,3482.62,1,0,0.0,0.0,3482.62,,,False
USR88213,1,6020.97,1,0,0.0,0.0,6020.97,,,False
USR88215,1,16825.06,1,0,0.0,0.0,16825.06,,,False
USR88220,1,8607.58,0,0,0.0,0.0,8607.58,VERIFIED,False,True
USR88225,1,430.66,1,0,1.0,287.37,430.66,VERIFIED,False,True
USR88230,1,16140.35,1,0,0.0,0.0,16140.35,,,False
USR88232,1,17210.44,1,0,0.0,0.0,17210.44,VERIFIED,True,True
USR88241,1,5403.37,1,0,0.0,0.0,5403.37,,,False
USR88250,1,22308.64,0,1,0.0,0.0,22308.64,,,False
USR88258,1,6892.0,1,0,0.0,0.0,6892.0,,,False
USR88265,1,11058.17,1,0,0.0,0.0,11058.17,,,False
USR88275,1,3344.07,1,0,0.0,0.0,3344.07,,,False
USR88277,1,4322.92,1,0,2.0,1503.32,4322.92,,,False
USR88278,1,9089.71,1,0,0.0,0.0,9089.71,,,False
USR88280,1,19734.62,1,0,0.0,0.0,19734.62,,,False
USR88286,1,15771.0,1,0,0.0,0.0,15771.0,VERIFIED,True,True
USR88287,1,23976.51,1,0,0.0,0.0,23976.51,,,False
USR88296,1,11282.39,1,0,1.0,0.0,11282.39,,,False
USR88309,1,900.0,1,0,0.0,0.0,900.0,,,False
USR88323,2,14242.08,2,0,1.0,1238.72,7121.04,,,False
USR88326,1,3798.36,1,0,0.0,0.0,3798.36,,,False
USR88331,1,16819.49,1,0,0.0,0.0,16819.49,,,False
USR88333,1,19133.0,1,0,0.0,0.0,19133.0,VERIFIED,True,True
USR88341,1,1709.33,1,0,0.0,0.0,1709.33,,,False
USR88342,1,20556.35,1,0,0.0,0.0,20556.35,,,False
USR88343,1,11531.72,1,0,0.0,0.0,11531.72,VERIFIED,False,True
USR88346,2,29934.93,2,0,0.0,0.0,14967.465,,,False
USR88348,1,6659.53,1,0,0.0,0.0,6659.53,,,False
USR88349,1,9499.99,1,0,1.0,8722.75,9499.99,,,False
USR88354,1,14532.25,1,0,0.0,0.0,14532.25,VERIFIED,True,True
USR88356,1,6940.72,0,1,1.0,2995.87,6940.72,,,False
USR88361,3,16493.68,2,1,0.0,0.0,5497.893333333333,,,False
USR88364,1,478.07,1,0,0.0,0.0,478.07,,,False
USR88365,1,22399.4,0,1,0.0,0.0,22399.4,VERIFIED,False,True
USR88372,1,11550.54,0,1,1.0,-1520.53,11550.54,,,False
USR88374,1,18694.32,1,0,0.0,0.0,18694.32,VERIFIED,False,True
USR88377,1,6374.22,1,0,0.0,0.0,6374.22,,,False
USR88378,1,10042.53,1,0,0.0,0.0,10042.53,VERIFIED,False,True
USR88387,1,6046.01,1,0,0.0,0.0,6046.01,,,False
USR88398,1,16965.71,1,0,0.0,0.0,16965.71,,,False
USR88401,1,11997.71,1,0,0.0,0.0,11997.71,VERIFIED,False,True
USR88404,1,7599.99,1,0,0.0,0.0,7599.99,,,False
USR88409,2,16631.100000000002,2,0,1.0,2197.57,8315.550000000001,,,False
USR88410,1,20903.61,1,0,1.0,384.6,20903.61,VERIFIED,False,True
USR88411,1,21274.76,1,0,0.0,0.0,21274.76,,,False
USR88412,1,15153.86,1,0,0.0,0.0,15153.86,,,False
USR88415,1,5756.74,1,0,0.0,0.0,5756.74,,,False
USR88416,1,21869.42,0,0,0.0,0.0,21869.42,,,False
USR88419,1,21713.01,0,1,1.0,1585.45,21713.01,REJECTED,True,True
USR88421,1,6884.17,1,0,0.0,0.0,6884.17,PENDING,False,True
USR88423,1,15588.26,1,0,0.0,0.0,15588.26,,,False
USR88439,2,18496.199999999997,1,0,0.0,0.0,9248.099999999999,,,False
USR88447,1,6927.93,1,0,0.0,0.0,6927.93,,,False
USR88454,1,7520.16,1,0,0.0,0.0,7520.16,,,False
USR88478,2,9006.86,1,1,0.0,0.0,4503.43,,,False
USR88479,1,8705.06,1,0,0.0,0.0,8705.06,VERIFIED,False,True
USR88484,1,20904.58,1,0,0.0,0.0,20904.58,PENDING,False,True
USR88485,2,6532.21,2,0,0.0,0.0,3266.105,,,False
USR88487,1,13173.48,1,0,0.0,0.0,13173.48,,,False
USR88490,1,16663.52,1,0,0.0,0.0,16663.52,VERIFIED,True,True
USR88492,1,24802.0,1,0,0.0,0.0,24802.0,VERIFIED,True,True
USR88509,1,20644.52,0,0,0.0,0.0,20644.52,,,False
USR88512,1,24210.79,1,0,1.0,-344.33,24210.79,,,False
USR88518,1,13400.33,0,1,1.0,0.0,13400.33,REJECTED,False,True
USR88520,1,12453.74,1,0,0.0,0.0,12453.74,,,False
USR88522,2,20665.559999999998,1,1,0.0,0.0,10332.779999999999,,,False
USR88525,1,8137.03,1,0,0.0,0.0,8137.03,KYC_DONE,False,True
USR88526,1,17601.38,1,0,0.0,0.0,17601.38,KYC_DONE,False,True
USR88527,1,16668.0,1,0,0.0,0.0,16668.0,REJECTED,False,True
USR88534,1,10229.73,1,0,0.0,0.0,10229.73,PENDING,False,True
USR88539,1,2426.4,1,0,0.0,0.0,2426.4,,,False
USR88541,1,22267.76,1,0,0.0,0.0,22267.76,,,False
USR88544,1,17263.0,1,0,0.0,0.0,17263.0,VERIFIED,False,True
USR88549,1,2712.57,1,0,0.0,0.0,2712.57,,,False
USR88555,1,23752.0,1,0,0.0,0.0,23752.0,VERIFIED,False,True
USR88556,1,22711.78,1,0,0.0,0.0,22711.78,PENDING,False,True
USR88563,1,16589.48,1,0,0.0,0.0,16589.48,,,False
USR88569,1,17881.97,1,0,0.0,0.0,17881.97,,,False
USR88572,1,864.54,1,0,1.0,3936.04,864.54,,,False
USR88575,1,13050.0,1,0,1.0,0.0,13050.0,,,False
USR88576,2,33711.520000000004,2,0,0.0,0.0,16855.760000000002,,,False
USR88578,1,5946.77,1,0,2.0,-47.50999999999999,5946.77,,,False
USR88583,1,20508.13,1,0,1.0,-741.74,20508.13,VERIFIED,False,True
USR88586,1,9083.43,1,0,0.0,0.0,9083.43,,,False
USR88588,1,12206.62,1,0,0.0,0.0,12206.62,,,False
USR88602,1,15985.18,1,0,0.0,0.0,15985.18,,,False
USR88604,1,16761.3,0,1,0.0,0.0,16761.3,VERIFIED,False,True
USR88606,2,27891.69,2,0,0.0,0.0,13945.845,,,False
USR88614,2,31024.489999999998,2,0,0.0,0.0,15512.244999999999,,,False
USR88616,1,24814.62,1,0,0.0,0.0,24814.62,VERIFIED,False,True
USR88619,1,9370.0,1,0,0.0,0.0,9370.0,VERIFIED,False,True
USR88622,1,2150.75,1,0,0.0,0.0,2150.75,,,False
USR88624,1,20293.0,1,0,0.0,0.0,20293.0,,,False
USR88630,1,1669.47,1,0,0.0,0.0,1669.47,,,False
USR88636,1,3157.3,1,0,1.0,10111.0,3157.3,,,False
USR88644,1,5120.0,1,0,1.0,9956.85,5120.0,,,False
USR88648,1,24389.66,1,0,0.0,0.0,24389.66,,,False
USR88653,1,24933.04,1,0,0.0,0.0,24933.04,,,False
USR88654,2,27558.57,1,0,3.0,4857.21,13779.285,,,False
USR88655,1,7867.11,1,0,1.0,1017.31,7867.11,,,False
USR88659,1,14101.66,1,0,0.0,0.0,14101.66,,,False
USR88660,1,12821.24,1,0,0.0,0.0,12821.24,,,False
USR88661,1,12009.53,1,0,0.0,0.0,12009.53,VERIFIED,False,True
USR88669,1,11193.04,1,0,0.0,0.0,11193.04,,,False
USR88673,1,22031.51,1,0,0.0,0.0,22031.51,PENDING,False,True
USR88674,1,15331.56,0,1,0.0,0.0,15331.56,,,False
USR88675,1,14432.16,1,0,0.0,0.0,14432.16,,,False
USR88678,1,24645.52,1,0,0.0,0.0,24645.52,,,False
USR88683,1,3543.18,0,0,0.0,0.0,3543.18,,,False
USR88684,1,20335.0,1,0,0.0,0.0,20335.0,,,False
USR88688,1,24296.41,1,0,0.0,0.0,24296.41,,,False
USR88689,1,1202.87,1,0,0.0,0.0,1202.87,REJECTED,False,True
USR88694,1,17954.52,1,0,0.0,0.0,17954.52,UNDER REVIEW,False,True
USR88695,1,12064.21,0,0,1.0,1289.49,12064.21,,,False
USR88700,1,1057.46,1,0,0.0,0.0,1057.46,REJECTED,True,True
USR88704,1,20189.39,0,0,0.0,0.0,20189.39,,,False
USR88708,1,20115.92,1,0,0.0,0.0,20115.92,,,False
USR88724,1,22458.01,0,1,0.0,0.0,22458.01,,,False
USR88726,1,19322.38,1,0,0.0,0.0,19322.38,,,False
USR88733,1,12244.13,1,0,1.0,461.01,12244.13,,,False
USR88737,1,22438.75,1,0,1.0,0.0,22438.75,,,False
USR88738,1,18348.41,1,0,0.0,0.0,18348.41,,,False
USR88745,1,22925.3,1,0,0.0,0.0,22925.3,,,False
USR88746,1,18125.51,1,0,0.0,0.0,18125.51,KYC_DONE,False,True
USR88750,1,7652.01,1,0,0.0,0.0,7652.01,VERIFIED,False,True
USR88757,1,5069.53,1,0,0.0,0.0,5069.53,,,False
USR88764,1,11696.78,1,0,0.0,0.0,11696.78,VERIFIED,False,True
USR88765,2,31675.82,1,1,0.0,0.0,15837.91,,,False
USR88766,2,43566.53,2,0,0.0,0.0,21783.265,,,False
USR88768,1,20842.76,1,0,0.0,0.0,20842.76,,,False
USR88769,1,8587.32,1,0,0.0,0.0,8587.32,REJECTED,False,True
USR88777,1,6758.76,1,0,0.0,0.0,6758.76,PENDING,False,True
USR88785,1,1346.11,0,1,0.0,0.0,1346.11,,,False
USR88790,1,24890.82,1,0,0.0,0.0,24890.82,VERIFIED,False,True
USR88793,1,9382.27,1,0,0.0,0.0,9382.27,,,False
USR88819,1,2015.04,1,0,0.0,0.0,2015.04,,,False
USR88820,1,2952.6,1,0,1.0,3776.84,2952.6,VERIFIED,False,True
USR88823,1,6252.0,1,0,0.0,0.0,6252.0,VERIFIED,False,True
USR88829,1,12719.36,1,0,0.0,0.0,12719.36,,,False
USR88833,1,9318.0,1,0,0.0,0.0,9318.0,,,False
USR88840,1,15030.91,1,0,0.0,0.0,15030.91,,,False
USR88843,1,12029.51,0,1,0.0,0.0,12029.51,,,False
USR88846,1,9200.97,1,0,1.0,-12852.7,9200.97,,,False
USR88849,1,6066.42,1,0,0.0,0.0,6066.42,,,False
USR88854,1,13733.4,1,0,0.0,0.0,13733.4,,,False
USR88857,1,16778.6,1,0,0.0,0.0,16778.6,,,False
USR88860,1,12196.8,1,0,0.0,0.0,12196.8,,,False
USR88861,1,9521.78,1,0,1.0,2605.0,9521.78,VERIFIED,False,True
USR88871,1,17737.67,1,0,0.0,0.0,17737.67,,,False
USR88878,1,5865.78,1,0,0.0,0.0,5865.78,,,False
USR88880,1,6196.52,1,0,0.0,0.0,6196.52,,,False
USR88882,1,5216.09,0,1,0.0,0.0,5216.09,,,False
USR88895,1,10814.05,0,1,0.0,0.0,10814.05,VERIFIED,False,True
USR88897,2,35213.08,1,1,0.0,0.0,17606.54,VERIFIED,False,True
USR88900,1,20661.49,1,0,0.0,0.0,20661.49,,,False
USR88912,1,12018.48,0,1,0.0,0.0,12018.48,VERIFIED,False,True
USR88918,1,7587.46,0,1,0.0,0.0,7587.46,KYC_DONE,False,True
USR88921,1,1316.19,1,0,1.0,2598.82,1316.19,,,False
USR88925,1,9802.57,1,0,0.0,0.0,9802.57,,,False
USR88934,1,5905.16,0,1,0.0,0.0,5905.16,VERIFIED,False,True
USR88935,1,13697.42,1,0,0.0,0.0,13697.42,,,False
USR88941,1,10376.62,1,0,0.0,0.0,10376.62,,,False
USR88946,1,2516.98,1,0,1.0,537.48,2516.98,,,False
USR88950,1,18712.42,1,0,0.0,0.0,18712.42,,,False
USR88957,1,6748.05,1,0,0.0,0.0,6748.05,VERIFIED,False,True
USR88963,1,3188.29,1,0,0.0,0.0,3188.29,,,False
USR88966,1,10798.26,1,0,0.0,0.0,10798.26,,,False
USR88974,1,16034.0,1,0,0.0,0.0,16034.0,VERIFIED,False,True
USR88976,1,11357.36,1,0,0.0,0.0,11357.36,,,False
USR88983,1,10920.99,1,0,0.0,0.0,10920.99,,,False
USR88986,1,2900.72,1,0,0.0,0.0,2900.72,,,False
USR88987,1,17287.75,1,0,0.0,0.0,17287.75,VERIFIED,True,True
USR88988,1,21711.55,1,0,0.0,0.0,21711.55,PENDING,False,True
USR88994,1,22118.21,0,1,0.0,0.0,22118.21,,,False
USR89002,1,1911.77,1,0,0.0,0.0,1911.77,,,False
USR89005,1,23505.09,1,0,0.0,0.0,23505.09,,,False
USR89011,1,6976.21,1,0,0.0,0.0,6976.21,,,False
USR89024,1,4900.86,1,0,0.0,0.0,4900.86,KYC_DONE,False,True
USR89026,1,23806.98,0,0,0.0,0.0,23806.98,,,False
USR89034,1,11906.66,1,0,0.0,0.0,11906.66,PENDING,False,True
USR89040,1,2306.48,1,0,0.0,0.0,2306.48,,,False
USR89050,1,8955.62,1,0,1.0,701.39,8955.62,,,False
USR89052,1,24078.24,1,0,0.0,0.0,24078.24,PENDING,False,True
USR89057,1,6032.5,1,0,0.0,0.0,6032.5,,,False
USR89062,1,19971.0,1,0,0.0,0.0,19971.0,,,False
USR89069,1,7222.88,1,0,0.0,0.0,7222.88,,,False
USR89070,1,16374.65,1,0,0.0,0.0,16374.65,,,False
USR89071,1,11138.18,1,0,0.0,0.0,11138.18,,,False
USR89077,1,5031.33,1,0,0.0,0.0,5031.33,,,False
USR89082,1,22911.16,1,0,0.0,0.0,22911.16,,,False
USR89084,1,18416.02,1,0,0.0,0.0,18416.02,,,False
USR89087,1,18310.2,1,0,0.0,0.0,18310.2,,,False
USR89089,1,20823.07,1,0,0.0,0.0,20823.07,PENDING,False,True
USR89097,1,18875.62,1,0,0.0,0.0,18875.62,,,False
USR89098,1,8388.86,0,1,0.0,0.0,8388.86,,,False
USR89099,1,10678.0,1,0,0.0,0.0,10678.0,PENDING,False,True
USR89102,3,37078.84,3,0,0.0,0.0,12359.613333333333,,,False
USR89103,1,19083.53,1,0,1.0,3146.39,19083.53,,,False
USR89116,2,25529.059999999998,2,0,0.0,0.0,12764.529999999999,UNDER REVIEW,True,True
USR89117,1,6501.25,1,0,0.0,0.0,6501.25,,,False
USR89118,2,16516.29,1,1,0.0,0.0,8258.145,VERIFIED,True,True
USR89119,1,591.57,0,1,0.0,0.0,591.57,,,False
USR89121,1,17910.97,1,0,0.0,0.0,17910.97,,,False
USR89123,1,-8176.6,1,0,0.0,0.0,-8176.6,,,False
USR89127,1,18400.65,1,0,0.0,0.0,18400.65,VERIFIED,False,True
USR89128,2,30641.15,2,0,1.0,25463.16,15320.575,,,False
USR89133,1,7242.0,1,0,1.0,901.62,7242.0,,,False
USR89135,1,15425.08,1,0,0.0,0.0,15425.08,,,False
USR89142,1,16027.89,1,0,0.0,0.0,16027.89,VERIFIED,True,True
USR89150,1,4262.11,1,0,0.0,0.0,4262.11,,,False
USR89157,1,11882.0,1,0,0.0,0.0,11882.0,,,False
USR89165,1,22877.77,1,0,0.0,0.0,22877.77,,,False
USR89168,1,1593.74,1,0,0.0,0.0,1593.74,,,False
USR89179,1,18878.5,1,0,0.0,0.0,18878.5,,,False
USR89183,1,24181.69,1,0,1.0,754.9,24181.69,,,False
USR89184,1,22989.07,1,0,0.0,0.0,22989.07,KYC_DONE,False,True
USR89193,1,18626.68,1,0,0.0,0.0,18626.68,,,False
USR89194,1,18917.5,1,0,1.0,2193.93,18917.5,,,False
USR89195,1,9185.67,1,0,0.0,0.0,9185.67,REJECTED,False,True
USR89209,1,3041.4,1,0,0.0,0.0,3041.4,,,False
USR89218,1,5842.55,1,0,1.0,-5520.5,5842.55,,,False
USR89219,1,19847.51,1,0,0.0,0.0,19847.51,,,False
USR89220,1,11039.59,1,0,0.0,0.0,11039.59,VERIFIED,False,True
USR89234,2,24657.190000000002,1,1,0.0,0.0,12328.595000000001,,,False
USR89235,1,21288.6,1,0,0.0,0.0,21288.6,,,False
USR89244,2,32749.69,2,0,0.0,0.0,16374.845,,,False
USR89246,2,18676.15,2,0,0.0,0.0,9338.075,PENDING,False,True
USR89249,1,17457.06,1,0,0.0,0.0,17457.06,,,False
USR89252,1,-19676.88,0,1,0.0,0.0,-19676.88,PENDING,False,True
USR89253,1,6151.3,1,0,0.0,0.0,6151.3,,,False
USR89254,2,25798.53,2,0,1.0,4655.0,12899.265,VERIFIED,True,True
USR89260,1,22368.81,1,0,0.0,0.0,22368.81,VERIFIED,False,True
USR89262,1,3726.0,1,0,0.0,0.0,3726.0,,,False
USR89265,1,14482.45,0,1,0.0,0.0,14482.45,,,False
USR89266,1,23047.75,1,0,0.0,0.0,23047.75,VERIFIED,False,True
USR89268,1,20897.29,1,0,0.0,0.0,20897.29,VERIFIED,False,True
USR89276,1,11594.0,1,0,0.0,0.0,11594.0,,,False
USR89278,1,7298.65,1,0,0.0,0.0,7298.65,,,False
USR89281,1,21610.51,1,0,0.0,0.0,21610.51,,,False
USR89285,1,20300.44,1,0,0.0,0.0,20300.44,,,False
USR89287,1,20960.06,1,0,0.0,0.0,20960.06,VERIFIED,False,True
USR89289,1,18710.49,1,0,0.0,0.0,18710.49,UNDER REVIEW,False,True
USR89292,1,248.95,1,0,0.0,0.0,248.95,REJECTED,False,True
USR89295,1,10950.61,1,0,1.0,2302.66,10950.61,REJECTED,False,True
USR89300,1,15072.22,1,0,0.0,0.0,15072.22,,,False
USR89304,1,15305.86,0,0,0.0,0.0,15305.86,,,False
USR89305,1,23218.82,1,0,0.0,0.0,23218.82,,,False
USR89307,1,10625.61,1,0,1.0,4872.0,10625.61,,,False
USR89309,1,21898.32,1,0,0.0,0.0,21898.32,,,False
USR89311,1,13735.01,1,0,0.0,0.0,13735.01,REJECTED,False,True
USR89314,1,2986.31,1,0,0.0,0.0,2986.31,,,False
USR89320,1,4692.0,1,0,0.0,0.0,4692.0,,,False
USR89324,1,18664.03,1,0,0.0,0.0,18664.03,,,False
USR89325,2,23454.99,2,0,0.0,0.0,11727.495,,,False
USR89331,1,777.87,1,0,0.0,0.0,777.87,,,False
USR89332,1,12799.39,1,0,1.0,0.0,12799.39,VERIFIED,False,True
USR89337,1,18759.14,1,0,0.0,0.0,18759.14,,,False
USR89343,1,4450.83,0,1,1.0,2697.0,4450.83,VERIFIED,False,True
USR89344,1,9670.08,1,0,0.0,0.0,9670.08,,,False
USR89356,1,18401.03,1,0,0.0,0.0,18401.03,,,False
USR89358,2,48458.64,1,0,0.0,0.0,24229.32,,,False
USR89359,1,439.15,1,0,0.0,0.0,439.15,,,False
USR89362,1,568.0,1,0,0.0,0.0,568.0,,,False
USR89364,1,12953.83,1,0,0.0,0.0,12953.83,REJECT,False,True
USR89365,1,5507.31,1,0,0.0,0.0,5507.31,,,False
USR89366,1,10288.49,1,0,0.0,0.0,10288.49,,,False
USR89376,1,10191.12,0,1,0.0,0.0,10191.12,,,False
USR89387,1,14846.18,1,0,0.0,0.0,14846.18,,,False
USR89391,1,10050.61,1,0,0.0,0.0,10050.61,,,False
USR89408,1,23313.27,1,0,0.0,0.0,23313.27,,,False
USR89427,1,11076.0,1,0,0.0,0.0,11076.0,,,False
USR89429,1,5380.26,1,0,0.0,0.0,5380.26,VERIFIED,False,True
USR89431,1,14304.0,1,0,0.0,0.0,14304.0,,,False
USR89443,1,-18249.93,1,0,0.0,0.0,-18249.93,VERIFIED,True,True
USR89450,1,614.55,1,0,0.0,0.0,614.55,,,False
USR89451,1,16102.47,1,0,0.0,0.0,16102.47,,,False
USR89465,1,22250.22,1,0,0.0,0.0,22250.22,,,False
USR89466,1,22722.0,1,0,0.0,0.0,22722.0,KYC_DONE,False,True
USR89470,1,192.69,1,0,0.0,0.0,192.69,,,False
USR89478,1,16012.28,1,0,0.0,0.0,16012.28,,,False
USR89479,1,15697.65,1,0,0.0,0.0,15697.65,UNDER REVIEW,False,True
USR89482,1,7970.89,1,0,0.0,0.0,7970.89,,,False
USR89486,1,16122.18,1,0,0.0,0.0,16122.18,,,False
USR89489,1,16561.32,1,0,1.0,8967.32,16561.32,VERIFIED,False,True
USR89493,1,11070.01,1,0,0.0,0.0,11070.01,,,False
USR89494,1,11802.84,1,0,1.0,378.18,11802.84,VERIFIED,True,True
USR89499,1,14660.0,1,0,0.0,0.0,14660.0,,,False
USR89500,1,17735.93,1,0,1.0,318.65,17735.93,,,False
USR89502,1,16547.83,1,0,0.0,0.0,16547.83,,,False
USR89504,1,9063.71,1,0,1.0,16352.81,9063.71,,,False
USR89505,2,36613.54,2,0,0.0,0.0,18306.77,,,False
USR89506,1,18220.44,1,0,0.0,0.0,18220.44,,,False
USR89511,1,21287.11,1,0,0.0,0.0,21287.11,,,False
USR89513,1,22985.61,1,0,1.0,2379.68,22985.61,,,False
USR89514,1,19880.57,1,0,0.0,0.0,19880.57,,,False
USR89515,1,17481.48,0,0,1.0,576.0,17481.48,,,False
USR89520,1,17482.84,0,1,0.0,0.0,17482.84,,,False
USR89521,2,31021.04,1,0,0.0,0.0,15510.52,VERIFIED,False,True
USR89522,1,24693.18,1,0,0.0,0.0,24693.18,,,False
USR89525,1,10135.88,1,0,0.0,0.0,10135.88,,,False
USR89526,1,14174.48,1,0,0.0,0.0,14174.48,,,False
USR89527,1,-16961.98,1,0,0.0,0.0,-16961.98,UNDER REVIEW,False,True
USR89531,1,14970.48,1,0,0.0,0.0,14970.48,,,False
USR89536,1,700.52,1,0,0.0,0.0,700.52,,,False
USR89537,1,11144.09,1,0,0.0,0.0,11144.09,VERIFIED,False,True
USR89547,1,18788.07,1,0,0.0,0.0,18788.07,,,False
USR89551,1,14651.0,0,1,0.0,0.0,14651.0,PENDING,False,True
USR89555,1,7753.08,1,0,0.0,0.0,7753.08,,,False
USR89557,1,18530.61,1,0,1.0,454.0,18530.61,,,False
USR89576,1,4555.18,1,0,0.0,0.0,4555.18,,,False
USR89578,1,9202.5,1,0,1.0,766.0,9202.5,,,False
USR89588,1,23462.17,1,0,0.0,0.0,23462.17,,,False
USR89594,2,-4318.29,2,0,0.0,0.0,-2159.145,,,False
USR89596,1,14995.01,1,0,0.0,0.0,14995.01,,,False
USR89610,1,14654.55,1,0,0.0,0.0,14654.55,VERIFIED,False,True
USR89613,1,22030.92,0,0,0.0,0.0,22030.92,,,False
USR89616,2,21443.760000000002,2,0,0.0,0.0,10721.880000000001,REJECTED,False,True
USR89619,1,23303.64,0,1,1.0,1020.66,23303.64,,,False
USR89621,1,18590.13,1,0,0.0,0.0,18590.13,,,False
USR89622,1,6823.97,1,0,0.0,0.0,6823.97,KYC_DONE,False,True
USR89632,1,7287.82,1,0,0.0,0.0,7287.82,,,False
USR89635,1,22767.84,0,0,1.0,1512.0,22767.84,,,False
USR89641,1,24125.73,1,0,0.0,0.0,24125.73,,,False
USR89657,1,23678.44,1,0,0.0,0.0,23678.44,,,False
USR89666,1,10806.75,0,1,0.0,0.0,10806.75,,,False
USR89667,1,24528.78,1,0,0.0,0.0,24528.78,,,False
USR89669,1,15316.11,1,0,0.0,0.0,15316.11,,,False
USR89672,1,7138.74,1,0,0.0,0.0,7138.74,,,False
USR89681,1,15277.55,1,0,1.0,1407.0,15277.55,VERIFIED,True,True
USR89682,1,2945.0,0,1,0.0,0.0,2945.0,,,False
USR89683,1,18091.13,1,0,0.0,0.0,18091.13,,,False
USR89691,1,10101.24,1,0,2.0,3479.0899999999997,10101.24,KYC_DONE,False,True
USR89692,1,23276.4,1,0,0.0,0.0,23276.4,,,False
USR89702,1,24240.0,0,0,0.0,0.0,24240.0,KYC_DONE,True,True
USR89705,1,20560.86,0,1,0.0,0.0,20560.86,,,False
USR89707,1,2500.6,1,0,0.0,0.0,2500.6,,,False
USR89717,1,6750.23,1,0,0.0,0.0,6750.23,,,False
USR89723,1,16737.94,1,0,1.0,-2100.66,16737.94,,,False
USR89726,2,44159.770000000004,0,2,0.0,0.0,22079.885000000002,,,False
USR89731,1,13535.1,1,0,1.0,848.3,13535.1,,,False
USR89732,1,21873.3,1,0,0.0,0.0,21873.3,REJECTED,True,True
USR89746,1,2331.56,1,0,0.0,0.0,2331.56,,,False
USR89748,1,2286.2,0,0,0.0,0.0,2286.2,,,False
USR89760,2,28888.93,2,0,1.0,2260.38,14444.465,,,False
USR89761,1,17674.0,1,0,0.0,0.0,17674.0,REJECT,False,True
USR89764,1,18265.56,1,0,0.0,0.0,18265.56,VERIFIED,True,True
USR89771,1,8172.28,1,0,0.0,0.0,8172.28,,,False
USR89774,1,19136.0,1,0,0.0,0.0,19136.0,VERIFIED,False,True
USR89775,1,3725.08,0,0,0.0,0.0,3725.08,REJECTED,False,True
USR89777,1,23693.84,1,0,1.0,8304.41,23693.84,,,False
USR89783,1,2460.13,0,0,1.0,7272.77,2460.13,,,False
USR89785,1,11718.99,1,0,0.0,0.0,11718.99,,,False
USR89791,1,5260.58,0,1,0.0,0.0,5260.58,,,False
USR89793,2,-19654.42,2,0,0.0,0.0,-9827.21,,,False
USR89796,1,9628.14,1,0,0.0,0.0,9628.14,PENDING,False,True
USR89800,1,11389.64,1,0,1.0,2538.07,11389.64,VERIFIED,False,True
USR89803,1,2607.94,1,0,0.0,0.0,2607.94,,,False
USR89807,1,-2385.46,1,0,0.0,0.0,-2385.46,VERIFIED,False,True
USR89813,1,22225.9,1,0,0.0,0.0,22225.9,,,False
USR89814,1,4504.41,1,0,0.0,0.0,4504.41,,,False
USR89816,1,22795.0,1,0,0.0,0.0,22795.0,REJECT,False,True
USR89817,1,19581.17,1,0,0.0,0.0,19581.17,,,False
USR89818,1,8442.98,1,0,0.0,0.0,8442.98,,,False
USR89821,1,8483.8,1,0,0.0,0.0,8483.8,VERIFIED,True,True
USR89840,1,4471.83,1,0,0.0,0.0,4471.83,,,False
USR89848,1,7316.39,1,0,0.0,0.0,7316.39,,,False
USR89849,1,24705.21,1,0,0.0,0.0,24705.21,VERIFIED,False,True
USR89864,1,1418.82,0,1,0.0,0.0,1418.82,,,False
USR89868,1,13466.51,1,0,0.0,0.0,13466.51,,,False
USR89869,1,18653.66,1,0,1.0,0.0,18653.66,,,False
USR89873,1,19691.0,1,0,0.0,0.0,19691.0,,,False
USR89874,1,514.67,1,0,0.0,0.0,514.67,,,False
USR89875,1,22657.58,1,0,0.0,0.0,22657.58,PENDING,True,True
USR89876,2,3820.7799999999997,2,0,1.0,1508.23,1910.3899999999999,,,False
USR89877,1,19845.0,1,0,0.0,0.0,19845.0,,,False
USR89886,1,16898.53,1,0,1.0,767.56,16898.53,,,False
USR89888,1,2115.92,1,0,0.0,0.0,2115.92,VERIFIED,False,True
USR89891,1,9030.74,1,0,1.0,0.0,9030.74,,,False
USR89900,2,32973.46,2,0,0.0,0.0,16486.73,,,False
USR89902,1,5670.78,1,0,1.0,5758.61,5670.78,,,False
USR89905,1,3624.26,0,1,1.0,13142.13,3624.26,,,False
USR89909,2,28654.850000000002,2,0,0.0,0.0,14327.425000000001,REJECTED,False,True
USR89910,2,23754.289999999997,0,2,0.0,0.0,11877.144999999999,,,False
USR89915,1,18638.53,1,0,0.0,0.0,18638.53,,,False
USR89918,1,1407.6,1,0,0.0,0.0,1407.6,,,False
USR89920,1,-9632.6,1,0,0.0,0.0,-9632.6,VERIFIED,False,True
USR89921,1,21876.0,1,0,1.0,1825.45,21876.0,VERIFIED,False,True
USR89922,1,22558.68,1,0,0.0,0.0,22558.68,,,False
USR89929,1,15148.31,1,0,0.0,0.0,15148.31,,,False
USR89930,1,15835.39,1,0,0.0,0.0,15835.39,,,False
USR89938,1,4214.23,0,1,0.0,0.0,4214.23,,,False
USR89942,1,20963.68,1,0,0.0,0.0,20963.68,,,False
USR89948,1,21864.0,1,0,0.0,0.0,21864.0,,,False
USR89954,1,20400.74,1,0,0.0,0.0,20400.74,,,False
USR89958,2,-289.6799999999985,2,0,0.0,0.0,-144.83999999999924,,,False
USR89959,1,14815.21,1,0,0.0,0.0,14815.21,,,False
USR89961,1,21244.33,1,0,1.0,8084.93,21244.33,KYC_DONE,False,True
USR89964,1,2785.05,0,1,0.0,0.0,2785.05,,,False
USR89966,1,17603.75,1,0,0.0,0.0,17603.75,,,False
USR89970,1,16473.0,1,0,0.0,0.0,16473.0,,,False
USR89985,1,20133.71,1,0,0.0,0.0,20133.71,,,False
USR89989,1,7748.92,1,0,0.0,0.0,7748.92,,,False
USR90000,1,7217.0,1,0,0.0,0.0,7217.0,,,False
USR90005,1,13371.32,1,0,0.0,0.0,13371.32,PENDING,False,True
USR90008,1,14727.51,1,0,1.0,1114.45,14727.51,VERIFIED,True,True
USR90010,1,12417.92,1,0,0.0,0.0,12417.92,,,False
USR90018,1,23831.84,0,1,0.0,0.0,23831.84,,,False
USR90021,1,7743.94,1,0,0.0,0.0,7743.94,,,False
USR90022,2,28357.940000000002,2,0,0.0,0.0,14178.970000000001,,,False
USR90025,1,6326.62,0,1,0.0,0.0,6326.62,REJECTED,True,True
USR90027,1,19251.64,1,0,0.0,0.0,19251.64,,,False
USR90028,2,21196.690000000002,2,0,0.0,0.0,10598.345000000001,,,False
USR90045,1,24276.02,1,0,0.0,0.0,24276.02,,,False
USR90051,1,22229.73,1,0,0.0,0.0,22229.73,,,False
USR90055,1,20752.52,0,1,0.0,0.0,20752.52,,,False
USR90073,1,23776.31,1,0,0.0,0.0,23776.31,,,False
USR90076,1,10540.0,1,0,0.0,0.0,10540.0,,,False
USR90078,1,22482.23,0,1,0.0,0.0,22482.23,,,False
USR90080,1,17427.84,1,0,0.0,0.0,17427.84,REJECTED,False,True
USR90088,1,15731.65,1,0,0.0,0.0,15731.65,,,False
USR90098,1,3358.03,1,0,0.0,0.0,3358.03,VERIFIED,True,True
USR90112,2,35338.35,2,0,1.0,946.45,17669.175,VERIFIED,False,True
USR90121,2,41769.009999999995,2,0,1.0,595.88,20884.504999999997,VERIFIED,False,True
USR90123,1,24137.62,1,0,0.0,0.0,24137.62,,,False
USR90124,1,13839.47,1,0,0.0,0.0,13839.47,,,False
USR90135,2,26698.02,1,0,2.0,5674.42,13349.01,,,False
USR90145,2,6376.97,2,0,1.0,4273.42,3188.485,,,False
USR90160,1,8104.15,1,0,0.0,0.0,8104.15,,,False
USR90166,1,12329.88,1,0,0.0,0.0,12329.88,,,False
USR90167,1,6191.03,1,0,0.0,0.0,6191.03,PENDING,False,True
USR90168,1,11067.86,1,0,0.0,0.0,11067.86,,,False
USR90179,1,4006.23,1,0,0.0,0.0,4006.23,,,False
USR90180,1,24461.63,1,0,0.0,0.0,24461.63,,,False
USR90181,1,725.49,1,0,0.0,0.0,725.49,REJECTED,True,True
USR90186,1,19057.68,0,0,0.0,0.0,19057.68,VERIFIED,True,True
USR90190,1,10075.61,1,0,0.0,0.0,10075.61,,,False
USR90199,1,8077.02,1,0,0.0,0.0,8077.02,KYC_DONE,True,True
USR90201,1,16735.01,1,0,0.0,0.0,16735.01,,,False
USR90214,1,24180.66,0,1,0.0,0.0,24180.66,KYC_DONE,True,True
USR90224,1,12152.28,1,0,0.0,0.0,12152.28,,,False
USR90226,2,33969.479999999996,2,0,0.0,0.0,16984.739999999998,,,False
USR90240,1,15854.92,1,0,0.0,0.0,15854.92,,,False
USR90244,1,19233.0,1,0,0.0,0.0,19233.0,,,False
USR90245,1,3389.0,1,0,0.0,0.0,3389.0,,,False
USR90254,1,4264.0,0,0,1.0,1186.0,4264.0,,,False
USR90258,1,24028.78,1,0,0.0,0.0,24028.78,VERIFIED,False,True
USR90260,1,8023.41,1,0,0.0,0.0,8023.41,VERIFIED,False,True
USR90276,2,45416.47,2,0,0.0,0.0,22708.235,VERIFIED,False,True
USR90290,1,10851.1,1,0,0.0,0.0,10851.1,,,False
USR90295,2,48098.369999999995,2,0,0.0,0.0,24049.184999999998,,,False
USR90306,1,18774.0,0,1,0.0,0.0,18774.0,VERIFIED,False,True
USR90312,1,2162.0,1,0,0.0,0.0,2162.0,,,False
USR90314,1,23080.17,1,0,0.0,0.0,23080.17,,,False
USR90323,1,14522.31,1,0,0.0,0.0,14522.31,,,False
USR90330,2,21526.48,2,0,0.0,0.0,10763.24,KYC_DONE,True,True
USR90333,1,5975.83,1,0,0.0,0.0,5975.83,PENDING,False,True
USR90336,2,17212.86,2,0,0.0,0.0,8606.43,,,False
USR90337,1,3590.6,0,1,0.0,0.0,3590.6,,,False
USR90342,1,3560.12,1,0,0.0,0.0,3560.12,,,False
USR90349,1,4693.42,1,0,1.0,-1116.32,4693.42,,,False
USR90354,1,19321.56,1,0,0.0,0.0,19321.56,KYC_DONE,False,True
USR90357,1,4889.06,1,0,0.0,0.0,4889.06,VERIFIED,False,True
USR90362,1,5309.0,1,0,0.0,0.0,5309.0,VERIFIED,True,True
USR90367,1,13703.72,1,0,0.0,0.0,13703.72,VERIFIED,False,True
USR90372,1,4960.46,1,0,0.0,0.0,4960.46,VERIFIED,True,True
USR90380,1,7448.28,1,0,0.0,0.0,7448.28,VERIFIED,False,True
USR90381,1,24913.0,0,1,0.0,0.0,24913.0,VERIFIED,False,True
USR90382,1,23439.38,1,0,0.0,0.0,23439.38,,,False
USR90383,1,22864.81,1,0,0.0,0.0,22864.81,,,False
USR90398,1,5288.09,1,0,0.0,0.0,5288.09,,,False
USR90402,1,18438.47,1,0,0.0,0.0,18438.47,,,False
USR90403,1,20108.0,0,1,0.0,0.0,20108.0,VERIFIED,False,True
USR90405,1,6993.27,1,0,0.0,0.0,6993.27,,,False
USR90418,1,1128.86,1,0,0.0,0.0,1128.86,VERIFIED,False,True
USR90423,1,10332.23,1,0,0.0,0.0,10332.23,,,False
USR90425,2,28746.53,2,0,0.0,0.0,14373.265,VERIFIED,False,True
USR90427,1,24245.83,1,0,0.0,0.0,24245.83,VERIFIED,False,True
USR90432,1,8689.0,1,0,1.0,3745.94,8689.0,,,False
USR90434,1,21480.96,0,1,0.0,0.0,21480.96,,,False
USR90438,1,6322.12,1,0,0.0,0.0,6322.12,,,False
USR90441,2,13968.76,2,0,0.0,0.0,6984.38,VERIFIED,True,True
USR90449,1,7920.28,1,0,0.0,0.0,7920.28,,,False
USR90458,2,32996.4,1,1,0.0,0.0,16498.2,,,False
USR90461,1,24561.9,1,0,0.0,0.0,24561.9,,,False
USR90463,1,9964.9,1,0,0.0,0.0,9964.9,,,False
USR90466,1,18167.0,1,0,0.0,0.0,18167.0,,,False
USR90467,1,16684.82,1,0,0.0,0.0,16684.82,VERIFIED,False,True
USR90471,1,6928.99,1,0,0.0,0.0,6928.99,,,False
USR90478,1,13672.29,1,0,0.0,0.0,13672.29,,,False
USR90481,1,2269.57,1,0,0.0,0.0,2269.57,VERIFIED,False,True
USR90488,2,13334.01,2,0,0.0,0.0,6667.005,VERIFIED,False,True
USR90492,1,17240.1,1,0,0.0,0.0,17240.1,VERIFIED,True,True
USR90493,1,381.25,1,0,0.0,0.0,381.25,VERIFIED,False,True
USR90495,1,20470.32,1,0,0.0,0.0,20470.32,,,False
USR90502,1,22955.61,1,0,0.0,0.0,22955.61,,,False
USR90503,1,22595.0,1,0,0.0,0.0,22595.0,,,False
USR90505,1,24164.3,1,0,0.0,0.0,24164.3,,,False
USR90511,2,21956.03,2,0,1.0,1314.21,10978.015,,,False
USR90513,1,20862.9,1,0,0.0,0.0,20862.9,,,False
USR90514,1,1564.98,1,0,1.0,2938.45,1564.98,,,False
USR90517,1,10563.62,0,1,0.0,0.0,10563.62,KYC_DONE,False,True
USR90518,1,22334.61,1,0,0.0,0.0,22334.61,,,False
USR90525,2,14659.43,2,0,1.0,1709.84,7329.715,,,False
USR90526,2,25872.760000000002,2,0,1.0,799.39,12936.380000000001,,,False
USR90528,2,25142.96,2,0,0.0,0.0,12571.48,VERIFIED,False,True
USR90532,1,13147.0,1,0,0.0,0.0,13147.0,,,False
USR90539,1,6727.24,1,0,0.0,0.0,6727.24,,,False
USR90544,1,18976.83,1,0,0.0,0.0,18976.83,,,False
USR90546,2,20006.32,2,0,0.0,0.0,10003.16,REJECTED,False,True
USR90565,1,18296.98,1,0,0.0,0.0,18296.98,VERIFIED,False,True
USR90580,1,8554.94,1,0,0.0,0.0,8554.94,,,False
USR90581,1,2682.07,1,0,0.0,0.0,2682.07,,,False
USR90583,1,15912.99,1,0,0.0,0.0,15912.99,,,False
USR90584,1,13121.56,1,0,0.0,0.0,13121.56,KYC_DONE,False,True
USR90593,1,9989.32,1,0,0.0,0.0,9989.32,VERIFIED,True,True
USR90595,1,16545.06,1,0,0.0,0.0,16545.06,VERIFIED,True,True
USR90601,1,11232.71,1,0,0.0,0.0,11232.71,,,False
USR90602,1,12529.22,1,0,0.0,0.0,12529.22,VERIFIED,False,True
USR90608,2,44498.47,2,0,0.0,0.0,22249.235,VERIFIED,False,True
USR90611,1,21105.82,0,1,0.0,0.0,21105.82,PENDING,False,True
USR90614,2,17857.13,1,0,0.0,0.0,8928.565,,,False
USR90616,1,23314.55,1,0,1.0,723.24,23314.55,,,False
USR90618,1,20779.87,1,0,0.0,0.0,20779.87,KYC_DONE,False,True
USR90626,1,13490.46,1,0,0.0,0.0,13490.46,VERIFIED,False,True
USR90627,1,6917.5,1,0,0.0,0.0,6917.5,,,False
USR90632,1,18320.76,0,0,0.0,0.0,18320.76,UNDER REVIEW,False,True
USR90636,1,3002.8,1,0,0.0,0.0,3002.8,PENDING,False,True
USR90651,1,1213.09,1,0,0.0,0.0,1213.09,,,False
USR90653,1,3046.56,1,0,0.0,0.0,3046.56,,,False
USR90657,1,7751.04,1,0,0.0,0.0,7751.04,,,False
USR90658,1,9347.52,1,0,0.0,0.0,9347.52,VERIFIED,False,True
USR90666,1,23763.82,0,1,0.0,0.0,23763.82,VERIFIED,False,True
USR90668,1,23669.44,1,0,0.0,0.0,23669.44,,,False
USR90674,1,4205.64,1,0,0.0,0.0,4205.64,VERIFIED,False,True
USR90680,1,21759.49,1,0,0.0,0.0,21759.49,,,False
USR90683,1,9087.52,1,0,0.0,0.0,9087.52,,,False
USR90685,2,16434.34,2,0,1.0,5233.09,8217.17,REJECTED,True,True
USR90692,1,2918.0,1,0,0.0,0.0,2918.0,VERIFIED,False,True
USR90699,2,34179.77,2,0,0.0,0.0,17089.885,VERIFIED,False,True
USR90702,1,3238.31,1,0,0.0,0.0,3238.31,VERIFIED,False,True
USR90703,1,7871.54,1,0,0.0,0.0,7871.54,,,False
USR90711,1,14720.21,1,0,0.0,0.0,14720.21,VERIFIED,False,True
USR90721,1,2200.18,1,0,0.0,0.0,2200.18,,,False
USR90728,1,5090.21,1,0,0.0,0.0,5090.21,,,False
USR90729,1,9074.79,1,0,0.0,0.0,9074.79,,,False
USR90733,2,40201.130000000005,1,1,0.0,0.0,20100.565000000002,VERIFIED,False,True
USR90735,1,17941.25,1,0,0.0,0.0,17941.25,VERIFIED,False,True
USR90746,1,10281.42,1,0,1.0,911.59,10281.42,,,False
USR90756,1,10371.36,0,1,0.0,0.0,10371.36,VERIFIED,True,True
USR90758,1,4981.26,1,0,0.0,0.0,4981.26,,,False
USR90775,1,20270.15,1,0,1.0,992.85,20270.15,,,False
USR90777,1,968.71,0,0,0.0,0.0,968.71,VERIFIED,False,True
USR90779,1,2590.59,1,0,0.0,0.0,2590.59,,,False
USR90788,2,41266.92,2,0,0.0,0.0,20633.46,,,False
USR90790,1,-6181.56,1,0,0.0,0.0,-6181.56,,,False
USR90793,1,22166.24,1,0,0.0,0.0,22166.24,,,False
USR90800,1,9642.91,0,1,0.0,0.0,9642.91,,,False
USR90801,1,14013.11,1,0,1.0,2702.06,14013.11,KYC_DONE,False,True
USR90806,1,11137.53,1,0,0.0,0.0,11137.53,,,False
USR90809,1,20780.16,1,0,0.0,0.0,20780.16,,,False
USR90818,1,9709.16,1,0,0.0,0.0,9709.16,,,False
USR90820,1,16590.91,1,0,0.0,0.0,16590.91,,,False
USR90824,1,5234.69,1,0,0.0,0.0,5234.69,VERIFIED,False,True
USR90835,1,17707.82,1,0,0.0,0.0,17707.82,,,False
USR90837,1,21840.25,1,0,1.0,907.87,21840.25,,,False
USR90842,1,-660.48,1,0,0.0,0.0,-660.48,,,False
USR90843,1,9871.0,1,0,0.0,0.0,9871.0,,,False
USR90844,1,17338.62,1,0,0.0,0.0,17338.62,VERIFIED,False,True
USR90849,1,10982.97,1,0,0.0,0.0,10982.97,PENDING,False,True
USR90850,1,2548.35,0,1,0.0,0.0,2548.35,VERIFIED,False,True
USR90851,1,19482.29,1,0,0.0,0.0,19482.29,,,False
USR90854,1,2964.28,1,0,0.0,0.0,2964.28,VERIFIED,False,True
USR90859,1,19573.0,1,0,0.0,0.0,19573.0,,,False
USR90862,1,7874.08,1,0,0.0,0.0,7874.08,VERIFIED,False,True
USR90863,1,23133.99,1,0,0.0,0.0,23133.99,,,False
USR90870,1,1090.15,1,0,0.0,0.0,1090.15,VERIFIED,False,True
USR90874,1,19647.0,1,0,0.0,0.0,19647.0,REJECT,True,True
USR90897,2,32997.08,2,0,0.0,0.0,16498.54,VERIFIED,True,True
USR90900,1,19600.07,1,0,0.0,0.0,19600.07,,,False
USR90902,1,10422.84,1,0,0.0,0.0,10422.84,,,False
USR90903,1,13965.0,0,0,0.0,0.0,13965.0,,,False
USR90904,1,22352.42,0,0,0.0,0.0,22352.42,,,False
USR90912,1,6800.75,1,0,0.0,0.0,6800.75,VERIFIED,False,True
USR90916,1,7419.57,1,0,1.0,6630.73,7419.57,VERIFIED,False,True
USR90924,1,15320.98,0,0,0.0,0.0,15320.98,,,False
USR90931,1,6178.13,1,0,0.0,0.0,6178.13,,,False
USR90935,1,12660.71,1,0,0.0,0.0,12660.71,,,False
USR90938,2,26162.559999999998,2,0,1.0,5855.28,13081.279999999999,VERIFIED,False,True
USR90944,2,43579.04,1,0,0.0,0.0,21789.52,VERIFIED,False,True
USR90948,1,5438.99,1,0,0.0,0.0,5438.99,UNDER REVIEW,False,True
USR90954,1,20259.48,0,1,0.0,0.0,20259.48,,,False
USR90963,1,8516.22,1,0,0.0,0.0,8516.22,KYC_DONE,True,True
USR90973,1,5633.76,0,1,0.0,0.0,5633.76,PENDING,False,True
USR90977,1,8863.1,1,0,0.0,0.0,8863.1,REJECT,False,True
USR90985,1,5793.6,1,0,0.0,0.0,5793.6,VERIFIED,False,True
USR90990,1,15380.13,0,0,0.0,0.0,15380.13,,,False
USR90991,1,17151.37,1,0,0.0,0.0,17151.37,,,False
USR90993,1,7523.38,1,0,0.0,0.0,7523.38,VERIFIED,False,True
USR91014,1,14275.64,1,0,0.0,0.0,14275.64,KYC_DONE,False,True
USR91018,1,6770.67,1,0,0.0,0.0,6770.67,PENDING,True,True
USR91026,1,13483.64,1,0,0.0,0.0,13483.64,KYC_DONE,False,True
USR91027,1,6969.52,1,0,0.0,0.0,6969.52,,,False
USR91039,1,5976.99,0,1,0.0,0.0,5976.99,,,False
USR91040,1,22737.27,0,1,0.0,0.0,22737.27,REJECTED,False,True
USR91043,1,9993.97,1,0,0.0,0.0,9993.97,,,False
USR91045,1,8455.87,1,0,0.0,0.0,8455.87,,,False
USR91062,1,12975.76,1,0,0.0,0.0,12975.76,,,False
USR91063,1,9303.73,1,0,0.0,0.0,9303.73,,,False
USR91064,1,23883.81,1,0,0.0,0.0,23883.81,,,False
USR91065,1,11927.73,1,0,0.0,0.0,11927.73,PENDING,False,True
USR91073,1,6493.63,1,0,0.0,0.0,6493.63,,,False
USR91074,1,17724.34,1,0,0.0,0.0,17724.34,PENDING,False,True
USR91079,1,12056.21,0,1,1.0,397.0,12056.21,,,False
USR91082,2,17540.59,2,0,0.0,0.0,8770.295,,,False
USR91087,1,21101.4,1,0,0.0,0.0,21101.4,,,False
USR91090,1,8708.91,1,0,0.0,0.0,8708.91,,,False
USR91091,1,22887.67,1,0,1.0,0.0,22887.67,,,False
USR91098,2,5434.9,2,0,0.0,0.0,2717.45,,,False
USR91100,1,3938.0,1,0,0.0,0.0,3938.0,,,False
USR91105,1,24499.09,1,0,0.0,0.0,24499.09,VERIFIED,False,True
USR91108,1,4128.72,1,0,0.0,0.0,4128.72,,,False
USR91110,1,21577.02,1,0,0.0,0.0,21577.02,,,False
USR91114,1,23364.61,1,0,0.0,0.0,23364.61,VERIFIED,False,True
USR91117,2,22744.48,2,0,1.0,3182.0,11372.24,,,False
USR91132,1,22657.62,0,1,0.0,0.0,22657.62,KYC_DONE,True,True
USR91139,1,1890.69,0,0,1.0,24586.31,1890.69,,,False
USR91143,1,12617.53,0,1,0.0,0.0,12617.53,KYC_DONE,True,True
USR91153,1,17266.91,0,0,0.0,0.0,17266.91,,,False
USR91158,1,14831.72,1,0,2.0,3403.35,14831.72,VERIFIED,False,True
USR91166,1,3743.12,1,0,2.0,5066.5,3743.12,,,False
USR91167,1,6805.93,1,0,0.0,0.0,6805.93,VERIFIED,True,True
USR91169,1,15423.42,1,0,0.0,0.0,15423.42,,,False
USR91183,1,6173.94,1,0,0.0,0.0,6173.94,,,False
USR91189,2,20352.39,1,1,0.0,0.0,10176.195,,,False
USR91204,2,24465.469999999998,1,0,1.0,836.39,12232.734999999999,,,False
USR91210,1,18607.21,1,0,0.0,0.0,18607.21,PENDING,True,True
USR91224,1,19808.34,1,0,0.0,0.0,19808.34,,,False
USR91226,1,22535.66,1,0,0.0,0.0,22535.66,,,False
USR91228,1,21558.17,1,0,0.0,0.0,21558.17,,,False
USR91231,1,19832.81,1,0,0.0,0.0,19832.81,,,False
USR91232,1,2469.95,1,0,0.0,0.0,2469.95,,,False
USR91239,1,16936.27,1,0,0.0,0.0,16936.27,,,False
USR91244,1,19325.31,0,1,0.0,0.0,19325.31,PENDING,True,True
USR91248,2,29219.489999999998,2,0,0.0,0.0,14609.744999999999,,,False
USR91249,1,3284.05,1,0,0.0,0.0,3284.05,,,False
USR91254,1,10797.17,1,0,0.0,0.0,10797.17,,,False
USR91259,1,5830.22,1,0,0.0,0.0,5830.22,PENDING,False,True
USR91265,1,8892.68,1,0,0.0,0.0,8892.68,,,False
USR91270,1,16404.0,1,0,0.0,0.0,16404.0,,,False
USR91276,1,19515.24,1,0,1.0,601.89,19515.24,,,False
USR91293,2,34570.36,2,0,0.0,0.0,17285.18,VERIFIED,False,True
USR91295,1,788.42,0,1,1.0,1589.0,788.42,,,False
USR91304,1,13925.54,1,0,0.0,0.0,13925.54,,,False
USR91309,1,19586.85,1,0,0.0,0.0,19586.85,,,False
USR91319,1,15218.21,0,1,0.0,0.0,15218.21,,,False
USR91322,2,24819.11,1,0,0.0,0.0,12409.555,,,False
USR91338,1,5810.89,1,0,0.0,0.0,5810.89,PENDING,True,True
USR91341,1,17050.81,1,0,0.0,0.0,17050.81,,,False
USR91350,1,21377.2,1,0,0.0,0.0,21377.2,,,False
USR91364,1,19568.46,1,0,0.0,0.0,19568.46,VERIFIED,False,True
USR91365,1,6954.5,1,0,0.0,0.0,6954.5,,,False
USR91368,1,14539.81,1,0,0.0,0.0,14539.81,,,False
USR91370,1,7315.31,1,0,0.0,0.0,7315.31,VERIFIED,True,True
USR91373,1,22334.64,1,0,0.0,0.0,22334.64,,,False
USR91375,1,2431.0,1,0,0.0,0.0,2431.0,,,False
USR91378,1,3392.5,1,0,0.0,0.0,3392.5,,,False
USR91382,1,203.18,1,0,0.0,0.0,203.18,,,False
USR91388,1,2112.35,1,0,0.0,0.0,2112.35,,,False
USR91393,1,23625.17,1,0,0.0,0.0,23625.17,,,False
USR91395,1,15205.68,1,0,1.0,536.94,15205.68,VERIFIED,False,True
USR91403,1,2818.8,1,0,0.0,0.0,2818.8,PENDING,False,True
USR91405,1,23626.15,1,0,0.0,0.0,23626.15,,,False
USR91406,1,16168.0,1,0,0.0,0.0,16168.0,,,False
USR91410,1,20054.89,1,0,0.0,0.0,20054.89,,,False
USR91417,1,6295.31,1,0,0.0,0.0,6295.31,VERIFIED,False,True
USR91419,1,21466.42,1,0,0.0,0.0,21466.42,VERIFIED,False,True
USR91425,1,12448.21,1,0,1.0,1314.28,12448.21,VERIFIED,False,True
USR91436,1,23274.41,1,0,0.0,0.0,23274.41,,,False
USR91446,1,20792.68,1,0,0.0,0.0,20792.68,KYC_DONE,False,True
USR91448,1,24581.2,0,1,0.0,0.0,24581.2,,,False
USR91452,1,6610.12,0,1,0.0,0.0,6610.12,VERIFIED,True,True
USR91456,1,18333.16,1,0,0.0,0.0,18333.16,,,False
USR91478,1,20498.85,0,1,0.0,0.0,20498.85,,,False
USR91479,2,21850.33,1,1,0.0,0.0,10925.165,,,False
USR91480,1,15536.34,1,0,0.0,0.0,15536.34,,,False
USR91481,1,8324.91,1,0,0.0,0.0,8324.91,,,False
USR91487,1,5759.51,0,1,0.0,0.0,5759.51,VERIFIED,False,True
USR91495,2,28082.059999999998,2,0,0.0,0.0,14041.029999999999,,,False
USR91496,1,13141.5,1,0,0.0,0.0,13141.5,VERIFIED,False,True
USR91500,1,12038.79,0,0,0.0,0.0,12038.79,,,False
USR91504,2,10354.23,2,0,0.0,0.0,5177.115,KYC_DONE,True,True
USR91508,2,10305.77,2,0,0.0,0.0,5152.885,,,False
USR91515,1,10643.08,1,0,0.0,0.0,10643.08,,,False
USR91520,1,16932.98,1,0,0.0,0.0,16932.98,VERIFIED,True,True
USR91525,1,4898.27,1,0,0.0,0.0,4898.27,,,False
USR91526,1,16223.48,1,0,0.0,0.0,16223.48,,,False
USR91528,1,16339.26,1,0,0.0,0.0,16339.26,KYC_DONE,False,True
USR91531,1,13221.86,0,1,0.0,0.0,13221.86,,,False
USR91532,1,21156.38,1,0,0.0,0.0,21156.38,,,False
USR91534,1,18673.73,1,0,0.0,0.0,18673.73,REJECTED,False,True
USR91537,1,22661.87,1,0,1.0,439.0,22661.87,,,False
USR91539,1,12266.46,1,0,0.0,0.0,12266.46,,,False
USR91544,1,10719.81,1,0,0.0,0.0,10719.81,VERIFIED,False,True
USR91554,1,16275.58,1,0,0.0,0.0,16275.58,VERIFIED,True,True
USR91555,2,28720.53,2,0,0.0,0.0,14360.265,VERIFIED,False,True
USR91565,1,21442.82,0,0,0.0,0.0,21442.82,VERIFIED,False,True
USR91570,1,3655.77,1,0,0.0,0.0,3655.77,VERIFIED,True,True
USR91577,1,-19744.9,0,1,0.0,0.0,-19744.9,,,False
USR91582,1,15737.58,1,0,0.0,0.0,15737.58,,,False
USR91583,1,6220.91,1,0,0.0,0.0,6220.91,,,False
USR91590,1,5944.54,1,0,0.0,0.0,5944.54,,,False
USR91598,1,15240.6,1,0,0.0,0.0,15240.6,VERIFIED,False,True
USR91607,1,21996.7,1,0,0.0,0.0,21996.7,,,False
USR91617,1,6354.56,1,0,1.0,205.54,6354.56,,,False
USR91619,1,19044.42,1,0,0.0,0.0,19044.42,,,False
USR91625,1,2502.16,1,0,0.0,0.0,2502.16,,,False
USR91628,1,7408.68,1,0,0.0,0.0,7408.68,,,False
USR91630,1,1898.83,1,0,1.0,3807.73,1898.83,,,False
USR91639,1,16841.0,1,0,0.0,0.0,16841.0,,,False
USR91644,1,14835.84,1,0,0.0,0.0,14835.84,VERIFIED,False,True
USR91645,1,4861.28,1,0,0.0,0.0,4861.28,,,False
USR91654,1,24200.87,1,0,0.0,0.0,24200.87,VERIFIED,False,True
USR91665,1,10312.87,1,0,0.0,0.0,10312.87,VERIFIED,True,True
USR91676,1,17400.41,1,0,0.0,0.0,17400.41,VERIFIED,False,True
USR91681,1,24500.34,0,1,1.0,506.14,24500.34,,,False
USR91688,1,3488.53,1,0,1.0,1805.23,3488.53,VERIFIED,False,True
USR91689,1,16647.95,1,0,0.0,0.0,16647.95,,,False
USR91694,1,7608.72,0,1,1.0,793.04,7608.72,REJECTED,False,True
USR91714,1,6266.82,1,0,0.0,0.0,6266.82,,,False
USR91715,1,21899.57,0,1,0.0,0.0,21899.57,VERIFIED,True,True
USR91717,1,2853.0,1,0,0.0,0.0,2853.0,,,False
USR91723,1,16976.85,1,0,0.0,0.0,16976.85,,,False
USR91727,1,23014.0,1,0,0.0,0.0,23014.0,VERIFIED,False,True
USR91729,1,18740.67,1,0,0.0,0.0,18740.67,,,False
USR91735,2,10154.94,2,0,0.0,0.0,5077.47,VERIFIED,False,True
USR91737,2,10703.19,2,0,0.0,0.0,5351.595,,,False
USR91741,1,3843.79,1,0,0.0,0.0,3843.79,VERIFIED,True,True
USR91746,1,5295.0,1,0,0.0,0.0,5295.0,,,False
USR91748,1,8653.62,1,0,0.0,0.0,8653.62,PENDING,False,True
USR91758,1,18240.3,0,1,1.0,3265.92,18240.3,VERIFIED,False,True
USR91759,1,11328.0,1,0,0.0,0.0,11328.0,,,False
USR91760,1,8362.82,0,1,0.0,0.0,8362.82,,,False
USR91768,1,-11418.23,1,0,0.0,0.0,-11418.23,,,False
USR91776,1,7689.27,1,0,0.0,0.0,7689.27,,,False
USR91777,1,19600.29,1,0,0.0,0.0,19600.29,KYC_DONE,False,True
USR91793,1,11213.49,0,0,0.0,0.0,11213.49,,,False
USR91797,1,222.3,1,0,1.0,4172.97,222.3,,,False
USR91805,1,15146.42,1,0,0.0,0.0,15146.42,REJECT,False,True
USR91807,1,6299.47,1,0,0.0,0.0,6299.47,,,False
USR91811,1,19864.94,1,0,0.0,0.0,19864.94,REJECTED,True,True
USR91823,1,12307.99,1,0,0.0,0.0,12307.99,,,False
USR91825,1,20457.75,1,0,0.0,0.0,20457.75,KYC_DONE,False,True
USR91830,1,13593.07,1,0,0.0,0.0,13593.07,VERIFIED,True,True
USR91836,1,18327.67,1,0,0.0,0.0,18327.67,,,False
USR91841,1,20268.98,1,0,0.0,0.0,20268.98,PENDING,False,True
USR91842,1,20078.86,1,0,0.0,0.0,20078.86,,,False
USR91849,1,19431.05,1,0,0.0,0.0,19431.05,,,False
USR91852,1,7546.66,0,1,0.0,0.0,7546.66,REJECTED,False,True
USR91870,1,18283.95,1,0,1.0,5305.63,18283.95,VERIFIED,False,True
USR91877,1,15926.0,1,0,0.0,0.0,15926.0,,,False
USR91899,1,5477.0,1,0,0.0,0.0,5477.0,PENDING,False,True
USR91902,1,23738.52,1,0,0.0,0.0,23738.52,,,False
USR91906,1,10330.67,0,1,0.0,0.0,10330.67,,,False
USR91910,1,4396.03,1,0,0.0,0.0,4396.03,,,False
USR91912,1,9080.94,1,0,0.0,0.0,9080.94,,,False
USR91913,1,12883.29,1,0,2.0,7609.26,12883.29,,,False
USR91919,1,4517.69,1,0,0.0,0.0,4517.69,,,False
USR91922,1,2073.48,1,0,0.0,0.0,2073.48,,,False
USR91928,1,18088.86,1,0,0.0,0.0,18088.86,,,False
USR91931,1,14349.95,1,0,1.0,3356.0,14349.95,,,False
USR91933,1,20259.48,1,0,0.0,0.0,20259.48,,,False
USR91934,1,3235.55,1,0,0.0,0.0,3235.55,VERIFIED,False,True
USR91946,1,22350.39,0,1,0.0,0.0,22350.39,VERIFIED,False,True
USR91955,2,11017.84,2,0,0.0,0.0,5508.92,,,False
USR91958,1,9770.15,0,1,1.0,3127.0,9770.15,,,False
USR91960,1,21708.13,1,0,0.0,0.0,21708.13,,,False
USR91962,1,17242.21,1,0,0.0,0.0,17242.21,,,False
USR91965,1,23949.9,1,0,0.0,0.0,23949.9,,,False
USR91971,1,18318.0,1,0,0.0,0.0,18318.0,,,False
USR91974,1,17920.67,1,0,0.0,0.0,17920.67,,,False
USR91976,1,3266.8,1,0,0.0,0.0,3266.8,,,False
USR91979,1,7458.32,1,0,0.0,0.0,7458.32,,,False
USR91982,1,13234.07,1,0,0.0,0.0,13234.07,VERIFIED,False,True
USR91984,1,6156.48,0,1,0.0,0.0,6156.48,,,False
USR91986,1,1639.17,1,0,1.0,3487.78,1639.17,,,False
USR91993,1,8980.67,0,1,0.0,0.0,8980.67,VERIFIED,False,True
USR91995,1,21334.0,1,0,0.0,0.0,21334.0,,,False
USR92001,1,12319.3,1,0,0.0,0.0,12319.3,VERIFIED,False,True
USR92026,1,12162.28,1,0,0.0,0.0,12162.28,,,False
USR92027,1,24023.33,1,0,0.0,0.0,24023.33,VERIFIED,False,True
USR92036,1,20421.32,1,0,0.0,0.0,20421.32,,,False
USR92040,2,26688.589999999997,2,0,0.0,0.0,13344.294999999998,VERIFIED,False,True
USR92045,1,1272.18,1,0,0.0,0.0,1272.18,VERIFIED,False,True
USR92046,1,23643.0,1,0,0.0,0.0,23643.0,VERIFIED,False,True
USR92056,1,21596.1,1,0,0.0,0.0,21596.1,VERIFIED,False,True
USR92059,2,13682.279999999999,2,0,0.0,0.0,6841.139999999999,,,False
USR92066,1,10856.18,1,0,0.0,0.0,10856.18,REJECTED,False,True
USR92067,1,9012.25,0,1,0.0,0.0,9012.25,,,False
USR92076,1,24478.0,0,1,0.0,0.0,24478.0,VERIFIED,False,True
USR92078,2,32542.620000000003,1,1,0.0,0.0,16271.310000000001,VERIFIED,False,True
USR92095,1,5978.0,1,0,0.0,0.0,5978.0,,,False
USR92099,1,19926.4,1,0,1.0,990.42,19926.4,VERIFIED,False,True
USR92100,1,16884.02,1,0,0.0,0.0,16884.02,UNDER REVIEW,False,True
USR92103,1,11337.69,1,0,0.0,0.0,11337.69,,,False
USR92111,1,7673.78,1,0,0.0,0.0,7673.78,VERIFIED,True,True
USR92116,1,3022.75,1,0,0.0,0.0,3022.75,VERIFIED,False,True
USR92121,1,5323.98,1,0,1.0,0.0,5323.98,,,False
USR92128,1,5987.89,0,1,0.0,0.0,5987.89,,,False
USR92129,1,13572.1,1,0,0.0,0.0,13572.1,,,False
USR92132,1,795.42,0,1,1.0,703.07,795.42,VERIFIED,False,True
USR92133,1,630.0,1,0,0.0,0.0,630.0,,,False
USR92142,1,20851.43,1,0,0.0,0.0,20851.43,,,False
USR92159,1,19148.65,1,0,0.0,0.0,19148.65,,,False
USR92160,1,22703.01,1,0,0.0,0.0,22703.01,,,False
USR92163,1,16858.06,1,0,1.0,0.0,16858.06,,,False
USR92168,1,16740.48,1,0,0.0,0.0,16740.48,VERIFIED,False,True
USR92170,1,13050.55,1,0,0.0,0.0,13050.55,,,False
USR92174,1,12239.92,1,0,0.0,0.0,12239.92,,,False
USR92179,1,15577.62,1,0,0.0,0.0,15577.62,,,False
USR92186,1,1433.9,1,0,0.0,0.0,1433.9,,,False
USR92187,1,14394.08,1,0,0.0,0.0,14394.08,VERIFIED,False,True
USR92196,1,22782.02,1,0,0.0,0.0,22782.02,VERIFIED,False,True
USR92197,1,22317.48,1,0,1.0,2419.56,22317.48,,,False
USR92199,1,14276.97,1,0,0.0,0.0,14276.97,VERIFIED,False,True
USR92201,1,8025.9,1,0,0.0,0.0,8025.9,,,False
USR92206,1,14349.86,1,0,0.0,0.0,14349.86,,,False
USR92208,2,29647.7,1,0,0.0,0.0,14823.85,,,False
USR92209,1,12955.08,1,0,0.0,0.0,12955.08,,,False
USR92210,1,11090.07,1,0,0.0,0.0,11090.07,,,False
USR92215,1,24499.46,1,0,0.0,0.0,24499.46,,,False
USR92221,2,20790.03,1,1,0.0,0.0,10395.015,VERIFIED,False,True
USR92234,1,10242.67,1,0,0.0,0.0,10242.67,,,False
USR92250,2,22940.21,2,0,0.0,0.0,11470.105,,,False
USR92253,1,17601.36,1,0,0.0,0.0,17601.36,VERIFIED,False,True
USR92255,1,17519.44,0,1,0.0,0.0,17519.44,,,False
USR92271,1,1933.72,1,0,0.0,0.0,1933.72,PENDING,False,True
USR92272,1,21518.94,1,0,0.0,0.0,21518.94,,,False
USR92278,2,6783.34,2,0,1.0,-1971.85,3391.67,VERIFIED,False,True
USR92283,2,26675.800000000003,2,0,1.0,1820.07,13337.900000000001,VERIFIED,True,True
USR92285,1,8060.0,1,0,0.0,0.0,8060.0,,,False
USR92289,1,6471.35,1,0,1.0,-5731.89,6471.35,KYC_DONE,False,True
USR92304,1,3526.29,1,0,0.0,0.0,3526.29,,,False
USR92306,1,21551.82,1,0,0.0,0.0,21551.82,,,False
USR92313,2,21543.86,1,0,0.0,0.0,10771.93,,,False
USR92324,1,9643.94,1,0,1.0,1368.83,9643.94,,,False
USR92327,1,20437.02,1,0,0.0,0.0,20437.02,VERIFIED,False,True
USR92328,1,9194.69,1,0,0.0,0.0,9194.69,,,False
USR92329,1,6848.92,1,0,0.0,0.0,6848.92,,,False
USR92348,1,2653.86,1,0,0.0,0.0,2653.86,,,False
USR92349,1,-14925.45,0,0,0.0,0.0,-14925.45,,,False
USR92350,2,20674.5,2,0,0.0,0.0,10337.25,,,False
USR92358,2,17698.760000000002,1,0,0.0,0.0,8849.380000000001,,,False
USR92384,1,6861.28,0,1,1.0,13348.89,6861.28,,,False
USR92400,1,17706.71,1,0,0.0,0.0,17706.71,,,False
USR92402,1,19764.84,1,0,0.0,0.0,19764.84,VERIFIED,True,True
USR92403,1,2791.74,1,0,0.0,0.0,2791.74,,,False
USR92406,2,25162.37,2,0,0.0,0.0,12581.185,PENDING,False,True
USR92419,1,13578.0,1,0,0.0,0.0,13578.0,,,False
USR92424,1,33.58,1,0,0.0,0.0,33.58,,,False
USR92426,1,5886.9,1,0,0.0,0.0,5886.9,KYC_DONE,False,True
USR92429,2,33621.59,1,1,0.0,0.0,16810.795,VERIFIED,False,True
USR92434,1,-22152.99,1,0,0.0,0.0,-22152.99,,,False
USR92436,1,2930.8,1,0,0.0,0.0,2930.8,,,False
USR92457,1,12998.36,1,0,0.0,0.0,12998.36,,,False
USR92458,2,21178.65,2,0,0.0,0.0,10589.325,,,False
USR92460,1,8516.88,1,0,0.0,0.0,8516.88,,,False
USR92463,1,9019.72,1,0,0.0,0.0,9019.72,VERIFIED,False,True
USR92467,1,3174.66,1,0,0.0,0.0,3174.66,,,False
USR92468,1,21717.0,1,0,1.0,1082.82,21717.0,REJECT,True,True
USR92470,2,11838.970000000001,2,0,0.0,0.0,5919.485000000001,KYC_DONE,False,True
USR92477,1,17675.71,1,0,0.0,0.0,17675.71,,,False
USR92479,1,9817.2,1,0,0.0,0.0,9817.2,,,False
USR92480,1,953.31,1,0,0.0,0.0,953.31,VERIFIED,False,True
USR92483,1,1911.36,1,0,1.0,1313.0,1911.36,,,False
USR92490,1,10904.0,1,0,0.0,0.0,10904.0,,,False
USR92506,1,13245.97,1,0,0.0,0.0,13245.97,,,False
USR92511,1,15649.77,1,0,0.0,0.0,15649.77,,,False
USR92514,1,23807.08,1,0,0.0,0.0,23807.08,,,False
USR92517,1,13202.47,1,0,0.0,0.0,13202.47,VERIFIED,False,True
USR92527,1,1507.02,1,0,1.0,1863.8,1507.02,,,False
USR92557,1,17970.29,0,0,0.0,0.0,17970.29,,,False
USR92558,1,10509.16,0,0,0.0,0.0,10509.16,,,False
USR92564,1,15649.91,1,0,0.0,0.0,15649.91,VERIFIED,False,True
USR92570,1,18337.0,1,0,0.0,0.0,18337.0,,,False
USR92572,1,21731.0,1,0,0.0,0.0,21731.0,,,False
USR92593,1,5331.02,1,0,0.0,0.0,5331.02,,,False
USR92596,1,1586.25,1,0,0.0,0.0,1586.25,,,False
USR92598,1,22364.0,1,0,0.0,0.0,22364.0,,,False
USR92603,1,24761.74,1,0,0.0,0.0,24761.74,VERIFIED,False,True
USR92610,1,16853.29,1,0,0.0,0.0,16853.29,,,False
USR92611,2,12899.39,2,0,0.0,0.0,6449.695,,,False
USR92614,1,19214.01,1,0,0.0,0.0,19214.01,,,False
USR92616,1,17154.0,1,0,0.0,0.0,17154.0,,,False
USR92620,1,24580.57,1,0,0.0,0.0,24580.57,VERIFIED,False,True
USR92621,1,9036.79,1,0,1.0,1770.58,9036.79,,,False
USR92635,1,24432.92,1,0,0.0,0.0,24432.92,VERIFIED,False,True
USR92638,1,16391.19,1,0,0.0,0.0,16391.19,,,False
USR92639,1,1968.0,1,0,0.0,0.0,1968.0,,,False
USR92643,1,7802.29,0,1,2.0,4166.45,7802.29,,,False
USR92655,1,22353.75,1,0,0.0,0.0,22353.75,,,False
USR92656,2,7190.129999999999,2,0,0.0,0.0,3595.0649999999996,VERIFIED,False,True
USR92663,1,12511.96,1,0,0.0,0.0,12511.96,,,False
USR92681,1,12823.28,1,0,0.0,0.0,12823.28,,,False
USR92683,1,1161.27,1,0,0.0,0.0,1161.27,VERIFIED,False,True
USR92685,1,10092.99,1,0,0.0,0.0,10092.99,,,False
USR92686,1,-19947.14,1,0,0.0,0.0,-19947.14,VERIFIED,False,True
USR92688,1,10879.63,0,1,0.0,0.0,10879.63,,,False
USR92689,1,14211.03,0,1,0.0,0.0,14211.03,VERIFIED,False,True
USR92692,1,23316.1,1,0,0.0,0.0,23316.1,,,False
USR92696,1,18434.37,1,0,1.0,3429.44,18434.37,,,False
USR92701,1,8360.07,1,0,0.0,0.0,8360.07,,,False
USR92706,1,21069.37,1,0,0.0,0.0,21069.37,,,False
USR92709,2,31842.09,2,0,0.0,0.0,15921.045,,,False
USR92714,1,1597.76,1,0,0.0,0.0,1597.76,,,False
USR92716,1,16729.65,1,0,0.0,0.0,16729.65,,,False
USR92720,1,15029.64,1,0,1.0,1285.39,15029.64,PENDING,True,True
USR92721,1,5670.13,1,0,0.0,0.0,5670.13,VERIFIED,False,True
USR92723,1,13858.91,1,0,0.0,0.0,13858.91,,,False
USR92728,1,20269.91,1,0,0.0,0.0,20269.91,,,False
USR92732,1,23429.25,1,0,0.0,0.0,23429.25,,,False
USR92745,2,39098.89,2,0,1.0,1017.95,19549.445,,,False
USR92746,1,11469.13,1,0,0.0,0.0,11469.13,VERIFIED,False,True
USR92750,1,21842.11,1,0,2.0,50.0,21842.11,VERIFIED,False,True
USR92751,1,19738.07,1,0,0.0,0.0,19738.07,,,False
USR92754,1,4276.0,1,0,0.0,0.0,4276.0,,,False
USR92756,2,20794.600000000002,2,0,1.0,-3415.3,10397.300000000001,,,False
USR92762,1,4200.89,0,1,0.0,0.0,4200.89,,,False
USR92773,1,23593.1,1,0,0.0,0.0,23593.1,,,False
USR92775,1,651.98,1,0,0.0,0.0,651.98,,,False
USR92776,1,21859.0,1,0,0.0,0.0,21859.0,,,False
USR92778,1,19807.64,1,0,0.0,0.0,19807.64,REJECTED,False,True
USR92779,1,18164.51,1,0,0.0,0.0,18164.51,,,False
USR92781,1,12159.48,1,0,0.0,0.0,12159.48,,,False
USR92784,1,20826.61,1,0,0.0,0.0,20826.61,,,False
USR92789,1,17197.35,1,0,0.0,0.0,17197.35,VERIFIED,True,True
USR92802,1,13288.19,0,0,1.0,2280.65,13288.19,VERIFIED,False,True
USR92805,1,21927.0,1,0,0.0,0.0,21927.0,KYC_DONE,True,True
USR92812,1,4468.0,1,0,0.0,0.0,4468.0,,,False
USR92816,1,22003.12,1,0,0.0,0.0,22003.12,VERIFIED,False,True
USR92821,1,12894.74,0,1,0.0,0.0,12894.74,,,False
USR92827,1,16786.64,1,0,1.0,1611.0,16786.64,,,False
USR92837,1,12562.34,1,0,1.0,5742.0,12562.34,,,False
USR92842,1,19642.19,1,0,0.0,0.0,19642.19,,,False
USR92852,1,10292.0,0,1,0.0,0.0,10292.0,VERIFIED,True,True
USR92853,3,22305.379999999997,3,0,1.0,4360.22,7435.126666666666,PENDING,False,True
USR92860,1,8014.27,1,0,0.0,0.0,8014.27,,,False
USR92862,2,23549.66,2,0,0.0,0.0,11774.83,,,False
USR92868,1,15300.2,1,0,1.0,1284.05,15300.2,,,False
USR92917,1,5060.09,1,0,0.0,0.0,5060.09,,,False
USR92919,1,18812.71,1,0,0.0,0.0,18812.71,,,False
USR92926,1,22961.0,1,0,0.0,0.0,22961.0,,,False
USR92928,1,12132.52,1,0,0.0,0.0,12132.52,,,False
USR92944,1,1588.1,1,0,0.0,0.0,1588.1,,,False
USR92946,1,22714.0,1,0,0.0,0.0,22714.0,,,False
USR92951,1,6226.0,1,0,1.0,-857.98,6226.0,,,False
USR92953,1,22776.28,1,0,0.0,0.0,22776.28,VERIFIED,False,True
USR92958,1,23681.74,1,0,0.0,0.0,23681.74,,,False
USR92968,1,5146.41,1,0,0.0,0.0,5146.41,,,False
USR92969,2,26034.03,2,0,0.0,0.0,13017.015,,,False
USR92977,1,5124.96,1,0,0.0,0.0,5124.96,,,False
USR92984,1,1536.0,1,0,0.0,0.0,1536.0,,,False
USR93006,2,22207.980000000003,2,0,0.0,0.0,11103.990000000002,,,False
USR93008,1,14437.77,1,0,1.0,1622.49,14437.77,,,False
USR93014,1,15101.34,1,0,0.0,0.0,15101.34,VERIFIED,False,True
USR93015,1,10278.44,1,0,0.0,0.0,10278.44,,,False
USR93020,1,20561.31,0,1,0.0,0.0,20561.31,,,False
USR93023,1,19514.0,0,1,0.0,0.0,19514.0,,,False
USR93025,1,13488.97,1,0,0.0,0.0,13488.97,,,False
USR93026,1,7945.57,0,1,0.0,0.0,7945.57,,,False
USR93038,1,12869.0,1,0,0.0,0.0,12869.0,,,False
USR93040,1,15148.24,1,0,0.0,0.0,15148.24,VERIFIED,False,True
USR93043,1,12426.97,1,0,0.0,0.0,12426.97,VERIFIED,False,True
USR93047,1,12371.76,1,0,0.0,0.0,12371.76,,,False
USR93049,1,23455.2,1,0,0.0,0.0,23455.2,,,False
USR93061,1,20502.5,1,0,0.0,0.0,20502.5,,,False
USR93062,1,4539.0,1,0,0.0,0.0,4539.0,VERIFIED,False,True
USR93065,1,9774.85,1,0,0.0,0.0,9774.85,,,False
USR93068,1,3565.73,1,0,1.0,16936.0,3565.73,,,False
USR93072,1,24683.02,0,0,1.0,-849.31,24683.02,,,False
USR93079,1,2884.12,1,0,0.0,0.0,2884.12,VERIFIED,True,True
USR93080,1,15209.2,1,0,0.0,0.0,15209.2,VERIFIED,False,True
USR93082,1,2971.38,1,0,0.0,0.0,2971.38,,,False
USR93085,1,10027.28,1,0,0.0,0.0,10027.28,REJECTED,False,True
USR93087,1,8552.02,1,0,0.0,0.0,8552.02,,,False
USR93092,1,20673.43,0,1,0.0,0.0,20673.43,,,False
USR93098,1,18466.36,1,0,0.0,0.0,18466.36,,,False
USR93101,2,17390.46,2,0,0.0,0.0,8695.23,,,False
USR93105,2,15302.67,2,0,0.0,0.0,7651.335,VERIFIED,False,True
USR93115,1,7981.2,1,0,0.0,0.0,7981.2,,,False
USR93118,1,23821.0,1,0,0.0,0.0,23821.0,,,False
USR93122,1,7631.84,1,0,1.0,-690.96,7631.84,PENDING,False,True
USR93128,1,17316.39,1,0,1.0,4940.0,17316.39,,,False
USR93137,1,4365.22,1,0,0.0,0.0,4365.22,VERIFIED,True,True
USR93138,1,13434.83,1,0,0.0,0.0,13434.83,,,False
USR93139,1,21877.72,1,0,0.0,0.0,21877.72,,,False
USR93140,1,20077.62,1,0,0.0,0.0,20077.62,,,False
USR93142,1,9354.29,1,0,0.0,0.0,9354.29,VERIFIED,False,True
USR93148,2,27091.690000000002,2,0,1.0,335.78,13545.845000000001,,,False
USR93154,1,2777.47,1,0,0.0,0.0,2777.47,PENDING,True,True
USR93179,1,7048.51,1,0,0.0,0.0,7048.51,VERIFIED,True,True
USR93182,1,17619.97,1,0,0.0,0.0,17619.97,,,False
USR93186,1,22218.44,1,0,0.0,0.0,22218.44,,,False
USR93196,1,13006.87,1,0,0.0,0.0,13006.87,REJECT,False,True
USR93200,1,24916.0,1,0,1.0,6055.78,24916.0,KYC_DONE,True,True
USR93205,3,33851.54,3,0,0.0,0.0,11283.846666666666,VERIFIED,False,True
USR93206,1,6569.49,1,0,0.0,0.0,6569.49,,,False
USR93208,1,23033.47,0,1,0.0,0.0,23033.47,KYC_DONE,False,True
USR93211,1,20265.73,0,1,0.0,0.0,20265.73,,,False
USR93218,1,7689.18,0,1,0.0,0.0,7689.18,,,False
USR93221,1,24610.21,1,0,0.0,0.0,24610.21,,,False
USR93222,1,9178.72,1,0,0.0,0.0,9178.72,,,False
USR93229,1,4981.0,0,0,0.0,0.0,4981.0,,,False
USR93230,1,4693.41,0,1,0.0,0.0,4693.41,,,False
USR93233,1,22125.99,1,0,0.0,0.0,22125.99,,,False
USR93237,1,3721.18,0,0,0.0,0.0,3721.18,UNDER REVIEW,False,True
USR93238,1,14467.01,1,0,0.0,0.0,14467.01,VERIFIED,False,True
USR93242,1,18119.0,0,1,0.0,0.0,18119.0,VERIFIED,True,True
USR93245,1,23104.46,1,0,0.0,0.0,23104.46,,,False
USR93255,1,15303.98,1,0,0.0,0.0,15303.98,VERIFIED,False,True
USR93257,2,28640.239999999998,2,0,0.0,0.0,14320.119999999999,,,False
USR93259,1,23477.32,1,0,0.0,0.0,23477.32,,,False
USR93267,1,9727.4,1,0,0.0,0.0,9727.4,VERIFIED,False,True
USR93269,1,4988.39,1,0,1.0,1722.0,4988.39,,,False
USR93270,1,2905.57,1,0,0.0,0.0,2905.57,,,False
USR93275,2,28392.97,1,1,0.0,0.0,14196.485,VERIFIED,True,True
USR93281,1,5372.0,1,0,0.0,0.0,5372.0,,,False
USR93287,1,13733.11,0,1,0.0,0.0,13733.11,,,False
USR93303,1,18543.53,1,0,0.0,0.0,18543.53,,,False
USR93305,1,10739.28,1,0,0.0,0.0,10739.28,,,False
USR93309,1,4741.45,1,0,0.0,0.0,4741.45,VERIFIED,True,True
USR93313,1,8250.0,1,0,0.0,0.0,8250.0,VERIFIED,True,True
USR93317,1,22434.5,1,0,0.0,0.0,22434.5,PENDING,False,True
USR93326,1,20479.49,1,0,0.0,0.0,20479.49,PENDING,False,True
USR93330,1,16233.24,0,0,0.0,0.0,16233.24,,,False
USR93351,1,22576.0,1,0,0.0,0.0,22576.0,VERIFIED,False,True
USR93359,1,3583.36,0,1,0.0,0.0,3583.36,,,False
USR93365,1,7979.95,1,0,0.0,0.0,7979.95,VERIFIED,False,True
USR93368,1,11125.63,1,0,1.0,0.0,11125.63,VERIFIED,False,True
USR93369,1,20397.36,1,0,0.0,0.0,20397.36,,,False
USR93379,1,8393.56,1,0,0.0,0.0,8393.56,,,False
USR93389,1,6929.17,0,0,0.0,0.0,6929.17,,,False
USR93392,1,23565.82,1,0,0.0,0.0,23565.82,,,False
USR93393,1,23709.76,1,0,0.0,0.0,23709.76,,,False
USR93394,1,10868.93,1,0,0.0,0.0,10868.93,,,False
USR93399,1,8859.72,1,0,0.0,0.0,8859.72,VERIFIED,False,True
USR93416,1,19731.39,1,0,1.0,1174.17,19731.39,PENDING,False,True
USR93420,1,19621.48,1,0,0.0,0.0,19621.48,,,False
USR93422,1,10701.74,1,0,0.0,0.0,10701.74,,,False
USR93424,1,15260.0,1,0,0.0,0.0,15260.0,VERIFIED,True,True
USR93432,1,1066.3,1,0,0.0,0.0,1066.3,,,False
USR93447,2,17293.41,0,1,1.0,0.0,8646.705,,,False
USR93449,1,11698.34,1,0,0.0,0.0,11698.34,,,False
USR93453,1,15913.67,1,0,0.0,0.0,15913.67,VERIFIED,False,True
USR93454,1,2643.78,0,1,1.0,2132.64,2643.78,,,False
USR93457,1,20353.53,1,0,0.0,0.0,20353.53,,,False
USR93458,1,24080.93,1,0,0.0,0.0,24080.93,,,False
USR93460,1,17313.98,1,0,0.0,0.0,17313.98,,,False
USR93461,1,17683.89,1,0,0.0,0.0,17683.89,,,False
USR93463,1,17069.95,1,0,0.0,0.0,17069.95,,,False
USR93466,1,17072.66,1,0,0.0,0.0,17072.66,,,False
USR93471,1,13209.45,1,0,0.0,0.0,13209.45,,,False
USR93473,1,12875.29,1,0,0.0,0.0,12875.29,VERIFIED,False,True
USR93481,1,3690.37,1,0,0.0,0.0,3690.37,VERIFIED,False,True
USR93482,1,19867.72,1,0,0.0,0.0,19867.72,,,False
USR93484,1,1816.07,1,0,0.0,0.0,1816.07,,,False
USR93489,2,28256.879999999997,1,1,0.0,0.0,14128.439999999999,,,False
USR93498,1,12620.89,0,1,0.0,0.0,12620.89,,,False
USR93505,1,3034.41,0,1,0.0,0.0,3034.41,,,False
USR93512,1,13579.88,1,0,0.0,0.0,13579.88,REJECT,False,True
USR93515,2,1549.31,2,0,1.0,3498.93,774.655,,,False
USR93518,1,21228.28,1,0,1.0,878.0,21228.28,,,False
USR93519,1,14601.0,1,0,1.0,3655.6,14601.0,VERIFIED,False,True
USR93522,1,13097.12,0,1,0.0,0.0,13097.12,VERIFIED,False,True
USR93535,1,19815.57,1,0,0.0,0.0,19815.57,PENDING,True,True
USR93545,1,8705.74,0,1,0.0,0.0,8705.74,,,False
USR93548,1,24864.16,1,0,0.0,0.0,24864.16,,,False
USR93555,1,3059.74,1,0,0.0,0.0,3059.74,,,False
USR93556,1,17066.69,1,0,0.0,0.0,17066.69,,,False
USR93558,1,10164.24,1,0,0.0,0.0,10164.24,,,False
USR93571,1,16627.97,1,0,0.0,0.0,16627.97,,,False
USR93575,1,16214.11,1,0,0.0,0.0,16214.11,VERIFIED,False,True
USR93577,1,6830.31,1,0,0.0,0.0,6830.31,,,False
USR93582,1,2352.18,1,0,0.0,0.0,2352.18,,,False
USR93584,1,22425.11,1,0,0.0,0.0,22425.11,VERIFIED,False,True
USR93586,1,21691.8,1,0,1.0,1570.15,21691.8,REJECT,True,True
USR93592,1,2449.27,1,0,0.0,0.0,2449.27,UNDER REVIEW,True,True
USR93598,1,24456.95,0,0,0.0,0.0,24456.95,VERIFIED,False,True
USR93599,1,14588.0,1,0,0.0,0.0,14588.0,,,False
USR93608,1,12414.0,1,0,0.0,0.0,12414.0,VERIFIED,False,True
USR93616,1,6239.81,1,0,1.0,7755.19,6239.81,KYC_DONE,False,True
USR93617,1,22634.72,0,1,0.0,0.0,22634.72,,,False
USR93620,2,41743.91,2,0,0.0,0.0,20871.955,,,False
USR93628,1,6559.73,1,0,0.0,0.0,6559.73,VERIFIED,False,True
USR93631,2,8909.01,2,0,0.0,0.0,4454.505,,,False
USR93634,1,18137.04,1,0,2.0,4655.030000000001,18137.04,VERIFIED,True,True
USR93641,1,14913.53,0,1,0.0,0.0,14913.53,,,False
USR93643,1,14972.1,0,1,0.0,0.0,14972.1,,,False
USR93646,1,1720.64,1,0,0.0,0.0,1720.64,,,False
USR93649,1,16170.35,1,0,0.0,0.0,16170.35,VERIFIED,False,True
USR93656,1,4255.33,1,0,0.0,0.0,4255.33,VERIFIED,False,True
USR93660,1,2475.45,1,0,0.0,0.0,2475.45,,,False
USR93663,1,21093.58,1,0,0.0,0.0,21093.58,,,False
USR93683,1,23361.0,1,0,0.0,0.0,23361.0,,,False
USR93701,2,-753.7999999999993,1,1,0.0,0.0,-376.89999999999964,,,False
USR93702,1,19676.12,1,0,0.0,0.0,19676.12,VERIFIED,False,True
USR93706,1,14634.66,1,0,0.0,0.0,14634.66,,,False
USR93707,1,5255.54,1,0,0.0,0.0,5255.54,,,False
USR93730,1,19942.01,1,0,0.0,0.0,19942.01,,,False
USR93737,1,1732.63,1,0,0.0,0.0,1732.63,KYC_DONE,False,True
USR93739,1,17485.83,1,0,0.0,0.0,17485.83,,,False
USR93743,2,28839.37,1,0,0.0,0.0,14419.685,VERIFIED,False,True
USR93744,1,6200.93,1,0,0.0,0.0,6200.93,,,False
USR93746,1,467.97,1,0,0.0,0.0,467.97,REJECTED,False,True
USR93757,1,3461.75,0,0,0.0,0.0,3461.75,,,False
USR93763,1,21666.23,1,0,0.0,0.0,21666.23,PENDING,False,True
USR93765,1,20005.44,1,0,0.0,0.0,20005.44,VERIFIED,True,True
USR93767,1,1900.36,1,0,0.0,0.0,1900.36,,,False
USR93769,1,16173.67,1,0,1.0,786.31,16173.67,,,False
USR93775,1,431.4,1,0,0.0,0.0,431.4,VERIFIED,False,True
USR93776,2,25862.260000000002,2,0,0.0,0.0,12931.130000000001,VERIFIED,False,True
USR93792,1,24942.0,1,0,0.0,0.0,24942.0,VERIFIED,False,True
USR93794,1,844.74,0,1,0.0,0.0,844.74,,,False
USR93796,1,13926.39,1,0,0.0,0.0,13926.39,VERIFIED,False,True
USR93802,1,19726.54,1,0,1.0,4354.56,19726.54,KYC_DONE,False,True
USR93809,1,16956.28,1,0,0.0,0.0,16956.28,,,False
USR93814,2,34689.31,1,1,0.0,0.0,17344.655,,,False
USR93816,1,24443.04,1,0,0.0,0.0,24443.04,VERIFIED,False,True
USR93817,1,6502.73,1,0,0.0,0.0,6502.73,,,False
USR93819,1,19545.24,1,0,0.0,0.0,19545.24,VERIFIED,False,True
USR93827,1,16290.39,1,0,1.0,268.66,16290.39,,,False
USR93831,1,8291.51,1,0,0.0,0.0,8291.51,,,False
USR93837,1,19660.76,0,1,0.0,0.0,19660.76,,,False
USR93840,1,22524.0,1,0,0.0,0.0,22524.0,,,False
USR93841,1,12751.84,1,0,0.0,0.0,12751.84,,,False
USR93851,1,8916.88,0,1,0.0,0.0,8916.88,,,False
USR93862,1,4412.09,0,0,0.0,0.0,4412.09,,,False
USR93864,1,10906.81,1,0,1.0,1752.57,10906.81,,,False
USR93866,1,23622.44,1,0,0.0,0.0,23622.44,,,False
USR93870,1,258.74,1,0,0.0,0.0,258.74,,,False
USR93877,1,2003.93,1,0,0.0,0.0,2003.93,,,False
USR93885,1,9336.45,1,0,0.0,0.0,9336.45,,,False
USR93887,1,18799.39,1,0,0.0,0.0,18799.39,,,False
USR93888,1,573.89,0,1,0.0,0.0,573.89,,,False
USR93889,1,10732.27,1,0,0.0,0.0,10732.27,,,False
USR93890,1,20091.0,0,1,0.0,0.0,20091.0,,,False
USR93897,1,6863.8,0,0,0.0,0.0,6863.8,VERIFIED,False,True
USR93898,2,22719.72,2,0,0.0,0.0,11359.86,,,False
USR93901,1,2285.75,0,1,0.0,0.0,2285.75,VERIFIED,True,True
USR93903,1,4043.0,1,0,0.0,0.0,4043.0,,,False
USR93905,1,4391.0,1,0,0.0,0.0,4391.0,,,False
USR93914,1,10965.14,1,0,0.0,0.0,10965.14,KYC_DONE,True,True
USR93917,1,6707.25,1,0,0.0,0.0,6707.25,,,False
USR93920,1,13503.53,0,0,0.0,0.0,13503.53,,,False
USR93927,1,2401.2,1,0,1.0,336.91,2401.2,REJECT,False,True
USR93931,1,1012.51,1,0,0.0,0.0,1012.51,,,False
USR93932,1,22369.74,0,1,0.0,0.0,22369.74,,,False
USR93941,1,18290.1,1,0,0.0,0.0,18290.1,VERIFIED,False,True
USR93947,1,16545.49,0,1,0.0,0.0,16545.49,,,False
USR93956,1,1688.27,1,0,0.0,0.0,1688.27,,,False
USR93961,1,11241.99,1,0,0.0,0.0,11241.99,,,False
USR93964,1,12901.39,1,0,0.0,0.0,12901.39,,,False
USR93967,1,45.44,1,0,1.0,-555.33,45.44,,,False
USR93977,1,9704.5,1,0,0.0,0.0,9704.5,,,False
USR93979,1,3270.25,1,0,0.0,0.0,3270.25,,,False
USR93993,1,13618.44,1,0,0.0,0.0,13618.44,PENDING,False,True
USR93994,1,10174.49,0,1,0.0,0.0,10174.49,,,False
USR93996,1,19262.59,1,0,0.0,0.0,19262.59,,,False
USR94003,1,5718.18,1,0,0.0,0.0,5718.18,,,False
USR94006,1,1408.58,1,0,0.0,0.0,1408.58,,,False
USR94008,1,7925.87,1,0,1.0,-3875.59,7925.87,,,False
USR94011,1,18760.31,1,0,1.0,2162.74,18760.31,VERIFIED,False,True
USR94026,1,24670.4,1,0,0.0,0.0,24670.4,,,False
USR94032,1,14218.87,1,0,0.0,0.0,14218.87,,,False
USR94037,1,9099.5,1,0,0.0,0.0,9099.5,,,False
USR94040,1,11351.63,1,0,1.0,3269.55,11351.63,VERIFIED,False,True
USR94045,1,5664.0,1,0,0.0,0.0,5664.0,,,False
USR94048,1,593.57,0,1,1.0,412.17,593.57,,,False
USR94066,1,8421.74,1,0,0.0,0.0,8421.74,VERIFIED,False,True
USR94067,1,21451.76,1,0,0.0,0.0,21451.76,,,False
USR94069,1,4386.33,1,0,0.0,0.0,4386.33,VERIFIED,True,True
USR94071,1,2010.23,1,0,1.0,2366.0,2010.23,KYC_DONE,True,True
USR94080,1,16431.4,1,0,0.0,0.0,16431.4,,,False
USR94084,2,23524.27,1,1,0.0,0.0,11762.135,,,False
USR94089,1,6858.61,0,0,0.0,0.0,6858.61,,,False
USR94090,1,6779.0,1,0,0.0,0.0,6779.0,,,False
USR94093,1,21239.45,1,0,0.0,0.0,21239.45,PENDING,False,True
USR94105,1,15031.86,1,0,0.0,0.0,15031.86,,,False
USR94114,1,5118.05,0,0,0.0,0.0,5118.05,,,False
USR94115,1,10579.36,1,0,0.0,0.0,10579.36,,,False
USR94116,1,6344.99,1,0,0.0,0.0,6344.99,,,False
USR94120,1,1128.76,1,0,0.0,0.0,1128.76,,,False
USR94122,1,-2772.43,1,0,0.0,0.0,-2772.43,,,False
USR94124,1,3301.56,1,0,0.0,0.0,3301.56,,,False
USR94125,1,24061.56,1,0,0.0,0.0,24061.56,,,False
USR94129,1,959.57,0,1,0.0,0.0,959.57,,,False
USR94133,1,22981.01,1,0,0.0,0.0,22981.01,,,False
USR94135,1,11224.03,1,0,1.0,18735.0,11224.03,,,False
USR94138,1,5307.0,1,0,0.0,0.0,5307.0,,,False
USR94139,1,17987.51,1,0,0.0,0.0,17987.51,VERIFIED,False,True
USR94142,1,12522.41,1,0,0.0,0.0,12522.41,,,False
USR94148,1,5209.09,1,0,0.0,0.0,5209.09,VERIFIED,False,True
USR94152,2,33345.04,2,0,0.0,0.0,16672.52,,,False
USR94153,1,9998.99,1,0,0.0,0.0,9998.99,,,False
USR94157,1,9401.77,1,0,1.0,-953.16,9401.77,VERIFIED,False,True
USR94173,1,845.12,1,0,0.0,0.0,845.12,,,False
USR94179,2,6705.38,2,0,1.0,1881.35,3352.69,PENDING,False,True
USR94185,1,7315.76,1,0,0.0,0.0,7315.76,,,False
USR94186,1,20447.68,1,0,0.0,0.0,20447.68,,,False
USR94188,1,18436.55,0,0,0.0,0.0,18436.55,PENDING,False,True
USR94189,2,32569.66,2,0,1.0,458.03,16284.83,VERIFIED,False,True
USR94191,1,12819.28,1,0,0.0,0.0,12819.28,,,False
USR94195,1,19211.44,1,0,0.0,0.0,19211.44,VERIFIED,False,True
USR94196,1,11893.41,0,1,1.0,1043.0,11893.41,,,False
USR94197,1,4717.99,0,0,0.0,0.0,4717.99,,,False
USR94199,1,10293.67,1,0,0.0,0.0,10293.67,,,False
USR94205,1,18462.41,0,1,0.0,0.0,18462.41,,,False
USR94206,1,12672.73,1,0,0.0,0.0,12672.73,VERIFIED,False,True
USR94210,2,1049.9600000000028,2,0,0.0,0.0,524.9800000000014,,,False
USR94215,1,18408.58,1,0,0.0,0.0,18408.58,VERIFIED,False,True
USR94216,1,2247.0,1,0,0.0,0.0,2247.0,,,False
USR94217,1,8227.28,1,0,0.0,0.0,8227.28,,,False
USR94218,2,33623.45,2,0,2.0,-2139.92,16811.725,VERIFIED,False,True
USR94219,1,3150.27,1,0,0.0,0.0,3150.27,,,False
USR94221,1,14352.05,1,0,0.0,0.0,14352.05,,,False
USR94224,1,10103.14,1,0,0.0,0.0,10103.14,,,False
USR94230,1,6454.61,1,0,0.0,0.0,6454.61,PENDING,False,True
USR94233,1,23763.08,0,0,0.0,0.0,23763.08,,,False
USR94237,1,20150.08,1,0,0.0,0.0,20150.08,,,False
USR94239,1,18466.54,1,0,0.0,0.0,18466.54,,,False
USR94240,1,17037.33,1,0,0.0,0.0,17037.33,,,False
USR94245,1,13879.91,0,0,0.0,0.0,13879.91,,,False
USR94255,2,16474.17,2,0,0.0,0.0,8237.085,,,False
USR94256,1,10462.21,1,0,0.0,0.0,10462.21,,,False
USR94257,1,16858.51,1,0,0.0,0.0,16858.51,,,False
USR94259,1,14670.0,1,0,0.0,0.0,14670.0,,,False
USR94266,1,7676.35,1,0,0.0,0.0,7676.35,,,False
USR94267,1,21751.92,1,0,0.0,0.0,21751.92,,,False
USR94268,1,24548.13,1,0,0.0,0.0,24548.13,,,False
USR94274,1,21547.08,1,0,0.0,0.0,21547.08,VERIFIED,False,True
USR94277,3,54147.86,2,0,1.0,0.0,18049.286666666667,UNDER REVIEW,False,True
USR94279,2,8811.54,1,1,1.0,2653.61,4405.77,VERIFIED,False,True
USR94281,1,15018.57,0,1,0.0,0.0,15018.57,,,False
USR94296,2,17466.71,2,0,0.0,0.0,8733.355,,,False
USR94298,1,24964.03,1,0,1.0,-767.36,24964.03,VERIFIED,False,True
USR94299,1,11008.62,1,0,0.0,0.0,11008.62,,,False
USR94305,1,4126.01,0,1,0.0,0.0,4126.01,VERIFIED,False,True
USR94311,1,5605.19,1,0,0.0,0.0,5605.19,KYC_DONE,False,True
USR94312,1,4171.97,1,0,0.0,0.0,4171.97,,,False
USR94319,1,9762.06,1,0,0.0,0.0,9762.06,,,False
USR94320,1,11020.67,1,0,0.0,0.0,11020.67,,,False
USR94325,1,18881.66,1,0,0.0,0.0,18881.66,VERIFIED,False,True
USR94340,3,35480.56,3,0,0.0,0.0,11826.853333333333,,,False
USR94351,1,16108.88,1,0,0.0,0.0,16108.88,,,False
USR94354,1,15094.01,0,0,0.0,0.0,15094.01,,,False
USR94355,2,36327.84,2,0,0.0,0.0,18163.92,PENDING,True,True
USR94360,1,8396.91,1,0,0.0,0.0,8396.91,REJECTED,False,True
USR94361,1,6061.88,1,0,0.0,0.0,6061.88,,,False
USR94364,1,20567.97,1,0,0.0,0.0,20567.97,,,False
USR94370,1,20966.06,0,1,0.0,0.0,20966.06,VERIFIED,False,True
USR94372,1,344.99,1,0,0.0,0.0,344.99,,,False
USR94377,1,6150.17,1,0,0.0,0.0,6150.17,,,False
USR94381,1,15085.1,1,0,0.0,0.0,15085.1,,,False
USR94390,2,15220.08,1,0,0.0,0.0,7610.04,VERIFIED,False,True
USR94397,1,12104.89,1,0,0.0,0.0,12104.89,,,False
USR94399,1,7205.47,1,0,0.0,0.0,7205.47,,,False
USR94405,1,21408.92,1,0,0.0,0.0,21408.92,,,False
USR94408,1,16579.55,1,0,0.0,0.0,16579.55,,,False
USR94410,1,9285.6,1,0,0.0,0.0,9285.6,,,False
USR94414,1,15796.74,1,0,1.0,1721.07,15796.74,,,False
USR94426,1,9835.33,1,0,0.0,0.0,9835.33,PENDING,False,True
USR94428,1,20733.88,1,0,0.0,0.0,20733.88,,,False
USR94430,1,3255.13,0,1,0.0,0.0,3255.13,,,False
USR94443,1,18541.74,1,0,0.0,0.0,18541.74,,,False
USR94450,1,152.97,1,0,0.0,0.0,152.97,,,False
USR94451,1,23995.18,1,0,0.0,0.0,23995.18,,,False
USR94466,1,10691.1,1,0,1.0,7171.27,10691.1,,,False
USR94478,1,4465.09,0,1,0.0,0.0,4465.09,PENDING,False,True
USR94489,1,18922.16,1,0,0.0,0.0,18922.16,,,False
USR94490,1,13020.36,1,0,0.0,0.0,13020.36,,,False
USR94509,1,314.0,0,1,0.0,0.0,314.0,,,False
USR94513,1,3295.91,1,0,1.0,20754.36,3295.91,VERIFIED,True,True
USR94516,1,20243.76,1,0,0.0,0.0,20243.76,,,False
USR94523,1,9552.98,1,0,0.0,0.0,9552.98,,,False
USR94525,1,12678.18,1,0,0.0,0.0,12678.18,,,False
USR94536,2,25419.32,2,0,1.0,0.0,12709.66,,,False
USR94538,1,12164.93,0,1,0.0,0.0,12164.93,,,False
USR94542,1,7718.62,1,0,1.0,6597.26,7718.62,VERIFIED,False,True
USR94547,1,6191.31,0,0,0.0,0.0,6191.31,KYC_DONE,True,True
USR94548,1,24784.57,1,0,0.0,0.0,24784.57,VERIFIED,False,True
USR94549,1,5847.0,1,0,0.0,0.0,5847.0,REJECTED,False,True
USR94555,2,24359.0,2,0,0.0,0.0,12179.5,,,False
USR94559,2,12034.33,2,0,0.0,0.0,6017.165,,,False
USR94560,1,11057.23,1,0,0.0,0.0,11057.23,,,False
USR94565,1,24174.54,1,0,0.0,0.0,24174.54,,,False
USR94567,1,18671.0,1,0,0.0,0.0,18671.0,VERIFIED,False,True
USR94570,1,22023.57,0,0,0.0,0.0,22023.57,,,False
USR94578,1,21848.51,1,0,0.0,0.0,21848.51,,,False
USR94592,1,6837.0,1,0,0.0,0.0,6837.0,,,False
USR94594,1,20923.22,1,0,0.0,0.0,20923.22,KYC_DONE,True,True
USR94596,1,918.0,1,0,0.0,0.0,918.0,,,False
USR94602,1,463.0,1,0,1.0,1771.56,463.0,,,False
USR94603,1,12565.66,1,0,1.0,0.0,12565.66,REJECTED,False,True
USR94610,1,1577.41,1,0,0.0,0.0,1577.41,REJECT,True,True
USR94617,1,6263.57,0,0,0.0,0.0,6263.57,KYC_DONE,False,True
USR94621,1,1728.16,1,0,0.0,0.0,1728.16,,,False
USR94622,1,10128.72,0,1,0.0,0.0,10128.72,REJECTED,True,True
USR94631,2,26990.72,2,0,0.0,0.0,13495.36,,,False
USR94633,1,11913.69,1,0,0.0,0.0,11913.69,,,False
USR94634,1,16257.59,1,0,0.0,0.0,16257.59,,,False
USR94636,1,13688.97,1,0,0.0,0.0,13688.97,,,False
USR94640,1,19715.91,1,0,0.0,0.0,19715.91,,,False
USR94641,1,2510.62,1,0,0.0,0.0,2510.62,REJECTED,False,True
USR94642,1,11364.09,1,0,0.0,0.0,11364.09,,,False
USR94645,1,8503.48,1,0,0.0,0.0,8503.48,,,False
USR94647,1,2789.3,1,0,0.0,0.0,2789.3,,,False
USR94649,1,11672.41,1,0,0.0,0.0,11672.41,VERIFIED,True,True
USR94651,2,19640.06,2,0,1.0,1945.77,9820.03,,,False
USR94654,1,738.98,1,0,0.0,0.0,738.98,,,False
USR94657,1,17945.41,1,0,0.0,0.0,17945.41,,,False
USR94664,1,15650.39,1,0,0.0,0.0,15650.39,,,False
USR94673,1,24641.4,1,0,1.0,1535.06,24641.4,,,False
USR94677,1,4639.91,1,0,0.0,0.0,4639.91,VERIFIED,True,True
USR94678,1,17578.76,1,0,0.0,0.0,17578.76,KYC_DONE,False,True
USR94681,1,9541.41,1,0,1.0,2209.68,9541.41,,,False
USR94683,1,2397.43,1,0,2.0,16468.34,2397.43,KYC_DONE,False,True
USR94688,1,5583.0,1,0,1.0,0.0,5583.0,,,False
USR94689,1,22427.47,0,1,0.0,0.0,22427.47,,,False
USR94698,1,3393.2,0,1,0.0,0.0,3393.2,KYC_DONE,False,True
USR94712,1,6517.33,1,0,0.0,0.0,6517.33,,,False
USR94714,1,6312.36,1,0,0.0,0.0,6312.36,,,False
USR94715,1,17367.94,1,0,0.0,0.0,17367.94,,,False
USR94716,1,17653.96,1,0,0.0,0.0,17653.96,VERIFIED,False,True
USR94749,1,12962.91,1,0,0.0,0.0,12962.91,,,False
USR94752,1,7888.86,1,0,0.0,0.0,7888.86,VERIFIED,False,True
USR94755,1,4372.85,1,0,1.0,12334.0,4372.85,REJECTED,True,True
USR94764,1,6740.95,1,0,0.0,0.0,6740.95,,,False
USR94780,1,10399.7,1,0,0.0,0.0,10399.7,,,False
USR94783,2,41391.8,2,0,0.0,0.0,20695.9,,,False
USR94790,1,16197.42,1,0,0.0,0.0,16197.42,,,False
USR94800,1,3767.14,1,0,0.0,0.0,3767.14,,,False
USR94805,1,15272.6,0,1,0.0,0.0,15272.6,VERIFIED,True,True
USR94807,1,14415.73,1,0,0.0,0.0,14415.73,,,False
USR94808,2,27665.93,1,1,0.0,0.0,13832.965,UNDER REVIEW,False,True
USR94809,1,2813.91,0,1,0.0,0.0,2813.91,VERIFIED,False,True
USR94815,2,26547.760000000002,1,0,0.0,0.0,13273.880000000001,PENDING,False,True
USR94819,1,2496.0,1,0,0.0,0.0,2496.0,VERIFIED,False,True
USR94832,2,17587.719999999998,0,1,1.0,2231.72,8793.859999999999,,,False
USR94833,1,10253.52,1,0,1.0,0.0,10253.52,,,False
USR94838,1,15228.89,1,0,0.0,0.0,15228.89,,,False
USR94839,1,20912.63,1,0,0.0,0.0,20912.63,,,False
USR94843,1,4400.05,1,0,0.0,0.0,4400.05,,,False
USR94848,1,12067.5,1,0,0.0,0.0,12067.5,VERIFIED,False,True
USR94849,2,37551.66,2,0,1.0,11729.72,18775.83,VERIFIED,False,True
USR94850,1,17729.42,1,0,0.0,0.0,17729.42,,,False
USR94866,1,22122.53,0,0,0.0,0.0,22122.53,,,False
USR94871,1,19884.0,1,0,0.0,0.0,19884.0,,,False
USR94874,1,518.32,1,0,1.0,6746.58,518.32,,,False
USR94875,2,42380.7,2,0,0.0,0.0,21190.35,,,False
USR94884,1,14524.11,0,0,0.0,0.0,14524.11,REJECT,False,True
USR94887,1,5666.19,1,0,0.0,0.0,5666.19,,,False
USR94900,1,8680.5,1,0,0.0,0.0,8680.5,,,False
USR94902,1,18177.23,1,0,0.0,0.0,18177.23,,,False
USR94912,1,22864.57,1,0,1.0,7765.0,22864.57,VERIFIED,False,True
USR94913,1,8553.39,1,0,1.0,261.51,8553.39,VERIFIED,False,True
USR94919,1,18151.63,1,0,0.0,0.0,18151.63,VERIFIED,False,True
USR94920,1,16510.96,1,0,0.0,0.0,16510.96,,,False
USR94922,1,17159.04,1,0,0.0,0.0,17159.04,REJECTED,True,True
USR94923,1,23194.03,0,1,0.0,0.0,23194.03,,,False
USR94927,1,19926.72,1,0,0.0,0.0,19926.72,VERIFIED,False,True
USR94928,1,1024.24,0,0,0.0,0.0,1024.24,,,False
USR94929,1,15695.0,1,0,0.0,0.0,15695.0,,,False
USR94930,1,13511.57,1,0,0.0,0.0,13511.57,,,False
USR94935,2,32113.920000000002,1,1,1.0,4988.8,16056.960000000001,,,False
USR94936,2,27870.589999999997,2,0,0.0,0.0,13935.294999999998,,,False
USR94938,2,18967.27,1,0,0.0,0.0,9483.635,VERIFIED,False,True
USR94948,2,32443.270000000004,2,0,0.0,0.0,16221.635000000002,,,False
USR94957,1,13925.0,1,0,0.0,0.0,13925.0,VERIFIED,False,True
USR94970,1,5895.51,0,0,0.0,0.0,5895.51,VERIFIED,True,True
USR94971,1,24713.23,1,0,1.0,3977.66,24713.23,REJECTED,False,True
USR94972,3,48943.64,3,0,0.0,0.0,16314.546666666667,,,False
USR94978,1,340.59,1,0,0.0,0.0,340.59,,,False
USR94983,1,9314.0,1,0,0.0,0.0,9314.0,KYC_DONE,False,True
USR94984,1,8680.36,1,0,0.0,0.0,8680.36,REJECTED,False,True
USR94998,1,17662.24,1,0,0.0,0.0,17662.24,,,False
USR95001,1,16100.0,1,0,0.0,0.0,16100.0,,,False
USR95003,1,10569.11,1,0,0.0,0.0,10569.11,,,False
USR95009,1,4630.59,1,0,0.0,0.0,4630.59,,,False
USR95026,1,14922.11,1,0,0.0,0.0,14922.11,VERIFIED,False,True
USR95028,1,4229.77,1,0,0.0,0.0,4229.77,,,False
USR95032,1,19364.19,1,0,1.0,1124.0,19364.19,VERIFIED,True,True
USR95036,1,19372.95,0,1,0.0,0.0,19372.95,,,False
USR95041,1,16844.62,0,1,0.0,0.0,16844.62,,,False
USR95043,1,8826.62,1,0,0.0,0.0,8826.62,,,False
USR95046,1,320.0,1,0,0.0,0.0,320.0,,,False
USR95047,1,12343.73,1,0,0.0,0.0,12343.73,VERIFIED,False,True
USR95056,1,17089.48,1,0,0.0,0.0,17089.48,,,False
USR95061,1,8774.46,1,0,0.0,0.0,8774.46,,,False
USR95069,1,4776.0,1,0,0.0,0.0,4776.0,,,False
USR95070,1,7124.6,1,0,0.0,0.0,7124.6,,,False
USR95075,2,1011.09,1,1,0.0,0.0,505.545,,,False
USR95100,1,20739.78,1,0,0.0,0.0,20739.78,,,False
USR95118,1,15344.0,0,1,1.0,-3839.34,15344.0,VERIFIED,False,True
USR95119,1,14041.5,0,1,0.0,0.0,14041.5,,,False
USR95148,1,20416.82,1,0,0.0,0.0,20416.82,VERIFIED,False,True
USR95151,1,535.02,1,0,0.0,0.0,535.02,,,False
USR95161,1,15380.97,1,0,0.0,0.0,15380.97,,,False
USR95172,1,21011.0,0,1,0.0,0.0,21011.0,,,False
USR95180,1,23065.08,1,0,0.0,0.0,23065.08,,,False
USR95196,1,2142.89,1,0,0.0,0.0,2142.89,,,False
USR95205,1,10879.05,1,0,0.0,0.0,10879.05,,,False
USR95206,1,472.93,1,0,0.0,0.0,472.93,PENDING,False,True
USR95209,1,187.34,1,0,1.0,186.51,187.34,,,False
USR95217,1,8219.44,1,0,3.0,5747.65,8219.44,REJECTED,True,True
USR95218,1,26.33,1,0,0.0,0.0,26.33,,,False
USR95219,1,169.58,0,1,2.0,16524.78,169.58,,,False
USR95220,1,2947.61,1,0,0.0,0.0,2947.61,,,False
USR95221,1,24983.76,1,0,0.0,0.0,24983.76,,,False
USR95224,1,2615.04,1,0,0.0,0.0,2615.04,,,False
USR95233,1,7445.74,0,0,0.0,0.0,7445.74,VERIFIED,False,True
USR95234,1,12434.21,1,0,0.0,0.0,12434.21,VERIFIED,False,True
USR95236,1,2196.12,0,1,0.0,0.0,2196.12,UNDER REVIEW,False,True
USR95247,1,6736.15,1,0,0.0,0.0,6736.15,,,False
USR95253,1,15914.39,1,0,0.0,0.0,15914.39,,,False
USR95254,1,2683.45,1,0,0.0,0.0,2683.45,,,False
USR95255,1,6002.1,1,0,0.0,0.0,6002.1,,,False
USR95256,1,8201.37,1,0,0.0,0.0,8201.37,,,False
USR95257,1,21653.73,1,0,1.0,342.0,21653.73,,,False
USR95260,1,7147.81,1,0,0.0,0.0,7147.81,,,False
USR95261,1,7461.95,1,0,0.0,0.0,7461.95,VERIFIED,False,True
USR95269,1,23825.87,0,1,0.0,0.0,23825.87,PENDING,False,True
USR95277,1,16306.25,0,0,0.0,0.0,16306.25,,,False
USR95278,1,494.84,1,0,0.0,0.0,494.84,,,False
USR95279,1,2684.0,1,0,2.0,7479.95,2684.0,,,False
USR95281,1,4051.2,1,0,0.0,0.0,4051.2,,,False
USR95283,2,21938.690000000002,2,0,0.0,0.0,10969.345000000001,,,False
USR95285,1,16751.0,1,0,0.0,0.0,16751.0,VERIFIED,False,True
USR95302,1,5557.08,1,0,0.0,0.0,5557.08,,,False
USR95308,1,3392.71,0,1,1.0,1552.99,3392.71,VERIFIED,False,True
USR95313,1,24318.02,1,0,0.0,0.0,24318.02,,,False
USR95314,1,6114.81,1,0,0.0,0.0,6114.81,VERIFIED,False,True
USR95316,2,23972.190000000002,2,0,0.0,0.0,11986.095000000001,,,False
USR95322,1,20193.41,1,0,0.0,0.0,20193.41,VERIFIED,True,True
USR95344,1,8308.53,1,0,0.0,0.0,8308.53,,,False
USR95355,1,20540.0,1,0,0.0,0.0,20540.0,PENDING,False,True
USR95360,1,10303.32,1,0,1.0,3681.26,10303.32,VERIFIED,False,True
USR95364,1,11786.2,1,0,1.0,-616.17,11786.2,,,False
USR95367,1,19670.21,1,0,0.0,0.0,19670.21,VERIFIED,False,True
USR95370,1,22370.1,1,0,0.0,0.0,22370.1,,,False
USR95371,1,6857.03,1,0,1.0,-1076.54,6857.03,VERIFIED,True,True
USR95380,1,7124.0,0,1,0.0,0.0,7124.0,VERIFIED,True,True
USR95381,1,22076.02,1,0,0.0,0.0,22076.02,VERIFIED,False,True
USR95391,1,4172.49,1,0,0.0,0.0,4172.49,,,False
USR95399,1,22769.69,0,1,0.0,0.0,22769.69,,,False
USR95411,2,20529.38,2,0,0.0,0.0,10264.69,,,False
USR95418,1,23186.3,1,0,0.0,0.0,23186.3,,,False
USR95419,2,35393.520000000004,2,0,0.0,0.0,17696.760000000002,,,False
USR95420,1,9534.88,1,0,1.0,1047.67,9534.88,,,False
USR95424,1,2626.0,0,1,0.0,0.0,2626.0,,,False
USR95427,1,9345.42,1,0,0.0,0.0,9345.42,,,False
USR95436,1,15484.01,1,0,0.0,0.0,15484.01,,,False
USR95439,1,1087.07,1,0,0.0,0.0,1087.07,,,False
USR95445,1,5702.74,1,0,0.0,0.0,5702.74,VERIFIED,False,True
USR95452,1,5411.23,1,0,0.0,0.0,5411.23,,,False
USR95455,1,21351.48,1,0,0.0,0.0,21351.48,VERIFIED,False,True
USR95459,2,44744.66,2,0,0.0,0.0,22372.33,VERIFIED,False,True
USR95462,1,9089.48,1,0,0.0,0.0,9089.48,,,False
USR95463,1,22272.0,0,0,0.0,0.0,22272.0,,,False
USR95466,1,19908.13,1,0,0.0,0.0,19908.13,,,False
USR95467,1,1204.8,1,0,1.0,0.0,1204.8,VERIFIED,False,True
USR95486,1,8117.71,1,0,1.0,1443.57,8117.71,,,False
USR95487,1,8141.51,1,0,0.0,0.0,8141.51,,,False
USR95489,1,8802.15,1,0,0.0,0.0,8802.15,KYC_DONE,True,True
USR95490,1,22253.52,1,0,0.0,0.0,22253.52,,,False
USR95503,1,5296.1,1,0,0.0,0.0,5296.1,,,False
USR95507,2,39808.92,1,1,0.0,0.0,19904.46,,,False
USR95520,1,22306.85,1,0,0.0,0.0,22306.85,VERIFIED,True,True
USR95539,1,7453.93,1,0,0.0,0.0,7453.93,VERIFIED,False,True
USR95540,1,9544.66,1,0,0.0,0.0,9544.66,,,False
USR95551,1,16547.51,1,0,0.0,0.0,16547.51,VERIFIED,False,True
USR95556,1,21324.58,1,0,0.0,0.0,21324.58,,,False
USR95563,1,8529.5,1,0,0.0,0.0,8529.5,,,False
USR95566,1,12602.18,1,0,0.0,0.0,12602.18,PENDING,True,True
USR95568,1,8482.32,1,0,0.0,0.0,8482.32,VERIFIED,False,True
USR95576,1,1854.18,1,0,0.0,0.0,1854.18,,,False
USR95601,1,-19561.75,0,1,0.0,0.0,-19561.75,,,False
USR95603,1,8194.16,1,0,0.0,0.0,8194.16,,,False
USR95612,1,1469.32,1,0,1.0,528.22,1469.32,,,False
USR95616,1,18850.9,1,0,0.0,0.0,18850.9,VERIFIED,False,True
USR95631,1,8022.0,1,0,0.0,0.0,8022.0,,,False
USR95634,1,16907.68,1,0,1.0,0.0,16907.68,,,False
USR95643,1,7522.51,1,0,0.0,0.0,7522.51,,,False
USR95646,1,5475.66,0,0,0.0,0.0,5475.66,,,False
USR95654,2,38224.25,2,0,0.0,0.0,19112.125,,,False
USR95670,1,11153.11,1,0,0.0,0.0,11153.11,,,False
USR95672,2,25822.850000000002,1,0,0.0,0.0,12911.425000000001,,,False
USR95674,1,5379.22,1,0,1.0,6321.44,5379.22,UNDER REVIEW,False,True
USR95682,2,5276.77,1,1,1.0,3242.15,2638.385,,,False
USR95688,1,7905.24,1,0,0.0,0.0,7905.24,,,False
USR95690,1,20454.56,1,0,0.0,0.0,20454.56,,,False
USR95697,2,27579.89,2,0,0.0,0.0,13789.945,,,False
USR95704,1,4192.25,1,0,0.0,0.0,4192.25,,,False
USR95709,1,22668.0,1,0,0.0,0.0,22668.0,,,False
USR95713,1,12845.7,1,0,1.0,936.49,12845.7,VERIFIED,False,True
USR95726,1,18948.57,1,0,0.0,0.0,18948.57,KYC_DONE,False,True
USR95727,1,12436.16,1,0,0.0,0.0,12436.16,,,False
USR95736,2,30103.66,2,0,0.0,0.0,15051.83,,,False
USR95745,1,7373.28,0,0,0.0,0.0,7373.28,PENDING,False,True
USR95748,1,23137.04,1,0,0.0,0.0,23137.04,,,False
USR95766,1,12735.2,1,0,0.0,0.0,12735.2,VERIFIED,False,True
USR95780,1,962.91,0,1,0.0,0.0,962.91,,,False
USR95790,1,20441.0,1,0,1.0,3871.95,20441.0,,,False
USR95792,1,18013.64,1,0,0.0,0.0,18013.64,,,False
USR95802,1,424.65,1,0,0.0,0.0,424.65,PENDING,False,True
USR95809,1,23304.03,1,0,0.0,0.0,23304.03,,,False
USR95812,1,18111.82,1,0,0.0,0.0,18111.82,,,False
USR95813,1,21514.18,1,0,0.0,0.0,21514.18,,,False
USR95818,1,5857.57,1,0,0.0,0.0,5857.57,PENDING,True,True
USR95826,1,13640.34,1,0,0.0,0.0,13640.34,,,False
USR95830,2,32916.41,2,0,0.0,0.0,16458.205,PENDING,False,True
USR95831,1,12326.69,1,0,1.0,2158.72,12326.69,VERIFIED,False,True
USR95834,1,11702.07,1,0,0.0,0.0,11702.07,,,False
USR95840,1,11077.0,1,0,0.0,0.0,11077.0,,,False
USR95852,1,16791.62,1,0,0.0,0.0,16791.62,,,False
USR95854,1,943.42,1,0,0.0,0.0,943.42,KYC_DONE,False,True
USR95859,1,12903.49,1,0,0.0,0.0,12903.49,,,False
USR95863,1,10358.0,1,0,0.0,0.0,10358.0,,,False
USR95864,1,954.23,1,0,0.0,0.0,954.23,,,False
USR95865,2,20080.36,2,0,0.0,0.0,10040.18,,,False
USR95868,1,4296.11,1,0,1.0,1935.98,4296.11,REJECTED,False,True
USR95872,1,11519.96,1,0,0.0,0.0,11519.96,PENDING,False,True
USR95878,1,3742.22,1,0,1.0,3857.22,3742.22,,,False
USR95879,1,10403.75,0,1,0.0,0.0,10403.75,,,False
USR95888,1,11392.0,1,0,0.0,0.0,11392.0,,,False
USR95893,1,22042.38,1,0,0.0,0.0,22042.38,,,False
USR95904,1,13525.27,1,0,0.0,0.0,13525.27,,,False
USR95909,1,11398.63,1,0,0.0,0.0,11398.63,,,False
USR95911,1,3129.19,1,0,0.0,0.0,3129.19,,,False
USR95912,1,16284.31,1,0,0.0,0.0,16284.31,KYC_DONE,False,True
USR95939,1,21260.57,1,0,0.0,0.0,21260.57,VERIFIED,True,True
USR95954,1,6094.0,1,0,0.0,0.0,6094.0,KYC_DONE,True,True
USR95955,1,18614.76,0,1,1.0,2828.9,18614.76,VERIFIED,False,True
USR95966,1,1773.51,0,1,0.0,0.0,1773.51,,,False
USR95981,1,23724.01,1,0,0.0,0.0,23724.01,,,False
USR95986,2,36354.35,2,0,0.0,0.0,18177.175,,,False
USR95991,1,18125.57,1,0,0.0,0.0,18125.57,,,False
USR95994,1,21916.19,1,0,0.0,0.0,21916.19,PENDING,False,True
USR95996,1,2048.56,1,0,0.0,0.0,2048.56,,,False
USR96000,1,24545.38,1,0,1.0,642.07,24545.38,,,False
USR96003,1,18363.84,1,0,0.0,0.0,18363.84,,,False
USR96005,1,22253.56,1,0,0.0,0.0,22253.56,KYC_DONE,False,True
USR96007,1,23649.81,1,0,1.0,9572.0,23649.81,,,False
USR96008,1,6069.34,1,0,0.0,0.0,6069.34,,,False
USR96009,1,7453.27,1,0,0.0,0.0,7453.27,,,False
USR96014,1,10966.34,1,0,0.0,0.0,10966.34,,,False
USR96017,1,5741.85,1,0,0.0,0.0,5741.85,,,False
USR96023,1,222.07,1,0,0.0,0.0,222.07,VERIFIED,False,True
USR96032,1,8136.5,1,0,0.0,0.0,8136.5,,,False
USR96050,1,9798.45,1,0,0.0,0.0,9798.45,,,False
USR96053,1,15609.71,1,0,0.0,0.0,15609.71,,,False
USR96054,1,21701.17,1,0,0.0,0.0,21701.17,,,False
USR96063,1,12583.28,1,0,0.0,0.0,12583.28,VERIFIED,False,True
USR96067,1,12945.57,0,1,0.0,0.0,12945.57,VERIFIED,False,True
USR96068,1,-6905.3,1,0,0.0,0.0,-6905.3,,,False
USR96073,1,5245.06,0,1,0.0,0.0,5245.06,UNDER REVIEW,False,True
USR96074,1,20207.8,1,0,0.0,0.0,20207.8,VERIFIED,False,True
USR96078,1,6093.63,1,0,0.0,0.0,6093.63,VERIFIED,False,True
USR96080,1,20207.24,0,0,0.0,0.0,20207.24,,,False
USR96084,1,2334.51,1,0,0.0,0.0,2334.51,,,False
USR96086,1,24385.0,0,0,0.0,0.0,24385.0,,,False
USR96090,1,1651.6,1,0,1.0,0.0,1651.6,VERIFIED,False,True
USR96094,1,17531.52,1,0,0.0,0.0,17531.52,,,False
USR96096,1,15462.32,1,0,0.0,0.0,15462.32,,,False
USR96099,1,3203.87,1,0,0.0,0.0,3203.87,,,False
USR96100,1,1727.15,1,0,0.0,0.0,1727.15,PENDING,True,True
USR96106,1,10566.92,1,0,0.0,0.0,10566.92,,,False
USR96113,1,8106.16,1,0,0.0,0.0,8106.16,,,False
USR96117,1,-3007.62,1,0,0.0,0.0,-3007.62,VERIFIED,False,True
USR96121,1,22629.3,1,0,0.0,0.0,22629.3,PENDING,False,True
USR96135,1,4838.97,1,0,1.0,390.5,4838.97,,,False
USR96140,1,3982.54,0,1,1.0,732.38,3982.54,,,False
USR96142,1,10461.89,1,0,0.0,0.0,10461.89,UNDER REVIEW,False,True
USR96143,1,2077.86,0,1,0.0,0.0,2077.86,,,False
USR96146,1,-18911.34,1,0,0.0,0.0,-18911.34,,,False
USR96148,2,38527.56,1,1,0.0,0.0,19263.78,,,False
USR96150,1,6701.11,1,0,0.0,0.0,6701.11,,,False
USR96153,1,2133.31,1,0,0.0,0.0,2133.31,,,False
USR96154,1,22121.23,1,0,0.0,0.0,22121.23,,,False
USR96160,1,16340.69,1,0,0.0,0.0,16340.69,,,False
USR96161,1,11799.19,1,0,0.0,0.0,11799.19,REJECTED,True,True
USR96162,1,20723.28,1,0,0.0,0.0,20723.28,,,False
USR96164,1,6451.3,1,0,0.0,0.0,6451.3,PENDING,False,True
USR96166,1,8630.6,1,0,0.0,0.0,8630.6,,,False
USR96168,1,22376.87,1,0,0.0,0.0,22376.87,,,False
USR96174,2,34845.2,2,0,1.0,2266.29,17422.6,,,False
USR96184,1,17818.4,0,1,0.0,0.0,17818.4,KYC_DONE,True,True
USR96189,1,14954.48,1,0,0.0,0.0,14954.48,,,False
USR96195,1,18676.9,1,0,0.0,0.0,18676.9,,,False
USR96196,1,7978.11,1,0,0.0,0.0,7978.11,,,False
USR96203,1,20179.6,1,0,0.0,0.0,20179.6,REJECTED,False,True
USR96205,1,17865.26,1,0,0.0,0.0,17865.26,VERIFIED,True,True
USR96212,1,2030.93,0,0,1.0,3062.43,2030.93,PENDING,False,True
USR96217,1,13025.18,0,0,1.0,1528.27,13025.18,,,False
USR96222,1,16257.95,0,0,0.0,0.0,16257.95,,,False
USR96227,1,15364.39,1,0,0.0,0.0,15364.39,,,False
USR96231,1,899.4,1,0,0.0,0.0,899.4,,,False
USR96232,1,10769.09,1,0,0.0,0.0,10769.09,VERIFIED,True,True
USR96236,2,25511.55,1,1,1.0,482.0,12755.775,,,False
USR96237,1,22725.0,0,1,0.0,0.0,22725.0,,,False
USR96246,1,14796.51,1,0,0.0,0.0,14796.51,,,False
USR96247,1,13138.76,1,0,0.0,0.0,13138.76,,,False
USR96249,1,1402.83,1,0,0.0,0.0,1402.83,,,False
USR96263,1,12004.78,1,0,0.0,0.0,12004.78,,,False
USR96267,2,17110.35,2,0,0.0,0.0,8555.175,,,False
USR96271,2,23082.15,2,0,0.0,0.0,11541.075,,,False
USR96274,1,11843.76,1,0,0.0,0.0,11843.76,,,False
USR96282,1,13426.34,1,0,0.0,0.0,13426.34,VERIFIED,False,True
USR96283,1,19056.74,1,0,0.0,0.0,19056.74,,,False
USR96285,1,21934.71,0,0,0.0,0.0,21934.71,VERIFIED,False,True
USR96288,2,26679.96,2,0,0.0,0.0,13339.98,KYC_DONE,True,True
USR96298,1,10391.92,1,0,0.0,0.0,10391.92,VERIFIED,False,True
USR96299,1,9316.29,1,0,0.0,0.0,9316.29,,,False
USR96305,1,23764.25,1,0,0.0,0.0,23764.25,KYC_DONE,True,True
USR96309,2,26817.27,1,0,0.0,0.0,13408.635,,,False
USR96311,1,22701.79,1,0,0.0,0.0,22701.79,,,False
USR96324,1,1452.73,1,0,1.0,8014.91,1452.73,,,False
USR96325,1,23404.51,1,0,0.0,0.0,23404.51,KYC_DONE,False,True
USR96328,1,21885.33,1,0,0.0,0.0,21885.33,,,False
USR96330,1,12643.49,1,0,0.0,0.0,12643.49,,,False
USR96332,1,1500.0,1,0,0.0,0.0,1500.0,,,False
USR96335,1,23010.54,1,0,1.0,792.99,23010.54,,,False
USR96337,1,23206.85,1,0,0.0,0.0,23206.85,VERIFIED,False,True
USR96354,1,16542.93,1,0,0.0,0.0,16542.93,UNDER REVIEW,False,True
USR96360,1,14835.55,1,0,0.0,0.0,14835.55,VERIFIED,False,True
USR96364,1,8819.71,1,0,0.0,0.0,8819.71,,,False
USR96381,1,4264.12,1,0,0.0,0.0,4264.12,,,False
USR96386,1,2339.42,1,0,0.0,0.0,2339.42,VERIFIED,True,True
USR96390,1,554.51,1,0,0.0,0.0,554.51,,,False
USR96391,1,18771.73,0,0,0.0,0.0,18771.73,,,False
USR96392,1,4637.27,1,0,0.0,0.0,4637.27,VERIFIED,False,True
USR96403,1,4198.8,1,0,0.0,0.0,4198.8,REJECTED,True,True
USR96411,1,242.66,1,0,0.0,0.0,242.66,,,False
USR96412,2,-4328.77,2,0,0.0,0.0,-2164.385,,,False
USR96419,1,19961.52,0,1,0.0,0.0,19961.52,VERIFIED,False,True
USR96422,1,15987.08,1,0,0.0,0.0,15987.08,,,False
USR96424,1,6751.04,1,0,0.0,0.0,6751.04,,,False
USR96430,1,1817.19,1,0,0.0,0.0,1817.19,,,False
USR96431,1,7188.1,1,0,0.0,0.0,7188.1,,,False
USR96436,1,19088.0,1,0,0.0,0.0,19088.0,,,False
USR96444,1,15639.58,1,0,0.0,0.0,15639.58,,,False
USR96446,1,3530.31,0,1,0.0,0.0,3530.31,,,False
USR96449,1,23082.92,1,0,0.0,0.0,23082.92,,,False
USR96454,1,8951.38,1,0,0.0,0.0,8951.38,,,False
USR96455,1,12764.28,1,0,0.0,0.0,12764.28,VERIFIED,False,True
USR96461,1,15148.42,1,0,0.0,0.0,15148.42,,,False
USR96462,1,23643.0,0,1,0.0,0.0,23643.0,VERIFIED,False,True
USR96466,1,17904.42,0,1,0.0,0.0,17904.42,,,False
USR96477,1,9337.81,0,1,0.0,0.0,9337.81,REJECT,True,True
USR96486,1,18950.86,1,0,0.0,0.0,18950.86,,,False
USR96487,1,4994.57,1,0,0.0,0.0,4994.57,,,False
USR96489,1,20426.18,1,0,1.0,1510.93,20426.18,,,False
USR96495,2,40503.71,1,1,1.0,2510.0,20251.855,VERIFIED,False,True
USR96497,1,21190.64,1,0,0.0,0.0,21190.64,,,False
USR96505,1,16163.58,1,0,0.0,0.0,16163.58,,,False
USR96506,1,-6617.46,1,0,0.0,0.0,-6617.46,,,False
USR96510,1,21857.55,1,0,0.0,0.0,21857.55,,,False
USR96516,1,1941.56,1,0,0.0,0.0,1941.56,VERIFIED,True,True
USR96531,1,19891.0,1,0,0.0,0.0,19891.0,VERIFIED,True,True
USR96540,1,5376.0,1,0,0.0,0.0,5376.0,KYC_DONE,True,True
USR96546,1,10851.76,1,0,0.0,0.0,10851.76,,,False
USR96549,1,12732.74,1,0,0.0,0.0,12732.74,VERIFIED,True,True
USR96551,2,31953.559999999998,1,0,0.0,0.0,15976.779999999999,,,False
USR96561,1,18560.33,1,0,0.0,0.0,18560.33,,,False
USR96562,1,4805.0,0,0,0.0,0.0,4805.0,,,False
USR96565,1,13601.51,1,0,0.0,0.0,13601.51,KYC_DONE,False,True
USR96569,1,14642.0,1,0,0.0,0.0,14642.0,,,False
USR96574,1,4109.36,1,0,0.0,0.0,4109.36,KYC_DONE,True,True
USR96575,1,3161.62,1,0,0.0,0.0,3161.62,,,False
USR96577,1,14756.43,1,0,0.0,0.0,14756.43,,,False
USR96580,1,22746.49,1,0,0.0,0.0,22746.49,VERIFIED,False,True
USR96588,1,2369.53,1,0,0.0,0.0,2369.53,,,False
USR96593,1,13152.07,1,0,0.0,0.0,13152.07,REJECT,True,True
USR96598,1,9912.09,1,0,0.0,0.0,9912.09,VERIFIED,False,True
USR96599,1,3359.04,1,0,0.0,0.0,3359.04,,,False
USR96604,1,940.97,0,0,0.0,0.0,940.97,,,False
USR96606,1,23686.23,1,0,0.0,0.0,23686.23,,,False
USR96624,1,8493.95,1,0,0.0,0.0,8493.95,VERIFIED,False,True
USR96627,1,3018.25,1,0,0.0,0.0,3018.25,REJECT,False,True
USR96632,1,3997.02,1,0,0.0,0.0,3997.02,,,False
USR96639,2,27307.37,2,0,0.0,0.0,13653.685,,,False
USR96647,1,11043.93,1,0,0.0,0.0,11043.93,VERIFIED,False,True
USR96651,1,10047.31,1,0,0.0,0.0,10047.31,,,False
USR96662,1,3193.93,0,1,0.0,0.0,3193.93,VERIFIED,False,True
USR96665,1,133.45,1,0,0.0,0.0,133.45,,,False
USR96676,1,14307.35,1,0,0.0,0.0,14307.35,VERIFIED,False,True
USR96680,1,1274.76,1,0,0.0,0.0,1274.76,,,False
USR96681,1,6974.57,1,0,0.0,0.0,6974.57,,,False
USR96682,1,6169.03,1,0,0.0,0.0,6169.03,,,False
USR96684,2,28294.65,2,0,2.0,12383.14,14147.325,,,False
USR96701,1,20562.39,1,0,0.0,0.0,20562.39,,,False
USR96702,1,11117.55,1,0,0.0,0.0,11117.55,,,False
USR96703,1,10237.15,1,0,0.0,0.0,10237.15,VERIFIED,False,True
USR96712,1,16033.96,1,0,0.0,0.0,16033.96,,,False
USR96715,2,24717.739999999998,2,0,3.0,2297.74,12358.869999999999,KYC_DONE,True,True
USR96717,1,10754.19,0,1,1.0,2703.0,10754.19,,,False
USR96721,1,4487.7,1,0,0.0,0.0,4487.7,VERIFIED,True,True
USR96725,1,2958.13,1,0,0.0,0.0,2958.13,,,False
USR96732,1,22603.8,1,0,0.0,0.0,22603.8,,,False
USR96739,1,22937.97,0,0,0.0,0.0,22937.97,,,False
USR96743,1,4708.74,1,0,1.0,638.96,4708.74,,,False
USR96748,1,15742.89,1,0,1.0,641.02,15742.89,UNDER REVIEW,False,True
USR96752,1,13448.89,0,0,0.0,0.0,13448.89,,,False
USR96755,2,20188.21,2,0,0.0,0.0,10094.105,KYC_DONE,False,True
USR96757,1,15966.74,1,0,0.0,0.0,15966.74,VERIFIED,False,True
USR96758,1,11086.9,1,0,0.0,0.0,11086.9,,,False
USR96759,1,6813.47,1,0,1.0,1756.23,6813.47,,,False
USR96774,1,4615.69,1,0,0.0,0.0,4615.69,,,False
USR96776,2,28704.06,1,0,0.0,0.0,14352.03,PENDING,True,True
USR96789,1,19293.99,1,0,0.0,0.0,19293.99,,,False
USR96793,1,6481.96,1,0,0.0,0.0,6481.96,,,False
USR96794,1,23633.0,0,1,0.0,0.0,23633.0,,,False
USR96797,2,4575.52,2,0,0.0,0.0,2287.76,,,False
USR96809,1,7504.44,1,0,0.0,0.0,7504.44,,,False
USR96810,1,18586.39,1,0,0.0,0.0,18586.39,VERIFIED,False,True
USR96816,1,4971.82,1,0,0.0,0.0,4971.82,VERIFIED,False,True
USR96820,1,14115.4,1,0,0.0,0.0,14115.4,REJECTED,True,True
USR96833,1,17169.39,0,1,0.0,0.0,17169.39,PENDING,False,True
USR96840,1,22740.02,1,0,0.0,0.0,22740.02,,,False
USR96841,1,13667.08,0,1,0.0,0.0,13667.08,KYC_DONE,False,True
USR96844,2,26892.29,2,0,1.0,669.96,13446.145,,,False
USR96847,1,17309.99,0,1,0.0,0.0,17309.99,,,False
USR96856,2,24011.43,2,0,0.0,0.0,12005.715,,,False
USR96867,1,1021.79,1,0,0.0,0.0,1021.79,,,False
USR96868,1,11746.51,1,0,0.0,0.0,11746.51,,,False
USR96884,1,1983.44,1,0,0.0,0.0,1983.44,,,False
USR96885,2,19697.97,1,1,2.0,3157.23,9848.985,,,False
USR96888,1,17642.02,1,0,1.0,2231.59,17642.02,,,False
USR96889,1,7014.0,1,0,0.0,0.0,7014.0,,,False
USR96895,1,21781.4,1,0,0.0,0.0,21781.4,,,False
USR96900,1,21150.59,1,0,0.0,0.0,21150.59,VERIFIED,False,True
USR96916,1,15894.78,1,0,0.0,0.0,15894.78,KYC_DONE,False,True
USR96922,1,-18218.09,1,0,0.0,0.0,-18218.09,KYC_DONE,False,True
USR96925,1,21023.38,1,0,1.0,2351.6,21023.38,VERIFIED,True,True
USR96932,2,22004.559999999998,1,1,2.0,13749.87,11002.279999999999,VERIFIED,False,True
USR96933,1,18463.85,1,0,0.0,0.0,18463.85,,,False
USR96934,1,14703.0,1,0,0.0,0.0,14703.0,VERIFIED,True,True
USR96938,1,21200.81,1,0,0.0,0.0,21200.81,,,False
USR96941,1,22268.0,1,0,0.0,0.0,22268.0,,,False
USR96943,1,13938.05,1,0,0.0,0.0,13938.05,,,False
USR96944,1,2338.79,0,1,0.0,0.0,2338.79,,,False
USR96945,1,8252.4,1,0,0.0,0.0,8252.4,,,False
USR96954,2,15683.42,1,1,0.0,0.0,7841.71,PENDING,False,True
USR96960,1,9763.32,0,1,0.0,0.0,9763.32,,,False
USR96967,1,16277.83,1,0,0.0,0.0,16277.83,,,False
USR96975,2,37047.84,2,0,1.0,1584.81,18523.92,,,False
USR96977,1,4101.59,1,0,0.0,0.0,4101.59,,,False
USR96985,1,16351.41,1,0,0.0,0.0,16351.41,,,False
USR96990,1,1372.52,1,0,1.0,0.0,1372.52,,,False
USR96991,1,8436.94,1,0,0.0,0.0,8436.94,VERIFIED,False,True
USR97008,1,11404.1,1,0,0.0,0.0,11404.1,,,False
USR97014,1,23601.61,1,0,0.0,0.0,23601.61,PENDING,False,True
USR97016,1,18723.49,0,1,0.0,0.0,18723.49,,,False
USR97027,2,38178.0,2,0,0.0,0.0,19089.0,VERIFIED,False,True
USR97030,1,16169.06,1,0,0.0,0.0,16169.06,VERIFIED,False,True
USR97031,1,4787.66,1,0,0.0,0.0,4787.66,,,False
USR97032,1,18422.5,1,0,0.0,0.0,18422.5,,,False
USR97036,1,14521.67,1,0,1.0,3278.36,14521.67,,,False
USR97041,1,14241.6,1,0,0.0,0.0,14241.6,,,False
USR97042,1,8287.03,1,0,0.0,0.0,8287.03,VERIFIED,False,True
USR97051,1,17747.08,1,0,0.0,0.0,17747.08,,,False
USR97062,1,23022.6,1,0,0.0,0.0,23022.6,PENDING,True,True
USR97063,1,14125.38,0,1,0.0,0.0,14125.38,,,False
USR97073,1,8792.53,1,0,0.0,0.0,8792.53,VERIFIED,False,True
USR97084,1,6100.49,1,0,0.0,0.0,6100.49,,,False
USR97089,1,16508.0,1,0,0.0,0.0,16508.0,VERIFIED,True,True
USR97093,1,24037.16,1,0,0.0,0.0,24037.16,VERIFIED,False,True
USR97096,1,1140.23,0,1,0.0,0.0,1140.23,,,False
USR97097,1,23421.97,0,1,0.0,0.0,23421.97,,,False
USR97107,2,11500.400000000001,1,1,0.0,0.0,5750.200000000001,,,False
USR97108,1,4852.79,1,0,1.0,185.0,4852.79,,,False
USR97115,2,10062.070000000002,2,0,0.0,0.0,5031.035000000001,UNDER REVIEW,False,True
USR97123,1,22153.47,1,0,1.0,3661.3,22153.47,,,False
USR97127,1,7862.9,1,0,0.0,0.0,7862.9,,,False
USR97136,1,17859.44,1,0,1.0,5617.04,17859.44,,,False
USR97139,1,7463.83,1,0,0.0,0.0,7463.83,,,False
USR97141,2,37823.71,1,0,0.0,0.0,18911.855,VERIFIED,False,True
USR97145,1,20075.22,1,0,0.0,0.0,20075.22,,,False
USR97147,1,3802.06,1,0,0.0,0.0,3802.06,,,False
USR97150,1,12921.74,1,0,0.0,0.0,12921.74,KYC_DONE,False,True
USR97151,1,18906.52,1,0,1.0,1405.08,18906.52,,,False
USR97152,1,10872.61,1,0,0.0,0.0,10872.61,,,False
USR97154,1,19725.42,1,0,0.0,0.0,19725.42,VERIFIED,False,True
USR97155,2,31516.69,2,0,1.0,1236.73,15758.345,,,False
USR97158,1,20238.74,1,0,0.0,0.0,20238.74,,,False
USR97161,1,4668.27,1,0,0.0,0.0,4668.27,,,False
USR97163,1,4802.42,1,0,0.0,0.0,4802.42,,,False
USR97164,1,19997.0,0,1,0.0,0.0,19997.0,,,False
USR97166,1,22520.54,1,0,0.0,0.0,22520.54,VERIFIED,True,True
USR97176,1,20428.95,1,0,0.0,0.0,20428.95,,,False
USR97181,1,8181.9,1,0,0.0,0.0,8181.9,,,False
USR97183,1,23001.75,0,1,0.0,0.0,23001.75,VERIFIED,False,True
USR97197,1,18916.25,1,0,0.0,0.0,18916.25,,,False
USR97209,1,10589.72,0,0,1.0,4334.18,10589.72,,,False
USR97211,1,18232.05,1,0,0.0,0.0,18232.05,,,False
USR97212,1,9393.71,1,0,1.0,5224.53,9393.71,,,False
USR97215,1,6847.93,1,0,1.0,2704.46,6847.93,VERIFIED,False,True
USR97223,1,10745.77,1,0,0.0,0.0,10745.77,,,False
USR97229,1,11453.4,1,0,0.0,0.0,11453.4,,,False
USR97230,1,14017.45,1,0,0.0,0.0,14017.45,,,False
USR97236,2,13983.150000000001,1,0,0.0,0.0,6991.575000000001,VERIFIED,False,True
USR97245,1,7645.0,1,0,0.0,0.0,7645.0,,,False
USR97249,1,10741.18,1,0,0.0,0.0,10741.18,,,False
USR97251,1,11842.98,1,0,1.0,2991.63,11842.98,,,False
USR97257,1,22287.43,1,0,0.0,0.0,22287.43,,,False
USR97266,1,21346.09,1,0,0.0,0.0,21346.09,,,False
USR97275,1,5944.71,1,0,0.0,0.0,5944.71,,,False
USR97277,1,23998.6,0,1,0.0,0.0,23998.6,,,False
USR97278,1,19465.07,1,0,0.0,0.0,19465.07,,,False
USR97282,1,5270.57,0,1,0.0,0.0,5270.57,VERIFIED,False,True
USR97301,1,14669.73,1,0,0.0,0.0,14669.73,,,False
USR97304,1,3267.0,1,0,0.0,0.0,3267.0,,,False
USR97318,1,22718.23,1,0,0.0,0.0,22718.23,VERIFIED,False,True
USR97322,1,11529.63,1,0,1.0,1180.9,11529.63,KYC_DONE,True,True
USR97323,1,13817.0,1,0,0.0,0.0,13817.0,,,False
USR97327,2,8330.84,2,0,0.0,0.0,4165.42,,,False
USR97335,1,14840.6,1,0,0.0,0.0,14840.6,KYC_DONE,False,True
USR97343,1,22802.49,1,0,0.0,0.0,22802.49,,,False
USR97347,1,10844.24,1,0,0.0,0.0,10844.24,VERIFIED,False,True
USR97349,1,17818.0,0,0,0.0,0.0,17818.0,,,False
USR97364,2,13152.08,2,0,1.0,1467.82,6576.04,KYC_DONE,False,True
USR97369,1,17193.16,1,0,0.0,0.0,17193.16,VERIFIED,False,True
USR97370,1,12324.61,1,0,0.0,0.0,12324.61,,,False
USR97380,1,15597.6,1,0,0.0,0.0,15597.6,,,False
USR97387,1,20325.08,1,0,0.0,0.0,20325.08,VERIFIED,False,True
USR97388,1,8894.69,1,0,0.0,0.0,8894.69,,,False
USR97393,1,20675.46,1,0,0.0,0.0,20675.46,,,False
USR97394,1,5451.89,1,0,0.0,0.0,5451.89,,,False
USR97406,1,24890.15,0,1,0.0,0.0,24890.15,,,False
USR97409,1,7458.67,1,0,0.0,0.0,7458.67,,,False
USR97414,1,13055.99,1,0,0.0,0.0,13055.99,,,False
USR97418,1,9595.35,1,0,1.0,2016.51,9595.35,VERIFIED,False,True
USR97419,1,21858.06,1,0,1.0,7022.75,21858.06,,,False
USR97420,1,5866.95,0,1,0.0,0.0,5866.95,,,False
USR97422,2,23824.22,1,1,0.0,0.0,11912.11,,,False
USR97424,1,24100.8,1,0,0.0,0.0,24100.8,,,False
USR97426,1,2720.95,1,0,0.0,0.0,2720.95,,,False
USR97428,2,39939.49,2,0,0.0,0.0,19969.745,,,False
USR97435,1,14361.45,0,0,0.0,0.0,14361.45,VERIFIED,False,True
USR97439,1,-845.26,1,0,0.0,0.0,-845.26,,,False
USR97441,1,19679.66,0,0,0.0,0.0,19679.66,,,False
USR97453,1,5415.84,1,0,0.0,0.0,5415.84,PENDING,False,True
USR97459,1,11211.49,1,0,1.0,1590.47,11211.49,PENDING,True,True
USR97461,1,19724.96,1,0,0.0,0.0,19724.96,,,False
USR97464,2,24841.760000000002,2,0,2.0,599.7800000000001,12420.880000000001,,,False
USR97470,1,4285.0,1,0,0.0,0.0,4285.0,,,False
USR97477,1,21070.71,1,0,0.0,0.0,21070.71,,,False
USR97479,1,1858.34,1,0,0.0,0.0,1858.34,REJECTED,False,True
USR97493,1,18440.33,1,0,0.0,0.0,18440.33,VERIFIED,False,True
USR97498,1,23265.57,1,0,0.0,0.0,23265.57,VERIFIED,False,True
USR97499,1,17045.22,1,0,1.0,9404.0,17045.22,VERIFIED,False,True
USR97508,1,24966.21,1,0,0.0,0.0,24966.21,VERIFIED,True,True
USR97509,1,22694.06,1,0,0.0,0.0,22694.06,,,False
USR97516,1,11531.23,1,0,0.0,0.0,11531.23,KYC_DONE,False,True
USR97518,2,36295.69,2,0,1.0,5884.78,18147.845,,,False
USR97519,1,6791.01,1,0,1.0,330.73,6791.01,PENDING,False,True
USR97522,1,10286.57,1,0,1.0,0.0,10286.57,,,False
USR97523,1,4914.18,1,0,0.0,0.0,4914.18,,,False
USR97525,1,14147.54,1,0,0.0,0.0,14147.54,,,False
USR97527,1,6640.91,1,0,0.0,0.0,6640.91,VERIFIED,False,True
USR97529,1,19148.99,0,0,0.0,0.0,19148.99,VERIFIED,False,True
USR97534,1,20486.05,1,0,0.0,0.0,20486.05,,,False
USR97539,1,12137.41,1,0,1.0,-3530.1,12137.41,UNDER REVIEW,False,True
USR97543,1,17443.89,1,0,0.0,0.0,17443.89,,,False
USR97552,1,4826.87,1,0,0.0,0.0,4826.87,,,False
USR97553,1,22844.05,0,1,1.0,1333.0,22844.05,VERIFIED,False,True
USR97555,1,16796.0,1,0,1.0,1100.37,16796.0,,,False
USR97557,1,10109.47,0,0,0.0,0.0,10109.47,VERIFIED,False,True
USR97571,1,20482.0,1,0,1.0,5796.41,20482.0,,,False
USR97573,1,18027.75,1,0,1.0,589.03,18027.75,,,False
USR97574,1,12820.25,1,0,0.0,0.0,12820.25,,,False
USR97576,1,1673.63,1,0,0.0,0.0,1673.63,,,False
USR97579,1,18927.73,1,0,0.0,0.0,18927.73,REJECT,True,True
USR97591,1,1227.0,0,1,0.0,0.0,1227.0,,,False
USR97596,1,12664.85,1,0,0.0,0.0,12664.85,VERIFIED,False,True
USR97597,1,6464.93,1,0,0.0,0.0,6464.93,,,False
USR97602,1,993.2,1,0,0.0,0.0,993.2,,,False
USR97605,1,3999.15,0,1,0.0,0.0,3999.15,VERIFIED,False,True
USR97612,2,23559.760000000002,2,0,0.0,0.0,11779.880000000001,,,False
USR97613,1,2358.61,1,0,1.0,2676.58,2358.61,,,False
USR97614,2,21162.15,2,0,1.0,2386.57,10581.075,,,False
USR97616,1,17758.14,1,0,0.0,0.0,17758.14,,,False
USR97625,1,16282.18,1,0,0.0,0.0,16282.18,UNDER REVIEW,False,True
USR97633,1,14378.09,1,0,1.0,3555.94,14378.09,,,False
USR97643,2,23621.0,2,0,1.0,1006.88,11810.5,,,False
USR97646,1,8195.41,1,0,0.0,0.0,8195.41,,,False
USR97648,1,5640.67,1,0,0.0,0.0,5640.67,,,False
USR97653,1,10478.95,1,0,0.0,0.0,10478.95,VERIFIED,False,True
USR97655,1,18941.0,1,0,0.0,0.0,18941.0,VERIFIED,True,True
USR97663,1,471.23,1,0,0.0,0.0,471.23,,,False
USR97672,1,24234.05,1,0,0.0,0.0,24234.05,,,False
USR97674,1,17196.17,1,0,0.0,0.0,17196.17,,,False
USR97677,1,22780.13,0,1,0.0,0.0,22780.13,,,False
USR97678,1,24649.5,1,0,1.0,1790.94,24649.5,,,False
USR97687,1,5814.51,1,0,0.0,0.0,5814.51,,,False
USR97688,2,14773.04,2,0,0.0,0.0,7386.52,,,False
USR97696,1,655.04,1,0,0.0,0.0,655.04,,,False
USR97697,1,16425.76,1,0,0.0,0.0,16425.76,VERIFIED,False,True
USR97704,1,23967.68,0,0,0.0,0.0,23967.68,,,False
USR97723,1,17680.94,1,0,0.0,0.0,17680.94,,,False
USR97728,1,21028.99,1,0,0.0,0.0,21028.99,,,False
USR97734,1,2070.63,1,0,0.0,0.0,2070.63,,,False
USR97739,1,4715.13,1,0,0.0,0.0,4715.13,VERIFIED,False,True
USR97741,1,15813.58,0,0,0.0,0.0,15813.58,PENDING,False,True
USR97742,1,8188.16,1,0,0.0,0.0,8188.16,,,False
USR97752,1,14284.27,1,0,0.0,0.0,14284.27,,,False
USR97755,1,13745.06,0,1,0.0,0.0,13745.06,,,False
USR97767,1,13128.0,1,0,1.0,3918.28,13128.0,REJECTED,False,True
USR97770,1,3585.12,0,0,0.0,0.0,3585.12,REJECTED,True,True
USR97771,2,23263.460000000003,2,0,0.0,0.0,11631.730000000001,,,False
USR97776,1,9808.42,1,0,0.0,0.0,9808.42,VERIFIED,False,True
USR97783,1,23683.2,1,0,0.0,0.0,23683.2,,,False
USR97789,1,13341.67,0,1,0.0,0.0,13341.67,,,False
USR97793,1,22974.18,1,0,1.0,845.38,22974.18,,,False
USR97796,1,24432.32,1,0,0.0,0.0,24432.32,,,False
USR97802,1,15939.37,1,0,0.0,0.0,15939.37,,,False
USR97817,1,11734.46,1,0,0.0,0.0,11734.46,VERIFIED,True,True
USR97820,1,7995.53,1,0,0.0,0.0,7995.53,,,False
USR97821,2,19008.059999999998,2,0,0.0,0.0,9504.029999999999,,,False
USR97828,1,23819.62,1,0,1.0,1895.66,23819.62,,,False
USR97837,1,432.65,1,0,1.0,222.95,432.65,,,False
USR97843,2,29511.03,2,0,0.0,0.0,14755.515,,,False
USR97852,1,23611.77,1,0,0.0,0.0,23611.77,,,False
USR97854,1,17574.63,1,0,1.0,175.45,17574.63,,,False
USR97861,1,20882.38,1,0,0.0,0.0,20882.38,PENDING,False,True
USR97864,1,19785.9,1,0,1.0,2070.15,19785.9,VERIFIED,False,True
USR97872,1,24733.84,1,0,0.0,0.0,24733.84,VERIFIED,False,True
USR97887,1,12180.53,1,0,1.0,2154.73,12180.53,,,False
USR97890,1,3169.39,0,0,0.0,0.0,3169.39,PENDING,False,True
USR97894,1,6695.12,1,0,0.0,0.0,6695.12,VERIFIED,False,True
USR97915,1,13284.66,1,0,0.0,0.0,13284.66,VERIFIED,False,True
USR97916,1,16535.02,1,0,0.0,0.0,16535.02,,,False
USR97936,1,24794.74,1,0,0.0,0.0,24794.74,VERIFIED,False,True
USR97941,1,6491.55,1,0,0.0,0.0,6491.55,,,False
USR97944,1,3175.13,1,0,0.0,0.0,3175.13,PENDING,False,True
USR97952,1,4197.49,1,0,0.0,0.0,4197.49,PENDING,False,True
USR97954,1,15147.93,1,0,0.0,0.0,15147.93,VERIFIED,False,True
USR97955,1,16353.0,1,0,0.0,0.0,16353.0,,,False
USR97962,1,21647.38,1,0,0.0,0.0,21647.38,,,False
USR97963,1,18779.0,1,0,0.0,0.0,18779.0,,,False
USR97970,2,32605.22,2,0,0.0,0.0,16302.61,,,False
USR97972,1,14892.81,1,0,0.0,0.0,14892.81,,,False
USR97977,1,5688.25,1,0,0.0,0.0,5688.25,PENDING,False,True
USR97981,1,15267.56,1,0,0.0,0.0,15267.56,VERIFIED,False,True
USR97987,1,1475.15,1,0,1.0,2898.66,1475.15,,,False
USR97988,1,5306.86,1,0,0.0,0.0,5306.86,,,False
USR97996,1,22468.34,1,0,0.0,0.0,22468.34,,,False
USR98000,2,33645.51,2,0,0.0,0.0,16822.755,VERIFIED,False,True
USR98004,1,14789.27,1,0,0.0,0.0,14789.27,PENDING,False,True
USR98006,1,24360.13,1,0,0.0,0.0,24360.13,,,False
USR98007,1,20423.34,1,0,0.0,0.0,20423.34,,,False
USR98011,1,5500.87,1,0,0.0,0.0,5500.87,VERIFIED,False,True
USR98033,1,2459.21,0,0,0.0,0.0,2459.21,UNDER REVIEW,False,True
USR98035,1,4395.54,1,0,0.0,0.0,4395.54,,,False
USR98043,2,39506.51,2,0,0.0,0.0,19753.255,,,False
USR98047,1,6558.25,1,0,1.0,-2328.13,6558.25,REJECT,False,True
USR98049,2,48650.09,1,1,0.0,0.0,24325.045,,,False
USR98055,2,34684.26,2,0,0.0,0.0,17342.13,,,False
USR98057,1,16957.78,0,0,0.0,0.0,16957.78,,,False
USR98060,1,5073.79,0,1,0.0,0.0,5073.79,UNDER REVIEW,True,True
USR98065,1,3429.1,1,0,0.0,0.0,3429.1,,,False
USR98067,1,22653.71,0,0,0.0,0.0,22653.71,,,False
USR98075,1,12547.56,1,0,1.0,1837.87,12547.56,PENDING,False,True
USR98079,1,19380.57,1,0,0.0,0.0,19380.57,,,False
USR98081,1,10807.36,1,0,0.0,0.0,10807.36,VERIFIED,True,True
USR98095,2,31632.34,2,0,1.0,7492.62,15816.17,,,False
USR98102,1,-8819.67,0,1,0.0,0.0,-8819.67,,,False
USR98103,1,2089.74,1,0,0.0,0.0,2089.74,PENDING,False,True
USR98106,1,5199.79,1,0,0.0,0.0,5199.79,,,False
USR98111,3,50080.07,3,0,0.0,0.0,16693.356666666667,,,False
USR98121,2,23969.05,2,0,1.0,6740.29,11984.525,,,False
USR98124,1,2067.84,1,0,0.0,0.0,2067.84,,,False
USR98148,1,7864.73,1,0,0.0,0.0,7864.73,,,False
USR98153,1,19503.72,1,0,0.0,0.0,19503.72,REJECT,False,True
USR98160,2,41206.46,2,0,0.0,0.0,20603.23,,,False
USR98164,1,20313.15,1,0,0.0,0.0,20313.15,,,False
USR98166,1,13317.0,0,0,0.0,0.0,13317.0,,,False
USR98167,1,5468.77,1,0,0.0,0.0,5468.77,,,False
USR98198,1,13961.33,1,0,0.0,0.0,13961.33,,,False
USR98208,2,25447.350000000002,1,1,0.0,0.0,12723.675000000001,,,False
USR98209,1,21306.02,1,0,0.0,0.0,21306.02,,,False
USR98211,1,8558.32,0,1,1.0,1274.1,8558.32,,,False
USR98212,1,15493.37,0,0,1.0,350.52,15493.37,,,False
USR98214,1,9862.51,1,0,0.0,0.0,9862.51,,,False
USR98228,1,7552.85,1,0,1.0,1347.43,7552.85,,,False
USR98230,1,8835.8,0,1,0.0,0.0,8835.8,,,False
USR98234,1,5940.57,1,0,0.0,0.0,5940.57,PENDING,False,True
USR98241,1,9511.07,1,0,0.0,0.0,9511.07,VERIFIED,True,True
USR98244,1,24800.01,1,0,0.0,0.0,24800.01,,,False
USR98247,1,14659.88,1,0,0.0,0.0,14659.88,VERIFIED,False,True
USR98250,1,815.06,1,0,0.0,0.0,815.06,,,False
USR98252,1,11895.15,1,0,0.0,0.0,11895.15,VERIFIED,True,True
USR98255,1,19289.41,1,0,0.0,0.0,19289.41,,,False
USR98257,1,13060.86,1,0,0.0,0.0,13060.86,VERIFIED,False,True
USR98268,2,31623.08,2,0,0.0,0.0,15811.54,,,False
USR98270,1,7868.77,1,0,0.0,0.0,7868.77,KYC_DONE,False,True
USR98277,1,16221.0,1,0,0.0,0.0,16221.0,,,False
USR98300,1,9173.31,1,0,0.0,0.0,9173.31,,,False
USR98301,1,18066.63,1,0,0.0,0.0,18066.63,,,False
USR98304,1,3433.91,1,0,0.0,0.0,3433.91,VERIFIED,False,True
USR98305,1,9017.97,1,0,0.0,0.0,9017.97,,,False
USR98307,1,12281.79,1,0,0.0,0.0,12281.79,,,False
USR98317,1,6630.03,1,0,0.0,0.0,6630.03,,,False
USR98327,1,2057.64,1,0,0.0,0.0,2057.64,,,False
USR98347,1,3147.5,1,0,0.0,0.0,3147.5,UNDER REVIEW,False,True
USR98351,1,14908.6,1,0,0.0,0.0,14908.6,,,False
USR98360,1,9117.03,1,0,0.0,0.0,9117.03,,,False
USR98367,1,23516.59,1,0,0.0,0.0,23516.59,,,False
USR98369,1,16814.79,1,0,0.0,0.0,16814.79,,,False
USR98377,1,1981.79,1,0,0.0,0.0,1981.79,,,False
USR98383,1,11339.3,0,0,0.0,0.0,11339.3,VERIFIED,False,True
USR98387,2,24510.170000000002,2,0,0.0,0.0,12255.085000000001,,,False
USR98392,1,18124.51,1,0,0.0,0.0,18124.51,VERIFIED,False,True
USR98395,1,22945.89,1,0,1.0,-893.52,22945.89,,,False
USR98397,1,20433.31,1,0,0.0,0.0,20433.31,VERIFIED,False,True
USR98403,2,17278.85,1,1,0.0,0.0,8639.425,,,False
USR98408,2,39774.31,2,0,0.0,0.0,19887.155,,,False
USR98413,1,8097.02,1,0,0.0,0.0,8097.02,,,False
USR98414,1,19449.53,1,0,0.0,0.0,19449.53,,,False
USR98417,1,18977.07,1,0,0.0,0.0,18977.07,,,False
USR98425,1,187.22,0,1,0.0,0.0,187.22,,,False
USR98430,1,140.69,1,0,0.0,0.0,140.69,,,False
USR98436,1,24762.72,1,0,0.0,0.0,24762.72,,,False
USR98440,1,13061.0,1,0,1.0,512.0,13061.0,KYC_DONE,False,True
USR98447,1,24322.63,1,0,0.0,0.0,24322.63,,,False
USR98467,1,24722.0,0,1,0.0,0.0,24722.0,VERIFIED,False,True
USR98473,1,8223.33,0,1,0.0,0.0,8223.33,,,False
USR98487,1,13111.21,1,0,0.0,0.0,13111.21,,,False
USR98491,2,47762.05,2,0,0.0,0.0,23881.025,VERIFIED,False,True
USR98496,1,3014.0,1,0,0.0,0.0,3014.0,,,False
USR98500,1,7317.19,1,0,0.0,0.0,7317.19,VERIFIED,True,True
USR98502,1,21427.16,1,0,0.0,0.0,21427.16,,,False
USR98505,1,5808.13,1,0,0.0,0.0,5808.13,KYC_DONE,False,True
USR98508,1,19449.0,1,0,0.0,0.0,19449.0,VERIFIED,False,True
USR98509,1,11859.6,1,0,0.0,0.0,11859.6,,,False
USR98510,1,9147.4,1,0,0.0,0.0,9147.4,,,False
USR98513,1,24759.7,1,0,0.0,0.0,24759.7,,,False
USR98514,1,23019.91,1,0,0.0,0.0,23019.91,VERIFIED,False,True
USR98525,1,23311.37,1,0,0.0,0.0,23311.37,KYC_DONE,False,True
USR98526,1,4534.45,1,0,0.0,0.0,4534.45,,,False
USR98529,1,17746.33,1,0,0.0,0.0,17746.33,REJECTED,False,True
USR98539,1,11670.16,1,0,0.0,0.0,11670.16,VERIFIED,False,True
USR98546,1,7957.06,0,0,0.0,0.0,7957.06,,,False
USR98558,1,22267.1,0,0,0.0,0.0,22267.1,,,False
USR98559,1,10686.91,1,0,0.0,0.0,10686.91,,,False
USR98564,1,2017.27,1,0,1.0,-1267.1,2017.27,,,False
USR98566,1,15144.89,0,1,0.0,0.0,15144.89,,,False
USR98569,1,20823.4,1,0,0.0,0.0,20823.4,VERIFIED,False,True
USR98572,1,4814.53,0,1,0.0,0.0,4814.53,,,False
USR98581,1,7070.7,1,0,0.0,0.0,7070.7,,,False
USR98590,1,19764.8,1,0,0.0,0.0,19764.8,,,False
USR98592,1,3266.71,1,0,0.0,0.0,3266.71,,,False
USR98601,1,23565.02,1,0,0.0,0.0,23565.02,,,False
USR98604,1,5243.4,1,0,0.0,0.0,5243.4,VERIFIED,False,True
USR98607,1,21493.04,1,0,1.0,803.59,21493.04,,,False
USR98617,1,2798.71,0,0,0.0,0.0,2798.71,,,False
USR98620,1,20750.65,0,0,0.0,0.0,20750.65,,,False
USR98625,1,5230.0,1,0,0.0,0.0,5230.0,VERIFIED,False,True
USR98626,1,1168.37,1,0,0.0,0.0,1168.37,,,False
USR98629,1,13539.78,1,0,0.0,0.0,13539.78,VERIFIED,False,True
USR98637,1,16447.88,1,0,0.0,0.0,16447.88,VERIFIED,False,True
USR98641,1,20035.79,1,0,0.0,0.0,20035.79,,,False
USR98652,1,10816.6,1,0,0.0,0.0,10816.6,VERIFIED,False,True
USR98661,1,1707.48,1,0,0.0,0.0,1707.48,,,False
USR98677,1,7044.0,1,0,0.0,0.0,7044.0,,,False
USR98681,1,10819.79,1,0,0.0,0.0,10819.79,VERIFIED,False,True
USR98696,1,11706.19,0,1,0.0,0.0,11706.19,,,False
USR98697,1,154.21,1,0,1.0,0.0,154.21,VERIFIED,False,True
USR98701,2,4792.75,2,0,0.0,0.0,2396.375,,,False
USR98705,1,17967.91,1,0,0.0,0.0,17967.91,,,False
USR98710,1,13848.36,0,0,1.0,1202.2,13848.36,KYC_DONE,False,True
USR98713,2,7343.49,2,0,0.0,0.0,3671.745,,,False
USR98715,1,23250.87,0,0,0.0,0.0,23250.87,,,False
USR98719,1,10301.9,1,0,0.0,0.0,10301.9,,,False
USR98721,1,14368.71,1,0,0.0,0.0,14368.71,VERIFIED,False,True
USR98722,1,17218.1,1,0,0.0,0.0,17218.1,,,False
USR98737,1,10790.83,1,0,0.0,0.0,10790.83,VERIFIED,False,True
USR98744,1,7587.17,1,0,0.0,0.0,7587.17,,,False
USR98752,1,15594.41,1,0,0.0,0.0,15594.41,UNDER REVIEW,False,True
USR98754,2,20910.88,2,0,0.0,0.0,10455.44,,,False
USR98757,1,15338.63,1,0,0.0,0.0,15338.63,,,False
USR98759,2,26562.59,1,1,0.0,0.0,13281.295,,,False
USR98784,1,15668.55,1,0,0.0,0.0,15668.55,,,False
USR98790,1,9744.0,1,0,0.0,0.0,9744.0,,,False
USR98804,1,876.47,1,0,0.0,0.0,876.47,,,False
USR98806,2,11706.189999999999,1,1,0.0,0.0,5853.094999999999,,,False
USR98819,1,19076.09,1,0,0.0,0.0,19076.09,VERIFIED,False,True
USR98823,1,2183.8,1,0,0.0,0.0,2183.8,REJECTED,True,True
USR98824,1,9081.41,1,0,0.0,0.0,9081.41,,,False
USR98836,1,17914.74,1,0,0.0,0.0,17914.74,,,False
USR98840,1,8158.5,1,0,0.0,0.0,8158.5,,,False
USR98841,1,1927.72,1,0,1.0,12647.35,1927.72,VERIFIED,False,True
USR98846,1,9584.63,0,0,0.0,0.0,9584.63,,,False
USR98847,1,23531.13,1,0,0.0,0.0,23531.13,,,False
USR98854,1,6528.62,1,0,0.0,0.0,6528.62,VERIFIED,False,True
USR98869,1,19734.43,1,0,0.0,0.0,19734.43,,,False
USR98871,1,20129.93,1,0,1.0,10229.48,20129.93,,,False
USR98882,1,12508.7,1,0,0.0,0.0,12508.7,,,False
USR98892,1,8708.91,0,1,0.0,0.0,8708.91,PENDING,False,True
USR98893,1,338.94,0,0,0.0,0.0,338.94,VERIFIED,False,True
USR98894,1,20346.74,1,0,0.0,0.0,20346.74,,,False
USR98902,1,1896.19,1,0,0.0,0.0,1896.19,,,False
USR98903,1,16089.29,1,0,0.0,0.0,16089.29,,,False
USR98904,1,17883.58,1,0,0.0,0.0,17883.58,,,False
USR98905,1,13879.68,1,0,0.0,0.0,13879.68,,,False
USR98911,1,12446.26,1,0,0.0,0.0,12446.26,,,False
USR98934,1,955.13,1,0,0.0,0.0,955.13,,,False
USR98939,1,16443.75,1,0,0.0,0.0,16443.75,,,False
USR98946,1,18696.94,1,0,0.0,0.0,18696.94,VERIFIED,False,True
USR98960,1,6780.02,1,0,0.0,0.0,6780.02,,,False
USR98963,1,2024.58,0,0,0.0,0.0,2024.58,VERIFIED,False,True
USR98964,1,9412.72,0,1,0.0,0.0,9412.72,VERIFIED,False,True
USR98968,1,11398.1,1,0,0.0,0.0,11398.1,,,False
USR98969,1,6874.0,1,0,0.0,0.0,6874.0,,,False
USR98974,1,21877.11,0,0,0.0,0.0,21877.11,REJECTED,False,True
USR98977,1,11568.0,1,0,0.0,0.0,11568.0,KYC_DONE,True,True
USR98984,1,15917.25,1,0,0.0,0.0,15917.25,KYC_DONE,False,True
USR98986,1,17237.0,1,0,0.0,0.0,17237.0,,,False
USR99013,1,4781.26,1,0,0.0,0.0,4781.26,PENDING,False,True
USR99014,1,4211.85,1,0,0.0,0.0,4211.85,,,False
USR99021,1,294.63,1,0,0.0,0.0,294.63,KYC_DONE,False,True
USR99033,1,5960.67,1,0,0.0,0.0,5960.67,,,False
USR99038,1,3358.63,1,0,0.0,0.0,3358.63,,,False
USR99048,1,7738.63,0,0,1.0,0.0,7738.63,VERIFIED,False,True
USR99049,3,33468.759999999995,3,0,1.0,2478.18,11156.253333333332,PENDING,False,True
USR99052,1,24739.0,1,0,0.0,0.0,24739.0,,,False
USR99053,1,-3263.43,0,0,0.0,0.0,-3263.43,,,False
USR99055,1,2104.37,1,0,2.0,2423.25,2104.37,,,False
USR99056,1,10501.77,1,0,1.0,573.0,10501.77,,,False
USR99063,1,11043.25,1,0,0.0,0.0,11043.25,UNDER REVIEW,True,True
USR99066,2,-10037.51,2,0,1.0,1887.02,-5018.755,,,False
USR99080,1,17910.2,1,0,0.0,0.0,17910.2,KYC_DONE,False,True
USR99084,1,4545.88,1,0,0.0,0.0,4545.88,,,False
USR99085,1,6328.32,1,0,0.0,0.0,6328.32,,,False
USR99091,1,10857.44,1,0,0.0,0.0,10857.44,,,False
USR99094,1,11786.56,1,0,0.0,0.0,11786.56,VERIFIED,False,True
USR99096,1,2088.21,0,0,0.0,0.0,2088.21,,,False
USR99125,1,11698.63,1,0,0.0,0.0,11698.63,,,False
USR99129,1,14532.0,1,0,0.0,0.0,14532.0,,,False
USR99130,1,23907.0,1,0,0.0,0.0,23907.0,PENDING,False,True
USR99135,1,17568.96,1,0,0.0,0.0,17568.96,,,False
USR99139,1,11433.44,1,0,0.0,0.0,11433.44,REJECT,False,True
USR99142,1,7164.0,0,1,0.0,0.0,7164.0,,,False
USR99144,1,-1242.23,0,1,0.0,0.0,-1242.23,,,False
USR99157,2,36190.71,2,0,0.0,0.0,18095.355,,,False
USR99165,1,6781.37,1,0,0.0,0.0,6781.37,,,False
USR99170,1,1735.23,1,0,0.0,0.0,1735.23,KYC_DONE,False,True
USR99173,1,14021.35,1,0,0.0,0.0,14021.35,,,False
USR99175,1,21661.92,1,0,1.0,559.19,21661.92,,,False
USR99180,2,27464.620000000003,2,0,0.0,0.0,13732.310000000001,,,False
USR99182,1,5081.12,1,0,0.0,0.0,5081.12,,,False
USR99190,1,19728.96,0,1,0.0,0.0,19728.96,,,False
USR99192,2,16531.61,1,1,1.0,1586.53,8265.805,PENDING,False,True
USR99198,1,18116.7,1,0,0.0,0.0,18116.7,VERIFIED,False,True
USR99204,1,9511.09,1,0,0.0,0.0,9511.09,,,False
USR99211,1,783.59,1,0,0.0,0.0,783.59,,,False
USR99212,1,24274.89,1,0,0.0,0.0,24274.89,,,False
USR99216,1,16527.74,1,0,0.0,0.0,16527.74,VERIFIED,False,True
USR99226,1,-9439.94,1,0,0.0,0.0,-9439.94,,,False
USR99227,1,23216.0,1,0,0.0,0.0,23216.0,,,False
USR99244,1,24297.92,1,0,0.0,0.0,24297.92,,,False
USR99245,1,4038.92,1,0,0.0,0.0,4038.92,,,False
USR99246,1,5329.14,1,0,0.0,0.0,5329.14,VERIFIED,False,True
USR99247,1,24420.24,1,0,0.0,0.0,24420.24,REJECTED,False,True
USR99254,1,8058.47,1,0,0.0,0.0,8058.47,PENDING,True,True
USR99256,1,2323.48,0,1,1.0,4363.63,2323.48,VERIFIED,False,True
USR99262,1,10191.06,1,0,0.0,0.0,10191.06,VERIFIED,False,True
USR99263,1,17017.77,1,0,0.0,0.0,17017.77,,,False
USR99270,1,19330.82,1,0,1.0,3969.0,19330.82,VERIFIED,False,True
USR99277,1,24602.92,1,0,1.0,2711.0,24602.92,,,False
USR99293,1,22268.06,1,0,0.0,0.0,22268.06,VERIFIED,True,True
USR99294,1,23268.29,1,0,0.0,0.0,23268.29,VERIFIED,False,True
USR99295,1,11886.41,1,0,0.0,0.0,11886.41,,,False
USR99301,1,4073.0,0,0,0.0,0.0,4073.0,VERIFIED,False,True
USR99302,1,7647.05,1,0,0.0,0.0,7647.05,PENDING,False,True
USR99304,1,11863.0,0,1,2.0,1871.55,11863.0,,,False
USR99305,1,16406.66,0,1,0.0,0.0,16406.66,,,False
USR99310,1,4907.51,1,0,0.0,0.0,4907.51,,,False
USR99313,1,13893.18,1,0,0.0,0.0,13893.18,,,False
USR99329,1,8357.8,1,0,0.0,0.0,8357.8,,,False
USR99333,1,13856.94,1,0,0.0,0.0,13856.94,,,False
USR99366,1,17389.94,0,0,0.0,0.0,17389.94,PENDING,True,True
USR99368,1,19113.37,1,0,0.0,0.0,19113.37,,,False
USR99370,1,5913.81,1,0,0.0,0.0,5913.81,KYC_DONE,False,True
USR99373,1,20047.63,1,0,0.0,0.0,20047.63,,,False
USR99374,1,23116.32,1,0,0.0,0.0,23116.32,,,False
USR99381,1,10996.0,1,0,0.0,0.0,10996.0,VERIFIED,False,True
USR99385,2,19799.489999999998,1,0,0.0,0.0,9899.744999999999,,,False
USR99386,1,20246.62,1,0,0.0,0.0,20246.62,PENDING,False,True
USR99388,1,14131.16,1,0,0.0,0.0,14131.16,,,False
USR99390,1,2128.31,1,0,1.0,2740.0,2128.31,REJECTED,True,True
USR99392,1,4010.19,1,0,0.0,0.0,4010.19,VERIFIED,False,True
USR99393,1,6058.96,1,0,0.0,0.0,6058.96,KYC_DONE,False,True
USR99394,1,11794.69,1,0,0.0,0.0,11794.69,,,False
USR99397,1,21405.28,1,0,0.0,0.0,21405.28,VERIFIED,False,True
USR99407,1,12375.76,1,0,0.0,0.0,12375.76,,,False
USR99410,1,2704.51,1,0,0.0,0.0,2704.51,,,False
USR99413,1,620.0,1,0,0.0,0.0,620.0,,,False
USR99414,1,15554.52,1,0,0.0,0.0,15554.52,,,False
USR99415,1,5196.45,1,0,1.0,2301.83,5196.45,,,False
USR99422,1,23914.53,0,1,1.0,1521.74,23914.53,PENDING,False,True
USR99435,2,37552.86,2,0,0.0,0.0,18776.43,PENDING,False,True
USR99444,1,4706.0,1,0,0.0,0.0,4706.0,,,False
USR99445,1,13307.63,1,0,0.0,0.0,13307.63,KYC_DONE,False,True
USR99449,2,11557.439999999999,2,0,0.0,0.0,5778.719999999999,PENDING,True,True
USR99455,1,18056.47,1,0,0.0,0.0,18056.47,,,False
USR99468,1,24055.03,1,0,0.0,0.0,24055.03,PENDING,True,True
USR99469,1,11967.49,1,0,0.0,0.0,11967.49,,,False
USR99471,1,24563.89,1,0,0.0,0.0,24563.89,VERIFIED,False,True
USR99474,2,16569.65,2,0,0.0,0.0,8284.825,,,False
USR99482,1,15754.56,1,0,0.0,0.0,15754.56,,,False
USR99484,1,7475.15,1,0,2.0,2767.52,7475.15,VERIFIED,True,True
USR99491,1,12512.63,1,0,0.0,0.0,12512.63,,,False
USR99495,1,4113.78,1,0,1.0,2276.34,4113.78,VERIFIED,True,True
USR99502,1,1968.93,1,0,0.0,0.0,1968.93,VERIFIED,False,True
USR99506,1,7741.22,1,0,0.0,0.0,7741.22,,,False
USR99507,1,9533.7,1,0,0.0,0.0,9533.7,,,False
USR99510,1,6937.85,1,0,1.0,1179.22,6937.85,,,False
USR99514,1,11996.0,1,0,0.0,0.0,11996.0,,,False
USR99515,1,5634.21,1,0,0.0,0.0,5634.21,VERIFIED,False,True
USR99516,1,23317.72,1,0,0.0,0.0,23317.72,,,False
USR99523,2,22888.670000000002,2,0,0.0,0.0,11444.335000000001,VERIFIED,False,True
USR99526,2,9098.67,2,0,0.0,0.0,4549.335,,,False
USR99527,1,4499.48,1,0,0.0,0.0,4499.48,,,False
USR99534,1,7167.05,0,1,0.0,0.0,7167.05,,,False
USR99537,1,11513.43,1,0,0.0,0.0,11513.43,,,False
USR99545,1,6550.03,1,0,0.0,0.0,6550.03,VERIFIED,True,True
USR99546,1,11123.37,0,1,0.0,0.0,11123.37,,,False
USR99547,1,6388.23,0,0,1.0,7039.0,6388.23,REJECTED,False,True
USR99557,1,20919.57,1,0,0.0,0.0,20919.57,,,False
USR99558,1,20368.63,1,0,2.0,2991.3599999999997,20368.63,,,False
USR99560,1,8317.87,1,0,0.0,0.0,8317.87,,,False
USR99564,1,2877.0,1,0,0.0,0.0,2877.0,,,False
USR99567,1,14730.61,0,0,0.0,0.0,14730.61,PENDING,False,True
USR99568,1,9438.33,1,0,0.0,0.0,9438.33,VERIFIED,False,True
USR99590,1,16853.76,1,0,0.0,0.0,16853.76,,,False
USR99591,2,29170.07,2,0,0.0,0.0,14585.035,,,False
USR99592,1,12257.37,1,0,0.0,0.0,12257.37,,,False
USR99600,1,105.72,1,0,0.0,0.0,105.72,,,False
USR99610,2,15843.41,2,0,0.0,0.0,7921.705,,,False
USR99619,2,37774.94,2,0,0.0,0.0,18887.47,VERIFIED,False,True
USR99621,1,16040.84,1,0,0.0,0.0,16040.84,VERIFIED,False,True
USR99624,1,4476.22,1,0,0.0,0.0,4476.22,,,False
USR99625,1,2381.16,1,0,0.0,0.0,2381.16,VERIFIED,False,True
USR99630,1,14159.0,1,0,0.0,0.0,14159.0,,,False
USR99647,2,41668.15,1,1,1.0,1081.02,20834.075,,,False
USR99654,1,9392.97,1,0,0.0,0.0,9392.97,,,False
USR99660,2,11235.75,1,1,1.0,604.93,5617.875,,,False
USR99662,1,2195.29,1,0,1.0,3723.0,2195.29,VERIFIED,False,True
USR99671,1,16417.0,0,1,0.0,0.0,16417.0,,,False
USR99674,1,15386.3,1,0,0.0,0.0,15386.3,,,False
USR99679,1,11613.73,1,0,0.0,0.0,11613.73,,,False
USR99687,1,3701.61,1,0,0.0,0.0,3701.61,,,False
USR99688,1,4809.13,1,0,0.0,0.0,4809.13,,,False
USR99692,1,18918.0,1,0,0.0,0.0,18918.0,PENDING,False,True
USR99694,1,201.52,1,0,0.0,0.0,201.52,,,False
USR99698,1,22640.5,0,1,0.0,0.0,22640.5,,,False
USR99699,2,9043.96,1,1,0.0,0.0,4521.98,,,False
USR99700,1,4672.31,1,0,0.0,0.0,4672.31,,,False
USR99702,1,9599.05,1,0,0.0,0.0,9599.05,,,False
USR99703,1,22683.17,1,0,0.0,0.0,22683.17,,,False
USR99710,2,14291.37,2,0,0.0,0.0,7145.685,VERIFIED,True,True
USR99712,1,23899.94,1,0,0.0,0.0,23899.94,,,False
USR99714,1,2090.61,1,0,0.0,0.0,2090.61,,,False
USR99717,1,23307.37,1,0,0.0,0.0,23307.37,,,False
USR99718,1,22554.83,1,0,0.0,0.0,22554.83,VERIFIED,False,True
USR99724,1,22039.46,1,0,0.0,0.0,22039.46,,,False
USR99732,1,13714.54,1,0,0.0,0.0,13714.54,,,False
USR99746,2,33777.35,2,0,1.0,16937.48,16888.675,,,False
USR99749,1,18725.45,1,0,0.0,0.0,18725.45,VERIFIED,False,True
USR99751,1,6810.91,1,0,0.0,0.0,6810.91,KYC_DONE,False,True
USR99753,1,11817.61,0,1,0.0,0.0,11817.61,,,False
USR99760,1,5538.67,1,0,0.0,0.0,5538.67,,,False
USR99763,1,12926.04,1,0,0.0,0.0,12926.04,UNDER REVIEW,True,True
USR99764,1,851.57,0,1,0.0,0.0,851.57,,,False
USR99765,1,19540.26,1,0,1.0,4079.0,19540.26,,,False
USR99772,1,14565.05,1,0,0.0,0.0,14565.05,VERIFIED,False,True
USR99776,1,2692.95,1,0,1.0,562.28,2692.95,,,False
USR99791,1,17314.0,1,0,0.0,0.0,17314.0,,,False
USR99795,3,35803.93,3,0,0.0,0.0,11934.643333333333,,,False
USR99797,1,15442.76,1,0,0.0,0.0,15442.76,,,False
USR99802,1,15399.73,1,0,0.0,0.0,15399.73,,,False
USR99804,1,22171.92,1,0,0.0,0.0,22171.92,,,False
USR99816,1,24095.0,1,0,0.0,0.0,24095.0,,,False
USR99817,2,21585.760000000002,2,0,0.0,0.0,10792.880000000001,,,False
USR99824,2,29986.73,2,0,0.0,0.0,14993.365,,,False
USR99827,1,1261.11,1,0,0.0,0.0,1261.11,VERIFIED,False,True
USR99830,1,1935.69,1,0,0.0,0.0,1935.69,,,False
USR99839,1,4222.54,1,0,0.0,0.0,4222.54,,,False
USR99848,1,11846.03,1,0,1.0,448.21,11846.03,PENDING,True,True
USR99851,1,14477.62,1,0,1.0,4428.67,14477.62,VERIFIED,False,True
USR99857,1,17562.88,1,0,0.0,0.0,17562.88,,,False
USR99860,1,7427.04,1,0,0.0,0.0,7427.04,,,False
USR99861,1,19694.84,1,0,0.0,0.0,19694.84,,,False
USR99863,1,4182.16,0,1,0.0,0.0,4182.16,,,False
USR99864,2,14909.189999999999,2,0,1.0,408.0,7454.594999999999,,,False
USR99866,1,5700.19,1,0,0.0,0.0,5700.19,,,False
USR99869,1,1899.14,0,1,0.0,0.0,1899.14,KYC_DONE,False,True
USR99871,1,23490.0,1,0,0.0,0.0,23490.0,,,False
USR99872,2,36135.96,2,0,0.0,0.0,18067.98,,,False
USR99887,1,20262.72,1,0,0.0,0.0,20262.72,,,False
USR99892,1,16384.26,1,0,0.0,0.0,16384.26,,,False
USR99912,1,23229.33,1,0,0.0,0.0,23229.33,,,False
USR99915,1,21258.97,0,0,0.0,0.0,21258.97,,,False
USR99916,1,9239.56,1,0,0.0,0.0,9239.56,VERIFIED,False,True
USR99917,1,20183.47,0,0,0.0,0.0,20183.47,,,False
USR99918,1,16992.0,1,0,0.0,0.0,16992.0,,,False
USR99923,1,16470.75,1,0,0.0,0.0,16470.75,,,False
USR99944,1,24095.59,1,0,0.0,0.0,24095.59,VERIFIED,True,True
USR99946,1,1360.65,1,0,0.0,0.0,1360.65,,,False
USR99949,1,4967.33,1,0,0.0,0.0,4967.33,,,False
USR99954,1,13645.0,0,0,0.0,0.0,13645.0,,,False
USR99957,1,24623.6,0,1,0.0,0.0,24623.6,,,False
USR99965,1,18017.45,1,0,0.0,0.0,18017.45,,,False
USR99966,2,42912.1,2,0,0.0,0.0,21456.05,,,False
USR99967,1,2008.76,1,0,0.0,0.0,2008.76,,,False
USR99972,1,14433.9,1,0,0.0,0.0,14433.9,VERIFIED,False,True
USR99979,1,21984.0,1,0,0.0,0.0,21984.0,,,False
USR99996,1,14143.45,1,0,0.0,0.0,14143.45,KYC_DONE,False,True
USR99998,1,19609.52,1,0,0.0,0.0,19609.52,KYC_DONE,False,True
